word,rank
the,1
be,2
and,3
of,4
to,5
a,6
in,7
have,8
it,9
you,10
he,11
for,12
they,13
not,14
that,15
we,16
on,17
with,18
this,19
I,20
do,21
as,22
at,23
she,24
but,25
from,26
by,27
will,28
or,29
say,30
go,31
so,32
all,33
if,34
one,35
would,36
about,37
can,38
which,39
there,40
know,41
more,42
get,43
who,44
like,45
when,46
think,47
make,48
time,49
see,50
what,51
up,52
some,53
other,54
out,55
good,56
people,57
year,58
take,59
no,60
well,61
because,62
very,63
just,64
come,65
could,66
work,67
use,68
than,69
now,70
then,71
also,72
into,73
only,74
two,75
look,76
want,77
give,78
first,79
new,80
way,81
find,82
over,83
any,84
after,85
day,86
where,87
thing,88
most,89
should,90
need,91
much,92
right,93
how,94
back,95
mean,96
even,97
may,98
here,99
many,100
such,101
last,102
child,103
tell,104
three,105
really,106
call,107
before,108
company,109
through,110
down,111
show,112
life,113
man,114
change,115
place,116
long,117
between,118
feel,119
too,120
still,121
problem,122
write,123
same,124
lot,125
great,126
try,127
leave,128
number,129
both,130
own,131
part,132
point,133
little,134
help,135
ask,136
meet,137
start,138
talk,139
something,140
put,141
another,142
become,143
interest,144
country,145
old,146
each,147
school,148
late,149
high,150
different,151
off,152
next,153
end,154
live,155
why,156
while,157
world,158
week,159
play,160
might,161
must,162
home,163
never,164
include,165
course,166
house,167
report,168
group,169
case,170
woman,171
around,172
book,173
family,174
seem,175
let,176
again,177
kind,178
keep,179
hear,180
system,181
every,182
question,183
during,184
always,185
big,186
set,187
small,188
study,189
follow,190
begin,191
important,192
since,193
run,194
under,195
turn,196
few,197
bring,198
early,199
hand,200
state,201
move,202
money,203
fact,204
however,205
area,206
provide,207
name,208
read,209
friend,210
month,211
large,212
business,213
without,214
information,215
open,216
order,217
government,218
word,219
issue,220
market,221
pay,222
build,223
four,224
hold,225
service,226
against,227
believe,228
second,229
though,230
yes,231
love,232
increase,233
job,234
plan,235
result,236
away,237
example,238
happen,239
offer,240
young,241
close,242
program,243
lead,244
buy,245
understand,246
thank,247
far,248
today,249
hour,250
student,251
face,252
hope,253
idea,254
cost,255
less,256
room,257
until,258
reason,259
form,260
spend,261
head,262
car,263
learn,264
level,265
person,266
experience,267
once,268
member,269
enough,270
bad,271
city,272
night,273
able,274
support,275
whether,276
line,277
present,278
side,279
quite,280
five,281
although,282
sure,283
term,284
least,285
age,286
low,287
speak,288
within,289
process,290
public,291
often,292
train,293
possible,294
actually,295
rather,296
view,297
together,298
consider,299
price,300
parent,301
million,302
hard,303
party,304
local,305
control,306
already,307
concern,308
product,309
lose,310
story,311
almost,312
continue,313
stand,314
whole,315
yet,316
rate,317
care,318
expect,319
effect,320
sort,321
ever,322
anything,323
cause,324
fall,325
deal,326
water,327
send,328
allow,329
soon,330
watch,331
base,332
probably,333
suggest,334
past,335
power,336
test,337
visit,338
center,339
grow,340
nothing,341
return,342
mother,343
walk,344
matter,345
mind,346
value,347
office,348
record,349
stay,350
force,351
stop,352
several,353
light,354
develop,355
remember,356
bit,357
share,358
real,359
answer,360
sit,361
figure,362
letter,363
decide,364
language,365
subject,366
class,367
development,368
town,369
half,370
minute,371
food,372
break,373
clear,374
future,375
either,376
ago,377
per,378
remain,379
top,380
among,381
win,382
color,383
involve,384
reach,385
social,386
period,387
across,388
note,389
history,390
create,391
drive,392
along,393
type,394
sound,395
eye,396
music,397
game,398
political,399
free,400
receive,401
moment,402
sale,403
policy,404
six,405
further,406
body,407
require,408
wait,409
general,410
appear,411
toward,412
team,413
easy,414
individual,415
full,416
black,417
sense,418
perhaps,419
add,420
rule,421
pass,422
produce,423
sell,424
short,425
agree,426
law,427
everything,428
research,429
cover,430
paper,431
position,432
near,433
human,434
computer,435
situation,436
staff,437
activity,438
film,439
morning,440
war,441
account,442
shop,443
major,444
someone,445
above,446
design,447
event,448
special,449
sometimes,450
condition,451
carry,452
choose,453
father,454
decision,455
table,456
certain,457
forward,458
main,459
die,460
bear,461
cut,462
describe,463
himself,464
available,465
especially,466
strong,467
rise,468
girl,469
maybe,470
community,471
else,472
particular,473
role,474
join,475
difficult,476
please,477
detail,478
difference,479
action,480
health,481
eat,482
step,483
true,484
phone,485
themselves,486
draw,487
white,488
date,489
practice,490
model,491
raise,492
customer,493
front,494
explain,495
door,496
outside,497
behind,498
economic,499
site,500
approach,501
teacher,502
land,503
charge,504
finally,505
sign,506
claim,507
relationship,508
travel,509
enjoy,510
death,511
nice,512
amount,513
improve,514
picture,515
boy,516
regard,517
organization,518
happy,519
couple,520
act,521
range,522
quality,523
project,524
round,525
opportunity,526
road,527
accord,528
list,529
wish,530
therefore,531
wear,532
fund,533
rest,534
kid,535
industry,536
education,537
measure,538
kill,539
serve,540
likely,541
certainly,542
national,543
itself,544
teach,545
field,546
security,547
air,548
benefit,549
trade,550
risk,551
news,552
standard,553
vote,554
percent,555
focus,556
stage,557
space,558
instead,559
realize,560
usually,561
data,562
single,563
address,564
performance,565
chance,566
accept,567
society,568
technology,569
mention,570
choice,571
save,572
common,573
culture,574
total,575
demand,576
hundred,577
material,578
limit,579
listen,580
due,581
wrong,582
foot,583
effort,584
attention,585
upon,586
check,587
complete,588
lie,589
pick,590
reduce,591
personal,592
ground,593
animal,594
arrive,595
patient,596
ten,597
current,598
century,599
evidence,600
exist,601
similar,602
fight,603
leader,604
fine,605
street,606
former,607
contact,608
particularly,609
wife,610
sport,611
prepare,612
discuss,613
response,614
voice,615
piece,616
finish,617
suppose,618
apply,619
president,620
fire,621
compare,622
court,623
police,624
store,625
poor,626
knowledge,627
laugh,628
arm,629
heart,630
source,631
employee,632
manage,633
simply,634
bank,635
firm,636
cell,637
article,638
fast,639
attack,640
foreign,641
surprise,642
feature,643
factor,644
pretty,645
recently,646
affect,647
drop,648
recent,649
relate,650
official,651
financial,652
miss,653
art,654
campaign,655
private,656
thousand,657
pause,658
everyone,659
forget,660
page,661
worry,662
summer,663
drink,664
opinion,665
park,666
represent,667
key,668
inside,669
manager,670
international,671
seven,672
contain,673
eight,674
notice,675
wonder,676
nature,677
structure,678
section,679
myself,680
exactly,681
plant,682
paint,683
worker,684
press,685
whatever,686
necessary,687
region,688
growth,689
evening,690
influence,691
respect,692
various,693
catch,694
thus,695
skill,696
attempt,697
son,698
simple,699
medium,700
average,701
stock,702
management,703
character,704
authority,705
bed,706
hit,707
establish,708
indeed,709
final,710
economy,711
fit,712
guy,713
function,714
yesterday,715
image,716
size,717
behavior,718
addition,719
determine,720
station,721
population,722
fail,723
environment,724
production,725
contract,726
player,727
comment,728
enter,729
occur,730
alone,731
significant,732
drug,733
wall,734
series,735
direct,736
success,737
tomorrow,738
director,739
clearly,740
lack,741
review,742
depend,743
race,744
recognize,745
window,746
purpose,747
department,748
gain,749
tree,750
college,751
argue,752
board,753
holiday,754
mark,755
church,756
machine,757
achieve,758
item,759
prove,760
cent,761
season,762
floor,763
stuff,764
wide,765
anyone,766
method,767
analysis,768
election,769
military,770
hotel,771
club,772
below,773
movie,774
doctor,775
discussion,776
sorry,777
challenge,778
nation,779
nearly,780
statement,781
link,782
despite,783
introduce,784
advantage,785
ready,786
marry,787
strike,788
mile,789
seek,790
ability,791
unit,792
publish,793
card,794
hospital,795
quickly,796
interview,797
agreement,798
release,799
tax,800
solution,801
capital,802
popular,803
specific,804
beautiful,805
fear,806
aim,807
television,808
serious,809
target,810
degree,811
pull,812
red,813
husband,814
access,815
movement,816
treat,817
identify,818
loss,819
shall,820
modern,821
pressure,822
bus,823
treatment,824
conference,825
yourself,826
supply,827
village,828
worth,829
natural,830
express,831
indicate,832
attend,833
brother,834
investment,835
aspect,836
score,837
organize,838
trip,839
beyond,840
sleep,841
fish,842
promise,843
potential,844
energy,845
trouble,846
relation,847
touch,848
file,849
middle,850
bar,851
suffer,852
strategy,853
deep,854
except,855
clean,856
tend,857
advance,858
fill,859
star,860
network,861
generally,862
operation,863
match,864
avoid,865
seat,866
throw,867
task,868
normal,869
goal,870
client,871
associate,872
blue,873
positive,874
option,875
box,876
huge,877
message,878
instance,879
style,880
refer,881
cold,882
push,883
quarter,884
assume,885
baby,886
successful,887
sing,888
doubt,889
competition,890
theory,891
propose,892
reference,893
argument,894
adult,895
fly,896
impact,897
document,898
pattern,899
application,900
hot,901
obviously,902
unclear,903
bill,904
search,905
separate,906
central,907
career,908
anyway,909
speech,910
dog,911
officer,912
throughout,913
oil,914
dress,915
profit,916
guess,917
fun,918
protect,919
resource,920
science,921
disease,922
balance,923
damage,924
basis,925
author,926
basic,927
encourage,928
hair,929
male,930
operate,931
reflect,932
exercise,933
useful,934
restaurant,935
income,936
property,937
previous,938
dark,939
imagine,940
okay,941
earn,942
daughter,943
post,944
newspaper,945
define,946
conclusion,947
clock,948
everybody,949
weekend,950
perform,951
professional,952
mine,953
debate,954
memory,955
green,956
song,957
object,958
maintain,959
credit,960
ring,961
discover,962
dead,963
afternoon,964
prefer,965
extend,966
possibility,967
direction,968
facility,969
variety,970
daily,971
clothes,972
screen,973
track,974
dance,975
completely,976
nine,977
female,978
responsibility,979
original,980
sister,981
rock,982
dream,983
nor,984
university,985
easily,986
agency,987
dollar,988
garden,989
fix,990
ahead,991
cross,992
yeah,993
candidate,994
weight,995
legal,996
proposal,997
version,998
conversation,999
somebody,1000
pound,1001
magazine,1002
shape,1003
sea,1004
immediately,1005
welcome,1006
smile,1007
communication,1008
agent,1009
traditional,1010
replace,1011
judge,1012
herself,1013
suddenly,1014
generation,1015
estimate,1016
favorite,1017
difficulty,1018
purchase,1019
shoot,1020
announce,1021
unless,1022
independent,1023
recommend,1024
survey,1025
majority,1026
stick,1027
request,1028
billion,1029
rich,1030
wind,1031
none,1032
exchange,1033
budget,1034
famous,1035
blood,1036
appropriate,1037
block,1038
warm,1039
count,1040
scene,1041
writer,1042
content,1043
prevent,1044
safe,1045
invite,1046
mix,1047
element,1048
effective,1049
correct,1050
medical,1051
admit,1052
beat,1053
telephone,1054
copy,1055
committee,1056
aware,1057
advice,1058
handle,1059
obtain,1060
glass,1061
trial,1062
stress,1063
radio,1064
administration,1065
complex,1066
text,1067
context,1068
ride,1069
directly,1070
heavy,1071
remove,1072
conduct,1073
equipment,1074
otherwise,1075
title,1076
extra,1077
executive,1078
chair,1079
expensive,1080
sample,1081
sex,1082
deliver,1083
video,1084
connection,1085
primary,1086
weather,1087
collect,1088
inform,1089
principle,1090
straight,1091
appeal,1092
highly,1093
trust,1094
twenty,1095
wonderful,1096
flat,1097
absolutely,1098
flow,1099
fair,1100
additional,1101
responsible,1102
farm,1103
collection,1104
hang,1105
negative,1106
band,1107
relative,1108
tour,1109
alternative,1110
software,1111
pair,1112
ship,1113
attitude,1114
cheap,1115
double,1116
leg,1117
observe,1118
sentence,1119
print,1120
progress,1121
truth,1122
nobody,1123
examine,1124
lay,1125
speed,1126
politics,1127
reply,1128
display,1129
transfer,1130
perfect,1131
slightly,1132
overall,1133
intend,1134
user,1135
respond,1136
dinner,1137
slow,1138
regular,1139
physical,1140
apart,1141
suit,1142
federal,1143
reveal,1144
percentage,1145
peace,1146
status,1147
crime,1148
decline,1149
decade,1150
launch,1151
warn,1152
consumer,1153
favor,1154
dry,1155
partner,1156
institution,1157
spot,1158
horse,1159
eventually,1160
heat,1161
excite,1162
reader,1163
importance,1164
distance,1165
guide,1166
grant,1167
taxi,1168
feed,1169
pain,1170
repertoire,1171
sector,1172
mistake,1173
ensure,1174
satisfy,1175
chief,1176
cool,1177
expert,1178
wave,1179
south,1180
labor,1181
surface,1182
library,1183
excellent,1184
edge,1185
camp,1186
audience,1187
lift,1188
procedure,1189
email,1190
global,1191
struggle,1192
advertise,1193
select,1194
surround,1195
extent,1196
river,1197
annual,1198
fully,1199
contrast,1200
roll,1201
reality,1202
distribution,1203
photograph,1204
artist,1205
conflict,1206
entire,1207
presence,1208
crowd,1209
corner,1210
gas,1211
shift,1212
net,1213
category,1214
secretary,1215
defense,1216
quick,1217
cook,1218
spread,1219
nuclear,1220
scale,1221
driver,1222
ball,1223
cry,1224
introduction,1225
requirement,1226
north,1227
confirm,1228
senior,1229
photo,1230
refuse,1231
transport,1232
emerge,1233
map,1234
concept,1235
island,1236
reform,1237
neither,1238
football,1239
survive,1240
flight,1241
left,1242
solve,1243
neighbor,1244
background,1245
technique,1246
traffic,1247
improvement,1248
tool,1249
consequence,1250
circumstance,1251
smoke,1252
reaction,1253
rain,1254
busy,1255
lesson,1256
brain,1257
mass,1258
funny,1259
contribute,1260
failure,1261
schedule,1262
speaker,1263
bottom,1264
adopt,1265
combine,1266
mountain,1267
waste,1268
hide,1269
marriage,1270
ticket,1271
meal,1272
colleague,1273
bag,1274
repeat,1275
equal,1276
expression,1277
plus,1278
extremely,1279
owner,1280
plane,1281
commercial,1282
lady,1283
duty,1284
strength,1285
connect,1286
cultural,1287
arrange,1288
scheme,1289
payment,1290
unfortunately,1291
brief,1292
bird,1293
demonstrate,1294
contribution,1295
appreciate,1296
chapter,1297
secret,1298
apparently,1299
novel,1300
union,1301
burn,1302
trend,1303
initial,1304
pleasure,1305
suggestion,1306
critical,1307
gather,1308
mostly,1309
earth,1310
pop,1311
essential,1312
desire,1313
promote,1314
currently,1315
employ,1316
path,1317
topic,1318
beach,1319
attract,1320
engage,1321
powerful,1322
flower,1323
crisis,1324
settle,1325
boat,1326
aid,1327
fan,1328
kitchen,1329
twice,1330
fresh,1331
delay,1332
safety,1333
engineer,1334
quiet,1335
insurance,1336
nurse,1337
divide,1338
length,1339
investigation,1340
package,1341
somewhere,1342
expand,1343
commit,1344
obvious,1345
jump,1346
weapon,1347
relatively,1348
host,1349
winter,1350
district,1351
broad,1352
tire,1353
spring,1354
spirit,1355
lunch,1356
actual,1357
pool,1358
battle,1359
tradition,1360
cash,1361
hardly,1362
award,1363
coach,1364
experiment,1365
consideration,1366
strange,1367
code,1368
possibly,1369
threat,1370
accident,1371
impossible,1372
revenue,1373
enable,1374
afraid,1375
active,1376
conclude,1377
religious,1378
cancer,1379
convince,1380
vary,1381
environmental,1382
sun,1383
healthy,1384
blow,1385
volume,1386
location,1387
invest,1388
proceed,1389
wash,1390
actor,1391
glad,1392
tape,1393
whereas,1394
opposite,1395
stone,1396
sum,1397
murder,1398
monitor,1399
soldier,1400
finance,1401
hate,1402
egg,1403
concert,1404
shock,1405
comfortable,1406
usual,1407
carefully,1408
pack,1409
recall,1410
wine,1411
camera,1412
swim,1413
manufacture,1414
theater,1415
cycle,1416
coffee,1417
totally,1418
museum,1419
visitor,1420
freedom,1421
construction,1422
dear,1423
objective,1424
moreover,1425
onto,1426
historical,1427
oppose,1428
branch,1429
vehicle,1430
scientist,1431
route,1432
bind,1433
belong,1434
taste,1435
tonight,1436
fashion,1437
danger,1438
bomb,1439
army,1440
dangerous,1441
decrease,1442
hurt,1443
council,1444
editor,1445
normally,1446
sight,1447
generate,1448
gift,1449
delivery,1450
deny,1451
guest,1452
anybody,1453
bedroom,1454
quote,1455
climb,1456
basically,1457
violence,1458
minister,1459
mainly,1460
mouth,1461
noise,1462
manner,1463
gun,1464
square,1465
occasion,1466
familiar,1467
ignore,1468
destroy,1469
affair,1470
civil,1471
locate,1472
citizen,1473
temperature,1474
gold,1475
domestic,1476
load,1477
belief,1478
troop,1479
technical,1480
remind,1481
arrangement,1482
skin,1483
prison,1484
switch,1485
acquire,1486
corporate,1487
fairly,1488
wood,1489
participate,1490
tough,1491
tear,1492
representative,1493
capacity,1494
border,1495
shake,1496
assessment,1497
shoe,1498
ought,1499
ad,1500
fee,1501
hall,1502
regulation,1503
escape,1504
studio,1505
proper,1506
relax,1507
tourist,1508
component,1509
afford,1510
lawyer,1511
suspect,1512
cup,1513
description,1514
confidence,1515
industrial,1516
complain,1517
perspective,1518
error,1519
arrest,1520
assess,1521
register,1522
asset,1523
signal,1524
finger,1525
relevant,1526
explore,1527
leadership,1528
birthday,1529
commitment,1530
wake,1531
necessarily,1532
bright,1533
frame,1534
slowly,1535
bond,1536
hire,1537
hole,1538
tie,1539
internal,1540
chain,1541
literature,1542
victim,1543
threaten,1544
division,1545
secure,1546
amaze,1547
device,1548
birth,1549
forest,1550
label,1551
root,1552
factory,1553
expense,1554
channel,1555
investigate,1556
recommendation,1557
rank,1558
typical,1559
west,1560
friendly,1561
resident,1562
provision,1563
concentrate,1564
plenty,1565
export,1566
entirely,1567
strongly,1568
bridge,1569
consist,1570
graduate,1571
brand,1572
moral,1573
insist,1574
combination,1575
abuse,1576
airport,1577
ice,1578
principal,1579
master,1580
definitely,1581
session,1582
grade,1583
nevertheless,1584
predict,1585
previously,1586
protection,1587
largely,1588
wed,1589
rent,1590
shot,1591
appearance,1592
reasonable,1593
guarantee,1594
till,1595
theme,1596
judgment,1597
odd,1598
approve,1599
loan,1600
definition,1601
elect,1602
atmosphere,1603
farmer,1604
comparison,1605
characteristic,1606
license,1607
rely,1608
narrow,1609
succeed,1610
identity,1611
desk,1612
permit,1613
seriously,1614
wild,1615
empty,1616
commission,1617
unique,1618
association,1619
instrument,1620
investor,1621
practical,1622
tea,1623
lovely,1624
soft,1625
row,1626
youth,1627
lock,1628
fuel,1629
expectation,1630
employment,1631
celebrate,1632
sexual,1633
shoulder,1634
breath,1635
increasingly,1636
import,1637
bottle,1638
ourselves,1639
sheet,1640
engine,1641
cast,1642
notion,1643
conservative,1644
thirty,1645
journey,1646
opposition,1647
relief,1648
debt,1649
honor,1650
outcome,1651
blame,1652
explanation,1653
arise,1654
musical,1655
recover,1656
dad,1657
stretch,1658
declare,1659
retire,1660
tiny,1661
careful,1662
suitable,1663
native,1664
fruit,1665
analyze,1666
witness,1667
mail,1668
terrible,1669
researcher,1670
ordinary,1671
selection,1672
anywhere,1673
mental,1674
participant,1675
vision,1676
personality,1677
specifically,1678
fat,1679
entry,1680
fellow,1681
chemical,1682
capture,1683
tip,1684
discount,1685
peak,1686
chairman,1687
proportion,1688
ear,1689
disappear,1690
shout,1691
yard,1692
constant,1693
significantly,1694
hill,1695
considerable,1696
instruction,1697
intelligence,1698
ideal,1699
folk,1700
surely,1701
guard,1702
cat,1703
somewhat,1704
kiss,1705
presentation,1706
joint,1707
compete,1708
poll,1709
weak,1710
faith,1711
reduction,1712
reserve,1713
complaint,1714
bore,1715
mission,1716
somehow,1717
tone,1718
neighborhood,1719
passenger,1720
justice,1721
phase,1722
thin,1723
rush,1724
formal,1725
religion,1726
employer,1727
reject,1728
latter,1729
plate,1730
ban,1731
steal,1732
protest,1733
index,1734
sad,1735
frequently,1736
circle,1737
helpful,1738
command,1739
attractive,1740
sick,1741
impression,1742
unable,1743
joke,1744
sky,1745
column,1746
electronic,1747
impose,1748
criminal,1749
besides,1750
properly,1751
ancient,1752
coast,1753
ill,1754
kick,1755
closely,1756
multiple,1757
yield,1758
via,1759
fifty,1760
legislation,1761
county,1762
unlike,1763
mobile,1764
assistant,1765
implement,1766
chart,1767
attach,1768
hell,1769
everywhere,1770
advise,1771
household,1772
acknowledge,1773
reward,1774
east,1775
hat,1776
academic,1777
voter,1778
meanwhile,1779
furthermore,1780
accuse,1781
scientific,1782
wage,1783
absence,1784
construct,1785
remark,1786
medicine,1787
professor,1788
rare,1789
intention,1790
dozen,1791
settlement,1792
gap,1793
widely,1794
minimum,1795
northern,1796
estate,1797
equally,1798
expose,1799
alive,1800
shut,1801
victory,1802
resolve,1803
critic,1804
variable,1805
enormous,1806
sweet,1807
permanent,1808
emotion,1809
pursue,1810
tall,1811
urge,1812
enemy,1813
appoint,1814
milk,1815
talent,1816
smell,1817
prior,1818
priority,1819
online,1820
phrase,1821
pilot,1822
stable,1823
merely,1824
resolution,1825
communicate,1826
injury,1827
vast,1828
exhibition,1829
producer,1830
regional,1831
immediate,1832
incident,1833
childhood,1834
draft,1835
slip,1836
accompany,1837
politician,1838
angry,1839
knock,1840
seed,1841
salary,1842
illustrate,1843
imply,1844
breakfast,1845
temporary,1846
liberal,1847
lake,1848
qualify,1849
competitive,1850
truly,1851
hi,1852
yellow,1853
habit,1854
disk,1855
core,1856
emotional,1857
aircraft,1858
self,1859
metal,1860
existence,1861
bone,1862
panel,1863
prime,1864
appointment,1865
emphasize,1866
maximum,1867
effectively,1868
elsewhere,1869
bother,1870
initiative,1871
sharp,1872
diet,1873
motion,1874
gray,1875
plastic,1876
complicate,1877
discipline,1878
disappoint,1879
boss,1880
assumption,1881
freeze,1882
extreme,1883
passage,1884
reputation,1885
forth,1886
negotiation,1887
mechanism,1888
coat,1889
democracy,1890
pocket,1891
lucky,1892
crash,1893
observation,1894
meat,1895
concentration,1896
implication,1897
deserve,1898
unusual,1899
defend,1900
classic,1901
king,1902
interaction,1903
repair,1904
collapse,1905
borrow,1906
fundamental,1907
afterward,1908
dish,1909
abroad,1910
soul,1911
capable,1912
defeat,1913
presidential,1914
perfectly,1915
enhance,1916
proud,1917
emergency,1918
educational,1919
distinguish,1920
substantial,1921
nearby,1922
manufacturer,1923
slide,1924
valuable,1925
personally,1926
breast,1927
cope,1928
approximately,1929
accommodation,1930
highlight,1931
reporter,1932
climate,1933
shirt,1934
exception,1935
corporation,1936
chip,1937
winner,1938
encounter,1939
brown,1940
breathe,1941
excuse,1942
partly,1943
tennis,1944
urban,1945
confuse,1946
southern,1947
output,1948
beauty,1949
massive,1950
install,1951
calculate,1952
mouse,1953
mathematics,1954
upper,1955
twelve,1956
creation,1957
occupy,1958
outline,1959
sufficient,1960
essentially,1961
update,1962
luck,1963
preserve,1964
split,1965
swing,1966
illness,1967
journalist,1968
sudden,1969
advertisement,1970
consistent,1971
classroom,1972
originally,1973
aside,1974
comfort,1975
secondly,1976
severe,1977
gene,1978
prospect,1979
snow,1980
plot,1981
neck,1982
criteria,1983
integrate,1984
criticism,1985
convention,1986
bet,1987
retain,1988
sequence,1989
plain,1990
volunteer,1991
rural,1992
calm,1993
abandon,1994
examination,1995
silence,1996
rapidly,1997
efficient,1998
revolution,1999
delight,2000
spell,2001
premise,2002
lean,2003
dramatic,2004
differ,2005
grateful,2006
protein,2007
bike,2008
distribute,2009
intellectual,2010
derive,2011
crucial,2012
unemployment,2013
wheel,2014
crop,2015
minority,2016
origin,2017
interpretation,2018
gentleman,2019
drama,2020
landscape,2021
educate,2022
toy,2023
fault,2024
exhibit,2025
minor,2026
hunt,2027
storm,2028
thick,2029
achievement,2030
negotiate,2031
dominate,2032
supplier,2033
prize,2034
typically,2035
peer,2036
pension,2037
wing,2038
acquisition,2039
laughter,2040
regime,2041
cinema,2042
deeply,2043
recognition,2044
countryside,2045
electricity,2046
assistance,2047
roof,2048
retirement,2049
respectively,2050
variation,2051
ultimately,2052
proof,2053
soil,2054
smart,2055
layer,2056
upset,2057
tooth,2058
representation,2059
preparation,2060
dispute,2061
agenda,2062
emphasis,2063
edition,2064
silver,2065
entertainment,2066
honest,2067
undertake,2068
retail,2069
wire,2070
unlikely,2071
gay,2072
publication,2073
slight,2074
unknown,2075
framework,2076
zone,2077
restrict,2078
trace,2079
inch,2080
equivalent,2081
solid,2082
enterprise,2083
elderly,2084
owe,2085
governor,2086
uniform,2087
port,2088
pitch,2089
arrival,2090
contemporary,2091
gate,2092
ease,2093
beer,2094
specialist,2095
assure,2096
profile,2097
fax,2098
fifteen,2099
mood,2100
episode,2101
crack,2102
numerous,2103
submit,2104
symptom,2105
virtually,2106
era,2107
coverage,2108
tension,2109
cable,2110
sensitive,2111
nervous,2112
input,2113
isolate,2114
prisoner,2115
eliminate,2116
tight,2117
wet,2118
secondary,2119
welfare,2120
recruit,2121
exclude,2122
string,2123
cloud,2124
persuade,2125
inspire,2126
grand,2127
hence,2128
crew,2129
phenomenon,2130
pupil,2131
false,2132
assist,2133
restore,2134
acid,2135
formula,2136
alter,2137
perceive,2138
routine,2139
sink,2140
transaction,2141
stare,2142
anymore,2143
hero,2144
supporter,2145
convert,2146
steady,2147
meter,2148
truck,2149
nose,2150
beside,2151
sail,2152
disaster,2153
pace,2154
heavily,2155
devote,2156
terrorist,2157
justify,2158
vital,2159
fascinate,2160
external,2161
spare,2162
whenever,2163
depression,2164
guilty,2165
underlie,2166
mom,2167
distinction,2168
satisfaction,2169
incorporate,2170
pour,2171
sweep,2172
disadvantage,2173
obligation,2174
sir,2175
dynamic,2176
evaluate,2177
anger,2178
pub,2179
perception,2180
naturally,2181
currency,2182
behalf,2183
database,2184
initially,2185
territory,2186
stream,2187
rarely,2188
height,2189
apparent,2190
western,2191
expansion,2192
constantly,2193
muscle,2194
scare,2195
badly,2196
everyday,2197
boundary,2198
ratio,2199
essay,2200
nineteen,2201
scream,2202
withdraw,2203
pollution,2204
disorder,2205
furniture,2206
symbol,2207
apartment,2208
demonstration,2209
analyst,2210
platform,2211
steel,2212
cake,2213
transform,2214
wound,2215
restriction,2216
foundation,2217
designer,2218
strain,2219
innovation,2220
album,2221
singer,2222
trail,2223
trap,2224
loose,2225
extension,2226
wealth,2227
gradually,2228
tank,2229
strategic,2230
evil,2231
remarkable,2232
tune,2233
grass,2234
invitation,2235
transition,2236
frighten,2237
bid,2238
breed,2239
extraordinary,2240
brilliant,2241
adviser,2242
stem,2243
reverse,2244
mode,2245
mirror,2246
awful,2247
pose,2248
adjust,2249
creative,2250
sincerely,2251
nowadays,2252
poem,2253
agricultural,2254
competitor,2255
alcohol,2256
festival,2257
vegetable,2258
van,2259
confident,2260
planet,2261
curve,2262
knee,2263
overcome,2264
web,2265
depth,2266
entrance,2267
log,2268
giant,2269
god,2270
portion,2271
substance,2272
extensive,2273
interpret,2274
independence,2275
forty,2276
sugar,2277
inner,2278
harm,2279
consult,2280
pink,2281
shadow,2282
strip,2283
smooth,2284
intervention,2285
impress,2286
exam,2287
vice,2288
radical,2289
similarly,2290
behave,2291
loud,2292
dimension,2293
subsequent,2294
infection,2295
jacket,2296
efficiency,2297
dirty,2298
statistic,2299
regularly,2300
resort,2301
iron,2302
broadcast,2303
membership,2304
bread,2305
blind,2306
pure,2307
bloody,2308
ally,2309
quantity,2310
bend,2311
mature,2312
briefly,2313
alarm,2314
café,2315
disturb,2316
sustain,2317
flood,2318
poverty,2319
crazy,2320
cite,2321
newly,2322
parallel,2323
gender,2324
sponsor,2325
boot,2326
accurate,2327
railway,2328
dealer,2329
button,2330
burden,2331
desert,2332
mate,2333
occasionally,2334
shareholder,2335
bowl,2336
discovery,2337
resistance,2338
bath,2339
frequency,2340
criticize,2341
tap,2342
philosophy,2343
lip,2344
attribute,2345
zero,2346
apologize,2347
approval,2348
grab,2349
entitle,2350
lend,2351
involvement,2352
exposure,2353
conventional,2354
digital,2355
translate,2356
edit,2357
formation,2358
deposit,2359
shortly,2360
pleasant,2361
contrary,2362
overseas,2363
advocate,2364
establishment,2365
summary,2366
bathroom,2367
rough,2368
mid,2369
pen,2370
recovery,2371
seal,2372
tube,2373
tower,2374
characterize,2375
ph,2376
specify,2377
exact,2378
turnover,2379
spin,2380
operator,2381
graph,2382
infant,2383
dig,2384
drag,2385
mount,2386
wrap,2387
anticipate,2388
dependent,2389
specialize,2390
angle,2391
chicken,2392
anxiety,2393
virus,2394
precisely,2395
rival,2396
offense,2397
detect,2398
diary,2399
teenager,2400
admire,2401
moderate,2402
surgery,2403
musician,2404
significance,2405
shower,2406
illegal,2407
charity,2408
universal,2409
cigarette,2410
constitute,2411
adequate,2412
consultant,2413
historian,2414
cousin,2415
visual,2416
stupid,2417
hey,2418
keen,2419
ethnic,2420
twin,2421
clinical,2422
eastern,2423
forecast,2424
segment,2425
custom,2426
adapt,2427
sand,2428
cap,2429
prompt,2430
charm,2431
react,2432
lecture,2433
venture,2434
compound,2435
rescue,2436
mess,2437
preference,2438
comprehensive,2439
incentive,2440
league,2441
dialog,2442
cream,2443
rapid,2444
cancel,2445
regret,2446
dismiss,2447
margin,2448
beneath,2449
opponent,2450
resist,2451
capability,2452
absolute,2453
correspond,2454
stroke,2455
dare,2456
barrier,2457
rid,2458
divorce,2459
ruin,2460
bury,2461
counsel,2462
tendency,2463
frequent,2464
motor,2465
survival,2466
counter,2467
possess,2468
permission,2469
valley,2470
float,2471
mad,2472
greatly,2473
visible,2474
electric,2475
impressive,2476
evolution,2477
awareness,2478
violent,2479
slave,2480
wealthy,2481
architecture,2482
acceptable,2483
journal,2484
coal,2485
measurement,2486
random,2487
successfully,2488
depress,2489
illustration,2490
burst,2491
privilege,2492
buyer,2493
mutual,2494
rail,2495
jazz,2496
motivate,2497
laboratory,2498
mortgage,2499
promotion,2500
passion,2501
champion,2502
fulfill,2503
dust,2504
dedicate,2505
roughly,2506
worldwide,2507
skirt,2508
province,2509
march,2510
evaluation,2511
compromise,2512
accomplish,2513
weakness,2514
announcement,2515
salt,2516
glance,2517
opera,2518
contest,2519
brush,2520
embarrass,2521
gallery,2522
genetic,2523
aggressive,2524
chest,2525
format,2526
literary,2527
govern,2528
eighteen,2529
embrace,2530
praise,2531
silent,2532
eleven,2533
pump,2534
publisher,2535
celebration,2536
golf,2537
compensation,2538
classical,2539
weigh,2540
versus,2541
deficit,2542
modify,2543
flash,2544
friendship,2545
profession,2546
literally,2547
equation,2548
baseball,2549
gesture,2550
entertain,2551
fantastic,2552
assign,2553
inflation,2554
historic,2555
injure,2556
basketball,2557
remote,2558
therapy,2559
orange,2560
twist,2561
personnel,2562
imagination,2563
disagree,2564
throat,2565
insight,2566
tackle,2567
forever,2568
exceed,2569
expenditure,2570
joy,2571
pregnant,2572
reliable,2573
gear,2574
click,2575
poet,2576
fortune,2577
ceremony,2578
amongst,2579
pile,2580
pig,2581
sophisticate,2582
mixture,2583
automatically,2584
scholar,2585
psychological,2586
dramatically,2587
stake,2588
creature,2589
partnership,2590
participation,2591
clause,2592
penalty,2593
chamber,2594
fancy,2595
attorney,2596
poetry,2597
chat,2598
clothing,2599
evolve,2600
sake,2601
shelf,2602
boost,2603
spite,2604
tail,2605
possession,2606
abortion,2607
outstanding,2608
curious,2609
confront,2610
wooden,2611
boom,2612
tale,2613
democratic,2614
maintenance,2615
consequently,2616
pot,2617
translation,2618
cow,2619
strengthen,2620
whilst,2621
constraint,2622
fold,2623
bin,2624
undergo,2625
potentially,2626
scope,2627
pretend,2628
diversity,2629
allege,2630
pride,2631
intense,2632
inquiry,2633
resign,2634
craft,2635
strict,2636
concrete,2637
shell,2638
bicycle,2639
headquarter,2640
suicide,2641
damn,2642
distinct,2643
humor,2644
limitation,2645
indication,2646
stability,2647
wise,2648
neglect,2649
compose,2650
jail,2651
portfolio,2652
shelter,2653
mere,2654
carbon,2655
regulate,2656
convenient,2657
cheese,2658
trigger,2659
pipe,2660
destruction,2661
guitar,2662
flag,2663
jeans,2664
piano,2665
magic,2666
mystery,2667
ski,2668
reception,2669
whisper,2670
workshop,2671
rear,2672
menu,2673
species,2674
moon,2675
occupation,2676
presumably,2677
bless,2678
airline,2679
amendment,2680
grandmother,2681
underground,2682
jury,2683
cooperation,2684
civilian,2685
composition,2686
mum,2687
coin,2688
regardless,2689
scan,2690
consumption,2691
bunch,2692
racial,2693
greet,2694
hopefully,2695
sanction,2696
absorb,2697
trick,2698
paragraph,2699
fuck,2700
domain,2701
maker,2702
embryo,2703
chocolate,2704
stimulate,2705
belt,2706
potato,2707
narrative,2708
tissue,2709
traveler,2710
barely,2711
invent,2712
leisure,2713
tourism,2714
pro,2715
stair,2716
script,2717
hesitate,2718
shine,2719
motivation,2720
romantic,2721
firmly,2722
interior,2723
stomach,2724
nowhere,2725
pray,2726
championship,2727
servant,2728
immigrant,2729
excess,2730
complexity,2731
liability,2732
overwhelm,2733
lifestyle,2734
nod,2735
surprisingly,2736
extract,2737
spokesman,2738
implementation,2739
tremendous,2740
bias,2741
differently,2742
catalog,2743
continuous,2744
golden,2745
stamp,2746
guideline,2747
exit,2748
curriculum,2749
envelope,2750
knife,2751
productivity,2752
satellite,2753
biological,2754
consume,2755
luxury,2756
departure,2757
weekly,2758
wherever,2759
bite,2760
printer,2761
firstly,2762
anxious,2763
adventure,2764
fence,2765
exhaust,2766
superior,2767
assembly,2768
attraction,2769
ocean,2770
quietly,2771
castle,2772
veteran,2773
reflection,2774
nerve,2775
determination,2776
incredible,2777
supermarket,2778
altogether,2779
assault,2780
fiction,2781
upward,2782
prominent,2783
vacation,2784
lifetime,2785
ultimate,2786
senator,2787
carpet,2788
cluster,2789
pencil,2790
confusion,2791
hurry,2792
merger,2793
logic,2794
controversial,2795
delegate,2796
raw,2797
sixteen,2798
missile,2799
utility,2800
sacrifice,2801
grammar,2802
revise,2803
hint,2804
hook,2805
bell,2806
exploit,2807
en,2808
seminar,2809
liquid,2810
panic,2811
priest,2812
considerably,2813
uncle,2814
rice,2815
trousers,2816
slope,2817
happiness,2818
genuine,2819
sharply,2820
widespread,2821
vessel,2822
emission,2823
verb,2824
reckon,2825
silly,2826
organizational,2827
transportation,2828
harbor,2829
integration,2830
comedy,2831
echo,2832
chase,2833
storage,2834
founder,2835
universe,2836
horrible,2837
grip,2838
sheep,2839
lover,2840
certificate,2841
rat,2842
portrait,2843
spiritual,2844
innocent,2845
bargain,2846
substitute,2847
supplement,2848
shame,2849
adjustment,2850
reasonably,2851
filter,2852
flexible,2853
shed,2854
infrastructure,2855
carrier,2856
abstract,2857
desperate,2858
tent,2859
brick,2860
precise,2861
distant,2862
stranger,2863
dominant,2864
cure,2865
par,2866
shade,2867
admission,2868
recession,2869
dose,2870
execute,2871
frustrate,2872
grain,2873
situate,2874
conscious,2875
summarize,2876
leap,2877
prayer,2878
sixty,2879
snap,2880
prescribe,2881
probability,2882
junior,2883
leather,2884
consent,2885
vocabulary,2886
administrative,2887
uncertainty,2888
swear,2889
rally,2890
enthusiasm,2891
refugee,2892
fiscal,2893
punishment,2894
shore,2895
overnight,2896
drunk,2897
interval,2898
pet,2899
replacement,2900
scenario,2901
conviction,2902
monthly,2903
outlet,2904
architect,2905
controversy,2906
provider,2907
comprise,2908
stir,2909
dump,2910
compel,2911
horror,2912
combat,2913
relieve,2914
excitement,2915
feedback,2916
sigh,2917
pregnancy,2918
render,2919
ceiling,2920
experimental,2921
institutional,2922
slice,2923
publicity,2924
decent,2925
wander,2926
equity,2927
puzzle,2928
empire,2929
subsequently,2930
grave,2931
overlook,2932
mask,2933
summit,2934
unexpected,2935
circuit,2936
gentle,2937
steam,2938
ongoing,2939
attendance,2940
intelligent,2941
classify,2942
ownership,2943
correctly,2944
qualification,2945
disable,2946
inspection,2947
girlfriend,2948
accent,2949
economist,2950
scatter,2951
modest,2952
seize,2953
suspend,2954
functional,2955
voluntary,2956
transformation,2957
heaven,2958
pale,2959
vulnerable,2960
clever,2961
zoo,2962
stain,2963
scandal,2964
terrorism,2965
athlete,2966
organic,2967
tongue,2968
battery,2969
captain,2970
organ,2971
toilet,2972
forgive,2973
republican,2974
physically,2975
treaty,2976
rumor,2977
fate,2978
lane,2979
server,2980
structural,2981
resume,2982
distress,2983
diverse,2984
website,2985
alliance,2986
guidance,2987
fool,2988
ambition,2989
alongside,2990
flee,2991
unite,2992
campus,2993
bay,2994
clue,2995
evident,2996
constitutional,2997
gently,2998
quit,2999
virtue,3000
technological,3001
commonly,3002
boyfriend,3003
compute,3004
observer,3005
destination,3006
electrical,3007
drill,3008
headline,3009
apple,3010
wipe,3011
weird,3012
deputy,3013
entity,3014
gaze,3015
parliament,3016
facilitate,3017
fade,3018
agriculture,3019
cough,3020
beam,3021
commander,3022
ton,3023
patch,3024
instant,3025
anniversary,3026
cattle,3027
fortunately,3028
cheer,3029
residential,3030
lease,3031
hypothesis,3032
induce,3033
rape,3034
premium,3035
peaceful,3036
royal,3037
testimony,3038
indicator,3039
annoy,3040
fare,3041
necessity,3042
calculation,3043
theoretical,3044
drain,3045
curtain,3046
audit,3047
convey,3048
policeman,3049
renew,3050
sandwich,3051
upstairs,3052
dive,3053
consensus,3054
acceptance,3055
productive,3056
terror,3057
assignment,3058
cotton,3059
gross,3060
boil,3061
juice,3062
unhappy,3063
urgent,3064
tragedy,3065
pie,3066
ex,3067
oocyte,3068
painful,3069
reinforce,3070
defendant,3071
dine,3072
identification,3073
duck,3074
backward,3075
lobby,3076
enforce,3077
tobacco,3078
occasional,3079
specially,3080
identical,3081
funeral,3082
pin,3083
reservation,3084
inevitable,3085
clinic,3086
sin,3087
stall,3088
actress,3089
valid,3090
rabbit,3091
automatic,3092
bonus,3093
pit,3094
mayor,3095
gang,3096
rebuild,3097
foster,3098
collective,3099
rebel,3100
fourteen,3101
hip,3102
cabinet,3103
jet,3104
oblige,3105
generous,3106
proposition,3107
recycle,3108
parameter,3109
palace,3110
beg,3111
terminal,3112
sole,3113
interrupt,3114
fiber,3115
outdoor,3116
precede,3117
equip,3118
darkness,3119
prevail,3120
intent,3121
drift,3122
expertise,3123
grandfather,3124
alert,3125
publicly,3126
treasure,3127
steadily,3128
decorate,3129
prediction,3130
squeeze,3131
editorial,3132
carve,3133
communist,3134
aunt,3135
elite,3136
courage,3137
hungry,3138
inspector,3139
confine,3140
hardware,3141
cottage,3142
celebrity,3143
jam,3144
stimulus,3145
thereby,3146
cloth,3147
physician,3148
withdrawal,3149
mill,3150
elaborate,3151
composer,3152
coalition,3153
signature,3154
bat,3155
tournament,3156
bitter,3157
accessible,3158
cease,3159
beneficial,3160
registration,3161
highway,3162
garage,3163
fragment,3164
explosion,3165
manual,3166
merit,3167
activist,3168
particle,3169
initiate,3170
precious,3171
politically,3172
sperm,3173
raid,3174
convict,3175
queue,3176
logical,3177
dictionary,3178
asleep,3179
clip,3180
listener,3181
invasion,3182
exclusive,3183
fluid,3184
bow,3185
torture,3186
discrimination,3187
stun,3188
coordinate,3189
sensible,3190
fabric,3191
bare,3192
unfair,3193
flexibility,3194
spectrum,3195
soccer,3196
flame,3197
fitness,3198
installation,3199
monument,3200
engagement,3201
immigration,3202
flavor,3203
lung,3204
suburb,3205
lab,3206
ingredient,3207
lamp,3208
dot,3209
pioneer,3210
corn,3211
grasp,3212
fame,3213
rhythm,3214
enclose,3215
condemn,3216
thrill,3217
investigator,3218
melt,3219
ritual,3220
namely,3221
realistic,3222
absent,3223
rubber,3224
traditionally,3225
viewer,3226
administer,3227
intensity,3228
enforcement,3229
pronounce,3230
wisdom,3231
inevitably,3232
eager,3233
bye,3234
simultaneously,3235
interact,3236
acre,3237
blank,3238
tense,3239
scratch,3240
upgrade,3241
pant,3242
halt,3243
strictly,3244
privacy,3245
tunnel,3246
shortage,3247
rage,3248
popularity,3249
endure,3250
assert,3251
unnecessary,3252
serial,3253
objection,3254
span,3255
execution,3256
crush,3257
continent,3258
civilization,3259
bench,3260
nail,3261
undermine,3262
steep,3263
airplane,3264
comply,3265
heal,3266
thoroughly,3267
allegation,3268
fantasy,3269
kilometer,3270
neat,3271
swallow,3272
tender,3273
authorize,3274
amuse,3275
fraction,3276
downtown,3277
effectiveness,3278
ethics,3279
insert,3280
butter,3281
performer,3282
eighty,3283
organizer,3284
tempt,3285
assemble,3286
availability,3287
spoil,3288
faculty,3289
depict,3290
sunny,3291
medieval,3292
nightmare,3293
retailer,3294
clarify,3295
accommodate,3296
diagnosis,3297
colony,3298
deadline,3299
seventy,3300
motive,3301
mineral,3302
blast,3303
readily,3304
density,3305
fighter,3306
correspondence,3307
charter,3308
companion,3309
tribe,3310
cruel,3311
sympathy,3312
statistical,3313
lively,3314
disability,3315
uncomfortable,3316
venue,3317
separation,3318
punch,3319
merchant,3320
teen,3321
infect,3322
endorse,3323
mild,3324
ballot,3325
soap,3326
minimize,3327
informal,3328
plug,3329
ugly,3330
punish,3331
artificial,3332
poison,3333
violate,3334
strand,3335
surge,3336
midnight,3337
adolescent,3338
crown,3339
seventeen,3340
faint,3341
scholarship,3342
discourse,3343
sweat,3344
purely,3345
partial,3346
legitimate,3347
bound,3348
parish,3349
marvelous,3350
diminish,3351
comic,3352
norm,3353
query,3354
duration,3355
constitution,3356
loyalty,3357
elegant,3358
sue,3359
congressional,3360
homework,3361
horizon,3362
allocate,3363
rational,3364
nest,3365
resemble,3366
deliberately,3367
unemployed,3368
bean,3369
consistently,3370
medal,3371
psychology,3372
corruption,3373
residence,3374
plead,3375
probe,3376
harvest,3377
outer,3378
anon,3379
recipe,3380
killer,3381
retreat,3382
oxygen,3383
cognitive,3384
dawn,3385
subtle,3386
merge,3387
corridor,3388
diplomatic,3389
accordingly,3390
democrat,3391
salad,3392
liberty,3393
slot,3394
legend,3395
interface,3396
humanity,3397
comparable,3398
laser,3399
photographer,3400
businessman,3401
removal,3402
hedge,3403
ridiculous,3404
await,3405
linguistic,3406
harsh,3407
contractor,3408
module,3409
cruise,3410
developer,3411
naked,3412
invention,3413
apology,3414
notebook,3415
preliminary,3416
similarity,3417
undoubtedly,3418
designate,3419
offensive,3420
nomination,3421
bulk,3422
obstacle,3423
pledge,3424
reluctant,3425
temple,3426
whale,3427
documentary,3428
brave,3429
violation,3430
survivor,3431
suck,3432
mall,3433
faithfully,3434
rub,3435
lonely,3436
correspondent,3437
poster,3438
drum,3439
conversion,3440
suspicion,3441
myth,3442
cater,3443
pursuit,3444
ghost,3445
pole,3446
profitable,3447
heel,3448
descend,3449
separately,3450
lately,3451
casual,3452
discharge,3453
inherit,3454
autumn,3455
seller,3456
rope,3457
tag,3458
swell,3459
importantly,3460
screw,3461
basket,3462
processor,3463
explode,3464
cheek,3465
spectacular,3466
trainer,3467
grace,3468
fig,3469
beef,3470
intrigue,3471
dull,3472
helicopter,3473
fraud,3474
robot,3475
correlation,3476
delicious,3477
manuscript,3478
confess,3479
appreciation,3480
tactic,3481
costume,3482
transmit,3483
warrant,3484
spy,3485
tomato,3486
attachment,3487
cop,3488
molecule,3489
shy,3490
bacteria,3491
deck,3492
sufficiently,3493
stack,3494
frustration,3495
sculpture,3496
devastate,3497
nasty,3498
explicit,3499
regulatory,3500
dividend,3501
revolutionary,3502
projection,3503
frankly,3504
essence,3505
mi,3506
sensitivity,3507
spray,3508
triumph,3509
usage,3510
bang,3511
ambitious,3512
sheer,3513
officially,3514
forbid,3515
bullet,3516
legacy,3517
workplace,3518
progressive,3519
ward,3520
mislead,3521
breakdown,3522
consciousness,3523
influential,3524
hobby,3525
youngster,3526
pad,3527
tenant,3528
recruitment,3529
insect,3530
underneath,3531
integrity,3532
painter,3533
elder,3534
astonish,3535
interfere,3536
steer,3537
holder,3538
surplus,3539
enquiry,3540
thirteen,3541
practically,3542
leak,3543
petrol,3544
sack,3545
pity,3546
bundle,3547
accuracy,3548
fur,3549
innovative,3550
caution,3551
whoever,3552
accelerate,3553
adoption,3554
prevention,3555
oral,3556
dip,3557
patent,3558
exploration,3559
diagram,3560
defect,3561
honestly,3562
bubble,3563
portray,3564
cave,3565
thread,3566
handsome,3567
bake,3568
depart,3569
handful,3570
repeatedly,3571
machinery,3572
barrel,3573
broker,3574
con,3575
array,3576
unfortunate,3577
notably,3578
wow,3579
vendor,3580
remedy,3581
toss,3582
stance,3583
nut,3584
radiation,3585
provoke,3586
needle,3587
competence,3588
reliability,3589
kit,3590
solar,3591
isolation,3592
balloon,3593
lad,3594
medication,3595
counterpart,3596
eligible,3597
defensive,3598
exclusively,3599
happily,3600
deem,3601
conservation,3602
mainstream,3603
sometime,3604
favorable,3605
spark,3606
gym,3607
injection,3608
freely,3609
formerly,3610
tin,3611
optimistic,3612
specification,3613
tide,3614
terrify,3615
thrust,3616
wheat,3617
bull,3618
vertical,3619
riot,3620
incredibly,3621
disappointment,3622
cabin,3623
flesh,3624
safely,3625
donor,3626
intervene,3627
bounce,3628
tonne,3629
detective,3630
tropical,3631
widow,3632
sketch,3633
profound,3634
transmission,3635
meaningful,3636
rubbish,3637
trader,3638
substantially,3639
incline,3640
dislike,3641
clash,3642
uncertain,3643
chop,3644
artistic,3645
crystal,3646
commodity,3647
elephant,3648
prejudice,3649
virtual,3650
vaccine,3651
verse,3652
breach,3653
inventory,3654
allowance,3655
entrepreneur,3656
questionnaire,3657
actively,3658
testify,3659
foreigner,3660
terribly,3661
boast,3662
hug,3663
blend,3664
gut,3665
mentally,3666
meantime,3667
worthy,3668
grandparent,3669
bush,3670
yell,3671
consultation,3672
pizza,3673
calendar,3674
blanket,3675
institute,3676
auction,3677
confirmation,3678
desperately,3679
bold,3680
genre,3681
receiver,3682
legislative,3683
mandate,3684
mud,3685
republic,3686
graphics,3687
mortality,3688
endless,3689
magnificent,3690
overhead,3691
formally,3692
polish,3693
verbal,3694
suite,3695
ideology,3696
cathedral,3697
practitioner,3698
oven,3699
satisfactory,3700
minimal,3701
goodness,3702
palm,3703
speculation,3704
loop,3705
allocation,3706
drawer,3707
completion,3708
mechanical,3709
sadly,3710
straightforward,3711
spill,3712
chemistry,3713
learner,3714
fry,3715
obscure,3716
default,3717
chill,3718
respondent,3719
cage,3720
powder,3721
prescription,3722
soup,3723
alien,3724
colorful,3725
ma,3726
neutral,3727
mold,3728
historically,3729
landlord,3730
candle,3731
alike,3732
administrator,3733
compensate,3734
hike,3735
broaden,3736
accumulate,3737
glory,3738
distinctive,3739
plunge,3740
marker,3741
utilize,3742
indoor,3743
tick,3744
surgeon,3745
desirable,3746
pulse,3747
cliff,3748
instruct,3749
disgust,3750
inspiration,3751
plaintiff,3752
intimate,3753
worship,3754
solely,3755
compliance,3756
ambassador,3757
offend,3758
homeless,3759
glow,3760
inhabitant,3761
embed,3762
bleed,3763
superb,3764
hostile,3765
ruler,3766
leaf,3767
partially,3768
opt,3769
inadequate,3770
guilt,3771
fleet,3772
solicitor,3773
aggregate,3774
clerk,3775
thesis,3776
reassure,3777
patience,3778
monkey,3779
rip,3780
hammer,3781
lesser,3782
statue,3783
activate,3784
glove,3785
conceive,3786
lion,3787
resignation,3788
temper,3789
intensive,3790
overlap,3791
leaflet,3792
delicate,3793
manipulate,3794
devise,3795
skip,3796
diamond,3797
pan,3798
orientation,3799
equality,3800
developmental,3801
articulate,3802
persist,3803
ethical,3804
dash,3805
goodbye,3806
weave,3807
locally,3808
pill,3809
presume,3810
silk,3811
parade,3812
parental,3813
debut,3814
soar,3815
peasant,3816
lap,3817
knit,3818
suspension,3819
convenience,3820
lawn,3821
nominate,3822
shrink,3823
stadium,3824
excessive,3825
chronic,3826
operational,3827
flip,3828
sensation,3829
whip,3830
receipt,3831
insult,3832
donate,3833
organism,3834
weaken,3835
grin,3836
assurance,3837
acute,3838
unity,3839
queen,3840
tumor,3841
terrace,3842
lord,3843
protective,3844
trait,3845
disco,3846
miracle,3847
misunderstand,3848
exotic,3849
collaboration,3850
glimpse,3851
enthusiastic,3852
surf,3853
enjoyable,3854
willingness,3855
monster,3856
compact,3857
rocket,3858
vanish,3859
smash,3860
casualty,3861
chaos,3862
commentary,3863
toe,3864
picnic,3865
configuration,3866
junction,3867
modification,3868
loyal,3869
taxpayer,3870
sentiment,3871
instinct,3872
furnish,3873
prosecution,3874
affection,3875
subsidy,3876
sock,3877
downstairs,3878
disclose,3879
parliamentary,3880
fierce,3881
fond,3882
sauce,3883
conceal,3884
snack,3885
honey,3886
chef,3887
container,3888
lodge,3889
patrol,3890
prohibit,3891
recipient,3892
dirt,3893
successor,3894
likelihood,3895
tribute,3896
conception,3897
delegation,3898
heritage,3899
severely,3900
demographic,3901
bee,3902
trim,3903
biology,3904
suppress,3905
carriage,3906
metaphor,3907
audio,3908
cricket,3909
awake,3910
lens,3911
surrender,3912
penetrate,3913
expedition,3914
instantly,3915
keyboard,3916
rose,3917
haunt,3918
closure,3919
dwell,3920
originate,3921
dilemma,3922
colonial,3923
diagnose,3924
invade,3925
accurately,3926
stereotype,3927
revive,3928
timber,3929
useless,3930
polite,3931
sympathetic,3932
specialty,3933
positively,3934
purple,3935
constituency,3936
amend,3937
dancer,3938
threshold,3939
concede,3940
caption,3941
creep,3942
systematic,3943
exaggerate,3944
tile,3945
prosecutor,3946
inject,3947
scary,3948
discourage,3949
governance,3950
intact,3951
shit,3952
cooperate,3953
widen,3954
likewise,3955
liver,3956
accountant,3957
postpone,3958
outfit,3959
bug,3960
dignity,3961
biography,3962
headache,3963
brochure,3964
ninety,3965
hormone,3966
slim,3967
thumb,3968
constituent,3969
buck,3970
grief,3971
stiff,3972
quotation,3973
romance,3974
independently,3975
subsidiary,3976
whistle,3977
cheat,3978
cute,3979
presidency,3980
super,3981
reign,3982
seemingly,3983
pond,3984
poorly,3985
noon,3986
doll,3987
brake,3988
copper,3989
individually,3990
mysterious,3991
kindly,3992
weed,3993
remarkably,3994
reproduce,3995
immune,3996
gamble,3997
hop,3998
blade,3999
sphere,4000
electoral,4001
flaw,4002
respective,4003
hybrid,4004
cartoon,4005
clay,4006
dictate,4007
nonsense,4008
nucleus,4009
teenage,4010
tighten,4011
noisy,4012
feminist,4013
marine,4014
bump,4015
disagreement,4016
exile,4017
slavery,4018
justification,4019
symbolic,4020
maturity,4021
bishop,4022
broadly,4023
adjacent,4024
specimen,4025
jewelry,4026
toast,4027
horn,4028
behavioral,4029
ancestor,4030
hierarchy,4031
donation,4032
thrive,4033
dispatch,4034
warmth,4035
electron,4036
rhetoric,4037
basement,4038
mathematical,4039
snake,4040
amateur,4041
classification,4042
arch,4043
disposal,4044
archive,4045
arrow,4046
comparative,4047
despair,4048
interim,4049
cheque,4050
workforce,4051
forthcoming,4052
deploy,4053
contemplate,4054
photography,4055
canal,4056
endeavor,4057
matrix,4058
empirical,4059
harmony,4060
socially,4061
conscience,4062
flourish,4063
cab,4064
calcium,4065
migration,4066
prolong,4067
vein,4068
correction,4069
suspicious,4070
concession,4071
warehouse,4072
hazard,4073
squad,4074
flush,4075
reminder,4076
vitamin,4077
adaptation,4078
deprive,4079
tutor,4080
lightly,4081
disclosure,4082
grid,4083
dock,4084
seldom,4085
magnetic,4086
declaration,4087
pepper,4088
monetary,4089
complement,4090
orbit,4091
crude,4092
roar,4093
amid,4094
handicap,4095
fever,4096
genius,4097
timetable,4098
aide,4099
explicitly,4100
darling,4101
nominee,4102
vague,4103
noun,4104
arena,4105
credibility,4106
non,4107
notable,4108
angel,4109
devil,4110
differentiate,4111
rack,4112
courtesy,4113
annually,4114
desktop,4115
curiosity,4116
applicant,4117
nursery,4118
prop,4119
refine,4120
sofa,4121
psychologist,4122
tolerate,4123
rider,4124
noble,4125
judicial,4126
rap,4127
ministry,4128
wildlife,4129
tightly,4130
conceptual,4131
awkward,4132
fortunate,4133
costly,4134
omit,4135
bureau,4136
lawsuit,4137
fork,4138
lump,4139
fake,4140
restructure,4141
anonymous,4142
contributor,4143
limb,4144
drown,4145
anchor,4146
tray,4147
legally,4148
icon,4149
autonomy,4150
jurisdiction,4151
textile,4152
slam,4153
legislature,4154
inappropriate,4155
thou,4156
chap,4157
holy,4158
collector,4159
alright,4160
membrane,4161
explosive,4162
doctrine,4163
realm,4164
definite,4165
invisible,4166
accordance,4167
curl,4168
elementary,4169
overview,4170
pharmaceutical,4171
dense,4172
prospective,4173
commentator,4174
dial,4175
dissolve,4176
tragic,4177
microphone,4178
bark,4179
thief,4180
penny,4181
magnitude,4182
adverse,4183
predecessor,4184
contend,4185
lounge,4186
plea,4187
sustainable,4188
diameter,4189
coup,4190
ideological,4191
worm,4192
exceptional,4193
openly,4194
rejection,4195
enroll,4196
collar,4197
fetch,4198
thereafter,4199
tuition,4200
circulate,4201
shallow,4202
semantic,4203
applicable,4204
strive,4205
appall,4206
startle,4207
suitcase,4208
inspect,4209
efficiently,4210
spouse,4211
stumble,4212
playground,4213
indirect,4214
peculiar,4215
refusal,4216
emergence,4217
supervisor,4218
aggression,4219
supervise,4220
fatal,4221
warranty,4222
curse,4223
circulation,4224
maximize,4225
haul,4226
miserable,4227
layout,4228
memo,4229
competent,4230
elbow,4231
coastal,4232
ferry,4233
privately,4234
damp,4235
utterly,4236
lyric,4237
earthquake,4238
vocal,4239
hostility,4240
deaf,4241
shield,4242
worthwhile,4243
occurrence,4244
splendid,4245
realization,4246
cart,4247
summon,4248
accountability,4249
compile,4250
orchestra,4251
marble,4252
diabetes,4253
momentum,4254
distract,4255
petition,4256
utter,4257
bass,4258
token,4259
towel,4260
solo,4261
unpleasant,4262
stride,4263
fluctuation,4264
runner,4265
prince,4266
simplify,4267
syndrome,4268
complication,4269
supposedly,4270
molecular,4271
ladder,4272
marginal,4273
succession,4274
philosophical,4275
beautifully,4276
outsider,4277
scrap,4278
goat,4279
statute,4280
offset,4281
translator,4282
toll,4283
wholly,4284
stroll,4285
shrug,4286
aboard,4287
forum,4288
capitalism,4289
tidy,4290
auto,4291
deadly,4292
interactive,4293
tolerance,4294
habitat,4295
supportive,4296
texture,4297
commerce,4298
elevate,4299
sailor,4300
cultivate,4301
grind,4302
deliberate,4303
viable,4304
bolt,4305
lazy,4306
maternal,4307
linear,4308
uncover,4309
halfway,4310
banker,4311
continually,4312
bizarre,4313
atom,4314
relevance,4315
socialist,4316
unfold,4317
racism,4318
scramble,4319
impulse,4320
reportedly,4321
outrage,4322
pardon,4323
straw,4324
inclusion,4325
thorough,4326
citizenship,4327
toxic,4328
packet,4329
regain,4330
grocery,4331
reconstruction,4332
cupboard,4333
methodology,4334
revelation,4335
geography,4336
recorder,4337
validity,4338
litter,4339
fridge,4340
manifest,4341
illusion,4342
beast,4343
globalization,4344
attain,4345
outbreak,4346
betray,4347
speculate,4348
grandchild,4349
pathway,4350
preach,4351
sew,4352
quarterly,4353
starve,4354
unify,4355
swap,4356
gravity,4357
cling,4358
slap,4359
irony,4360
kingdom,4361
restoration,4362
affiliate,4363
terrific,4364
incidence,4365
buzz,4366
rental,4367
shatter,4368
batter,4369
olive,4370
irritate,4371
passport,4372
dependence,4373
cue,4374
decoration,4375
terminate,4376
ash,4377
athletic,4378
rude,4379
corrupt,4380
continuity,4381
follower,4382
economically,4383
sleeve,4384
remainder,4385
ink,4386
mechanic,4387
refresh,4388
oversee,4389
immense,4390
mock,4391
creativity,4392
conspiracy,4393
sacred,4394
horizontal,4395
hello,4396
ray,4397
builder,4398
trunk,4399
crawl,4400
sword,4401
certainty,4402
aesthetic,4403
additionally,4404
id,4405
inherent,4406
soak,4407
financially,4408
erect,4409
pipeline,4410
forge,4411
disturbance,4412
enlarge,4413
irrelevant,4414
contradiction,4415
orient,4416
monopoly,4417
protocol,4418
bankruptcy,4419
passive,4420
tuck,4421
primitive,4422
kidnap,4423
memorial,4424
illuminate,4425
architectural,4426
wool,4427
minus,4428
flock,4429
conjunction,4430
fist,4431
interference,4432
tease,4433
onion,4434
grill,4435
philosopher,4436
alternate,4437
hut,4438
inhibit,4439
temporarily,4440
sibling,4441
clutch,4442
junk,4443
flu,4444
evidently,4445
pavement,4446
calorie,4447
bust,4448
pine,4449
wit,4450
statutory,4451
supervision,4452
defender,4453
inability,4454
hydrogen,4455
telecommunication,4456
spur,4457
banana,4458
multiply,4459
dioxide,4460
verdict,4461
risky,4462
addict,4463
directory,4464
formulate,4465
download,4466
circular,4467
chant,4468
custody,4469
parcel,4470
coincide,4471
offspring,4472
placement,4473
antique,4474
technically,4475
dispose,4476
linger,4477
prey,4478
submission,4479
hopeful,4480
cautious,4481
brass,4482
globe,4483
marketplace,4484
loom,4485
persistent,4486
bronze,4487
permanently,4488
bride,4489
valve,4490
disrupt,4491
harmful,4492
shuttle,4493
simulation,4494
theft,4495
obey,4496
whereby,4497
hunger,4498
alternatively,4499
couch,4500
cult,4501
nationwide,4502
lamb,4503
gradual,4504
gallon,4505
standardize,4506
integral,4507
accusation,4508
alteration,4509
strap,4510
frontier,4511
feather,4512
gossip,4513
dual,4514
humble,4515
caller,4516
restraint,4517
sweater,4518
plasma,4519
commissioner,4520
decay,4521
revision,4522
verify,4523
nicely,4524
bomber,4525
incur,4526
hunter,4527
confrontation,4528
inequality,4529
copyright,4530
genuinely,4531
tailor,4532
franchise,4533
vet,4534
predominantly,4535
artifact,4536
passionate,4537
vow,4538
congratulation,4539
beloved,4540
hostage,4541
insure,4542
ax,4543
outlook,4544
trainee,4545
selective,4546
spectacle,4547
fox,4548
rigid,4549
allegedly,4550
distort,4551
offender,4552
consolidate,4553
faithful,4554
waiter,4555
maneuver,4556
embassy,4557
vivid,4558
wreck,4559
dentist,4560
vegetarian,4561
dairy,4562
bucket,4563
rifle,4564
divert,4565
whatsoever,4566
albeit,4567
stripe,4568
aspiration,4569
prosperity,4570
disguise,4571
scrutiny,4572
utterance,4573
rob,4574
batch,4575
counselor,4576
problematic,4577
stagger,4578
encouragement,4579
tomb,4580
clarity,4581
waist,4582
wireless,4583
purse,4584
instructor,4585
miner,4586
stitch,4587
scar,4588
authentic,4589
jar,4590
vacuum,4591
barn,4592
liable,4593
suburban,4594
diplomat,4595
graphic,4596
robust,4597
ambulance,4598
sunshine,4599
transcript,4600
sexy,4601
cord,4602
beard,4603
denote,4604
cholesterol,4605
fashionable,4606
notify,4607
morality,4608
faction,4609
static,4610
wrist,4611
mainland,4612
precision,4613
chew,4614
axis,4615
fabulous,4616
unprecedented,4617
delete,4618
dialect,4619
saint,4620
champagne,4621
documentation,4622
ridge,4623
restrain,4624
furious,4625
fringe,4626
feast,4627
textbook,4628
trustee,4629
unintelligible,4630
automobile,4631
antibody,4632
spit,4633
incorrect,4634
sexually,4635
slump,4636
quest,4637
bracket,4638
rightly,4639
nationalist,4640
exclusion,4641
spontaneous,4642
supper,4643
fundamentally,4644
plague,4645
revenge,4646
euro,4647
hurricane,4648
breakthrough,4649
entail,4650
spike,4651
bureaucracy,4652
fusion,4653
portable,4654
correlate,4655
onset,4656
embody,4657
sniff,4658
abolish,4659
triple,4660
discretion,4661
misery,4662
retrieve,4663
avenue,4664
unacceptable,4665
sexuality,4666
skull,4667
consistency,4668
discard,4669
cooperative,4670
dam,4671
weep,4672
lesbian,4673
canteen,4674
militant,4675
butterfly,4676
jaw,4677
laptop,4678
fragile,4679
monk,4680
sub,4681
gorgeous,4682
invoke,4683
chapel,4684
aluminum,4685
sociology,4686
critique,4687
knot,4688
epidemic,4689
scent,4690
proclaim,4691
compatible,4692
align,4693
ankle,4694
denial,4695
cheerful,4696
syllable,4697
armor,4698
witch,4699
trauma,4700
dreadful,4701
canvas,4702
evoke,4703
partisan,4704
ballet,4705
magical,4706
divine,4707
animate,4708
comprehension,4709
chromosome,4710
exert,4711
splash,4712
transplant,4713
spiral,4714
heap,4715
paradigm,4716
enact,4717
umbrella,4718
distributor,4719
outsource,4720
endanger,4721
midst,4722
hockey,4723
continuously,4724
rod,4725
vest,4726
novelist,4727
surveillance,4728
attendant,4729
emotionally,4730
journalism,4731
handwrite,4732
interestingly,4733
skeptical,4734
stabilize,4735
bilingual,4736
intermediate,4737
transparent,4738
stab,4739
invoice,4740
enzyme,4741
provincial,4742
preservation,4743
node,4744
regulator,4745
nonetheless,4746
ashamed,4747
pillow,4748
mammal,4749
enrich,4750
constrain,4751
descent,4752
adequately,4753
analogy,4754
tumble,4755
jungle,4756
capitalist,4757
glue,4758
tribal,4759
memorable,4760
invariably,4761
municipal,4762
tech,4763
equilibrium,4764
deteriorate,4765
educator,4766
dread,4767
underline,4768
prosecute,4769
advisor,4770
sunlight,4771
fossil,4772
warrior,4773
implicit,4774
undergraduate,4775
murderer,4776
streak,4777
embark,4778
hail,4779
appetite,4780
bully,4781
assertion,4782
naive,4783
purchaser,4784
handy,4785
intake,4786
cleaner,4787
glare,4788
tiger,4789
quantitative,4790
variant,4791
burial,4792
accustom,4793
mandatory,4794
advisory,4795
juvenile,4796
hum,4797
oak,4798
foul,4799
imperative,4800
consecutive,4801
ignorance,4802
blaze,4803
interpreter,4804
planner,4805
ache,4806
lid,4807
cookie,4808
salmon,4809
subjective,4810
fluctuate,4811
secular,4812
controller,4813
spectator,4814
indigenous,4815
pragmatic,4816
viewpoint,4817
doom,4818
redemption,4819
vowel,4820
lace,4821
hatred,4822
underestimate,4823
greenhouse,4824
skate,4825
drawback,4826
affordable,4827
blur,4828
landmark,4829
insufficient,4830
appropriately,4831
lengthy,4832
shave,4833
classmate,4834
basin,4835
pollute,4836
inhabit,4837
patron,4838
composite,4839
squash,4840
roast,4841
wardrobe,4842
leverage,4843
bloom,4844
pint,4845
auditor,4846
freak,4847
luggage,4848
predictable,4849
differential,4850
bulb,4851
width,4852
creator,4853
hatch,4854
telescope,4855
soften,4856
compliment,4857
sadness,4858
kidney,4859
fisherman,4860
rotate,4861
temptation,4862
naval,4863
hospitality,4864
generalize,4865
balcony,4866
veto,4867
mentor,4868
defer,4869
rib,4870
degradation,4871
lorry,4872
rewrite,4873
conform,4874
choir,4875
antibiotic,4876
generic,4877
legendary,4878
morale,4879
sore,4880
peripheral,4881
coherent,4882
delightful,4883
contingent,4884
commence,4885
reservoir,4886
helmet,4887
reside,4888
cocktail,4889
herd,4890
cereal,4891
smoothly,4892
referee,4893
dumb,4894
grim,4895
pinch,4896
downward,4897
nickname,4898
unaware,4899
congratulate,4900
trailer,4901
sting,4902
tariff,4903
pave,4904
coincidence,4905
foremost,4906
embarrassment,4907
rotation,4908
lemon,4909
optimism,4910
cargo,4911
unconscious,4912
psychiatric,4913
graze,4914
subordinate,4915
trash,4916
sparkle,4917
decisive,4918
innocence,4919
drought,4920
belly,4921
chess,4922
presently,4923
fuse,4924
dim,4925
simplicity,4926
literacy,4927
northwest,4928
repetition,4929
kindness,4930
mobility,4931
absurd,4932
reproduction,4933
subscription,4934
successive,4935
reconcile,4936
neatly,4937
gauge,4938
missionary,4939
lure,4940
arc,4941
bruise,4942
probable,4943
multinational,4944
mushroom,4945
sway,4946
velocity,4947
doorway,4948
acquaintance,4949
ant,4950
thoughtful,4951
choke,4952
optimal,4953
confession,4954
benchmark,4955
escort,4956
biscuit,4957
physics,4958
crisp,4959
coordination,4960
scenery,4961
unusually,4962
envy,4963
chunk,4964
encompass,4965
brutal,4966
directive,4967
tricky,4968
plow,4969
scout,4970
extensively,4971
manipulation,4972
garment,4973
ass,4974
dominance,4975
railroad,4976
rig,4977
precedent,4978
understandable,4979
tribunal,4980
admiration,4981
addiction,4982
cushion,4983
pony,4984
derivative,4985
bastard,4986
scarcely,4987
artery,4988
predator,4989
ram,4990
quota,4991
replicate,4992
navy,4993
nationally,4994
sergeant,4995
renewal,4996
memoir,4997
corps,4998
herb,4999
fertility,5000
appraisal,5001
luckily,5002
anticipation,5003
slate,5004
unfamiliar,5005
nutrient,5006
flick,5007
ironically,5008
postcard,5009
expire,5010
dolphin,5011
shaft,5012
contempt,5013
instrumental,5014
arouse,5015
torch,5016
crap,5017
propaganda,5018
deed,5019
cooker,5020
geographical,5021
rehearsal,5022
discriminate,5023
relaxation,5024
unwilling,5025
obsession,5026
ceramic,5027
endorsement,5028
flour,5029
indirectly,5030
evolutionary,5031
enjoyment,5032
constructive,5033
barbecue,5034
fertilizer,5035
certify,5036
withhold,5037
melody,5038
promptly,5039
sip,5040
rag,5041
flap,5042
pat,5043
energetic,5044
rug,5045
mound,5046
technician,5047
excellence,5048
anytime,5049
groom,5050
feasible,5051
mighty,5052
buffer,5053
enormously,5054
overtime,5055
grammatical,5056
conquer,5057
upcoming,5058
sow,5059
strangely,5060
hollow,5061
footnote,5062
fatigue,5063
awesome,5064
imitate,5065
cocaine,5066
wilderness,5067
safeguard,5068
alcoholic,5069
receptor,5070
disruption,5071
peel,5072
indulge,5073
glorious,5074
chorus,5075
cellular,5076
assassination,5077
pork,5078
incumbent,5079
diagnostic,5080
garbage,5081
newcomer,5082
starter,5083
closet,5084
instability,5085
revival,5086
dye,5087
rattle,5088
turkey,5089
infinite,5090
synthesis,5091
spine,5092
breeze,5093
therapist,5094
banner,5095
guerrilla,5096
softly,5097
sickness,5098
brigade,5099
heir,5100
reactor,5101
mediate,5102
mug,5103
foresee,5104
bail,5105
wrestle,5106
excursion,5107
grape,5108
wax,5109
conductor,5110
fog,5111
congregation,5112
enquire,5113
radar,5114
wheelchair,5115
cement,5116
accomplishment,5117
spoon,5118
lightning,5119
referendum,5120
displace,5121
shorten,5122
amusement,5123
foolish,5124
insider,5125
clap,5126
cozy,5127
detection,5128
frog,5129
massage,5130
disastrous,5131
premature,5132
lag,5133
tenure,5134
pasta,5135
tablet,5136
racist,5137
urgency,5138
lender,5139
degrade,5140
ironic,5141
rugby,5142
respectable,5143
voyage,5144
exempt,5145
slaughter,5146
adolescence,5147
resentment,5148
piss,5149
relay,5150
honesty,5151
wolf,5152
plantation,5153
woodland,5154
councilor,5155
wallet,5156
thigh,5157
calf,5158
wagon,5159
deer,5160
millennium,5161
obsess,5162
civic,5163
trivial,5164
partition,5165
ideally,5166
whisky,5167
mankind,5168
arbitrary,5169
upright,5170
thirdly,5171
folder,5172
elevator,5173
militia,5174
casino,5175
accountable,5176
scrape,5177
fairness,5178
selfish,5179
sunset,5180
algorithm,5181
detach,5182
bob,5183
adjective,5184
countless,5185
heater,5186
approximate,5187
refuge,5188
vicious,5189
fuss,5190
stressful,5191
vacant,5192
pal,5193
recount,5194
mansion,5195
chin,5196
uphold,5197
subscribe,5198
inferior,5199
plausible,5200
privatization,5201
lexical,5202
optical,5203
modem,5204
slogan,5205
triangle,5206
spider,5207
cassette,5208
dismissal,5209
quiz,5210
ounce,5211
corpus,5212
terrain,5213
shark,5214
civilize,5215
ego,5216
nephew,5217
migrate,5218
bypass,5219
pillar,5220
librarian,5221
intensify,5222
intimidate,5223
supreme,5224
theology,5225
offshore,5226
vulnerability,5227
seasonal,5228
nationality,5229
polar,5230
keeper,5231
tilt,5232
massacre,5233
steak,5234
plaster,5235
spatial,5236
denounce,5237
impair,5238
unlimited,5239
tract,5240
volatile,5241
makeup,5242
poke,5243
elicit,5244
reconstruct,5245
playoff,5246
industrialize,5247
singular,5248
prone,5249
tan,5250
hood,5251
renown,5252
quarrel,5253
flank,5254
pirate,5255
fertilization,5256
notorious,5257
inmate,5258
verge,5259
simulate,5260
disperse,5261
aisle,5262
bead,5263
taxation,5264
aftermath,5265
lieutenant,5266
brew,5267
slash,5268
accessory,5269
loser,5270
psychiatrist,5271
multimedia,5272
pronunciation,5273
galaxy,5274
prose,5275
homosexual,5276
hostel,5277
hardship,5278
livestock,5279
inland,5280
asthma,5281
contradict,5282
resent,5283
informative,5284
posture,5285
shrine,5286
operative,5287
cylinder,5288
exemption,5289
adhere,5290
booklet,5291
warfare,5292
jealous,5293
bout,5294
debris,5295
mutation,5296
redeem,5297
unbelievable,5298
columnist,5299
deficiency,5300
nutrition,5301
creditor,5302
ribbon,5303
abundance,5304
lottery,5305
ion,5306
butt,5307
frown,5308
bud,5309
shopper,5310
atomic,5311
drip,5312
heighten,5313
unstable,5314
eyebrow,5315
mourn,5316
fountain,5317
collaborate,5318
spice,5319
impeachment,5320
mat,5321
tremble,5322
override,5323
rebellion,5324
immunity,5325
ecological,5326
blonde,5327
fling,5328
internationally,5329
savage,5330
rainfall,5331
visa,5332
deduction,5333
fracture,5334
snatch,5335
gig,5336
skeleton,5337
subsidize,5338
logo,5339
candy,5340
garlic,5341
grate,5342
notwithstanding,5343
ensue,5344
humanitarian,5345
convergence,5346
adore,5347
archaeological,5348
settler,5349
procedural,5350
sodium,5351
southwest,5352
magistrate,5353
heroics,5354
miniature,5355
communism,5356
niche,5357
managerial,5358
media,5359
brace,5360
proliferation,5361
cosmetic,5362
logistic,5363
neuron,5364
appliance,5365
stove,5366
deepen,5367
sovereignty,5368
abruptly,5369
rationale,5370
detain,5371
oath,5372
ambiguous,5373
repay,5374
feminine,5375
compulsory,5376
apparatus,5377
ration,5378
analytical,5379
void,5380
inflict,5381
embryonic,5382
tread,5383
variance,5384
maid,5385
curb,5386
nurture,5387
premier,5388
progression,5389
census,5390
ditch,5391
unchanged,5392
undo,5393
salesman,5394
flare,5395
found,5396
owl,5397
eternal,5398
confidential,5399
mercy,5400
yacht,5401
imperial,5402
surgical,5403
vigorous,5404
imaginative,5405
reviewer,5406
optional,5407
superintendent,5408
blink,5409
inheritance,5410
gel,5411
rhyme,5412
empower,5413
horrify,5414
microwave,5415
unveil,5416
diversify,5417
sober,5418
vase,5419
diplomacy,5420
daylight,5421
ample,5422
saddle,5423
refund,5424
sneak,5425
formidable,5426
imprison,5427
precaution,5428
substantive,5429
solitary,5430
roller,5431
formulation,5432
preview,5433
cynical,5434
irregular,5435
trajectory,5436
prestigious,5437
scrub,5438
perfume,5439
geometry,5440
ambiguity,5441
freshman,5442
staircase,5443
vain,5444
comfortably,5445
blog,5446
parasite,5447
proximity,5448
definitive,5449
nationalism,5450
hover,5451
eagle,5452
affirmative,5453
jog,5454
destiny,5455
stereo,5456
activation,5457
principally,5458
shiny,5459
demon,5460
enlist,5461
rocky,5462
loudly,5463
prototype,5464
homeland,5465
mob,5466
shove,5467
aye,5468
forehead,5469
shipment,5470
villager,5471
confer,5472
crumble,5473
congress,5474
carrot,5475
revolt,5476
chord,5477
southeast,5478
stalk,5479
bitch,5480
northeast,5481
soothe,5482
reconciliation,5483
cemetery,5484
subway,5485
toddler,5486
aspire,5487
carer,5488
laundry,5489
timely,5490
postal,5491
residue,5492
litigation,5493
royalty,5494
swift,5495
murmur,5496
calculator,5497
excerpt,5498
sausage,5499
penetration,5500
diesel,5501
incidentally,5502
collision,5503
inexpensive,5504
jewel,5505
idiot,5506
photographic,5507
generator,5508
quarterback,5509
exploitation,5510
marijuana,5511
hemisphere,5512
disregard,5513
canoe,5514
commute,5515
bilateral,5516
awaken,5517
autonomous,5518
chemist,5519
pyramid,5520
dilute,5521
videotape,5522
residual,5523
transit,5524
erupt,5525
valuation,5526
scarce,5527
smack,5528
liberate,5529
daytime,5530
vegetation,5531
dissent,5532
contaminate,5533
outset,5534
courtyard,5535
laborer,5536
routinely,5537
epic,5538
gasoline,5539
stray,5540
pitcher,5541
booth,5542
premiere,5543
inconsistent,5544
altar,5545
advert,5546
dedication,5547
defy,5548
decree,5549
synthetic,5550
ignorant,5551
gasp,5552
lick,5553
vector,5554
poise,5555
wedge,5556
tow,5557
economical,5558
narrator,5559
perch,5560
preside,5561
smoker,5562
china,5563
takeover,5564
onwards,5565
uneasy,5566
affirm,5567
microscope,5568
duplicate,5569
thunder,5570
wildly,5571
referral,5572
electorate,5573
gown,5574
scanner,5575
continuation,5576
rigorous,5577
inconvenience,5578
evangelical,5579
deter,5580
destructive,5581
pedestrian,5582
dome,5583
temperament,5584
buddy,5585
hay,5586
resistant,5587
rim,5588
scoop,5589
footstep,5590
gosh,5591
cone,5592
sour,5593
villa,5594
wicked,5595
theatrical,5596
legitimacy,5597
facial,5598
disposition,5599
lastly,5600
finite,5601
applaud,5602
continental,5603
obesity,5604
morally,5605
blah,5606
bloke,5607
lecturer,5608
fearful,5609
injustice,5610
reproductive,5611
altitude,5612
giggle,5613
differentiation,5614
fetus,5615
compassion,5616
sorrow,5617
sincere,5618
soda,5619
harness,5620
sprawl,5621
gateway,5622
sticky,5623
envisage,5624
idle,5625
scholarly,5626
incomplete,5627
nun,5628
descendant,5629
metric,5630
subscriber,5631
cowboy,5632
rot,5633
dinosaur,5634
scarf,5635
coupon,5636
prestige,5637
guardian,5638
dub,5639
unpredictable,5640
expel,5641
insurgent,5642
bankrupt,5643
populate,5644
reunion,5645
insurer,5646
redundant,5647
heroin,5648
unexpectedly,5649
reliance,5650
socialism,5651
frank,5652
beneficiary,5653
systematically,5654
fairy,5655
periodic,5656
arguably,5657
lethal,5658
severity,5659
sanctuary,5660
submarine,5661
lapse,5662
mutter,5663
legislator,5664
versa,5665
bacon,5666
imminent,5667
profitability,5668
payable,5669
harassment,5670
gratitude,5671
ranch,5672
reluctance,5673
thankful,5674
underway,5675
aloud,5676
foam,5677
violin,5678
overthrow,5679
acoustic,5680
robbery,5681
quarry,5682
cigar,5683
susceptible,5684
flatter,5685
outrageous,5686
turmoil,5687
crow,5688
shiver,5689
socialize,5690
alley,5691
mobilize,5692
reprint,5693
crane,5694
gum,5695
abundant,5696
erode,5697
transparency,5698
masterpiece,5699
mummy,5700
gardener,5701
gospel,5702
regiment,5703
campsite,5704
imitation,5705
eventual,5706
fortnight,5707
relocate,5708
distraction,5709
reconsider,5710
upside,5711
comparatively,5712
believer,5713
liberation,5714
smuggle,5715
contingency,5716
wartime,5717
moan,5718
porch,5719
gravel,5720
retention,5721
academy,5722
swiftly,5723
cuisine,5724
motorcycle,5725
trench,5726
applause,5727
princess,5728
spotlight,5729
mimic,5730
manifestation,5731
stool,5732
menace,5733
migrant,5734
emit,5735
tasty,5736
realism,5737
lever,5738
numerical,5739
graduation,5740
cellar,5741
thriller,5742
moor,5743
wary,5744
flatten,5745
theorist,5746
radically,5747
backup,5748
voucher,5749
internally,5750
emperor,5751
whichever,5752
volcano,5753
shuffle,5754
imprisonment,5755
centralize,5756
dessert,5757
responsive,5758
mist,5759
unreasonable,5760
conversely,5761
merchandise,5762
automate,5763
deviation,5764
knight,5765
veil,5766
socket,5767
oversight,5768
secretly,5769
cripple,5770
consolidation,5771
spacious,5772
ethanol,5773
locality,5774
omission,5775
browser,5776
swamp,5777
physic,5778
inquire,5779
dusty,5780
harden,5781
puppy,5782
mentality,5783
zip,5784
inaudible,5785
signify,5786
unsuccessful,5787
expectancy,5788
refrigerator,5789
superficial,5790
pierce,5791
monastery,5792
runway,5793
motorway,5794
accumulation,5795
stark,5796
dismantle,5797
liter,5798
nominal,5799
interrogation,5800
paperwork,5801
outward,5802
credible,5803
proxy,5804
enlighten,5805
cramp,5806
cane,5807
deployment,5808
sandy,5809
jumper,5810
madness,5811
fume,5812
abnormal,5813
clearance,5814
potent,5815
bureaucratic,5816
mistress,5817
jerk,5818
qualitative,5819
comb,5820
maturation,5821
dazzle,5822
steroid,5823
occupational,5824
imagery,5825
enthusiast,5826
rethink,5827
revolve,5828
paradise,5829
luxurious,5830
chick,5831
overweight,5832
comedian,5833
noticeable,5834
hypothetical,5835
deceive,5836
bait,5837
bleak,5838
crunch,5839
straighten,5840
protester,5841
poetic,5842
overtake,5843
implicate,5844
rainy,5845
extraordinarily,5846
refrain,5847
needless,5848
prevalence,5849
marital,5850
coffin,5851
tier,5852
glaze,5853
exceptionally,5854
lunchtime,5855
doubtful,5856
demolish,5857
archaeologist,5858
standpoint,5859
pickup,5860
ozone,5861
payroll,5862
puff,5863
hub,5864
uncommon,5865
wholesale,5866
jointly,5867
baseline,5868
compartment,5869
pudding,5870
souvenir,5871
prostitute,5872
mutually,5873
detention,5874
publicize,5875
trademark,5876
ace,5877
reopen,5878
thy,5879
voltage,5880
incoming,5881
tab,5882
oddly,5883
moisture,5884
stump,5885
newsletter,5886
font,5887
mosque,5888
distortion,5889
hack,5890
groove,5891
beforehand,5892
dismay,5893
autism,5894
sticker,5895
critically,5896
interruption,5897
fireplace,5898
gleam,5899
rebound,5900
evacuate,5901
fertile,5902
sovereign,5903
stimulation,5904
statistically,5905
urgently,5906
disappearance,5907
congestion,5908
adulthood,5909
cherry,5910
therapeutic,5911
accidentally,5912
cumulative,5913
wee,5914
escalate,5915
unwanted,5916
dart,5917
nitrogen,5918
promotional,5919
sponsorship,5920
odor,5921
animation,5922
overturn,5923
tout,5924
trophy,5925
recollection,5926
genome,5927
outskirt,5928
outright,5929
blond,5930
peg,5931
aviation,5932
distinctly,5933
discomfort,5934
worsen,5935
digit,5936
reorganization,5937
nightclub,5938
vault,5939
messenger,5940
rivalry,5941
insulin,5942
freight,5943
elimination,5944
helpless,5945
traumatic,5946
median,5947
characterization,5948
congressman,5949
computerize,5950
pre,5951
ti,5952
ripple,5953
pottery,5954
aerial,5955
colonel,5956
collectively,5957
vacancy,5958
imaginary,5959
mosquito,5960
circus,5961
dental,5962
acknowledgement,5963
outgoing,5964
complementary,5965
perfection,5966
ponder,5967
blossom,5968
mini,5969
stationary,5970
discern,5971
dictator,5972
recreation,5973
catastrophe,5974
deliberation,5975
puppet,5976
prohibition,5977
redundancy,5978
marathon,5979
invaluable,5980
interviewer,5981
ham,5982
prevalent,5983
unrelated,5984
tangible,5985
shepherd,5986
paradox,5987
infer,5988
punk,5989
incapable,5990
destine,5991
oneself,5992
devotion,5993
sheriff,5994
silently,5995
hillside,5996
indictment,5997
entitlement,5998
compress,5999
physicist,6000
eldest,6001
tangle,6002
skepticism,6003
humiliate,6004
evenly,6005
territorial,6006
throne,6007
hamburger,6008
photocopy,6009
theoretically,6010
nuisance,6011
advent,6012
enhancement,6013
boycott,6014
bustle,6015
elevation,6016
intimacy,6017
novelty,6018
vaguely,6019
stud,6020
hopeless,6021
modernize,6022
butcher,6023
erase,6024
advertiser,6025
siege,6026
detector,6027
inning,6028
profoundly,6029
contour,6030
randomly,6031
excavation,6032
substitution,6033
mare,6034
converge,6035
reel,6036
astronomer,6037
governmental,6038
capita,6039
citation,6040
archaeology,6041
contention,6042
stakeholder,6043
cyclist,6044
glitter,6045
tabloid,6046
appropriation,6047
coefficient,6048
rein,6049
tractor,6050
commemorate,6051
trumpet,6052
literal,6053
categorize,6054
setup,6055
ramp,6056
beginner,6057
clergy,6058
meadow,6059
recur,6060
virgin,6061
hamper,6062
validate,6063
reformer,6064
sermon,6065
eve,6066
supplementary,6067
induction,6068
bitterly,6069
asylum,6070
bookshop,6071
digest,6072
erosion,6073
vintage,6074
cruelty,6075
foil,6076
comprehend,6077
staple,6078
acclaim,6079
prosperous,6080
convoy,6081
unlock,6082
agony,6083
browse,6084
conserve,6085
discrepancy,6086
resemblance,6087
firework,6088
crave,6089
alienate,6090
smear,6091
glide,6092
charitable,6093
weary,6094
pathetic,6095
wrinkle,6096
niece,6097
someday,6098
thermal,6099
caravan,6100
autobiography,6101
regression,6102
proudly,6103
ascend,6104
frost,6105
template,6106
hesitation,6107
hinge,6108
fascination,6109
overwhelmingly,6110
mint,6111
implant,6112
aerobic,6113
rep,6114
quantum,6115
programmer,6116
inn,6117
meaningless,6118
dubious,6119
yawn,6120
preferably,6121
outweigh,6122
cardboard,6123
armchair,6124
quid,6125
variability,6126
trolley,6127
swirl,6128
analog,6129
symbolize,6130
plural,6131
lash,6132
despise,6133
blouse,6134
rehabilitation,6135
keyword,6136
tug,6137
intercept,6138
flicker,6139
plaque,6140
thinker,6141
console,6142
equate,6143
readiness,6144
dependency,6145
vigorously,6146
pea,6147
cascade,6148
dispense,6149
thickness,6150
linkage,6151
crust,6152
lone,6153
indifferent,6154
vent,6155
pistol,6156
clone,6157
entrepreneurial,6158
housewife,6159
clan,6160
hen,6161
slab,6162
procession,6163
illegally,6164
coral,6165
restrictive,6166
pearl,6167
lessen,6168
lawmaker,6169
encode,6170
biblical,6171
pest,6172
seizure,6173
raft,6174
fungus,6175
farewell,6176
solidarity,6177
culminate,6178
drastic,6179
impatient,6180
demise,6181
facade,6182
sideways,6183
healthcare,6184
alignment,6185
reversal,6186
stern,6187
badge,6188
reluctantly,6189
disparity,6190
extinction,6191
respiratory,6192
treasury,6193
intersection,6194
accidental,6195
paralyze,6196
tram,6197
freshly,6198
diversion,6199
extremist,6200
liquor,6201
promoter,6202
den,6203
linen,6204
hitherto,6205
roam,6206
awe,6207
ensemble,6208
chatter,6209
brightly,6210
ascertain,6211
yearly,6212
exterior,6213
dragon,6214
hometown,6215
peninsula,6216
urine,6217
abide,6218
terminology,6219
apprentice,6220
explorer,6221
tack,6222
dissatisfy,6223
proponent,6224
infectious,6225
workstation,6226
envision,6227
contradictory,6228
sensor,6229
spawn,6230
turnout,6231
levy,6232
bladder,6233
shortcoming,6234
germ,6235
environmentalist,6236
upbringing,6237
inventor,6238
lucrative,6239
tattoo,6240
segregation,6241
diploma,6242
withstand,6243
inference,6244
factual,6245
installment,6246
grader,6247
questionable,6248
blunt,6249
nick,6250
descriptive,6251
baggage,6252
generalization,6253
speculative,6254
pianist,6255
exemplify,6256
arrogant,6257
grandma,6258
pesticide,6259
hurdle,6260
preacher,6261
goose,6262
saturate,6263
fertilize,6264
buffet,6265
liaison,6266
cram,6267
gloomy,6268
pedal,6269
voluntarily,6270
floppy,6271
causal,6272
pensioner,6273
ornament,6274
cherish,6275
admittedly,6276
contraction,6277
computation,6278
aggressively,6279
absorption,6280
viability,6281
grandson,6282
quantify,6283
transcription,6284
midday,6285
theological,6286
harmless,6287
estimation,6288
convertible,6289
dissatisfaction,6290
preferable,6291
segregate,6292
eagerly,6293
attendee,6294
stunt,6295
vibrant,6296
inclination,6297
cultivation,6298
robe,6299
narrowly,6300
backyard,6301
walker,6302
conditional,6303
muse,6304
biologist,6305
drape,6306
clamp,6307
clown,6308
insane,6309
chimney,6310
genocide,6311
fort,6312
openness,6313
capitalize,6314
loneliness,6315
pasture,6316
groan,6317
steward,6318
eccentric,6319
blush,6320
messy,6321
coil,6322
backdrop,6323
mute,6324
kneel,6325
paste,6326
daunt,6327
appendix,6328
masculine,6329
deposition,6330
ripe,6331
claw,6332
glucose,6333
carbohydrate,6334
hazardous,6335
bribe,6336
memorandum,6337
environmentally,6338
relish,6339
sob,6340
navigate,6341
comeback,6342
goodwill,6343
issuer,6344
intuition,6345
intensely,6346
replay,6347
honorable,6348
earnest,6349
revert,6350
fictional,6351
cavity,6352
glamorous,6353
elusive,6354
chalk,6355
teammate,6356
impairment,6357
seafood,6358
volcanic,6359
pigeon,6360
disciplinary,6361
frenzy,6362
fury,6363
superiority,6364
orderly,6365
discrete,6366
icy,6367
receptionist,6368
larva,6369
visualize,6370
dire,6371
mortar,6372
fiercely,6373
chore,6374
kettle,6375
nuance,6376
kindergarten,6377
wonderfully,6378
ratify,6379
decease,6380
overly,6381
mike,6382
serum,6383
hinder,6384
uranium,6385
waitress,6386
temporal,6387
bald,6388
unhealthy,6389
radioactive,6390
indifference,6391
golfer,6392
vicinity,6393
genetically,6394
crest,6395
jack,6396
domination,6397
simultaneous,6398
redesign,6399
fellowship,6400
sterling,6401
cock,6402
seaside,6403
cohort,6404
scroll,6405
unrest,6406
customary,6407
inhale,6408
rinse,6409
demonstrator,6410
geographic,6411
canopy,6412
outlaw,6413
fiddle,6414
subset,6415
reiterate,6416
exclaim,6417
curiously,6418
focal,6419
peanut,6420
immensely,6421
visibility,6422
preoccupy,6423
parlor,6424
petty,6425
orphan,6426
liberalism,6427
syntax,6428
tame,6429
oval,6430
feat,6431
convene,6432
milestone,6433
inhibition,6434
brow,6435
pronoun,6436
curator,6437
lurk,6438
remnant,6439
compression,6440
inaccurate,6441
coordinator,6442
shrub,6443
unpopular,6444
loosen,6445
recognizable,6446
inward,6447
rehearse,6448
cube,6449
unload,6450
velvet,6451
bodily,6452
salon,6453
landowner,6454
granite,6455
advocacy,6456
filmmaker,6457
consonant,6458
contender,6459
trio,6460
sprinkle,6461
jealousy,6462
overcrowd,6463
underwear,6464
evaporate,6465
secrecy,6466
courtroom,6467
handbag,6468
villain,6469
affluent,6470
sensibility,6471
turf,6472
apt,6473
contamination,6474
moderately,6475
torment,6476
informant,6477
downhill,6478
preclude,6479
ammunition,6480
astronaut,6481
dwarf,6482
plight,6483
rename,6484
pluck,6485
plummet,6486
culturally,6487
trickle,6488
trek,6489
os,6490
anguish,6491
sightsee,6492
rave,6493
sentimental,6494
persuasive,6495
inclusive,6496
stifle,6497
physiological,6498
cache,6499
chaotic,6500
rotten,6501
avert,6502
provocative,6503
slack,6504
spreadsheet,6505
sediment,6506
anatomy,6507
familiarity,6508
negatively,6509
alas,6510
muddy,6511
fin,6512
dementia,6513
ethnicity,6514
windy,6515
heave,6516
expressive,6517
motif,6518
unsatisfactory,6519
turbine,6520
underpin,6521
bowel,6522
misuse,6523
trendy,6524
linguistics,6525
pope,6526
darken,6527
stylish,6528
parachute,6529
underwater,6530
astronomy,6531
irresponsible,6532
duly,6533
loot,6534
slum,6535
chronicle,6536
condom,6537
loosely,6538
jelly,6539
longtime,6540
lament,6541
surpass,6542
cleanse,6543
receptive,6544
generosity,6545
prominence,6546
sharpen,6547
tv,6548
metropolitan,6549
renovate,6550
anecdote,6551
radius,6552
algebra,6553
negligence,6554
fetal,6555
strawberry,6556
salute,6557
usher,6558
intrinsic,6559
systemic,6560
embargo,6561
famine,6562
downturn,6563
gloom,6564
revisit,6565
lime,6566
cancellation,6567
racket,6568
reap,6569
termination,6570
donkey,6571
trillion,6572
exacerbate,6573
sportsman,6574
subdue,6575
hectare,6576
lavish,6577
paperback,6578
syntactic,6579
liberalization,6580
propel,6581
millionaire,6582
insistence,6583
recess,6584
bolster,6585
communal,6586
anomaly,6587
visually,6588
bewilder,6589
reclaim,6590
gradient,6591
marvel,6592
irrational,6593
insecure,6594
interpersonal,6595
efficacy,6596
collaborative,6597
slender,6598
decorative,6599
disgrace,6600
tremendously,6601
atmospheric,6602
consultancy,6603
tactical,6604
incremental,6605
limestone,6606
disconnect,6607
bulletin,6608
necklace,6609
uniquely,6610
restless,6611
cradle,6612
advancement,6613
drastically,6614
peter,6615
affiliation,6616
grease,6617
pertain,6618
playwright,6619
projector,6620
solicit,6621
picturesque,6622
repeal,6623
proportional,6624
fluent,6625
prophet,6626
universally,6627
sufferer,6628
stipulate,6629
climber,6630
forgiveness,6631
adjoin,6632
breadth,6633
plateau,6634
awfully,6635
approximation,6636
amplify,6637
ineffective,6638
stink,6639
tub,6640
madam,6641
mattress,6642
setback,6643
mesh,6644
chuck,6645
beta,6646
reef,6647
navigation,6648
acceleration,6649
attacker,6650
incorporation,6651
deprivation,6652
drainage,6653
bipartisan,6654
pastor,6655
consciously,6656
repression,6657
recreational,6658
reminiscent,6659
internalize,6660
hose,6661
salvation,6662
seriousness,6663
borough,6664
suffice,6665
boxer,6666
condense,6667
seam,6668
bachelor,6669
advisable,6670
hawk,6671
admirable,6672
honeymoon,6673
affinity,6674
consortium,6675
viral,6676
sulfur,6677
faulty,6678
turtle,6679
dissident,6680
bacterial,6681
pamphlet,6682
intricate,6683
diffuse,6684
brokerage,6685
knowledgeable,6686
mend,6687
purity,6688
unsettle,6689
cockpit,6690
audition,6691
immature,6692
shutter,6693
crook,6694
amazingly,6695
vine,6696
capsule,6697
exquisite,6698
artillery,6699
intercourse,6700
battlefield,6701
reckless,6702
authorization,6703
sever,6704
diabetic,6705
hallway,6706
dean,6707
grieve,6708
oxide,6709
proprietary,6710
perennial,6711
uneven,6712
inflate,6713
chemotherapy,6714
inherently,6715
allegiance,6716
bookstore,6717
lateral,6718
vastly,6719
adaptive,6720
captive,6721
communicative,6722
battalion,6723
insecurity,6724
yearn,6725
negotiator,6726
friction,6727
cardiac,6728
waterfall,6729
info,6730
limp,6731
dietary,6732
inhibitor,6733
clarification,6734
howl,6735
fatty,6736
overt,6737
dice,6738
swimmer,6739
squat,6740
sophistication,6741
cafeteria,6742
zoom,6743
doorstep,6744
sidewalk,6745
introductory,6746
jeep,6747
hassle,6748
deduct,6749
utmost,6750
bitterness,6751
mast,6752
indispensable,6753
refreshment,6754
flake,6755
geometric,6756
commuter,6757
shred,6758
excel,6759
rake,6760
credential,6761
locker,6762
motel,6763
scrutinize,6764
binary,6765
gram,6766
bulge,6767
eruption,6768
professionally,6769
schizophrenia,6770
gloss,6771
stubborn,6772
careless,6773
portal,6774
esteem,6775
inscription,6776
mosaic,6777
transcend,6778
nude,6779
commercially,6780
occupant,6781
caucus,6782
weekday,6783
archbishop,6784
certification,6785
rout,6786
casually,6787
churn,6788
greedy,6789
blot,6790
hype,6791
slick,6792
deception,6793
beetle,6794
freelance,6795
underscore,6796
vomit,6797
dictatorship,6798
muscular,6799
localize,6800
relational,6801
fasten,6802
climax,6803
snail,6804
tolerant,6805
syndicate,6806
disapprove,6807
calmly,6808
eclipse,6809
optimize,6810
censorship,6811
multitude,6812
delta,6813
commend,6814
monumental,6815
password,6816
shrimp,6817
streamline,6818
crater,6819
insignificant,6820
greed,6821
irritation,6822
inexperience,6823
augment,6824
pharmacy,6825
desperation,6826
preoccupation,6827
lifelong,6828
progressively,6829
colon,6830
notation,6831
periodically,6832
infancy,6833
deterioration,6834
ware,6835
mitigate,6836
freezer,6837
downstream,6838
transitional,6839
violently,6840
rite,6841
humiliation,6842
monarchy,6843
thump,6844
acquaint,6845
mingle,6846
wisely,6847
influx,6848
chuckle,6849
coastline,6850
benign,6851
preface,6852
courier,6853
yarn,6854
strategist,6855
mortal,6856
vampire,6857
weld,6858
borrower,6859
testament,6860
fixture,6861
competitiveness,6862
workload,6863
canon,6864
accrue,6865
tentative,6866
boiler,6867
preschool,6868
mildly,6869
lumber,6870
dissertation,6871
grumble,6872
diarrhea,6873
paddle,6874
sequel,6875
wan,6876
politely,6877
homelessness,6878
relic,6879
nostalgia,6880
alleviate,6881
glossy,6882
enclosure,6883
fingerprint,6884
irrespective,6885
follicle,6886
anyhow,6887
covenant,6888
annuity,6889
rumble,6890
ulcer,6891
injunction,6892
comet,6893
obstruction,6894
dummy,6895
cautiously,6896
autograph,6897
purport,6898
inefficient,6899
catalyst,6900
hound,6901
genetics,6902
resonance,6903
compost,6904
crab,6905
salesperson,6906
constable,6907
gadget,6908
wavelength,6909
huddle,6910
flute,6911
magnet,6912
heroine,6913
disruptive,6914
tenor,6915
compass,6916
gigantic,6917
allergy,6918
martial,6919
attic,6920
unsure,6921
endowment,6922
bidder,6923
guitarist,6924
authenticity,6925
diffusion,6926
arthritis,6927
extraction,6928
forensic,6929
ivory,6930
baffle,6931
sideline,6932
youthful,6933
spokeswoman,6934
oppression,6935
bog,6936
ruthless,6937
tedious,6938
reflective,6939
idol,6940
tee,6941
ecosystem,6942
commonplace,6943
cortex,6944
modernization,6945
postwar,6946
brandy,6947
forefront,6948
nanny,6949
sewage,6950
orthodox,6951
prosper,6952
overhaul,6953
headmaster,6954
persuasion,6955
comrade,6956
fulfillment,6957
richness,6958
facet,6959
aggravate,6960
earring,6961
burger,6962
enrollment,6963
gulf,6964
persistence,6965
jockey,6966
unfinished,6967
relocation,6968
brood,6969
imbalance,6970
chiefly,6971
moist,6972
recite,6973
semester,6974
wrongly,6975
pence,6976
footage,6977
amenity,6978
abnormality,6979
precursor,6980
rash,6981
invert,6982
helper,6983
bleach,6984
personalize,6985
heck,6986
eradicate,6987
hourly,6988
fundamentalist,6989
caregiver,6990
lava,6991
fireman,6992
aquarium,6993
coarse,6994
pervasive,6995
specificity,6996
anthropology,6997
naughty,6998
competency,6999
underwrite,7000
locomotive,7001
atrocity,7002
binocular,7003
cloak,7004
shear,7005
ecology,7006
yen,7007
meditation,7008
cerebral,7009
grievance,7010
lexicon,7011
broadcaster,7012
discontent,7013
painfully,7014
obsolete,7015
rugged,7016
normative,7017
indicative,7018
unionist,7019
pier,7020
porter,7021
invalid,7022
plainly,7023
precipitate,7024
repetitive,7025
sweetheart,7026
nonprofit,7027
provisional,7028
pointless,7029
sect,7030
pinpoint,7031
retrospective,7032
shilling,7033
theorem,7034
unrealistic,7035
proficiency,7036
marsh,7037
roadside,7038
dynasty,7039
lightweight,7040
abstraction,7041
skinny,7042
prostate,7043
overload,7044
mole,7045
vapor,7046
globally,7047
imprint,7048
lush,7049
collide,7050
dope,7051
conquest,7052
neural,7053
trough,7054
squirrel,7055
sewer,7056
fore,7057
inter,7058
recreate,7059
reorganize,7060
mar,7061
hurl,7062
hiss,7063
pup,7064
sponge,7065
beverage,7066
emulate,7067
hierarchical,7068
plaza,7069
staffer,7070
phonological,7071
typewriter,7072
dorm,7073
hymn,7074
poultry,7075
irrigation,7076
anthropologist,7077
overflow,7078
purge,7079
beware,7080
wrench,7081
rhetorical,7082
prudent,7083
catastrophic,7084
gall,7085
herald,7086
teamwork,7087
squadron,7088
patriotic,7089
trot,7090
skim,7091
glacier,7092
continual,7093
gland,7094
handbook,7095
mustache,7096
dwindle,7097
pi,7098
bash,7099
excavate,7100
afflict,7101
abrupt,7102
sprout,7103
amino,7104
whine,7105
envoy,7106
auxiliary,7107
finalize,7108
nutritional,7109
shovel,7110
succumb,7111
anthrax,7112
pilgrim,7113
continuum,7114
detainee,7115
vocational,7116
mythology,7117
recede,7118
airfield,7119
canyon,7120
wield,7121
diner,7122
genus,7123
hugely,7124
coke,7125
pornography,7126
semiconductor,7127
immerse,7128
wink,7129
spinal,7130
crusade,7131
thwart,7132
discredit,7133
deforestation,7134
probation,7135
assassinate,7136
pact,7137
patio,7138
markedly,7139
angrily,7140
accession,7141
barrack,7142
pneumonia,7143
intern,7144
goddess,7145
assimilate,7146
yogurt,7147
bum,7148
turbulent,7149
infamous,7150
unravel,7151
ceremonial,7152
persona,7153
humorous,7154
linguist,7155
betrayal,7156
solvent,7157
hitch,7158
emigrate,7159
awhile,7160
slippery,7161
volleyball,7162
crouch,7163
rubble,7164
hilarious,7165
yeast,7166
protagonist,7167
attributable,7168
penis,7169
lettuce,7170
harass,7171
dodge,7172
confide,7173
nap,7174
intellect,7175
conveniently,7176
humidity,7177
privatize,7178
conjure,7179
gunman,7180
retrospect,7181
fortress,7182
rainbow,7183
ref,7184
usefulness,7185
flex,7186
cartridge,7187
innate,7188
unleash,7189
showcase,7190
cocoa,7191
impetus,7192
relentless,7193
geological,7194
metabolism,7195
heed,7196
lest,7197
sinister,7198
uprise,7199
thankfully,7200
ubiquitous,7201
determinant,7202
pellet,7203
patronage,7204
doubtless,7205
attest,7206
sociologist,7207
loaf,7208
farmhouse,7209
customize,7210
symphony,7211
pathology,7212
jeopardize,7213
gem,7214
filthy,7215
pilgrimage,7216
bibliography,7217
penguin,7218
topple,7219
peril,7220
hygiene,7221
pharmacist,7222
adventurous,7223
buffalo,7224
charcoal,7225
mercury,7226
lobbyist,7227
ashore,7228
allude,7229
footprint,7230
abolition,7231
preventive,7232
buckle,7233
petroleum,7234
liar,7235
tally,7236
artwork,7237
watcher,7238
entice,7239
shudder,7240
bra,7241
hastily,7242
unreliable,7243
sturdy,7244
finely,7245
sleepy,7246
newborn,7247
etch,7248
rearrange,7249
warmly,7250
kin,7251
repayment,7252
mathematician,7253
snapshot,7254
compilation,7255
witty,7256
cloudy,7257
camel,7258
investigative,7259
bovine,7260
marshal,7261
ordeal,7262
spa,7263
pundit,7264
arithmetic,7265
conspicuous,7266
longitudinal,7267
crossroad,7268
methodological,7269
unanimous,7270
duct,7271
fuzzy,7272
lesion,7273
construe,7274
pore,7275
renovation,7276
renewable,7277
indefinitely,7278
malaria,7279
enlightenment,7280
intuitive,7281
authoritative,7282
mundane,7283
sling,7284
vineyard,7285
flop,7286
inconsistency,7287
versatile,7288
graceful,7289
shaky,7290
touchdown,7291
bailout,7292
bureaucrat,7293
hasten,7294
franc,7295
liner,7296
unmarried,7297
resonate,7298
expend,7299
defiance,7300
contentious,7301
empathy,7302
lighten,7303
cannon,7304
brink,7305
cliché,7306
unofficial,7307
cleavage,7308
rust,7309
sprint,7310
trout,7311
replica,7312
improvise,7313
vibration,7314
maternity,7315
dusk,7316
procurement,7317
lust,7318
hepatitis,7319
starvation,7320
astound,7321
infinitely,7322
sociological,7323
jersey,7324
moth,7325
transcribe,7326
homosexuality,7327
bracelet,7328
barge,7329
zinc,7330
proprietor,7331
siren,7332
durable,7333
extinct,7334
brilliantly,7335
corpse,7336
calculus,7337
ordinarily,7338
resilience,7339
glamor,7340
predicate,7341
drunken,7342
respectful,7343
firefighter,7344
authoritarian,7345
suppression,7346
coronary,7347
disbelief,7348
paramount,7349
myriad,7350
rebate,7351
speedy,7352
distrust,7353
seduce,7354
patriotism,7355
confound,7356
tanker,7357
latitude,7358
depot,7359
folly,7360
trump,7361
amnesty,7362
thereof,7363
ore,7364
vividly,7365
decidedly,7366
chilly,7367
wizard,7368
improper,7369
pollen,7370
examiner,7371
famously,7372
collateral,7373
presumption,7374
clump,7375
lobster,7376
salvage,7377
plank,7378
jolly,7379
loft,7380
intrusion,7381
arrogance,7382
juror,7383
lengthen,7384
boredom,7385
incompatible,7386
diver,7387
implicitly,7388
ridicule,7389
pod,7390
swan,7391
feminism,7392
elegance,7393
entertainer,7394
dangle,7395
muster,7396
perimeter,7397
nasal,7398
rouse,7399
coherence,7400
pastoral,7401
atop,7402
hectic,7403
courageous,7404
peacefully,7405
unilateral,7406
tablespoon,7407
peach,7408
liquidity,7409
deterrent,7410
materialize,7411
covert,7412
shotgun,7413
wetland,7414
optimum,7415
bandage,7416
dole,7417
portrayal,7418
mainframe,7419
foe,7420
inconvenient,7421
akin,7422
disseminate,7423
clerical,7424
waive,7425
specialization,7426
transient,7427
refinement,7428
clothe,7429
horrific,7430
debtor,7431
clog,7432
workout,7433
logically,7434
memorize,7435
rhythmic,7436
symmetry,7437
initiation,7438
fortify,7439
nylon,7440
swarm,7441
avoidance,7442
mileage,7443
dangerously,7444
boulder,7445
grower,7446
additive,7447
conglomerate,7448
novice,7449
loathe,7450
spermatozoon,7451
motorist,7452
falter,7453
pastry,7454
stature,7455
sensory,7456
craftsman,7457
berry,7458
imposition,7459
emanate,7460
admirer,7461
frantic,7462
utilization,7463
uphill,7464
melancholy,7465
insulate,7466
striker,7467
fluorescent,7468
oppress,7469
cant,7470
vaccination,7471
ice-cream,7472
flirt,7473
sculptor,7474
bipolar,7475
eligibility,7476
homeowner,7477
perpetuate,7478
phenomenal,7479
razor,7480
intentionally,7481
presenter,7482
apprehension,7483
monarch,7484
reinforcement,7485
abound,7486
engrave,7487
downside,7488
nudge,7489
salient,7490
breathtaking,7491
verification,7492
dude,7493
ascent,7494
placebo,7495
evacuation,7496
grapple,7497
inset,7498
designation,7499
inflammation,7500
reappear,7501
lordship,7502
analogous,7503
oyster,7504
indict,7505
fret,7506
cutter,7507
addictive,7508
vitality,7509
irresistible,7510
prep,7511
wicket,7512
conservatism,7513
paranoid,7514
gin,7515
housework,7516
drummer,7517
oust,7518
intellectually,7519
challenger,7520
martyr,7521
subside,7522
predictor,7523
perpetual,7524
unpublished,7525
defective,7526
flyer,7527
mastery,7528
synthesize,7529
overshadow,7530
visionary,7531
plumb,7532
unpaid,7533
frontal,7534
tornado,7535
demo,7536
volatility,7537
remotely,7538
foliage,7539
bedside,7540
haircut,7541
reassurance,7542
behold,7543
fascist,7544
stew,7545
kite,7546
jargon,7547
ghetto,7548
honorary,7549
consolation,7550
agitate,7551
impend,7552
grit,7553
arsenal,7554
nightlife,7555
legion,7556
gag,7557
itch,7558
patronize,7559
parrot,7560
cosmic,7561
forego,7562
unused,7563
frail,7564
wane,7565
stigma,7566
substrate,7567
acquit,7568
experimentation,7569
ministerial,7570
repress,7571
ramble,7572
endow,7573
unbearable,7574
bumper,7575
consequent,7576
exhaustion,7577
clutter,7578
clumsy,7579
fiery,7580
dizzy,7581
contextual,7582
cobble,7583
unanimously,7584
reactive,7585
firearm,7586
bunk,7587
formality,7588
incompetent,7589
prospectus,7590
maze,7591
precinct,7592
censor,7593
humid,7594
fragmentation,7595
motto,7596
communion,7597
soundtrack,7598
scorn,7599
willingly,7600
charismatic,7601
detrimental,7602
statesman,7603
prune,7604
tonic,7605
wallpaper,7606
spacecraft,7607
pear,7608
adorn,7609
orchard,7610
attainment,7611
checkpoint,7612
submerge,7613
tuna,7614
dysfunction,7615
confidentiality,7616
mantle,7617
entrepreneurship,7618
estuary,7619
encyclopedia,7620
manor,7621
jade,7622
perk,7623
recurrent,7624
antiquity,7625
numb,7626
superstar,7627
spec,7628
deregulation,7629
ballad,7630
quilt,7631
blister,7632
surveyor,7633
unsuitable,7634
polymer,7635
blastocyst,7636
wretch,7637
retiree,7638
undecided,7639
disposable,7640
extravagant,7641
industrialization,7642
agreeable,7643
insurgency,7644
dismal,7645
candidacy,7646
favorably,7647
bugger,7648
retrieval,7649
pessimistic,7650
rejoice,7651
es,7652
judiciary,7653
untouched,7654
lineage,7655
whereabouts,7656
longevity,7657
shampoo,7658
rationality,7659
worthless,7660
regularity,7661
advantageous,7662
plump,7663
fray,7664
hijack,7665
aspirin,7666
exceedingly,7667
waiver,7668
rainforest,7669
upstream,7670
wail,7671
hamster,7672
uplift,7673
enchant,7674
unnatural,7675
rogue,7676
intestine,7677
curry,7678
centrally,7679
cavalry,7680
attentive,7681
stringent,7682
guru,7683
slit,7684
finale,7685
censure,7686
avail,7687
merry,7688
grunt,7689
geology,7690
validation,7691
outspoken,7692
petal,7693
unresolved,7694
poker,7695
remake,7696
detachment,7697
backlash,7698
sitcom,7699
pertinent,7700
guinea,7701
housekeeper,7702
discretionary,7703
marginally,7704
displacement,7705
impede,7706
nag,7707
mural,7708
spear,7709
tar,7710
computational,7711
evade,7712
blueprint,7713
backbone,7714
bland,7715
hem,7716
spontaneously,7717
exposition,7718
mustard,7719
brisk,7720
pastel,7721
brighten,7722
departmental,7723
taxable,7724
insulation,7725
toxin,7726
polarize,7727
adversary,7728
identifiable,7729
impoverish,7730
footpath,7731
obligatory,7732
alphabet,7733
federation,7734
endurance,7735
gracious,7736
abusive,7737
psychic,7738
mow,7739
flutter,7740
thaw,7741
loyalist,7742
riddle,7743
carpenter,7744
depressive,7745
traverse,7746
suitably,7747
vodka,7748
ovary,7749
parody,7750
strangle,7751
tuberculosis,7752
infantry,7753
disapproval,7754
vicar,7755
township,7756
macro,7757
hairdresser,7758
cabbage,7759
skier,7760
bestow,7761
hacker,7762
instill,7763
adversely,7764
bluff,7765
misfortune,7766
excise,7767
notch,7768
optic,7769
birthplace,7770
wig,7771
boutique,7772
contractual,7773
lousy,7774
spindle,7775
societal,7776
surname,7777
troublesome,7778
subtract,7779
gangster,7780
dune,7781
drinker,7782
hysterical,7783
checklist,7784
sympathize,7785
necessitate,7786
ape,7787
scissors,7788
boomer,7789
apron,7790
ostensibly,7791
telly,7792
unidentified,7793
barley,7794
mumble,7795
rigor,7796
dough,7797
explanatory,7798
unsafe,7799
lipstick,7800
anxiously,7801
accessibility,7802
maize,7803
notoriously,7804
mediator,7805
sandal,7806
greatness,7807
refurbish,7808
adversity,7809
banish,7810
analytic,7811
ordain,7812
reaffirm,7813
unavailable,7814
sunglasses,7815
pivotal,7816
outnumber,7817
ambush,7818
sterile,7819
funnel,7820
solemn,7821
kernel,7822
graft,7823
nip,7824
bungalow,7825
slowdown,7826
growl,7827
grenade,7828
spokesperson,7829
banquet,7830
taint,7831
platinum,7832
robber,7833
childish,7834
footballer,7835
gutter,7836
manpower,7837
fumble,7838
unseen,7839
wade,7840
dent,7841
cot,7842
mop,7843
fanatic,7844
bristle,7845
watercolor,7846
burglar,7847
allergic,7848
dunno,7849
arbitration,7850
televise,7851
rodent,7852
overhear,7853
impart,7854
centimeter,7855
peek,7856
tidal,7857
lame,7858
nervously,7859
slang,7860
stint,7861
crate,7862
latent,7863
conversational,7864
stronghold,7865
exporter,7866
pointer,7867
deplete,7868
patiently,7869
institutionalize,7870
purify,7871
caveat,7872
lizard,7873
pulpit,7874
understandably,7875
hefty,7876
curly,7877
degenerate,7878
heavyweight,7879
culprit,7880
collaborator,7881
electronically,7882
workman,7883
pretense,7884
intimately,7885
vigor,7886
swoop,7887
patriot,7888
constellation,7889
skew,7890
switchboard,7891
snag,7892
neutralize,7893
incidental,7894
taboo,7895
entrench,7896
porn,7897
erotic,7898
phosphate,7899
hunch,7900
metabolic,7901
writ,7902
physiology,7903
pleasantly,7904
wither,7905
involuntary,7906
ginger,7907
unimportant,7908
sustainability,7909
ferret,7910
pursuant,7911
mash,7912
scenic,7913
infuriate,7914
woo,7915
undesirable,7916
condemnation,7917
coconut,7918
restart,7919
crackdown,7920
deduce,7921
metro,7922
rejoin,7923
tramp,7924
metallic,7925
scaffold,7926
picket,7927
socioeconomic,7928
caretaker,7929
cuff,7930
elastic,7931
unnecessarily,7932
reflex,7933
fruitful,7934
annoyance,7935
discreet,7936
better,7937
strategically,7938
disparate,7939
convent,7940
therein,7941
sleek,7942
curtail,7943
turbulence,7944
champ,7945
persecution,7946
intermediary,7947
negligible,7948
amidst,7949
unlucky,7950
warden,7951
burrow,7952
inscribe,7953
rationalize,7954
midwife,7955
driveway,7956
brewery,7957
disciple,7958
spore,7959
municipality,7960
reinvent,7961
brightness,7962
antigen,7963
jug,7964
prairie,7965
flurry,7966
bourgeois,7967
skillful,7968
hush,7969
psychologically,7970
jolt,7971
shrewd,7972
marketer,7973
teddy,7974
woe,7975
spicy,7976
anti,7977
ventilation,7978
scribble,7979
sparse,7980
bakery,7981
relinquish,7982
depiction,7983
pixel,7984
sift,7985
converse,7986
payoff,7987
conjecture,7988
downwards,7989
misconduct,7990
chaplain,7991
automotive,7992
silhouette,7993
cynicism,7994
recourse,7995
ale,7996
homage,7997
bunker,7998
clad,7999
cardiovascular,8000
hoop,8001
tutorial,8002
multilateral,8003
ail,8004
rum,8005
quartet,8006
aura,8007
posh,8008
functionality,8009
entrust,8010
locus,8011
shortfall,8012
apartheid,8013
uniformly,8014
prophecy,8015
prerequisite,8016
perpetrator,8017
handkerchief,8018
anthem,8019
motorbike,8020
billboard,8021
taunt,8022
morphology,8023
spirituality,8024
homicide,8025
warp,8026
activism,8027
neutron,8028
moderation,8029
compatibility,8030
pigment,8031
hog,8032
disarm,8033
pulmonary,8034
manure,8035
buff,8036
idiom,8037
prehistoric,8038
savor,8039
decor,8040
cleric,8041
triumphant,8042
scarlet,8043
radiator,8044
dissolution,8045
cosmopolitan,8046
engender,8047
gallop,8048
yoga,8049
creek,8050
incense,8051
ascribe,8052
vengeance,8053
formative,8054
subgroup,8055
interchange,8056
crank,8057
thrash,8058
roundabout,8059
postgraduate,8060
simplistic,8061
muddle,8062
primate,8063
erratic,8064
lunar,8065
prod,8066
reunite,8067
caffeine,8068
outdate,8069
gladly,8070
vie,8071
manifesto,8072
cardinal,8073
intentional,8074
retort,8075
hostess,8076
grove,8077
generously,8078
rectangular,8079
livelihood,8080
cognition,8081
libertarian,8082
blackmail,8083
rampant,8084
knob,8085
nestle,8086
rupture,8087
inverse,8088
paw,8089
contrive,8090
policymaker,8091
thirst,8092
sandstone,8093
leukemia,8094
outburst,8095
heterosexual,8096
unavoidable,8097
magnify,8098
needy,8099
rivet,8100
assassin,8101
mystical,8102
discontinue,8103
stylistic,8104
vibe,8105
gratify,8106
retaliation,8107
opener,8108
confidently,8109
gorge,8110
furnace,8111
practicality,8112
captivity,8113
brutality,8114
sag,8115
pickle,8116
abandonment,8117
briefcase,8118
roommate,8119
shriek,8120
hallmark,8121
ravage,8122
poisonous,8123
fishery,8124
entrant,8125
normalize,8126
bloc,8127
nightly,8128
hamlet,8129
conceivable,8130
abbey,8131
earmark,8132
recurrence,8133
alpha,8134
endlessly,8135
ludicrous,8136
richly,8137
reciprocal,8138
barb,8139
surrogate,8140
unto,8141
fascism,8142
solitude,8143
subtitle,8144
regimen,8145
devour,8146
passionately,8147
contraceptive,8148
somber,8149
predominant,8150
unequal,8151
perish,8152
overwork,8153
prolific,8154
womb,8155
mellow,8156
unnoticed,8157
turnaround,8158
imperfect,8159
marrow,8160
abdominal,8161
humility,8162
flux,8163
biopsy,8164
campaigner,8165
microscopic,8166
halve,8167
radiate,8168
amp,8169
dissect,8170
carnival,8171
parity,8172
supernatural,8173
agonize,8174
rectify,8175
daft,8176
subsection,8177
commencement,8178
robotic,8179
reshape,8180
instinctively,8181
incubate,8182
suitability,8183
violet,8184
propagate,8185
delicacy,8186
slant,8187
prostitution,8188
deity,8189
kitten,8190
beggar,8191
duke,8192
orchestrate,8193
futile,8194
enrichment,8195
periodical,8196
sensational,8197
fraudulent,8198
forage,8199
amazement,8200
conspire,8201
obstruct,8202
arcade,8203
tinker,8204
retard,8205
prominently,8206
ting,8207
kiosk,8208
vanity,8209
havoc,8210
reset,8211
lowland,8212
saloon,8213
cam,8214
exaggeration,8215
ratification,8216
sage,8217
slug,8218
delinquent,8219
symbolism,8220
tempo,8221
sod,8222
decode,8223
faintly,8224
unpack,8225
asteroid,8226
ooh,8227
decentralize,8228
alcoholism,8229
measurable,8230
feasibility,8231
enthusiastically,8232
satire,8233
oppressive,8234
instructional,8235
suicidal,8236
intrude,8237
saga,8238
devastation,8239
barrage,8240
wreckage,8241
secretion,8242
separatist,8243
devoid,8244
periphery,8245
juggle,8246
friendliness,8247
reed,8248
apparel,8249
chestnut,8250
layoff,8251
textual,8252
mule,8253
phonetic,8254
eternity,8255
powerless,8256
diocese,8257
unauthorize,8258
adventurer,8259
fugitive,8260
blockade,8261
regeneration,8262
haze,8263
sabotage,8264
potassium,8265
reinstate,8266
registry,8267
fend,8268
skeptic,8269
paraphrase,8270
penalize,8271
moonlight,8272
untrue,8273
pulp,8274
almond,8275
skipper,8276
tom,8277
empowerment,8278
pollutant,8279
inaugural,8280
whirl,8281
irregularity,8282
humane,8283
illicit,8284
podium,8285
loudspeaker,8286
berth,8287
thicken,8288
cunning,8289
conformity,8290
homogeneous,8291
theologian,8292
hideous,8293
modernity,8294
compassionate,8295
cheaply,8296
graphical,8297
hypothesize,8298
burner,8299
stat,8300
experimenter,8301
slipper,8302
pajamas,8303
wrath,8304
interrogate,8305
maiden,8306
plentiful,8307
adjourn,8308
antenna,8309
upheaval,8310
energize,8311
visibly,8312
standardization,8313
biotechnology,8314
bile,8315
hypocrisy,8316
treasurer,8317
unforgettable,8318
deflect,8319
expanse,8320
mammalian,8321
boo,8322
equitable,8323
ingenious,8324
recapture,8325
astonishment,8326
magician,8327
photocopier,8328
nostalgic,8329
palette,8330
blunder,8331
rant,8332
geologist,8333
agitation,8334
imperialism,8335
apprenticeship,8336
chic,8337
superstore,8338
allot,8339
sectarian,8340
profess,8341
obsessive,8342
primer,8343
chronological,8344
sic,8345
diagonal,8346
spaghetti,8347
whack,8348
overdue,8349
rectangle,8350
inadequacy,8351
precipitation,8352
hoard,8353
bodyguard,8354
rosy,8355
indefinite,8356
suspense,8357
inflammatory,8358
pitfall,8359
rapper,8360
manageable,8361
inadvertently,8362
seep,8363
arousal,8364
nil,8365
guise,8366
treatise,8367
graveyard,8368
alga,8369
eminent,8370
downright,8371
ignite,8372
eloquent,8373
biographer,8374
eerie,8375
mama,8376
sauna,8377
connotation,8378
stoop,8379
poach,8380
diversification,8381
itinerary,8382
forceful,8383
influenza,8384
craze,8385
moderator,8386
platelet,8387
mobilization,8388
deletion,8389
downsize,8390
predictive,8391
manually,8392
familial,8393
renounce,8394
disintegrate,8395
duo,8396
whoop,8397
hippie,8398
distill,8399
popcorn,8400
protector,8401
pagan,8402
estrogen,8403
postage,8404
contestant,8405
latch,8406
permissible,8407
bellow,8408
foreseeable,8409
seminal,8410
unjust,8411
requisite,8412
hustle,8413
ailment,8414
exhaustive,8415
opaque,8416
forestry,8417
twig,8418
pebble,8419
hindsight,8420
vinegar,8421
libel,8422
unthinkable,8423
shabby,8424
shopkeeper,8425
orphanage,8426
mediation,8427
concur,8428
engulf,8429
puncture,8430
foreground,8431
dignify,8432
intolerable,8433
twitch,8434
cheerfully,8435
marina,8436
amplitude,8437
revolutionize,8438
shimmer,8439
simmer,8440
literate,8441
formalize,8442
rookie,8443
revere,8444
supersede,8445
vantage,8446
realist,8447
conclusive,8448
hull,8449
scalp,8450
disdain,8451
pumpkin,8452
iceberg,8453
pricey,8454
proton,8455
electrode,8456
outreach,8457
motherhood,8458
darn,8459
dysfunctional,8460
caricature,8461
vortex,8462
cohesion,8463
parole,8464
torrent,8465
extinguish,8466
clergyman,8467
interstate,8468
unification,8469
proactive,8470
cubic,8471
festivity,8472
butler,8473
plum,8474
heavenly,8475
pancake,8476
dishonest,8477
inception,8478
exemplar,8479
automation,8480
baker,8481
cracker,8482
burglary,8483
excessively,8484
stormy,8485
sneaker,8486
whisk,8487
transmitter,8488
centerpiece,8489
sincerity,8490
noteworthy,8491
shroud,8492
unaffected,8493
backpack,8494
traitor,8495
budgetary,8496
flea,8497
immoral,8498
geographically,8499
ovarian,8500
hypertension,8501
laden,8502
feeder,8503
expansive,8504
intruder,8505
perverse,8506
ominous,8507
camouflage,8508
resilient,8509
sophomore,8510
obedience,8511
enlargement,8512
soybean,8513
jumble,8514
populist,8515
insofar,8516
infusion,8517
fingertip,8518
notification,8519
annum,8520
concise,8521
broadband,8522
remodel,8523
mince,8524
genital,8525
lofty,8526
dearly,8527
statewide,8528
veterinary,8529
disillusion,8530
courthouse,8531
impersonal,8532
coroner,8533
greasy,8534
lagoon,8535
rusty,8536
clout,8537
informational,8538
mutant,8539
farmland,8540
taper,8541
crease,8542
intersect,8543
peat,8544
scorer,8545
overstate,8546
mahogany,8547
stationery,8548
postulate,8549
splinter,8550
sane,8551
predicament,8552
anthology,8553
jag,8554
barren,8555
professionalism,8556
cork,8557
unconditional,8558
lurch,8559
replication,8560
sap,8561
configure,8562
hue,8563
tickle,8564
oblivious,8565
meager,8566
acknowledgment,8567
seedling,8568
oat,8569
plutonium,8570
pastime,8571
redress,8572
tenet,8573
vertically,8574
vibrate,8575
satin,8576
porcelain,8577
reliably,8578
chancellor,8579
unconstitutional,8580
nickel,8581
blackout,8582
dispel,8583
tweak,8584
refinery,8585
covet,8586
screenplay,8587
modal,8588
gastric,8589
sneeze,8590
complexion,8591
shun,8592
infiltrate,8593
poignant,8594
unfairly,8595
songwriter,8596
momentarily,8597
accompaniment,8598
booster,8599
denomination,8600
twilight,8601
navigator,8602
exhilarate,8603
confinement,8604
stout,8605
posit,8606
undeniable,8607
grudge,8608
blindness,8609
incompetence,8610
methane,8611
artificially,8612
hone,8613
incorrectly,8614
poppy,8615
ambivalent,8616
dike,8617
toxicity,8618
concurrent,8619
chime,8620
aristocratic,8621
snarl,8622
automaker,8623
tentatively,8624
checker,8625
planetary,8626
err,8627
crocodile,8628
granddaughter,8629
colonize,8630
synonymous,8631
peck,8632
hereafter,8633
naught,8634
furiously,8635
ecstasy,8636
unwelcome,8637
clinician,8638
festive,8639
stamina,8640
assortment,8641
subdivision,8642
clasp,8643
quiver,8644
savior,8645
napkin,8646
innovate,8647
telecom,8648
straddle,8649
tacit,8650
annualize,8651
incubation,8652
demolition,8653
repository,8654
scour,8655
subtlety,8656
leisurely,8657
playful,8658
bible,8659
horrendous,8660
bun,8661
warhead,8662
burgeon,8663
flora,8664
maritime,8665
adamant,8666
hare,8667
stale,8668
li,8669
resurrection,8670
preferential,8671
relegate,8672
ranger,8673
angular,8674
refute,8675
hoist,8676
horribly,8677
tenderness,8678
astronomical,8679
whim,8680
modestly,8681
alumnus,8682
holistic,8683
modular,8684
spade,8685
infinity,8686
waterproof,8687
harp,8688
permeate,8689
nitrate,8690
lobe,8691
blatant,8692
unlawful,8693
repercussion,8694
obscene,8695
envelop,8696
walnut,8697
mania,8698
enclave,8699
marginalize,8700
undue,8701
alienation,8702
undercut,8703
rustle,8704
pavilion,8705
tapestry,8706
clinch,8707
waterway,8708
ornate,8709
abbreviation,8710
disqualify,8711
stockpile,8712
proficient,8713
gratefully,8714
lavatory,8715
antidepressant,8716
insensitive,8717
supplemental,8718
hopelessly,8719
helm,8720
fro,8721
revoke,8722
outpatient,8723
ox,8724
integer,8725
nourish,8726
liken,8727
audible,8728
thug,8729
unreal,8730
rebuke,8731
elude,8732
pivot,8733
airborne,8734
deport,8735
teaspoon,8736
waterfront,8737
bamboo,8738
silicon,8739
ledge,8740
veer,8741
responsiveness,8742
pediatric,8743
boar,8744
unspecified,8745
beckon,8746
detergent,8747
scam,8748
eyelid,8749
revel,8750
miraculous,8751
delve,8752
psyche,8753
reschedule,8754
indignation,8755
fraternity,8756
obese,8757
midway,8758
herbal,8759
obligate,8760
luncheon,8761
realistically,8762
fleece,8763
commando,8764
brim,8765
bereave,8766
individuality,8767
expressly,8768
fern,8769
backstage,8770
unconventional,8771
caddie,8772
lineup,8773
offerer,8774
foreman,8775
affidavit,8776
paramilitary,8777
fraught,8778
digestion,8779
overrun,8780
fauna,8781
intrusive,8782
unhappiness,8783
nobility,8784
paycheck,8785
startup,8786
corrective,8787
kilo,8788
brag,8789
schoolboy,8790
lily,8791
precarious,8792
showroom,8793
shady,8794
dampen,8795
slay,8796
antisocial,8797
adjustable,8798
guidebook,8799
ramification,8800
biographical,8801
illumination,8802
tandem,8803
impatience,8804
invasive,8805
coercion,8806
mony,8807
signpost,8808
synchronize,8809
toil,8810
disorganize,8811
affectionate,8812
wrought,8813
snort,8814
unearth,8815
powerfully,8816
bearer,8817
acutely,8818
telegraph,8819
unmistakable,8820
ethos,8821
lattice,8822
throng,8823
thoughtfully,8824
floral,8825
subpoena,8826
bulky,8827
unfavorable,8828
murky,8829
misconception,8830
hairy,8831
accelerator,8832
savvy,8833
weakly,8834
quaint,8835
expulsion,8836
babe,8837
allotment,8838
legalize,8839
aquatic,8840
amass,8841
rabbi,8842
assemblage,8843
prematurely,8844
inflection,8845
auditorium,8846
infinitive,8847
angler,8848
escalation,8849
procure,8850
bombard,8851
hardy,8852
funky,8853
suggestive,8854
pathologist,8855
gull,8856
bowler,8857
espouse,8858
mink,8859
coli,8860
rocker,8861
feeble,8862
badger,8863
hearty,8864
deceptive,8865
eel,8866
symposium,8867
junkie,8868
gilt,8869
hitter,8870
southeastern,8871
vulgar,8872
elongate,8873
inversion,8874
obliterate,8875
flounder,8876
fable,8877
scripture,8878
loophole,8879
maple,8880
feud,8881
runaway,8882
supremacy,8883
avid,8884
surfer,8885
homemade,8886
thinly,8887
revitalize,8888
grandeur,8889
chlorine,8890
articulation,8891
protract,8892
attribution,8893
conditioner,8894
cape,8895
roster,8896
vernacular,8897
dissipate,8898
carton,8899
sequential,8900
goody,8901
depreciation,8902
wont,8903
asymmetry,8904
stratum,8905
felony,8906
subunit,8907
condensation,8908
denominator,8909
willow,8910
subsistence,8911
mischief,8912
soy,8913
horseback,8914
unanswered,8915
improbable,8916
muck,8917
pun,8918
intestinal,8919
adherence,8920
pollster,8921
unmarked,8922
captivate,8923
creamy,8924
brilliance,8925
ledger,8926
monstrous,8927
allure,8928
fragrance,8929
stately,8930
grassland,8931
defiant,8932
cuddle,8933
schoolchild,8934
cartel,8935
truthful,8936
booze,8937
watchdog,8938
theorize,8939
polo,8940
embroider,8941
scant,8942
throttle,8943
seeker,8944
backer,8945
clench,8946
overdose,8947
strut,8948
gale,8949
socialization,8950
contraception,8951
conducive,8952
relapse,8953
handcuff,8954
deplore,8955
infrared,8956
indie,8957
handler,8958
tart,8959
elapse,8960
timid,8961
harmonic,8962
fresco,8963
reptile,8964
sizeable,8965
illegitimate,8966
southwestern,8967
debit,8968
donut,8969
punctuate,8970
abort,8971
brook,8972
thunderstorm,8973
emblem,8974
propensity,8975
knowingly,8976
disproportionate,8977
hospitalize,8978
chronology,8979
putt,8980
squeak,8981
haste,8982
sneer,8983
radiant,8984
lunatic,8985
overlay,8986
malicious,8987
subtly,8988
satisfactorily,8989
assay,8990
anesthetic,8991
aristocracy,8992
queer,8993
grotesque,8994
overpower,8995
syrup,8996
secrete,8997
remembrance,8998
glean,8999
shadowy,9000
prick,9001
flair,9002
stockholder,9003
chloride,9004
knuckle,9005
annex,9006
peep,9007
neutrality,9008
journalistic,9009
plume,9010
candid,9011
semi,9012
caterpillar,9013
sociable,9014
pristine,9015
someplace,9016
innovator,9017
newsroom,9018
alight,9019
battleground,9020
arse,9021
icing,9022
lull,9023
ultrasound,9024
remorse,9025
affective,9026
jeopardy,9027
adultery,9028
frantically,9029
gape,9030
spectral,9031
uptake,9032
reimburse,9033
sluggish,9034
fright,9035
splendor,9036
scientifically,9037
eclectic,9038
breeder,9039
lager,9040
skyscraper,9041
sucker,9042
potency,9043
noodle,9044
densely,9045
hesitant,9046
uniformity,9047
blockbuster,9048
foray,9049
meticulous,9050
mountainous,9051
specter,9052
stiffen,9053
industrialist,9054
cervical,9055
decency,9056
lovingly,9057
tyranny,9058
hearth,9059
entirety,9060
treacherous,9061
wherein,9062
broom,9063
rift,9064
closeness,9065
nostril,9066
espionage,9067
charisma,9068
minibus,9069
serviceman,9070
lighthouse,9071
retina,9072
expatriate,9073
tranquility,9074
rue,9075
coax,9076
unsuccessfully,9077
boldly,9078
unduly,9079
sunrise,9080
optimization,9081
reuse,9082
punitive,9083
vocation,9084
dormant,9085
compulsion,9086
readership,9087
confiscate,9088
downfall,9089
varnish,9090
dissemination,9091
breathless,9092
furrow,9093
carcass,9094
fixation,9095
herring,9096
scold,9097
northward,9098
nausea,9099
relentlessly,9100
unfriendly,9101
aroma,9102
skyline,9103
cod,9104
creed,9105
tranquil,9106
shorthand,9107
fidelity,9108
derelict,9109
skeletal,9110
diaper,9111
timeless,9112
mover,9113
nipple,9114
waver,9115
objectivity,9116
grassroot,9117
mistaken,9118
volley,9119
idiosyncratic,9120
variously,9121
header,9122
cider,9123
remit,9124
ebb,9125
ballroom,9126
borderline,9127
bonfire,9128
unison,9129
chili,9130
fabricate,9131
counteract,9132
conduit,9133
char,9134
skid,9135
superstition,9136
bedtime,9137
inaugurate,9138
highland,9139
conscientious,9140
gravy,9141
sicken,9142
innumerable,9143
connector,9144
promenade,9145
mediocre,9146
unrestricted,9147
headphone,9148
sushi,9149
creak,9150
strikingly,9151
impossibility,9152
aggregation,9153
refill,9154
mistrust,9155
synagogue,9156
thematic,9157
lotion,9158
bookseller,9159
zeal,9160
thirsty,9161
increment,9162
ceasefire,9163
garner,9164
correctness,9165
usable,9166
deficient,9167
intangible,9168
predictably,9169
millimeter,9170
malignant,9171
repute,9172
xi,9173
smother,9174
baron,9175
resurgence,9176
lifeboat,9177
makeshift,9178
vinyl,9179
perplex,9180
precedence,9181
priceless,9182
fir,9183
macho,9184
freeway,9185
incarnation,9186
sherry,9187
pathological,9188
adept,9189
monograph,9190
elasticity,9191
negate,9192
windsurf,9193
paradoxically,9194
bandwidth,9195
resumption,9196
segmentation,9197
terrestrial,9198
rancher,9199
overdo,9200
carp,9201
freshwater,9202
untidy,9203
alloy,9204
sporadic,9205
westward,9206
onward,9207
ornamental,9208
dichotomy,9209
disconcert,9210
gamma,9211
cholera,9212
illiterate,9213
multicultural,9214
din,9215
exponential,9216
filler,9217
heartbeat,9218
hoof,9219
remission,9220
caste,9221
obituary,9222
instructive,9223
accentuate,9224
ploy,9225
gentry,9226
hysteria,9227
umpire,9228
pedigree,9229
tint,9230
pathogen,9231
superpower,9232
hump,9233
transistor,9234
crackle,9235
truce,9236
gee,9237
leftover,9238
morphological,9239
intimidation,9240
invader,9241
cull,9242
clamor,9243
ingenuity,9244
moss,9245
ecclesiastical,9246
detour,9247
creepy,9248
intertwine,9249
handgun,9250
inflame,9251
horde,9252
dilution,9253
paternal,9254
fad,9255
squarely,9256
insanity,9257
inefficiency,9258
throb,9259
grope,9260
selectively,9261
tummy,9262
sensibly,9263
null,9264
ambivalence,9265
maltreatment,9266
barricade,9267
saline,9268
pronouncement,9269
forcefully,9270
countryman,9271
whore,9272
wean,9273
baptism,9274
corollary,9275
infringement,9276
clinically,9277
conservatory,9278
corporal,9279
upturn,9280
errand,9281
impartial,9282
brittle,9283
rapport,9284
bonnet,9285
delineate,9286
galvanize,9287
trooper,9288
syringe,9289
fluency,9290
traction,9291
counterfeit,9292
upland,9293
immaculate,9294
canvass,9295
jut,9296
incomprehensible,9297
eject,9298
brute,9299
diminutive,9300
scribe,9301
drone,9302
anonymity,9303
abdomen,9304
jab,9305
climatic,9306
ruble,9307
countenance,9308
originality,9309
impediment,9310
trample,9311
clientele,9312
platoon,9313
droplet,9314
cucumber,9315
micro,9316
inertia,9317
lookout,9318
urchin,9319
outpost,9320
containment,9321
derivation,9322
insertion,9323
parse,9324
tamper,9325
transformer,9326
guild,9327
blight,9328
diligence,9329
misplace,9330
slur,9331
yolk,9332
crumb,9333
temperate,9334
temp,9335
fluently,9336
enamel,9337
garrison,9338
churchyard,9339
gorilla,9340
pawn,9341
uniqueness,9342
sublime,9343
prelude,9344
stainless,9345
dreary,9346
unwind,9347
ruffle,9348
folklore,9349
rediscover,9350
prognosis,9351
yank,9352
absentee,9353
lipid,9354
mythical,9355
steeply,9356
fatality,9357
grossly,9358
spurt,9359
reelection,9360
reformation,9361
soluble,9362
strenuous,9363
juncture,9364
flatly,9365
suffix,9366
proliferate,9367
vertebrate,9368
deviant,9369
scorch,9370
baggy,9371
indebted,9372
seaman,9373
usefully,9374
clot,9375
detriment,9376
interconnect,9377
cortisol,9378
aforementioned,9379
disarmament,9380
topical,9381
revamp,9382
interpretive,9383
unfit,9384
lantern,9385
upbeat,9386
starch,9387
childbirth,9388
disband,9389
duel,9390
intonation,9391
bouquet,9392
airy,9393
erection,9394
saliva,9395
basal,9396
tremor,9397
rarity,9398
seductive,9399
forfeit,9400
syllabus,9401
objectively,9402
gulp,9403
grassy,9404
assimilation,9405
hangover,9406
undercover,9407
ben,9408
brewer,9409
gymnastics,9410
likeness,9411
diverge,9412
inaccessible,9413
vindicate,9414
triangular,9415
loo,9416
rev,9417
lyrical,9418
subversive,9419
divisional,9420
sloppy,9421
bliss,9422
unbalance,9423
affirmation,9424
trifle,9425
perjury,9426
taker,9427
anarchy,9428
repel,9429
snowy,9430
dove,9431
politeness,9432
ordinance,9433
commune,9434
trustworthy,9435
nationalize,9436
ply,9437
woolen,9438
bogus,9439
foreclosure,9440
heather,9441
dweller,9442
emancipation,9443
crypt,9444
uterus,9445
encapsulate,9446
habitual,9447
gourmet,9448
exploratory,9449
edible,9450
geek,9451
gala,9452
appraise,9453
brutally,9454
immersion,9455
ransom,9456
penicillin,9457
coma,9458
amber,9459
interplay,9460
mammoth,9461
crossover,9462
ancestry,9463
sculpt,9464
heady,9465
indistinguishable,9466
verbally,9467
conceivably,9468
staunch,9469
assort,9470
shameful,9471
grad,9472
hereditary,9473
migraine,9474
convincingly,9475
paranoia,9476
kinship,9477
antitrust,9478
modesty,9479
ardent,9480
payer,9481
intersperse,9482
beak,9483
handout,9484
heath,9485
unintended,9486
suffocate,9487
watershed,9488
majestic,9489
joyful,9490
financier,9491
anew,9492
respectfully,9493
legislate,9494
keenly,9495
wholesaler,9496
detract,9497
snore,9498
provocation,9499
harshly,9500
tester,9501
commandment,9502
twinkle,9503
rove,9504
rebellious,9505
piracy,9506
saucer,9507
ancestral,9508
unnamed,9509
inactive,9510
generality,9511
resurrect,9512
blackness,9513
aback,9514
intranet,9515
disclaimer,9516
ecstatic,9517
isotope,9518
sweetness,9519
unconsciously,9520
perceptual,9521
bluntly,9522
substantiate,9523
hive,9524
disproportionately,9525
rooftop,9526
majesty,9527
immortal,9528
warlord,9529
ghastly,9530
normality,9531
subcommittee,9532
cornerstone,9533
hemorrhage,9534
landslide,9535
epoch,9536
culmination,9537
individualism,9538
caress,9539
wag,9540
manic,9541
masculinity,9542
treble,9543
crumple,9544
tantrum,9545
kilogram,9546
ferocious,9547
outcry,9548
readable,9549
antecedent,9550
woodwork,9551
transfusion,9552
susceptibility,9553
saucepan,9554
externally,9555
compliant,9556
anal,9557
caliber,9558
modality,9559
strew,9560
endemic,9561
noticeably,9562
forcibly,9563
sheath,9564
mistakenly,9565
rubric,9566
schema,9567
fallout,9568
reimbursement,9569
interdisciplinary,9570
improvisation,9571
screech,9572
infuse,9573
sleeper,9574
colossal,9575
cede,9576
extradition,9577
thatch,9578
predatory,9579
arrears,9580
accountancy,9581
prowess,9582
clockwise,9583
torso,9584
beep,9585
squabble,9586
henceforth,9587
sulfate,9588
whiz,9589
juicy,9590
deviate,9591
untreated,9592
quirky,9593
democratization,9594
resin,9595
autobiographical,9596
seclude,9597
idealistic,9598
telegram,9599
devalue,9600
auspice,9601
ooze,9602
thorn,9603
celestial,9604
toothbrush,9605
coworker,9606
flagship,9607
pry,9608
timer,9609
overhang,9610
crucially,9611
lawful,9612
dime,9613
indulgence,9614
refinance,9615
doubly,9616
virtuous,9617
quicken,9618
underwriter,9619
coronation,9620
cannabis,9621
stellar,9622
steamer,9623
classy,9624
devout,9625
wobble,9626
showdown,9627
dredge,9628
reparation,9629
allusion,9630
stepfather,9631
anecdotal,9632
securely,9633
microprocessor,9634
phony,9635
cytoplasm,9636
decipher,9637
exemplary,9638
archival,9639
abbreviate,9640
parochial,9641
jingle,9642
attire,9643
onstage,9644
pleasurable,9645
promulgate,9646
deference,9647
oasis,9648
longstanding,9649
falsely,9650
inlet,9651
unattractive,9652
invertebrate,9653
irreversible,9654
barber,9655
assertive,9656
modernist,9657
wasp,9658
eastward,9659
cortical,9660
clatter,9661
solidly,9662
lieu,9663
cumbersome,9664
sup,9665
hasty,9666
fundraise,9667
melon,9668
hereby,9669
deadlock,9670
exasperate,9671
cameraman,9672
mismatch,9673
categorization,9674
inventive,9675
dab,9676
harmonize,9677
vanilla,9678
graffiti,9679
treason,9680
gild,9681
transatlantic,9682
gravitational,9683
cashier,9684
melodic,9685
pouch,9686
collage,9687
sexist,9688
complacency,9689
massively,9690
narrate,9691
instantaneous,9692
reconstitute,9693
overgrow,9694
adjunct,9695
stabilization,9696
respite,9697
deductible,9698
crossword,9699
connectivity,9700
amiable,9701
divisive,9702
referent,9703
mindful,9704
outcrop,9705
malt,9706
amplifier,9707
gunfire,9708
cessation,9709
unheard,9710
bravery,9711
heterogeneous,9712
orthodoxy,9713
occupancy,9714
blindly,9715
glorify,9716
dishwasher,9717
existential,9718
salespeople,9719
retaliate,9720
combo,9721
characteristically,9722
fabrication,9723
elaboration,9724
gritty,9725
assent,9726
mixer,9727
glossary,9728
cookery,9729
baptize,9730
irritable,9731
forearm,9732
stupidity,9733
moratorium,9734
destabilize,9735
erroneous,9736
momentary,9737
culinary,9738
reputable,9739
intermittent,9740
overboard,9741
undress,9742
algebraic,9743
trans,9744
decisively,9745
divergence,9746
desolate,9747
meiosis,9748
combustion,9749
pediatrician,9750
curfew,9751
standby,9752
dribble,9753
bale,9754
dormitory,9755
vigil,9756
torpedo,9757
serene,9758
unwise,9759
claimant,9760
uncanny,9761
blitz,9762
idealize,9763
elective,9764
dataset,9765
smuggler,9766
delinquency,9767
papal,9768
meteorite,9769
protrude,9770
prioritize,9771
opium,9772
adverb,9773
anarchist,9774
plunder,9775
aversion,9776
complimentary,9777
photon,9778
emphatically,9779
kinase,9780
inauguration,9781
vaginal,9782
aerospace,9783
gush,9784
strife,9785
crystallize,9786
reprimand,9787
renaissance,9788
underside,9789
semen,9790
recital,9791
conceptualize,9792
northeastern,9793
meander,9794
videogame,9795
digitize,9796
orchestral,9797
unease,9798
occupier,9799
pee,9800
racer,9801
harmonious,9802
persecute,9803
embodiment,9804
apprehend,9805
peptide,9806
glisten,9807
monolog,9808
prefix,9809
shingle,9810
decompose,9811
biomass,9812
canine,9813
wring,9814
acronym,9815
flimsy,9816
avalanche,9817
ultra,9818
flask,9819
reproach,9820
depletion,9821
wince,9822
outperform,9823
worldly,9824
choreographer,9825
plumber,9826
misgive,9827
fluffy,9828
braid,9829
housekeep,9830
psychiatry,9831
sniper,9832
goggle,9833
pane,9834
unwillingness,9835
stagnant,9836
asbestos,9837
sadden,9838
duet,9839
appointee,9840
prerogative,9841
insistent,9842
neon,9843
tenancy,9844
flamboyant,9845
nervousness,9846
bloat,9847
feudal,9848
coexist,9849
secretive,9850
rustic,9851
emptiness,9852
drab,9853
remuneration,9854
abduct,9855
interviewee,9856
microbe,9857
hydraulic,9858
spate,9859
murderous,9860
onslaught,9861
prophetic,9862
hospice,9863
tort,9864
bombardment,9865
scarcity,9866
persevere,9867
impulsive,9868
hijacker,9869
retribution,9870
dresser,9871
debilitate,9872
apostle,9873
predominate,9874
simplification,9875
encircle,9876
precondition,9877
suspiciously,9878
adrenaline,9879
paralysis,9880
colonist,9881
sanity,9882
depose,9883
whitewash,9884
storytelling,9885
evasion,9886
farce,9887
firsthand,9888
leftist,9889
wry,9890
cumulus,9891
filament,9892
heyday,9893
wrongdoing,9894
biochemical,9895
delusion,9896
breaker,9897
intolerance,9898
blacken,9899
compulsive,9900
idealism,9901
animosity,9902
cadet,9903
beet,9904
boardroom,9905
shunt,9906
pervade,9907
helium,9908
barrister,9909
predetermine,9910
sunbathe,9911
footwear,9912
suede,9913
shack,9914
redistribution,9915
transnational,9916
prenatal,9917
afield,9918
resultant,9919
vacate,9920
doctorate,9921
sweaty,9922
watery,9923
gal,9924
conservationist,9925
wriggle,9926
resound,9927
mysteriously,9928
pendant,9929
kitty,9930
cardigan,9931
repressive,9932
gust,9933
circumvent,9934
incite,9935
artisan,9936
swivel,9937
microcomputer,9938
summat,9939
devaluation,9940
tavern,9941
endear,9942
infringe,9943
daycare,9944
deportation,9945
sham,9946
redirect,9947
cove,9948
prawn,9949
ultraviolet,9950
overheat,9951
venerable,9952
insightful,9953
testosterone,9954
bounty,9955
phoneme,9956
mercenary,9957
pineapple,9958
preparatory,9959
penal,9960
spiritually,9961
victor,9962
shortcut,9963
combatant,9964
muzzle,9965
atheist,9966
complacent,9967
duplication,9968
nicotine,9969
axiom,9970
narcotic,9971
spar,9972
rendezvous,9973
carbonate,9974
dorsal,9975
leopard,9976
funk,9977
vascular,9978
uninsured,9979
immunization,9980
amenable,9981
dosage,9982
surreal,9983
cyclical,9984
entourage,9985
evocative,9986
lifespan,9987
ere,9988
cleave,9989
vista,9990
panda,9991
randomize,9992
tarmac,9993
raspberry,9994
fervor,9995
overture,9996
dependant,9997
windmill,9998
ripen,9999
overestimate,10000
superimpose,10001
apocalypse,10002
kiln,10003
mystic,10004
divergent,10005
cleanliness,10006
interrogator,10007
toad,10008
lax,10009
possessive,10010
iconic,10011
spinach,10012
corroborate,10013
reactionary,10014
hanger,10015
affix,10016
mime,10017
watt,10018
perpetrate,10019
sinner,10020
legitimately,10021
etiquette,10022
miscarriage,10023
talker,10024
trespass,10025
tweed,10026
misrepresent,10027
eschew,10028
rendition,10029
restate,10030
informally,10031
equivalence,10032
nonfiction,10033
stomp,10034
mu,10035
groin,10036
stairway,10037
transpire,10038
overtly,10039
squander,10040
seamless,10041
glimmer,10042
margarine,10043
puddle,10044
demeanor,10045
granule,10046
headlight,10047
seismic,10048
retract,10049
summertime,10050
downplay,10051
polarization,10052
concerto,10053
chimpanzee,10054
metaphysical,10055
unprepared,10056
impractical,10057
obscurity,10058
synonym,10059
absurdity,10060
uncontrolled,10061
carol,10062
racially,10063
muffle,10064
pluralism,10065
adhesive,10066
oriental,10067
salty,10068
exclamation,10069
arid,10070
stave,10071
gambler,10072
delicately,10073
neurological,10074
frivolous,10075
terminus,10076
tights,10077
bunny,10078
eyewitness,10079
understate,10080
uncomfortably,10081
beacon,10082
vagina,10083
compiler,10084
observable,10085
nibble,10086
arbitrarily,10087
regenerate,10088
feces,10089
walkway,10090
astute,10091
condone,10092
idyllic,10093
sensual,10094
dick,10095
mailbox,10096
smelly,10097
likable,10098
drizzle,10099
momentous,10100
instinctive,10101
misguided,10102
apiece,10103
germination,10104
tingle,10105
discriminatory,10106
sarcastic,10107
fingernail,10108
sizable,10109
mouthful,10110
ferment,10111
clamber,10112
antioxidant,10113
evergreen,10114
eyeball,10115
shoreline,10116
spree,10117
rework,10118
reconnaissance,10119
retrain,10120
localization,10121
stalwart,10122
clam,10123
nigger,10124
luminous,10125
digestive,10126
practicable,10127
victorious,10128
byte,10129
interdependence,10130
congenital,10131
miraculously,10132
synergy,10133
pep,10134
jot,10135
radial,10136
strait,10137
kidnapper,10138
cabaret,10139
warship,10140
chisel,10141
nematode,10142
relativity,10143
circumference,10144
vex,10145
bereavement,10146
reverence,10147
companionship,10148
mantra,10149
aptitude,10150
wholesome,10151
relive,10152
genesis,10153
christen,10154
whiskey,10155
fledgling,10156
proverb,10157
ammonia,10158
replenish,10159
maverick,10160
hydrocarbon,10161
accuser,10162
modernism,10163
postman,10164
squeal,10165
observatory,10166
uproar,10167
acrylic,10168
enactment,10169
admiral,10170
soprano,10171
denim,10172
launder,10173
rerun,10174
sonnet,10175
orientate,10176
sill,10177
electromagnetic,10178
punter,10179
earner,10180
crutch,10181
doctoral,10182
chauffeur,10183
cellphone,10184
heartbreak,10185
crimson,10186
landfill,10187
belie,10188
misdemeanor,10189
airman,10190
afloat,10191
yep,10192
dell,10193
binge,10194
abstain,10195
amphibian,10196
backfire,10197
unitary,10198
emphatic,10199
quake,10200
spasm,10201
pendulum,10202
buoy,10203
cleverly,10204
vigilant,10205
comma,10206
washer,10207
wreath,10208
nappy,10209
dustbin,10210
foyer,10211
orchid,10212
inspirational,10213
sanitation,10214
leafy,10215
preschooler,10216
cello,10217
centrifuge,10218
clarinet,10219
elucidate,10220
shooter,10221
hangar,10222
cubicle,10223
macroeconomic,10224
indemnity,10225
manslaughter,10226
scoff,10227
symmetrical,10228
bask,10229
crayon,10230
considerate,10231
weaponry,10232
skirmish,10233
aberration,10234
superbly,10235
ambient,10236
nay,10237
materially,10238
importer,10239
windscreen,10240
gruesome,10241
fundraiser,10242
soloist,10243
saturation,10244
elf,10245
mindset,10246
robin,10247
enigmatic,10248
exuberant,10249
structurally,10250
reggae,10251
plethora,10252
breastfeed,10253
infrequent,10254
logistical,10255
miscellaneous,10256
confluence,10257
hoot,10258
rehabilitate,10259
loch,10260
appreciative,10261
smog,10262
gunner,10263
catcher,10264
oily,10265
dogma,10266
blackboard,10267
cutback,10268
ante,10269
postscript,10270
tragically,10271
apprehensive,10272
billionaire,10273
metropolis,10274
neurotic,10275
righteous,10276
backlog,10277
unilaterally,10278
tenuous,10279
hotly,10280
naturalist,10281
motivational,10282
inaccuracy,10283
unskilled,10284
electrician,10285
freshness,10286
allele,10287
tropic,10288
consummate,10289
bribery,10290
exodus,10291
unforeseen,10292
mechanically,10293
disuse,10294
repudiate,10295
subjectivity,10296
toothpaste,10297
emergent,10298
spearhead,10299
enshrine,10300
polio,10301
dimensional,10302
tantalize,10303
cartoonist,10304
vandalism,10305
earthly,10306
crag,10307
misrepresentation,10308
wasteful,10309
dispersion,10310
dismissive,10311
whence,10312
rationally,10313
antagonist,10314
ignition,10315
primacy,10316
cyberspace,10317
bingo,10318
putative,10319
daze,10320
atlas,10321
ballistic,10322
modulate,10323
fella,10324
rotor,10325
intently,10326
babble,10327
appease,10328
frock,10329
insemination,10330
embroidery,10331
conventionally,10332
tit,10333
undisturbed,10334
inquest,10335
besiege,10336
dissimilar,10337
unwittingly,10338
justifiable,10339
remedial,10340
fieldwork,10341
glider,10342
skillfully,10343
beset,10344
malfunction,10345
coward,10346
sear,10347
bony,10348
egalitarian,10349
cub,10350
morpheme,10351
orgasm,10352
liquidation,10353
oscillation,10354
unbelievably,10355
upscale,10356
kinetic,10357
waltz,10358
causeway,10359
academically,10360
agrarian,10361
breakup,10362
etcetera,10363
alternately,10364
medicinal,10365
glint,10366
smoky,10367
codify,10368
proffer,10369
defuse,10370
cursor,10371
dryer,10372
contemplation,10373
presuppose,10374
bravely,10375
moody,10376
scuttle,10377
mockery,10378
redevelopment,10379
urn,10380
malnutrition,10381
crib,10382
vaccinate,10383
percussion,10384
pictorial,10385
pedestal,10386
punctuation,10387
whit,10388
nutty,10389
technologically,10390
apathy,10391
exponent,10392
coaster,10393
legality,10394
potter,10395
sweatshirt,10396
motherboard,10397
genotype,10398
earl,10399
unambiguous,10400
cohesive,10401
extremity,10402
teller,10403
propagation,10404
knack,10405
ancillary,10406
monastic,10407
operatic,10408
intuitively,10409
adequacy,10410
spout,10411
philanthropy,10412
wrangle,10413
curvature,10414
spire,10415
apricot,10416
sitter,10417
antic,10418
discontinuity,10419
subsystem,10420
epitomize,10421
unexplained,10422
decimal,10423
subvert,10424
prima,10425
roadway,10426
abduction,10427
disarray,10428
tamoxifen,10429
engross,10430
enrage,10431
wreak,10432
locale,10433
iris,10434
parishioner,10435
tyrant,10436
stash,10437
aperture,10438
grocer,10439
unspoiled,10440
vogue,10441
courtship,10442
anesthesia,10443
manipulative,10444
parenthood,10445
mastermind,10446
labyrinth,10447
northwestern,10448
schoolteacher,10449
attrition,10450
clandestine,10451
spruce,10452
disinterest,10453
rudimentary,10454
solidify,10455
phantom,10456
antidote,10457
catapult,10458
flashy,10459
serpent,10460
palpable,10461
anemia,10462
chemically,10463
conveyance,10464
finalist,10465
communicator,10466
dagger,10467
subconscious,10468
incarcerate,10469
autopsy,10470
fiance,10471
recollect,10472
inconceivable,10473
smith,10474
mindless,10475
granny,10476
clubhouse,10477
negligent,10478
disintegration,10479
magnate,10480
scurry,10481
heroism,10482
mourner,10483
austerity,10484
panoramic,10485
intoxicate,10486
debacle,10487
resentful,10488
thermometer,10489
beech,10490
buildup,10491
senate,10492
pas,10493
handshake,10494
mod,10495
elegantly,10496
mango,10497
illustrator,10498
phonology,10499
vertex,10500
unspoken,10501
devolve,10502
empirically,10503
moot,10504
router,10505
maxim,10506
melodrama,10507
disrespect,10508
counterbalance,10509
pleat,10510
rationalization,10511
antagonism,10512
propeller,10513
meditate,10514
horizontally,10515
mite,10516
musically,10517
sinus,10518
morbidity,10519
hormonal,10520
teem,10521
scrabble,10522
payout,10523
goodnight,10524
colonization,10525
daisy,10526
accrual,10527
blazer,10528
parasitic,10529
grueling,10530
sizzle,10531
miserably,10532
detest,10533
capitalization,10534
mountaineer,10535
disgruntle,10536
condo,10537
smartly,10538
tortilla,10539
victimization,10540
attractiveness,10541
heartland,10542
proclamation,10543
creatively,10544
bosom,10545
shipyard,10546
drugstore,10547
drench,10548
puberty,10549
screwdriver,10550
mogul,10551
karate,10552
applicability,10553
posterior,10554
sanitary,10555
amplification,10556
backside,10557
symptomatic,10558
epilepsy,10559
arson,10560
reintroduce,10561
iteration,10562
instigate,10563
karaoke,10564
transplantation,10565
gracefully,10566
utilitarian,10567
eater,10568
pamper,10569
discernible,10570
intrinsically,10571
unprotected,10572
extant,10573
snare,10574
derail,10575
pinnacle,10576
impatiently,10577
birdie,10578
watchful,10579
benevolent,10580
homer,10581
piety,10582
dinghy,10583
sexism,10584
opioid,10585
suffrage,10586
outflow,10587
overrule,10588
distraught,10589
magnification,10590
schizophrenic,10591
cadre,10592
skater,10593
predispose,10594
uproot,10595
exertion,10596
gratification,10597
facsimile,10598
whiff,10599
austere,10600
goalkeeper,10601
lemonade,10602
punt,10603
brawl,10604
consultative,10605
smallpox,10606
quell,10607
expedient,10608
rapist,10609
gat,10610
custodian,10611
discreetly,10612
harrow,10613
doze,10614
recruiter,10615
impeccable,10616
matron,10617
colonialism,10618
eagerness,10619
cinnamon,10620
oblique,10621
figurine,10622
comp,10623
fiasco,10624
metaphorical,10625
popularize,10626
undeniably,10627
cringe,10628
digger,10629
inflow,10630
unnerve,10631
squint,10632
barefoot,10633
evict,10634
taut,10635
airway,10636
interrelate,10637
severance,10638
dealership,10639
arduous,10640
psychotherapy,10641
bloodshed,10642
plush,10643
propriety,10644
dislodge,10645
parable,10646
stony,10647
tarnish,10648
buyout,10649
observance,10650
signatory,10651
intractable,10652
mystify,10653
emigration,10654
trilogy,10655
detectable,10656
medic,10657
domino,10658
smug,10659
downgrade,10660
accomplice,10661
pious,10662
impeach,10663
palate,10664
equator,10665
stallion,10666
consumerism,10667
microscopy,10668
dropout,10669
immortality,10670
chairmanship,10671
aria,10672
sumptuous,10673
cookbook,10674
consignment,10675
indecent,10676
generational,10677
calibrate,10678
congest,10679
stiffness,10680
gymnasium,10681
zebra,10682
camper,10683
mathematically,10684
vehemently,10685
awkwardly,10686
fodder,10687
autistic,10688
brothel,10689
keynote,10690
estrange,10691
catholic,10692
pounce,10693
panorama,10694
supplant,10695
transitive,10696
rescuer,10697
misinterpret,10698
deform,10699
fathom,10700
imaginable,10701
populace,10702
hegemony,10703
chronically,10704
counterterrorism,10705
bartender,10706
recoil,10707
raisin,10708
raider,10709
deviance,10710
uncontrollable,10711
stead,10712
etymology,10713
martin,10714
liberalize,10715
windfall,10716
adherent,10717
snuff,10718
cooler,10719
vulture,10720
dependable,10721
biker,10722
exhale,10723
globalize,10724
unbroken,10725
rudder,10726
groundwork,10727
shin,10728
gravely,10729
coercive,10730
gripe,10731
petit,10732
citrus,10733
residency,10734
debatable,10735
blizzard,10736
distaste,10737
behead,10738
sieve,10739
dodgy,10740
populous,10741
briskly,10742
thyroid,10743
fiancee,10744
rightful,10745
hardwood,10746
reseller,10747
flinch,10748
medically,10749
meddle,10750
stoke,10751
spherical,10752
swathe,10753
perceptive,10754
inseparable,10755
twofold,10756
scum,10757
archaic,10758
alleyway,10759
halo,10760
outstretch,10761
herein,10762
malice,10763
remarry,10764
superfluous,10765
aptly,10766
uncompromising,10767
postmodern,10768
foggy,10769
adorable,10770
saver,10771
defection,10772
buoyant,10773
tiresome,10774
winery,10775
cruiser,10776
announcer,10777
foothill,10778
ford,10779
wrestler,10780
hind,10781
lass,10782
extrapolate,10783
eyesight,10784
demoralize,10785
stylist,10786
squatter,10787
drawl,10788
preamble,10789
penchant,10790
aristocrat,10791
octave,10792
quip,10793
naturalistic,10794
consign,10795
torn,10796
mussel,10797
speculator,10798
externalize,10799
registrar,10800
blogger,10801
horrid,10802
rigidity,10803
complicity,10804
cedar,10805
undervalue,10806
powerhouse,10807
vigilance,10808
secondhand,10809
obnoxious,10810
hairstyle,10811
quartz,10812
monotonous,10813
supervisory,10814
wacky,10815
totalitarian,10816
onboard,10817
workable,10818
magnesium,10819
terrorize,10820
baseman,10821
heterogeneity,10822
lymph,10823
dashboard,10824
stimulant,10825
schoolgirl,10826
buttock,10827
menopause,10828
optimist,10829
edgy,10830
trudge,10831
taxonomy,10832
unsolicited,10833
unborn,10834
milieu,10835
mutilate,10836
standstill,10837
congregate,10838
facilitator,10839
cal,10840
gestation,10841
misty,10842
undisclosed,10843
italic,10844
tributary,10845
anorexia,10846
aloof,10847
biologically,10848
reinvest,10849
camcorder,10850
repertory,10851
handhold,10852
mesmerize,10853
philanthropist,10854
concurrently,10855
endogenous,10856
gist,10857
broth,10858
unimaginable,10859
airliner,10860
khaki,10861
perseverance,10862
ridiculously,10863
anthropological,10864
debenture,10865
detonate,10866
parenthesis,10867
quarantine,10868
resolutely,10869
categorical,10870
achievable,10871
retrace,10872
interlock,10873
entropy,10874
tether,10875
enthrall,10876
meticulously,10877
reversible,10878
pervert,10879
quadruple,10880
downpour,10881
smolder,10882
gimmick,10883
layman,10884
academia,10885
vile,10886
hurriedly,10887
abstinence,10888
riverside,10889
woolly,10890
undulate,10891
unhelpful,10892
psychotic,10893
jostle,10894
willful,10895
prom,10896
befriend,10897
bestseller,10898
linebacker,10899
polity,10900
banter,10901
completeness,10902
malpractice,10903
fluorescence,10904
riff,10905
invariant,10906
botanical,10907
respectability,10908
quay,10909
reshuffle,10910
buttress,10911
sly,10912
volt,10913
multiplication,10914
cutlery,10915
rye,10916
legitimize,10917
fragrant,10918
parsley,10919
otter,10920
lunge,10921
hearten,10922
foodstuff,10923
fervent,10924
bedrock,10925
pretext,10926
groundwater,10927
abolitionist,10928
birch,10929
reasonableness,10930
scowl,10931
atypical,10932
courteous,10933
glacial,10934
baroque,10935
stalemate,10936
perpendicular,10937
pew,10938
impinge,10939
dissuade,10940
tunic,10941
beige,10942
victimize,10943
obscenity,10944
slew,10945
outstrip,10946
converter,10947
dislocation,10948
oblivion,10949
cheeky,10950
irrigate,10951
comer,10952
coerce,10953
exalt,10954
surmise,10955
enumerate,10956
privy,10957
satirical,10958
exponentially,10959
scathing,10960
recast,10961
narration,10962
cleanup,10963
coldly,10964
cactus,10965
politicize,10966
contagious,10967
rigorously,10968
reassess,10969
tot,10970
billiards,10971
elitist,10972
preposition,10973
unkind,10974
pantomime,10975
patchwork,10976
paradoxical,10977
belch,10978
baton,10979
auditory,10980
platter,10981
moorland,10982
scruffy,10983
bagel,10984
appropriateness,10985
assailant,10986
phobia,10987
turquoise,10988
fag,10989
earnestly,10990
louse,10991
euphoria,10992
languish,10993
trivia,10994
apex,10995
limousine,10996
rummage,10997
runoff,10998
alphabetical,10999
grimly,11000
homely,11001
ingest,11002
fuselage,11003
chandelier,11004
forgery,11005
exogenous,11006
stub,11007
bandwagon,11008
conceit,11009
hazy,11010
typify,11011
bourbon,11012
tatter,11013
spaceship,11014
batsman,11015
flog,11016
topography,11017
shawl,11018
reassert,11019
stretcher,11020
benefactor,11021
inexplicable,11022
inroad,11023
rut,11024
effluent,11025
hospitalization,11026
entangle,11027
rampage,11028
dem,11029
flier,11030
transcendent,11031
overarch,11032
salsa,11033
bandit,11034
avenge,11035
peso,11036
stile,11037
mutate,11038
seethe,11039
invalidate,11040
flashlight,11041
nave,11042
envious,11043
motionless,11044
lowly,11045
wager,11046
scapegoat,11047
purposely,11048
reprieve,11049
peddle,11050
inconclusive,11051
redefine,11052
infertility,11053
hotline,11054
vesicle,11055
crux,11056
ruby,11057
handset,11058
incursion,11059
cleft,11060
permutation,11061
violinist,11062
snooker,11063
recap,11064
underworld,11065
expedite,11066
truthfully,11067
mitochondrion,11068
coauthor,11069
hedgerow,11070
ghostly,11071
inundate,11072
knockout,11073
nocturnal,11074
newsagent,11075
deafen,11076
porous,11077
electrify,11078
monoxide,11079
selfishness,11080
peculiarity,11081
functionally,11082
expiration,11083
tolerable,11084
squirt,11085
unquestionably,11086
unbeaten,11087
subtype,11088
stuffy,11089
chute,11090
conceptually,11091
stanza,11092
sonic,11093
civility,11094
islander,11095
catalytic,11096
raucous,11097
devotee,11098
curate,11099
measles,11100
dabble,11101
thud,11102
storyteller,11103
outgrow,11104
enthuse,11105
translucent,11106
fearless,11107
snub,11108
vitally,11109
encroach,11110
goalie,11111
missus,11112
sweetie,11113
selector,11114
grandiose,11115
swerve,11116
holly,11117
symmetric,11118
outcast,11119
inert,11120
witchcraft,11121
firewood,11122
resurface,11123
postponement,11124
disgraceful,11125
bikini,11126
purposeful,11127
ambience,11128
aromatic,11129
goldfish,11130
manhood,11131
visceral,11132
bookcase,11133
pare,11134
landlady,11135
pelvic,11136
embellish,11137
semblance,11138
enslave,11139
thorny,11140
venom,11141
affront,11142
spinner,11143
unscrupulous,11144
bloodstream,11145
nerd,11146
negation,11147
sojourn,11148
durability,11149
incubator,11150
doorbell,11151
polytechnic,11152
verbatim,11153
correspondingly,11154
infest,11155
cinematic,11156
affectionately,11157
tiredness,11158
masonry,11159
mayhem,11160
predictability,11161
mega,11162
bumpy,11163
mangle,11164
unqualified,11165
grimace,11166
ewe,11167
cloister,11168
multiplicity,11169
flashback,11170
casserole,11171
exude,11172
manifold,11173
circa,11174
decomposition,11175
carnage,11176
winch,11177
waffle,11178
unequivocally,11179
spam,11180
kangaroo,11181
adaptable,11182
reprocess,11183
ameliorate,11184
inflationary,11185
interception,11186
imperfection,11187
budge,11188
prism,11189
foal,11190
balk,11191
percentile,11192
nutritious,11193
equalize,11194
forecaster,11195
garnish,11196
sectoral,11197
brooch,11198
marquee,11199
spurious,11200
purist,11201
interlocutor,11202
effortlessly,11203
biodiversity,11204
germinate,11205
plod,11206
illustrative,11207
wholeheartedly,11208
disengage,11209
observational,11210
retainer,11211
meltdown,11212
shoal,11213
scandalous,11214
tendon,11215
centerist,11216
lug,11217
nationalization,11218
lore,11219
protestor,11220
bullshit,11221
tacky,11222
subdivide,11223
ashtray,11224
bottleneck,11225
greyhound,11226
mismanagement,11227
pageant,11228
droop,11229
abate,11230
filtration,11231
pompous,11232
treadmill,11233
insecticide,11234
radicalism,11235
spectacularly,11236
horseman,11237
tycoon,11238
mishap,11239
fictitious,11240
senseless,11241
boon,11242
singularity,11243
degeneration,11244
embankment,11245
forgo,11246
broccoli,11247
pretension,11248
reformist,11249
barter,11250
wand,11251
anterior,11252
eradication,11253
swimsuit,11254
subprime,11255
extremism,11256
refuel,11257
auntie,11258
monolithic,11259
directional,11260
piecemeal,11261
babysitter,11262
speechless,11263
breezy,11264
galley,11265
subsume,11266
fussy,11267
stillness,11268
chum,11269
toughness,11270
offline,11271
lifeless,11272
veneer,11273
solace,11274
knickers,11275
heartfelt,11276
adapter,11277
litany,11278
snowboard,11279
shutdown,11280
primordial,11281
hiker,11282
cadence,11283
cytoplasmic,11284
refrigerate,11285
hospitable,11286
mortuary,11287
transgression,11288
militarily,11289
troupe,11290
spooky,11291
hobble,11292
jobless,11293
geriatrics,11294
abreast,11295
dew,11296
chassis,11297
snippet,11298
onlooker,11299
esoteric,11300
canonical,11301
pancreatic,11302
evaporation,11303
whisker,11304
kayak,11305
inevitability,11306
arterial,11307
peculiarly,11308
throughput,11309
malaise,11310
secretarial,11311
remand,11312
quirk,11313
swine,11314
mainstay,11315
spew,11316
intravenous,11317
planter,11318
joyous,11319
hiccup,11320
in-law,11321
hardcore,11322
mischievous,11323
oddity,11324
pheasant,11325
overtone,11326
spank,11327
simulator,11328
limelight,11329
edifice,11330
genomic,11331
dispersal,11332
diligent,11333
concoct,11334
cyst,11335
anatomical,11336
thrift,11337
oxidation,11338
admirably,11339
tangent,11340
sunflower,11341
rink,11342
fart,11343
transporter,11344
torque,11345
deflate,11346
hallucination,11347
nutshell,11348
tradesman,11349
perm,11350
visualization,11351
swagger,11352
blacksmith,11353
stench,11354
smirk,11355
shrill,11356
ovation,11357
jihad,11358
pretentious,11359
tuft,11360
stockbroker,11361
jigsaw,11362
pram,11363
felon,11364
rucksack,11365
imbue,11366
juxtaposition,11367
zigzag,11368
futility,11369
blatantly,11370
underdevelop,11371
domestically,11372
destroyer,11373
familiarize,11374
inanimate,11375
arbitrator,11376
bystander,11377
badminton,11378
ivy,11379
skateboard,11380
tripod,11381
biotech,11382
infrequently,11383
accredit,11384
nascent,11385
mire,11386
cosmos,11387
worksheet,11388
affliction,11389
adoptive,11390
frill,11391
furthest,11392
grandpa,11393
predisposition,11394
arable,11395
gully,11396
reminiscence,11397
experimentally,11398
stereotypical,11399
cynic,11400
vial,11401
headway,11402
resale,11403
impasse,11404
buggy,11405
barman,11406
polyester,11407
transactional,11408
seawater,11409
hiatus,11410
painstaking,11411
unrated,11412
rigidly,11413
composure,11414
stricture,11415
recoup,11416
fanciful,11417
disparage,11418
grub,11419
collagen,11420
bi,11421
coo,11422
gill,11423
blob,11424
surcharge,11425
sickly,11426
astonishingly,11427
odyssey,11428
molten,11429
callous,11430
babysit,11431
unruly,11432
maim,11433
serotonin,11434
pander,11435
wilt,11436
darkly,11437
upmarket,11438
jeweler,11439
prowl,11440
morbid,11441
reprisal,11442
seaweed,11443
ultimatum,11444
wildfire,11445
reissue,11446
orbital,11447
perilous,11448
vis-à-vis,11449
veggie,11450
granddad,11451
rescind,11452
emerald,11453
cordon,11454
anomalous,11455
raincoat,11456
forsake,11457
swipe,11458
ethnographic,11459
outlying,11460
talkative,11461
interchangeable,11462
writhe,11463
paraffin,11464
tableau,11465
federally,11466
screenwriter,11467
intensively,11468
playback,11469
bastion,11470
weighty,11471
reflux,11472
contentment,11473
spoiler,11474
intricacy,11475
auctioneer,11476
sterilize,11477
upstate,11478
helplessly,11479
symbolically,11480
wishful,11481
asterisk,11482
incest,11483
shipwreck,11484
repatriation,11485
pantry,11486
stag,11487
tonal,11488
trance,11489
chasm,11490
promo,11491
idealist,11492
mater,11493
modulation,11494
neuroscience,11495
impromptu,11496
meteor,11497
flail,11498
hilltop,11499
forthright,11500
versatility,11501
seminary,11502
bleep,11503
gamete,11504
unbiased,11505
puck,11506
fudge,11507
flaunt,11508
lavender,11509
dramatize,11510
commonality,11511
weaver,11512
sclerosis,11513
microorganism,11514
foothold,11515
infidelity,11516
harry,11517
tenement,11518
rife,11519
tubular,11520
understatement,11521
pointedly,11522
nonlinear,11523
crystalline,11524
indignant,11525
uterine,11526
insidious,11527
eccentricity,11528
roost,11529
carefree,11530
participatory,11531
bicker,11532
annotate,11533
pic,11534
pelvis,11535
bode,11536
osteoporosis,11537
bequeath,11538
vestige,11539
midfield,11540
handmade,11541
best,11542
fleshy,11543
omen,11544
pessimism,11545
alkaline,11546
jeer,11547
aft,11548
stochastic,11549
keel,11550
fateful,11551
religiously,11552
crescent,11553
maggot,11554
bazaar,11555
easel,11556
shag,11557
psalm,11558
wiggle,11559
helplessness,11560
compensatory,11561
coolly,11562
preposterous,11563
outlay,11564
relent,11565
fecal,11566
husky,11567
intelligible,11568
solemnly,11569
stewardship,11570
redistribute,11571
chide,11572
arsenic,11573
democratically,11574
cutoff,11575
exuberance,11576
graphically,11577
distractor,11578
truss,11579
madly,11580
ideologically,11581
outlive,11582
humankind,11583
capillary,11584
campground,11585
encore,11586
inextricably,11587
acidic,11588
revolver,11589
temperamental,11590
fullness,11591
urbanization,11592
shareware,11593
minimalist,11594
scourge,11595
floorboard,11596
agility,11597
stagnation,11598
accreditation,11599
cuckoo,11600
hedgehog,11601
commonwealth,11602
choral,11603
mitochondrial,11604
safari,11605
waistcoat,11606
partisanship,11607
bathtub,11608
shyness,11609
dung,11610
fa,11611
stardom,11612
fondness,11613
rotary,11614
cautionary,11615
lynch,11616
terrier,11617
impenetrable,11618
refurbishment,11619
cation,11620
solicitation,11621
consulate,11622
hardness,11623
catfish,11624
dehydrate,11625
aloft,11626
boulevard,11627
fluke,11628
beaver,11629
leaver,11630
circumstantial,11631
causation,11632
piston,11633
calamity,11634
stylize,11635
purr,11636
techno,11637
unfounded,11638
mam,11639
renal,11640
insurrection,11641
whereupon,11642
onerous,11643
typology,11644
traumatize,11645
syphilis,11646
binder,11647
hilly,11648
angst,11649
gong,11650
renegotiate,11651
predate,11652
adrenalin,11653
liquidate,11654
hurtle,11655
distal,11656
thickly,11657
lance,11658
brunt,11659
persistently,11660
hash,11661
x-ray,11662
ballpark,11663
clove,11664
encase,11665
sarcasm,11666
alias,11667
alligator,11668
blocker,11669
bemuse,11670
brit,11671
petrify,11672
superhero,11673
maniac,11674
purification,11675
superficially,11676
traditionalist,11677
priesthood,11678
demean,11679
compositional,11680
pike,11681
august,11682
pelt,11683
epidemiology,11684
vocalist,11685
gait,11686
livery,11687
lacquer,11688
sympathetically,11689
sliver,11690
inescapable,11691
bailiff,11692
inflexible,11693
pressurize,11694
attune,11695
categorically,11696
cultivar,11697
insomnia,11698
eminently,11699
mulch,11700
opportunistic,11701
credence,11702
outdo,11703
innocuous,11704
notoriety,11705
blare,11706
objectionable,11707
tertiary,11708
pseudonym,11709
philanthropic,11710
underdog,11711
eavesdrop,11712
deride,11713
reindeer,11714
dopamine,11715
sine,11716
unequivocal,11717
fondly,11718
posterity,11719
resonant,11720
dupe,11721
maroon,11722
uneasily,11723
fairway,11724
fearsome,11725
fiduciary,11726
comprehensible,11727
abbot,11728
preemptive,11729
conspirator,11730
whiteness,11731
cavern,11732
inept,11733
jetty,11734
headland,11735
chrome,11736
hapless,11737
candor,11738
commons,11739
lucid,11740
protectionism,11741
heartily,11742
erstwhile,11743
jock,11744
southward,11745
workhouse,11746
memento,11747
undergrowth,11748
wasteland,11749
fatally,11750
hoax,11751
apocalyptic,11752
annals,11753
greenery,11754
concussion,11755
hypnosis,11756
eloquently,11757
casket,11758
ligament,11759
technicality,11760
liturgy,11761
experiential,11762
misread,11763
brat,11764
tsunami,11765
organist,11766
bridle,11767
patchy,11768
sac,11769
deli,11770
reactivity,11771
divulge,11772
hypocritical,11773
elector,11774
larval,11775
thence,11776
perpetually,11777
leash,11778
plurality,11779
econometrics,11780
moose,11781
sorely,11782
testis,11783
goofy,11784
pornographic,11785
mucosa,11786
rector,11787
bourgeoisie,11788
involuntarily,11789
zombie,11790
unsatisfied,11791
utensil,11792
softness,11793
retardation,11794
wafer,11795
silvery,11796
psychoanalysis,11797
painkiller,11798
tablecloth,11799
wrongful,11800
sender,11801
importation,11802
deluge,11803
qualifier,11804
fallacy,11805
coffer,11806
reddish,11807
laurel,11808
delirium,11809
centralization,11810
allay,11811
fender,11812
foresight,11813
discursive,11814
teapot,11815
referential,11816
unorthodox,11817
tortoise,11818
decentralization,11819
wrapper,11820
beleaguered,11821
metaphase,11822
lark,11823
justly,11824
nonstop,11825
snip,11826
regrettably,11827
haphazard,11828
encryption,11829
sunken,11830
illustrious,11831
anoint,11832
shackle,11833
leakage,11834
mull,11835
defensively,11836
counterpoint,11837
veritable,11838
improperly,11839
nymph,11840
waft,11841
commercialization,11842
afterthought,11843
feign,11844
centenary,11845
uninterrupted,11846
laureate,11847
pragmatism,11848
rafter,11849
squirm,11850
yea,11851
unarmed,11852
executor,11853
expo,11854
bathe,11855
devolution,11856
calibration,11857
coalesce,11858
morphine,11859
stipulation,11860
skinhead,11861
dignitary,11862
reciprocity,11863
mercifully,11864
bio,11865
sire,11866
archetype,11867
identifier,11868
plywood,11869
inorganic,11870
backpacker,11871
quibble,11872
quail,11873
publicist,11874
elemental,11875
overcoat,11876
fatten,11877
timeline,11878
visitation,11879
futuristic,11880
deceit,11881
secession,11882
skyrocket,11883
pandemic,11884
nonexistent,11885
geezer,11886
materialism,11887
hinterland,11888
melanoma,11889
diaphragm,11890
falcon,11891
proverbial,11892
heresy,11893
sledge,11894
prodigious,11895
materialistic,11896
quash,11897
gravitate,11898
cordial,11899
defiantly,11900
hoe,11901
decimate,11902
undeveloped,11903
manly,11904
somatic,11905
axon,11906
roadblock,11907
silt,11908
courtier,11909
seniority,11910
protege,11911
disillusionment,11912
totality,11913
panelist,11914
ovum,11915
federalism,11916
intracellular,11917
disprove,11918
awash,11919
interdependent,11920
glitch,11921
cryptic,11922
upsurge,11923
slalom,11924
rebuff,11925
alpine,11926
amiss,11927
evangelist,11928
authorship,11929
displeasure,11930
atrium,11931
scuba,11932
stilt,11933
muffin,11934
oeuvre,11935
barometer,11936
sparsely,11937
childless,11938
impressionist,11939
git,11940
busily,11941
avocado,11942
serenity,11943
passageway,11944
cheery,11945
expound,11946
duvet,11947
manicure,11948
cheerleader,11949
regrettable,11950
bulldozer,11951
wallow,11952
incoherent,11953
juxtapose,11954
printout,11955
plumage,11956
numeric,11957
fractional,11958
gunshot,11959
sharpness,11960
surmount,11961
mayonnaise,11962
resell,11963
wayward,11964
mower,11965
connective,11966
aviator,11967
boyhood,11968
lymphocyte,11969
concomitant,11970
papa,11971
dimly,11972
reverberate,11973
respiration,11974
inequity,11975
thoroughfare,11976
genteel,11977
toaster,11978
pager,11979
oatmeal,11980
cameo,11981
sonata,11982
pout,11983
confessional,11984
reread,11985
constipation,11986
unworthy,11987
hopelessness,11988
orally,11989
painstakingly,11990
uninterested,11991
windshield,11992
ether,11993
disenfranchise,11994
impressively,11995
individualize,11996
sedentary,11997
turret,11998
titanic,11999
sedate,12000
filename,12001
blockage,12002
dis,12003
mealtime,12004
admissible,12005
isle,12006
elate,12007
criminality,12008
lurid,12009
sludge,12010
canister,12011
widower,12012
asymmetric,12013
lymphoma,12014
enforceable,12015
reminisce,12016
reliant,12017
rundown,12018
giddy,12019
normalization,12020
brash,12021
wheeze,12022
gastrointestinal,12023
lithium,12024
custard,12025
retell,12026
sleepless,12027
kennel,12028
negativity,12029
stealth,12030
liturgical,12031
consensual,12032
abuser,12033
popularly,12034
personify,12035
fundamentalism,12036
resolute,12037
homesick,12038
gubernatorial,12039
meteorological,12040
definitively,12041
lexicographer,12042
forerunner,12043
dishonesty,12044
alarmingly,12045
fermentation,12046
counterproductive,12047
zygote,12048
allegory,12049
tact,12050
abut,12051
provenance,12052
heuristic,12053
whorl,12054
pallet,12055
exhort,12056
nameless,12057
comical,12058
banal,12059
qualm,12060
enigma,12061
storyline,12062
forestall,12063
gnaw,12064
ovulation,12065
tulip,12066
poacher,12067
interpretative,12068
cylindrical,12069
blurt,12070
pitiful,12071
overdrive,12072
taxonomic,12073
urinary,12074
quintessential,12075
enliven,12076
recuperate,12077
jig,12078
indigo,12079
snorkel,12080
terminally,12081
unwarranted,12082
munch,12083
unethical,12084
habitation,12085
stucco,12086
tiptoe,12087
invigorate,12088
comfy,12089
pimp,12090
conceptualization,12091
aphid,12092
fillet,12093
paramedic,12094
radioactivity,12095
ingrain,12096
colliery,12097
stubbornly,12098
uneducated,12099
laminate,12100
patriarchal,12101
flannel,12102
limbo,12103
glen,12104
implore,12105
copier,12106
cum,12107
ecologist,12108
deterrence,12109
quark,12110
arcane,12111
desirability,12112
smudge,12113
twirl,12114
orthopedics,12115
nimble,12116
detractor,12117
electrically,12118
dunk,12119
utopian,12120
softball,12121
agile,12122
nominally,12123
cursory,12124
sweetly,12125
humanist,12126
wiretap,12127
decry,12128
unparalleled,12129
micron,12130
dame,12131
aerosol,12132
adhesion,12133
acceptability,12134
repurchase,12135
barbarian,12136
snob,12137
impossibly,12138
biochemistry,12139
limitless,12140
effigy,12141
defector,12142
kosher,12143
evasive,12144
figurative,12145
speck,12146
dreamy,12147
gobble,12148
crony,12149
exquisitely,12150
holocaust,12151
causality,12152
multidisciplinary,12153
whirlwind,12154
euphemism,12155
repose,12156
coyote,12157
romp,12158
partake,12159
consul,12160
vanguard,12161
brainstorm,12162
vat,12163
minivan,12164
unsolved,12165
slander,12166
befall,12167
curricular,12168
airwave,12169
raffle,12170
condescend,12171
furry,12172
abet,12173
flit,12174
chalet,12175
grubby,12176
starfish,12177
wellbeing,12178
cashmere,12179
billow,12180
wad,12181
unquote,12182
masquerade,12183
blurb,12184
conspicuously,12185
consternation,12186
unproductive,12187
unfettered,12188
impotent,12189
aggrieve,12190
bough,12191
nozzle,12192
manipulator,12193
excitedly,12194
dominion,12195
gallant,12196
incriminate,12197
innocently,12198
booty,12199
immigrate,12200
outfielder,12201
flint,12202
inquisition,12203
nomadic,12204
disjoint,12205
orgy,12206
laud,12207
extradite,12208
molar,12209
preparedness,12210
ephemeral,12211
axle,12212
incarceration,12213
asphalt,12214
corrosion,12215
pullover,12216
subterranean,12217
upshot,12218
pernicious,12219
phosphorus,12220
sedan,12221
frosty,12222
holler,12223
deftly,12224
freestyle,12225
worshipper,12226
internship,12227
femininity,12228
redo,12229
bisexual,12230
ley,12231
lakeside,12232
apologetic,12233
presumptive,12234
astray,12235
sprinter,12236
cistern,12237
resourceful,12238
philosophically,12239
rhino,12240
pip,12241
precept,12242
superstitious,12243
finesse,12244
celery,12245
conundrum,12246
prescriptive,12247
rampart,12248
synthesizer,12249
psychometric,12250
tumultuous,12251
saxophone,12252
synapse,12253
clover,12254
dilate,12255
fruitless,12256
autocratic,12257
disagreeable,12258
amply,12259
emigrant,12260
grouse,12261
communiqué,12262
biomedical,12263
armament,12264
prodigy,12265
lapel,12266
haggle,12267
incongruous,12268
ferocity,12269
proximal,12270
believable,12271
accede,12272
wobbly,12273
pacifist,12274
constitutionally,12275
distasteful,12276
repent,12277
copious,12278
delude,12279
strident,12280
acupuncture,12281
scrawl,12282
sundry,12283
commercialize,12284
morph,12285
righteousness,12286
afoot,12287
meteorologist,12288
lovable,12289
diva,12290
unjustified,12291
politic,12292
profusion,12293
graphite,12294
representational,12295
emulation,12296
impassion,12297
unincorporated,12298
paraphernalia,12299
dutifully,12300
brethren,12301
peroxide,12302
timescale,12303
tut,12304
impotence,12305
belate,12306
supposition,12307
append,12308
harmonization,12309
intermittently,12310
precocious,12311
romanticism,12312
microbial,12313
coinage,12314
fragility,12315
mutiny,12316
numerically,12317
domesticate,12318
hemoglobin,12319
groundbreaking,12320
sanctity,12321
marketable,12322
discord,12323
omelet,12324
recline,12325
expiry,12326
pancreas,12327
settee,12328
permanence,12329
fiver,12330
bygone,12331
hindrance,12332
guarantor,12333
incontinence,12334
sketchy,12335
displease,12336
idly,12337
disquiet,12338
broach,12339
schematic,12340
undefeated,12341
connoisseur,12342
responder,12343
prudence,12344
giraffe,12345
unsuspecting,12346
rowdy,12347
squire,12348
adrift,12349
cyclic,12350
fanatical,12351
meningitis,12352
epithet,12353
immobilize,12354
motet,12355
parchment,12356
responsibly,12357
chunky,12358
overseer,12359
cranberry,12360
conciliatory,12361
antagonistic,12362
chimp,12363
truncate,12364
exasperation,12365
unchecked,12366
fissure,12367
regress,12368
worldview,12369
carelessly,12370
mane,12371
multi,12372
compatriot,12373
noxious,12374
lenient,12375
fruition,12376
brotherhood,12377
godfather,12378
intro,12379
cruelly,12380
dreamer,12381
interlude,12382
multilingual,12383
spurn,12384
mason,12385
fowl,12386
noose,12387
workbook,12388
mister,12389
sinful,12390
conifer,12391
dilapidate,12392
actuality,12393
cocoon,12394
plasmid,12395
truffle,12396
savory,12397
warren,12398
overdraft,12399
brandish,12400
nucleotide,12401
transgenic,12402
minuscule,12403
patently,12404
lee,12405
flawless,12406
dynamism,12407
immunize,12408
teeter,12409
mariner,12410
inducement,12411
amble,12412
munition,12413
magically,12414
extol,12415
slumber,12416
fluff,12417
vignette,12418
comprehensively,12419
tome,12420
inhuman,12421
scotch,12422
condolence,12423
placate,12424
sparrow,12425
snowball,12426
lob,12427
wart,12428
siphon,12429
contemporaneous,12430
sulk,12431
woody,12432
embroil,12433
numeral,12434
renegade,12435
adaptor,12436
subculture,12437
headlong,12438
coincidentally,12439
proportionate,12440
stressor,12441
intolerant,12442
predation,12443
constrict,12444
minimally,12445
porcine,12446
axial,12447
contributory,12448
stammer,12449
caterer,12450
bemoan,12451
appreciable,12452
singularly,12453
camaraderie,12454
helpfully,12455
permissive,12456
rebirth,12457
infiltration,12458
prickly,12459
statehood,12460
carcinoma,12461
flak,12462
fibrosis,12463
sordid,12464
removable,12465
lukewarm,12466
convex,12467
denigrate,12468
stiffly,12469
catchment,12470
wavy,12471
ruefully,12472
tasteful,12473
monopolize,12474
lira,12475
imperialist,12476
licensee,12477
whimper,12478
chariot,12479
punctuality,12480
onus,12481
sympathizer,12482
captor,12483
filibuster,12484
abyss,12485
amalgamate,12486
pronucleus,12487
oversized,12488
interconnection,12489
filth,12490
amygdala,12491
orator,12492
esophagus,12493
thicket,12494
nexus,12495
virtuoso,12496
medalist,12497
abrasive,12498
ethnically,12499
gamut,12500
laborious,12501
archetypal,12502
multiplier,12503
carelessness,12504
genealogy,12505
eloquence,12506
dearth,12507
primal,12508
insular,12509
hardback,12510
interweave,12511
nautical,12512
digitally,12513
stripper,12514
peacock,12515
ping,12516
rupee,12517
proviso,12518
anaerobic,12519
jest,12520
commotion,12521
repaint,12522
patriarch,12523
catheter,12524
archipelago,12525
frailty,12526
equatorial,12527
emotive,12528
divinity,12529
inexorably,12530
swoon,12531
abundantly,12532
foreshadow,12533
oar,12534
undertaker,12535
shrapnel,12536
interject,12537
cricketer,12538
supernova,12539
psychosis,12540
nighttime,12541
spleen,12542
psychosocial,12543
wearily,12544
solder,12545
childbearing,12546
scooter,12547
revisionist,12548
immaterial,12549
conclusively,12550
snug,12551
sedimentary,12552
regroup,12553
sporty,12554
launcher,12555
indeterminate,12556
squid,12557
glee,12558
lavishly,12559
antiquate,12560
archway,12561
menstrual,12562
vocalization,12563
entrée,12564
doggy,12565
neurotransmitter,12566
commemorative,12567
neoclassical,12568
unscathed,12569
monolingual,12570
arbiter,12571
schoolmaster,12572
caustic,12573
polyp,12574
affluence,12575
inappropriately,12576
posse,12577
martyrdom,12578
succinctly,12579
bushy,12580
choreograph,12581
breech,12582
stow,12583
scallop,12584
defunct,12585
dissociation,12586
gratuitous,12587
silky,12588
bequest,12589
disobey,12590
assessor,12591
dynamite,12592
triplet,12593
ineligible,12594
porridge,12595
palatable,12596
slag,12597
stutter,12598
makeover,12599
exonerate,12600
nettle,12601
mythic,12602
dissection,12603
batten,12604
zap,12605
ruthlessly,12606
crudely,12607
ascendancy,12608
smite,12609
admonish,12610
custodial,12611
nationalistic,12612
gymnast,12613
hateful,12614
contiguous,12615
indiscriminate,12616
acreage,12617
healer,12618
directorate,12619
postpartum,12620
daydream,12621
progesterone,12622
sonar,12623
supremely,12624
lifeline,12625
stagnate,12626
ventricle,12627
sidestep,12628
hyperactivity,12629
backtrack,12630
epidemiological,12631
antipathy,12632
fortification,12633
deregulate,12634
reciprocate,12635
yuppy,12636
latency,12637
redecorate,12638
cofounder,12639
infestation,12640
contemptuous,12641
speckle,12642
unspeakable,12643
radiotherapy,12644
ventricular,12645
amorphous,12646
centrality,12647
upfront,12648
impel,12649
milky,12650
suitor,12651
polymerase,12652
troll,12653
dissociate,12654
virulent,12655
misspell,12656
anonymously,12657
cervix,12658
accolade,12659
uncomplicated,12660
bigotry,12661
lightness,12662
magma,12663
disentangle,12664
mystique,12665
spook,12666
distinguishable,12667
crafty,12668
inkjet,12669
sans,12670
vend,12671
acorn,12672
soggy,12673
incessant,12674
polythene,12675
genial,12676
herbicide,12677
triumphantly,12678
adaptability,12679
floodlight,12680
collate,12681
disorderly,12682
fanfare,12683
hulk,12684
quadrant,12685
byproduct,12686
mucus,12687
confrontational,12688
polynomial,12689
yoke,12690
consequential,12691
shellfish,12692
spontaneity,12693
colorless,12694
snowfall,12695
altruism,12696
froth,12697
bridesmaid,12698
carb,12699
quantification,12700
circuitry,12701
rasp,12702
leeway,12703
occult,12704
cobalt,12705
maximal,12706
basalt,12707
tentacle,12708
getaway,12709
giveaway,12710
deliberative,12711
bondage,12712
unconnected,12713
beget,12714
proportionately,12715
commendable,12716
sash,12717
crucify,12718
disorient,12719
wheelbarrow,12720
reposition,12721
sheen,12722
devious,12723
habitually,12724
sentry,12725
cheesy,12726
waterspout,12727
sullen,12728
willfully,12729
candlelight,12730
classically,12731
tearful,12732
seduction,12733
nucleic,12734
chi,12735
uppermost,12736
denunciation,12737
testimonial,12738
recalcitrant,12739
peasantry,12740
antagonize,12741
eviction,12742
insatiable,12743
befit,12744
scuffle,12745
subcontractor,12746
voluminous,12747
reelect,12748
hundredth,12749
inaction,12750
soot,12751
disobedience,12752
czar,12753
martini,12754
gent,12755
epitome,12756
physique,12757
carriageway,12758
ontological,12759
punctual,12760
unreasonably,12761
hooligan,12762
shale,12763
handsomely,12764
transpose,12765
sacrament,12766
grievous,12767
archeological,12768
fragmentary,12769
progeny,12770
catalyze,12771
garb,12772
entwine,12773
justifiably,12774
protease,12775
bogey,12776
umbilical,12777
foundry,12778
perturbation,12779
eyelash,12780
irradiation,12781
daffodil,12782
microfilm,12783
vole,12784
polluter,12785
piglet,12786
geometrical,12787
turnip,12788
soundly,12789
grudgingly,12790
sterilization,12791
quack,12792
chug,12793
singly,12794
homogeneity,12795
cocky,12796
wryly,12797
retro,12798
trafficker,12799
blindfold,12800
pester,12801
deplorable,12802
conqueror,12803
insolvency,12804
bream,12805
brickwork,12806
ketchup,12807
trepidation,12808
helix,12809
conical,12810
gauntlet,12811
typeset,12812
homestead,12813
acetate,12814
mouthpiece,12815
ordination,12816
placid,12817
prostaglandin,12818
retake,12819
swab,12820
brine,12821
situational,12822
hark,12823
executioner,12824
expectant,12825
alibi,12826
amnesia,12827
brazen,12828
collegiate,12829
confidant,12830
destitute,12831
coop,12832
bran,12833
barbaric,12834
demography,12835
arctic,12836
bushel,12837
airspace,12838
scorecard,12839
airlift,12840
objector,12841
rekindle,12842
femur,12843
grapefruit,12844
acidity,12845
commemoration,12846
revulsion,12847
hunk,12848
sixpence,12849
impropriety,12850
hearer,12851
pang,12852
multivariate,12853
heron,12854
instrumentation,12855
acne,12856
usurp,12857
protectionist,12858
judicious,12859
consecrate,12860
inversely,12861
outwardly,12862
implausible,12863
migratory,12864
reassemble,12865
chirp,12866
springboard,12867
afterlife,12868
dale,12869
peacetime,12870
delightfully,12871
preponderance,12872
sled,12873
falsify,12874
flout,12875
obedient,12876
titanium,12877
dehydration,12878
limo,12879
hydroelectric,12880
dismount,12881
addressee,12882
bravado,12883
denude,12884
industrious,12885
mete,12886
espresso,12887
attenuate,12888
frigid,12889
vagary,12890
ethically,12891
breakaway,12892
payback,12893
mitigation,12894
inferiority,12895
nourishment,12896
passively,12897
undisputed,12898
geopolitical,12899
lefty,12900
indenture,12901
adage,12902
headset,12903
cavernous,12904
colt,12905
melodramatic,12906
diagonally,12907
twine,12908
battleship,12909
unhappily,12910
deft,12911
commensurate,12912
barrow,12913
moat,12914
skewer,12915
domicile,12916
shrivel,12917
ineffectual,12918
originator,12919
rebuttal,12920
tactile,12921
spotless,12922
tenacity,12923
modifier,12924
rewind,12925
glut,12926
shareholding,12927
productively,12928
echelon,12929
tenacious,12930
ethnography,12931
hurtful,12932
undetected,12933
interminable,12934
expertly,12935
tombstone,12936
brownie,12937
aboriginal,12938
catchy,12939
rump,12940
scavenge,12941
disallow,12942
profitably,12943
vertebra,12944
repulsive,12945
rapids,12946
issuance,12947
nome,12948
virginity,12949
elm,12950
facilitation,12951
appellate,12952
placard,12953
historiography,12954
madman,12955
winger,12956
fungal,12957
prudential,12958
slither,12959
householder,12960
goddamn,12961
botanist,12962
scrappy,12963
swish,12964
wicker,12965
jumbo,12966
palliative,12967
impervious,12968
enormity,12969
impunity,12970
extravaganza,12971
replete,12972
prank,12973
undocumented,12974
monotone,12975
metaphorically,12976
homecoming,12977
myocardial,12978
shrift,12979
astrology,12980
oceanic,12981
taco,12982
snipe,12983
liberally,12984
tireless,12985
unsteady,12986
annihilate,12987
reunification,12988
monochrome,12989
cheekbone,12990
stigmatize,12991
nee,12992
edict,12993
individualistic,12994
secretariat,12995
polemic,12996
boisterous,12997
polarity,12998
unattended,12999
estimator,13000
slurry,13001
shalt,13002
intelligently,13003
croak,13004
salinity,13005
gipsy,13006
methodical,13007
mandarin,13008
paddock,13009
untold,13010
sprinkler,13011
backcountry,13012
roach,13013
untenable,13014
dissonance,13015
forlorn,13016
lackluster,13017
tectonic,13018
ravine,13019
albatross,13020
nugget,13021
dislocate,13022
giver,13023
unwritten,13024
pylorus,13025
earthy,13026
especial,13027
microcosm,13028
unanticipated,13029
upload,13030
girly,13031
aerodynamic,13032
metamorphosis,13033
foreword,13034
intrepid,13035
searcher,13036
boarder,13037
contaminant,13038
stratify,13039
nebula,13040
freckle,13041
incurable,13042
accordion,13043
photosynthesis,13044
awry,13045
pedagogy,13046
patter,13047
parkland,13048
matt,13049
sectional,13050
splice,13051
circumscribe,13052
introvert,13053
reprogram,13054
caper,13055
burly,13056
concave,13057
pragmatist,13058
stubble,13059
boyish,13060
gash,13061
valentine,13062
assail,13063
manger,13064
exclusivity,13065
illogical,13066
tantamount,13067
testicular,13068
douse,13069
lodger,13070
synopsis,13071
foreclose,13072
gloat,13073
saunter,13074
arrowhead,13075
gramophone,13076
luster,13077
sen,13078
everlasting,13079
preventative,13080
shoddy,13081
savagery,13082
gatekeeper,13083
riverbank,13084
seedy,13085
hazel,13086
extravagance,13087
universality,13088
neuter,13089
terracotta,13090
basil,13091
sensitize,13092
huff,13093
sugarcane,13094
deterministic,13095
preempt,13096
fantasize,13097
slog,13098
reticent,13099
dryly,13100
deceptively,13101
restitution,13102
anchorage,13103
cusp,13104
alcove,13105
bewilderment,13106
tote,13107
businessperson,13108
purposefully,13109
formalism,13110
wrest,13111
molest,13112
epistemic,13113
sardonic,13114
perturb,13115
hypnotic,13116
expletive,13117
termite,13118
drool,13119
renege,13120
elaborately,13121
unwrap,13122
hermit,13123
cowardly,13124
zest,13125
phenotype,13126
pedagogical,13127
charger,13128
cranky,13129
boob,13130
gable,13131
graciously,13132
blip,13133
grumpy,13134
sortie,13135
pursuer,13136
mortgagee,13137
chopper,13138
brainchild,13139
encrypt,13140
oncologist,13141
materiality,13142
loner,13143
congenial,13144
unrecognized,13145
craftsmanship,13146
colloquial,13147
reassessment,13148
convection,13149
spiky,13150
unoccupied,13151
malign,13152
armpit,13153
glade,13154
dialysis,13155
leach,13156
reconnect,13157
registrant,13158
belatedly,13159
silo,13160
hyperactive,13161
touchy,13162
unregulated,13163
polystyrene,13164
coy,13165
splendidly,13166
liaise,13167
shipbuilding,13168
exorbitant,13169
multiparty,13170
diligently,13171
microchip,13172
presupposition,13173
audacious,13174
ode,13175
amalgamation,13176
citadel,13177
wistful,13178
sally,13179
placenta,13180
unambiguously,13181
neonatal,13182
streetlight,13183
seafront,13184
personage,13185
islet,13186
inadequately,13187
unchallenged,13188
whop,13189
oscillate,13190
subordination,13191
semifinal,13192
cystic,13193
hamstring,13194
rover,13195
painless,13196
unstoppable,13197
ethereal,13198
appellant,13199
yummy,13200
escalator,13201
mil,13202
incipient,13203
mascara,13204
japan,13205
arbitrage,13206
blueberry,13207
loco,13208
steamboat,13209
amputation,13210
pocketbook,13211
galactic,13212
unprofitable,13213
dogmatic,13214
silicone,13215
sacrificial,13216
typist,13217
snuggle,13218
blemish,13219
feline,13220
egregious,13221
theirselves,13222
damper,13223
bronchitis,13224
racquet,13225
observant,13226
avian,13227
customization,13228
sapphire,13229
abode,13230
prohibitive,13231
qualitatively,13232
overlie,13233
reflexive,13234
panties,13235
undoubted,13236
kerb,13237
gouge,13238
crevice,13239
citizenry,13240
janitor,13241
nomenclature,13242
invincible,13243
metaphysic,13244
coldness,13245
upstart,13246
unanimity,13247
corrugate,13248
embattled,13249
unfulfilled,13250
nudity,13251
shelve,13252
adjudication,13253
stampede,13254
feverish,13255
mannerism,13256
vindication,13257
pueblo,13258
outpace,13259
afar,13260
eddy,13261
tad,13262
penultimate,13263
absurdly,13264
herpes,13265
consort,13266
pothole,13267
subversion,13268
exhibitor,13269
roman,13270
disfigure,13271
unremarkable,13272
counterparty,13273
botch,13274
keg,13275
nook,13276
dingy,13277
underfoot,13278
mythological,13279
almighty,13280
dour,13281
biodiesel,13282
silica,13283
bridal,13284
costumer,13285
underrate,13286
reek,13287
hyperbole,13288
putter,13289
clipboard,13290
unconcerned,13291
thesaurus,13292
laziness,13293
remittance,13294
trucker,13295
annotation,13296
fixate,13297
notional,13298
transverse,13299
seclusion,13300
concentric,13301
wayside,13302
tradeoff,13303
reclamation,13304
insufficiently,13305
undercurrent,13306
medallion,13307
guillotine,13308
inwardly,13309
dynastic,13310
insignia,13311
cunt,13312
adobe,13313
fickle,13314
veterinarian,13315
midweek,13316
defensible,13317
insurmountable,13318
jurisprudence,13319
apportion,13320
maltreat,13321
immediacy,13322
restlessness,13323
ruddy,13324
gaol,13325
couture,13326
palsy,13327
itinerant,13328
competitively,13329
swath,13330
enmity,13331
jaundice,13332
trombone,13333
picker,13334
pulsar,13335
inquisitive,13336
ecumenical,13337
obsidian,13338
collusion,13339
watermelon,13340
jettison,13341
garland,13342
multifacet,13343
gore,13344
indent,13345
navel,13346
excitation,13347
instantaneously,13348
incendiary,13349
embolden,13350
cyclone,13351
medley,13352
formaldehyde,13353
flue,13354
attractively,13355
lilac,13356
ventilate,13357
evaluative,13358
rejuvenate,13359
illusory,13360
sanguine,13361
colitis,13362
neutralization,13363
jackpot,13364
elation,13365
averse,13366
shambles,13367
antiseptic,13368
diss,13369
yew,13370
sunscreen,13371
inflatable,13372
stocky,13373
whimsical,13374
wastage,13375
monsoon,13376
starboard,13377
atrophy,13378
desegregation,13379
libretto,13380
terse,13381
banjo,13382
rind,13383
inwards,13384
veranda,13385
stent,13386
sadistic,13387
faraway,13388
baritone,13389
fizz,13390
pluralist,13391
misfit,13392
fibrous,13393
uneasiness,13394
clipper,13395
friar,13396
viscous,13397
piazza,13398
dictum,13399
shaker,13400
speedily,13401
cockroach,13402
potty,13403
fiend,13404
newsstand,13405
archer,13406
successively,13407
pummel,13408
linguistically,13409
turntable,13410
repentance,13411
wiper,13412
rodeo,13413
unregistered,13414
entanglement,13415
outboard,13416
inlay,13417
artistry,13418
rebut,13419
portability,13420
dissenter,13421
underfund,13422
chafe,13423
inasmuch,13424
opulent,13425
oxidize,13426
hooker,13427
divest,13428
freighter,13429
pennant,13430
allowable,13431
slaughterhouse,13432
succinct,13433
testicle,13434
inflect,13435
steamy,13436
analyzer,13437
falsehood,13438
sprain,13439
reputedly,13440
forester,13441
informer,13442
treachery,13443
unplanned,13444
peruse,13445
glassy,13446
thrush,13447
sweeten,13448
hypocrite,13449
doe,13450
reestablish,13451
disaffect,13452
mysticism,13453
mightily,13454
junta,13455
enviable,13456
mascot,13457
lumpy,13458
impurity,13459
conveyor,13460
hypnotize,13461
nigh,13462
smoothness,13463
superlative,13464
realignment,13465
docile,13466
staid,13467
megabyte,13468
mutilation,13469
derogatory,13470
stepmother,13471
corset,13472
padlock,13473
slime,13474
exhortation,13475
peacekeeper,13476
puritan,13477
foolishly,13478
nutritionist,13479
florist,13480
bigot,13481
trawl,13482
unassuming,13483
moisturizer,13484
conscript,13485
disinfectant,13486
externality,13487
parapet,13488
pungent,13489
precipitous,13490
toughen,13491
marmalade,13492
gingerly,13493
fervently,13494
antiwar,13495
fetish,13496
dispenser,13497
afresh,13498
furor,13499
nomad,13500
antithesis,13501
populism,13502
obviate,13503
markup,13504
flattery,13505
pauper,13506
decorator,13507
technologist,13508
organically,13509
fidget,13510
unwieldy,13511
hearsay,13512
lemma,13513
tracksuit,13514
trinity,13515
outpouring,13516
confederacy,13517
unbeatable,13518
frenetic,13519
lingua,13520
magnetism,13521
checkout,13522
nobleman,13523
invocation,13524
geneticist,13525
harem,13526
incompatibility,13527
wondrous,13528
quotient,13529
indelible,13530
convoluted,13531
celebratory,13532
tidbit,13533
recklessly,13534
preset,13535
cataract,13536
crochet,13537
dialectic,13538
claret,13539
omnibus,13540
celibacy,13541
dexterity,13542
childlike,13543
chastise,13544
meiotic,13545
conflate,13546
lingerie,13547
unwell,13548
colorectal,13549
incredulous,13550
biosphere,13551
choreography,13552
mafia,13553
craggy,13554
worrisome,13555
inkling,13556
overuse,13557
defenseless,13558
fallow,13559
acquiescence,13560
unmoved,13561
annexation,13562
altruistic,13563
diode,13564
pacify,13565
ebony,13566
snowstorm,13567
folio,13568
archivist,13569
pantheon,13570
tartan,13571
inexorable,13572
mores,13573
extraterrestrial,13574
cajole,13575
emulsion,13576
thermostat,13577
hew,13578
clemency,13579
psychedelic,13580
cartilage,13581
probate,13582
behest,13583
midterm,13584
squawk,13585
incisive,13586
acquittal,13587
trope,13588
intone,13589
impute,13590
rosette,13591
bollock,13592
kicker,13593
supple,13594
deafness,13595
emeritus,13596
asymmetrical,13597
recrimination,13598
nullify,13599
panacea,13600
google,13601
regionally,13602
alkali,13603
dither,13604
irritability,13605
grandstand,13606
rudely,13607
defraud,13608
sternly,13609
adoration,13610
negotiable,13611
inexplicably,13612
rectal,13613
encroachment,13614
effortless,13615
reliever,13616
brunch,13617
burnish,13618
euthanasia,13619
cola,13620
unionism,13621
incomparable,13622
unfairness,13623
intransitive,13624
incapacitate,13625
indisputable,13626
unrelenting,13627
acquiesce,13628
hoarse,13629
shaggy,13630
latex,13631
salmonella,13632
iterative,13633
vouch,13634
plagiarism,13635
parliamentarian,13636
secede,13637
brevity,13638
cosmology,13639
mistreat,13640
milligram,13641
synchronization,13642
middleman,13643
starkly,13644
breakage,13645
grisly,13646
breakout,13647
meaningfully,13648
plaid,13649
intelligentsia,13650
charade,13651
apparition,13652
subsidence,13653
buzzer,13654
opine,13655
zipper,13656
octopus,13657
opportunist,13658
eerily,13659
dioxin,13660
policyholder,13661
despicable,13662
underclass,13663
clique,13664
dyslexia,13665
zealous,13666
tasteless,13667
questioner,13668
brigadier,13669
abnormally,13670
vigilante,13671
headmistress,13672
kink,13673
crescendo,13674
hippocampus,13675
commonsense,13676
firewall,13677
fluoride,13678
extricate,13679
slouch,13680
cellulose,13681
transformational,13682
sidekick,13683
transferable,13684
thoroughbred,13685
puffy,13686
crusty,13687
minstrel,13688
purveyor,13689
plait,13690
unconvincing,13691
aggressor,13692
noisily,13693
blackbird,13694
accretion,13695
spoof,13696
paucity,13697
fawn,13698
reengineer,13699
cauldron,13700
gearbox,13701
salience,13702
prophesy,13703
macabre,13704
fraternal,13705
incessantly,13706
deliverance,13707
lentil,13708
unmistakably,13709
crucifix,13710
inhibitory,13711
turban,13712
enjoin,13713
bawl,13714
suffuse,13715
pulley,13716
transformative,13717
handicraft,13718
hallow,13719
propulsion,13720
blender,13721
untimely,13722
noticeboard,13723
thistle,13724
promiscuous,13725
freehold,13726
quad,13727
psychoanalytic,13728
excruciate,13729
contraption,13730
baboon,13731
levee,13732
rainwater,13733
induct,13734
commoner,13735
heiress,13736
elliptical,13737
statistician,13738
sensuous,13739
sentimentality,13740
prospector,13741
legroom,13742
deformation,13743
nectar,13744
geranium,13745
indiscriminately,13746
bifurcation,13747
mortify,13748
anathema,13749
masterful,13750
unintentionally,13751
jellyfish,13752
upholstery,13753
preconception,13754
interracial,13755
theist,13756
sync,13757
belittle,13758
snoop,13759
penance,13760
audacity,13761
ellipse,13762
concoction,13763
sequester,13764
obtainable,13765
savagely,13766
progenitor,13767
lasagna,13768
chubby,13769
selectivity,13770
midsummer,13771
rapture,13772
knead,13773
generative,13774
acumen,13775
evocation,13776
gurgle,13777
inbreed,13778
debunk,13779
faux,13780
dreadfully,13781
insoluble,13782
rooster,13783
posthumous,13784
steely,13785
carnivore,13786
asparagus,13787
overprice,13788
phonemic,13789
upkeep,13790
mono,13791
inoculate,13792
receivable,13793
deformity,13794
determinism,13795
irrevocably,13796
dryness,13797
minefield,13798
dungeon,13799
poly,13800
coda,13801
antler,13802
pubic,13803
maximization,13804
senile,13805
retinal,13806
mitosis,13807
prewar,13808
wearer,13809
vale,13810
untrained,13811
quench,13812
sultry,13813
arguable,13814
unimpressed,13815
imbibe,13816
perceptible,13817
paltry,13818
constructor,13819
leech,13820
snout,13821
artful,13822
prosodic,13823
walrus,13824
indulgent,13825
pylon,13826
predilection,13827
bayonet,13828
ember,13829
eventuality,13830
incision,13831
dainty,13832
irradiate,13833
reflector,13834
actuarial,13835
chagrin,13836
whittle,13837
corny,13838
spotty,13839
infertile,13840
tinge,13841
petrochemical,13842
intensification,13843
methodically,13844
outlandish,13845
jurist,13846
asp,13847
extrude,13848
blackberry,13849
typeface,13850
deluxe,13851
inoculation,13852
sapien,13853
distributional,13854
unpredictability,13855
crusader,13856
governess,13857
decapitate,13858
reservist,13859
ejaculate,13860
pituitary,13861
ransack,13862
malevolent,13863
amalgam,13864
imam,13865
mediocrity,13866
dote,13867
mope,13868
disengagement,13869
burdensome,13870
cower,13871
suture,13872
fester,13873
plausibly,13874
ominously,13875
integrative,13876
gaunt,13877
multidimensional,13878
epistemological,13879
disburse,13880
bicarbonate,13881
festoon,13882
suction,13883
assuage,13884
mangrove,13885
globular,13886
unsustainable,13887
scone,13888
attitudinal,13889
slacken,13890
conch,13891
amyloid,13892
semantically,13893
ligand,13894
horsepower,13895
weasel,13896
handover,13897
hyperbolic,13898
summation,13899
monotony,13900
dismember,13901
ombudsman,13902
irreverent,13903
ballerina,13904
preservative,13905
airstrip,13906
defamation,13907
capricious,13908
hammock,13909
herbivore,13910
infarction,13911
bullish,13912
gleefully,13913
forthwith,13914
reborn,13915
fruity,13916
crucifixion,13917
perspiration,13918
duress,13919
luminary,13920
anorak,13921
dishearten,13922
militancy,13923
shaman,13924
decadent,13925
workmanship,13926
holiness,13927
oncoming,13928
sideboard,13929
disservice,13930
implantation,13931
preventable,13932
newfound,13933
soviet,13934
steadfast,13935
wimp,13936
headdress,13937
forebear,13938
perishable,13939
faceless,13940
unsurprisingly,13941
rickety,13942
backwater,13943
sparingly,13944
trill,13945
persuasively,13946
billet,13947
schoolmate,13948
polygon,13949
asshole,13950
countdown,13951
hemp,13952
disingenuous,13953
balm,13954
rook,13955
didactic,13956
longitude,13957
finality,13958
unman,13959
multitask,13960
yardstick,13961
motley,13962
inactivity,13963
outhouse,13964
cask,13965
bubbly,13966
springtime,13967
anorexic,13968
naturalize,13969
ire,13970
liqueur,13971
extraneous,13972
approachable,13973
vociferous,13974
rectory,13975
strangeness,13976
torrential,13977
developmentally,13978
courtly,13979
mountainside,13980
nightfall,13981
trimester,13982
geothermal,13983
alternation,13984
showbiz,13985
derision,13986
epicenter,13987
eternally,13988
epithelium,13989
intifada,13990
joker,13991
gen,13992
slayer,13993
blasphemy,13994
frightful,13995
duplex,13996
legalization,13997
seamlessly,13998
recharge,13999
volition,14000
obsolescence,14001
notepad,14002
transfix,14003
gregarious,14004
triad,14005
predominance,14006
demarcation,14007
grasshopper,14008
stricken,14009
wistfully,14010
bossy,14011
forefinger,14012
canny,14013
hippy,14014
abortive,14015
repellent,14016
namesake,14017
abdicate,14018
hernia,14019
cuddly,14020
surly,14021
mousse,14022
patrician,14023
scrum,14024
sensuality,14025
belligerent,14026
couplet,14027
corrosive,14028
extracellular,14029
unmatched,14030
nan,14031
innermost,14032
unconditionally,14033
heinous,14034
lichen,14035
gaudy,14036
amputate,14037
manifestly,14038
bibliographic,14039
sleazy,14040
overreact,14041
caviar,14042
untoward,14043
internationalist,14044
slop,14045
medial,14046
topology,14047
widget,14048
latterly,14049
midfielder,14050
distinctively,14051
crappy,14052
undivided,14053
outage,14054
elk,14055
extrinsic,14056
binomial,14057
judgmental,14058
derange,14059
laughable,14060
empress,14061
podcast,14062
goo,14063
dispossess,14064
absolve,14065
abject,14066
enunciate,14067
crisscross,14068
frigate,14069
bootleg,14070
tundra,14071
cordless,14072
rheumatoid,14073
deciduous,14074
shortstop,14075
stencil,14076
reagent,14077
emissary,14078
primrose,14079
tic,14080
hybridization,14081
heifer,14082
meek,14083
tetanus,14084
proletariat,14085
finder,14086
timbre,14087
vandal,14088
gentleness,14089
confederation,14090
deodorant,14091
extortion,14092
equestrian,14093
sociolinguistic,14094
marsupial,14095
aghast,14096
potion,14097
roomy,14098
vamp,14099
passivity,14100
emblazon,14101
scald,14102
internment,14103
reticence,14104
emblematic,14105
weariness,14106
montage,14107
sampler,14108
overjoy,14109
flotation,14110
warily,14111
eraser,14112
seagull,14113
snowflake,14114
drowsy,14115
uninformed,14116
mantelpiece,14117
retrospectively,14118
blacklist,14119
overspend,14120
continuance,14121
subclass,14122
lyricist,14123
tramway,14124
unseemly,14125
surreptitiously,14126
coca,14127
misinformation,14128
inpatient,14129
wharf,14130
zealot,14131
nonverbal,14132
monoclonal,14133
redraw,14134
chronologically,14135
sickle,14136
reexamine,14137
gynecologist,14138
pathogenesis,14139
introspection,14140
incinerator,14141
viscosity,14142
environ,14143
matinee,14144
immorality,14145
conductivity,14146
desertion,14147
ugliness,14148
submissive,14149
tenderly,14150
parch,14151
upstage,14152
scrupulous,14153
moron,14154
merrily,14155
phonograph,14156
uninhabited,14157
mush,14158
headteacher,14159
cardiology,14160
offshoot,14161
epistemology,14162
croon,14163
unresponsive,14164
expressionist,14165
ballast,14166
milkman,14167
congruence,14168
republicanism,14169
regal,14170
alchemy,14171
stratification,14172
seaport,14173
rapidity,14174
iconography,14175
splatter,14176
itchy,14177
contravene,14178
bearable,14179
plausibility,14180
interrelationship,14181
tortuous,14182
adversarial,14183
shoemaker,14184
ventral,14185
repatriate,14186
throe,14187
sequentially,14188
cardiologist,14189
clink,14190
trundle,14191
stoppage,14192
magnificently,14193
earthworm,14194
coalfield,14195
ding,14196
maul,14197
husbandry,14198
miller,14199
abhor,14200
nonpartisan,14201
raven,14202
uncharted,14203
newt,14204
prosaic,14205
thumbnail,14206
ablaze,14207
geographer,14208
quart,14209
lessee,14210
hubris,14211
conformation,14212
uninteresting,14213
perfectionist,14214
bewitch,14215
frontline,14216
erroneously,14217
cleanly,14218
untested,14219
rollover,14220
methanol,14221
fortitude,14222
cob,14223
inconsequential,14224
indigestion,14225
sneaky,14226
comparability,14227
adjudicate,14228
homegrown,14229
clang,14230
stairwell,14231
grimy,14232
disbelieve,14233
armory,14234
ventilator,14235
tong,14236
yuan,14237
drunkenness,14238
claustrophobic,14239
snicker,14240
scythe,14241
dispensation,14242
ethylene,14243
illiteracy,14244
neurosis,14245
aberrant,14246
demonstrably,14247
postnatal,14248
merciless,14249
oratory,14250
slough,14251
doorman,14252
pacific,14253
nitric,14254
mammogram,14255
remoteness,14256
tumbler,14257
valet,14258
profane,14259
tuber,14260
marcher,14261
sesame,14262
clueless,14263
digression,14264
shard,14265
chromatic,14266
interactional,14267
nativity,14268
humbly,14269
quadratic,14270
eponymous,14271
cipher,14272
trusty,14273
extrovert,14274
maestro,14275
aesthetically,14276
obstetrician,14277
tor,14278
musty,14279
misbehave,14280
crispy,14281
concealment,14282
hotelier,14283
slimy,14284
dermatologist,14285
tat,14286
troublemaker,14287
asthmatic,14288
chronicler,14289
derby,14290
dugout,14291
disqualification,14292
moisten,14293
identically,14294
untapped,14295
grizzly,14296
guerilla,14297
energetically,14298
cackle,14299
ark,14300
jaguar,14301
glower,14302
scorpion,14303
irrevocable,14304
crass,14305
veal,14306
unending,14307
loath,14308
jay,14309
abstention,14310
ethicist,14311
grinder,14312
constriction,14313
madden,14314
sunburn,14315
indignity,14316
rick,14317
oppossum,14318
vegan,14319
tusk,14320
venomous,14321
eczema,14322
heartless,14323
multiculturalism,14324
shameless,14325
crunchy,14326
snappy,14327
nicety,14328
serviceable,14329
whir,14330
minutia,14331
tirelessly,14332
berate,14333
subcontract,14334
unchanging,14335
judo,14336
sidebar,14337
pique,14338
gunpowder,14339
controllable,14340
abatement,14341
tracer,14342
irate,14343
cairn,14344
pillage,14345
reversion,14346
ordnance,14347
causative,14348
disembody,14349
prefrontal,14350
sentinel,14351
subsist,14352
cauliflower,14353
vanquish,14354
synchronous,14355
leer,14356
deacon,14357
unfaithful,14358
rioter,14359
internationalism,14360
coolness,14361
puzzlement,14362
desist,14363
pathos,14364
mermaid,14365
astride,14366
sardine,14367
rearrangement,14368
yearbook,14369
demonic,14370
insinuate,14371
flowery,14372
aficionado,14373
masturbation,14374
introspective,14375
stratosphere,14376
methadone,14377
fluidity,14378
deleterious,14379
vagrant,14380
unsympathetic,14381
prologue,14382
discontinuous,14383
diphtheria,14384
retrograde,14385
stylus,14386
transact,14387
vandalize,14388
scamper,14389
generalist,14390
unobtrusive,14391
conjugate,14392
selfless,14393
associative,14394
recluse,14395
unintentional,14396
olfactory,14397
zenith,14398
saber,14399
viola,14400
glutamate,14401
brainwash,14402
relaunch,14403
gullible,14404
dolly,14405
iodine,14406
misjudge,14407
boardwalk,14408
interstellar,14409
frugal,14410
tiller,14411
refrigeration,14412
frontrunner,14413
screener,14414
authenticate,14415
aggressiveness,14416
unaccustomed,14417
excretion,14418
wiry,14419
juggernaut,14420
feral,14421
bookshelf,14422
unsecured,14423
insensitivity,14424
repugnant,14425
leaky,14426
unconvinced,14427
particulate,14428
stymie,14429
eminence,14430
stipend,14431
clank,14432
overburden,14433
uptown,14434
loiter,14435
insolvent,14436
girth,14437
diurnal,14438
affray,14439
aquifer,14440
lifeguard,14441
eulogy,14442
rabid,14443
evince,14444
polypeptide,14445
extermination,14446
straggle,14447
bacillus,14448
pecan,14449
pluralistic,14450
incandescent,14451
humanistic,14452
sputter,14453
depreciate,14454
unsold,14455
dramatist,14456
demote,14457
internationalization,14458
bookie,14459
episcopal,14460
beret,14461
slugger,14462
homogenous,14463
yellowish,14464
unplug,14465
supercomputer,14466
starling,14467
diabolical,14468
mottle,14469
horseshoe,14470
holster,14471
duality,14472
strum,14473
firmness,14474
machination,14475
faithfulness,14476
chatty,14477
beck,14478
conscription,14479
foretell,14480
knacker,14481
escarpment,14482
tussle,14483
undertone,14484
transposition,14485
indecision,14486
candidly,14487
spanner,14488
governorship,14489
firepower,14490
mechanistic,14491
obliquely,14492
inadvertent,14493
hopper,14494
poodle,14495
windswept,14496
sustenance,14497
autonomic,14498
postcode,14499
bouncer,14500
mistletoe,14501
midlife,14502
blissful,14503
fishy,14504
formulaic,14505
spoonful,14506
agnostic,14507
lubricant,14508
penniless,14509
albumin,14510
ecologically,14511
footbridge,14512
depositor,14513
jukebox,14514
itemize,14515
spender,14516
viciously,14517
impregnate,14518
collectable,14519
straightaway,14520
peeve,14521
reinvestment,14522
undemocratic,14523
plasticity,14524
prehistory,14525
calve,14526
incapacity,14527
particularity,14528
sporadically,14529
demented,14530
revile,14531
disincentive,14532
overpay,14533
protestation,14534
idiosyncrasy,14535
sandbag,14536
inhalation,14537
aural,14538
kindred,14539
reorder,14540
solver,14541
assignee,14542
rabies,14543
tassel,14544
fang,14545
overpopulation,14546
kindle,14547
scavenger,14548
battlement,14549
miscalculation,14550
crustacean,14551
seabird,14552
unstructured,14553
lineman,14554
resettle,14555
whoa,14556
threefold,14557
thoroughness,14558
dossier,14559
corrode,14560
neutrino,14561
allegorical,14562
emancipate,14563
cobweb,14564
gallows,14565
diminution,14566
facile,14567
transcendental,14568
adduce,14569
argumentative,14570
machete,14571
alfalfa,14572
cremation,14573
dumpling,14574
amicable,14575
morsel,14576
kebab,14577
subconsciously,14578
catwalk,14579
mutton,14580
buoyancy,14581
achiever,14582
reinvigorate,14583
unpretentious,14584
cowardice,14585
enchantment,14586
biennial,14587
scrapbook,14588
firefight,14589
officiate,14590
transitory,14591
programmable,14592
attainable,14593
demur,14594
equalizer,14595
preconceive,14596
cypress,14597
protestant,14598
fizzle,14599
readjust,14600
menial,14601
flamenco,14602
unsightly,14603
answerable,14604
bluster,14605
unmask,14606
gondola,14607
concordance,14608
bassist,14609
solvency,14610
bulwark,14611
infatuation,14612
inhospitable,14613
diploid,14614
stabilizer,14615
lumen,14616
nemesis,14617
desolation,14618
cancerous,14619
sabbatical,14620
mollusk,14621
absenteeism,14622
blithely,14623
undefined,14624
frontage,14625
theism,14626
warplane,14627
mesa,14628
impartiality,14629
chub,14630
fanny,14631
innuendo,14632
castigate,14633
telephony,14634
mournful,14635
alum,14636
sultan,14637
dynamically,14638
polyethylene,14639
scab,14640
fete,14641
harshness,14642
syllabic,14643
lethargy,14644
benevolence,14645
immobile,14646
nuke,14647
diffraction,14648
unsavory,14649
antelope,14650
purportedly,14651
carmaker,14652
heretic,14653
indebtedness,14654
divider,14655
proportionality,14656
flagrant,14657
transvestite,14658
requisition,14659
gladiator,14660
oracle,14661
artistically,14662
nifty,14663
exhilaration,14664
finisher,14665
workday,14666
descriptor,14667
indiscretion,14668
triglyceride,14669
recitation,14670
slowness,14671
distillation,14672
anachronistic,14673
bistro,14674
scruple,14675
beaker,14676
wanton,14677
coincidental,14678
demonstrative,14679
bittersweet,14680
thresh,14681
unfashionable,14682
woefully,14683
swat,14684
bookkeeping,14685
yeoman,14686
yelp,14687
navigational,14688
remix,14689
contraband,14690
reassuringly,14691
shanty,14692
premiership,14693
goad,14694
chateau,14695
soulful,14696
salutary,14697
confederate,14698
refreshingly,14699
indistinct,14700
kitsch,14701
sprig,14702
portraiture,14703
coexistence,14704
splurge,14705
egalitarianism,14706
oft,14707
liberator,14708
amphetamine,14709
bonanza,14710
covariance,14711
changeable,14712
homogenize,14713
retraction,14714
imprecise,14715
avow,14716
psycho,14717
perforate,14718
admonition,14719
paternalistic,14720
condominium,14721
gingerbread,14722
aneurysm,14723
affable,14724
rosemary,14725
convulsion,14726
som,14727
bobby,14728
priory,14729
storefront,14730
rhythmically,14731
policewoman,14732
empathize,14733
fleck,14734
piggy,14735
dram,14736
reconfigure,14737
trumpeter,14738
fluster,14739
bitmap,14740
paddy,14741
precautionary,14742
pulsate,14743
meaty,14744
freaky,14745
movable,14746
atrocious,14747
cog,14748
splutter,14749
legible,14750
bide,14751
presage,14752
unannounced,14753
garish,14754
ostrich,14755
plop,14756
townspeople,14757
intricately,14758
tawny,14759
businesslike,14760
alto,14761
positional,14762
tequila,14763
swastika,14764
mauve,14765
relegation,14766
ganglion,14767
chastity,14768
cleverness,14769
impresario,14770
oppositional,14771
propane,14772
epiphany,14773
crockery,14774
bramble,14775
waken,14776
histone,14777
cologne,14778
neurology,14779
vagueness,14780
frond,14781
expediency,14782
firefly,14783
tendril,14784
scalar,14785
unionize,14786
eugenic,14787
sop,14788
reincarnation,14789
compressor,14790
lactate,14791
livid,14792
quayside,14793
disappointingly,14794
embalm,14795
opiate,14796
etiology,14797
spectroscopy,14798
meld,14799
horny,14800
perfunctory,14801
eatery,14802
gauze,14803
nape,14804
overblown,14805
megawatt,14806
caramel,14807
approvingly,14808
racetrack,14809
buzzard,14810
ideologue,14811
draconian,14812
opportunism,14813
debase,14814
overstep,14815
humanly,14816
unsophisticated,14817
rota,14818
endocrine,14819
sweetener,14820
spectrometer,14821
adjutant,14822
parson,14823
antebellum,14824
resettlement,14825
tribulation,14826
bracken,14827
minion,14828
dateline,14829
dyslexic,14830
rightfully,14831
terry,14832
materialist,14833
constructively,14834
dandy,14835
libido,14836
tormentor,14837
avatar,14838
chromosomal,14839
antenatal,14840
shortlist,14841
signer,14842
infidel,14843
sloth,14844
jokingly,14845
skylight,14846
artichoke,14847
horoscope,14848
malleable,14849
pail,14850
undiscovered,14851
solidity,14852
knitter,14853
infirmary,14854
scrupulously,14855
endothelial,14856
bluegrass,14857
conductance,14858
interpolation,14859
amphitheater,14860
scholastic,14861
paternity,14862
sedative,14863
annihilation,14864
pussy,14865
botany,14866
feller,14867
townhouse,14868
quantifiable,14869
domesticity,14870
counterintuitive,14871
acrosome,14872
multiplex,14873
strenuously,14874
lubricate,14875
outlier,14876
ensconce,14877
overcast,14878
chairperson,14879
mirth,14880
flirtation,14881
orb,14882
quorum,14883
newsprint,14884
untie,14885
counterweight,14886
totter,14887
mishandle,14888
scree,14889
integrator,14890
slut,14891
emboss,14892
evaluator,14893
participle,14894
abscess,14895
overbear,14896
valiant,14897
florid,14898
biofuel,14899
tadpole,14900
deathbed,14901
joystick,14902
ammonium,14903
basilica,14904
fiesta,14905
physiotherapist,14906
corduroy,14907
jerky,14908
wisp,14909
mausoleum,14910
playroom,14911
suburbia,14912
unharmed,14913
ingestion,14914
reformulate,14915
personification,14916
dandelion,14917
harbinger,14918
languid,14919
idiotic,14920
businesswoman,14921
methyl,14922
idleness,14923
unforgivable,14924
diplomatically,14925
inductive,14926
hairline,14927
heretofore,14928
rhetorically,14929
calmness,14930
schism,14931
oboe,14932
kinsman,14933
niggle,14934
leek,14935
reconsideration,14936
dun,14937
grapevine,14938
recursive,14939
infallible,14940
unfunded,14941
irritant,14942
bisect,14943
homemaker,14944
condor,14945
stupidly,14946
corral,14947
humorist,14948
restroom,14949
westerner,14950
humanism,14951
soundness,14952
dud,14953
squalor,14954
shockingly,14955
lien,14956
topographical,14957
tribesman,14958
waistband,14959
reverie,14960
playfully,14961
inordinate,14962
chivalry,14963
streamer,14964
startlingly,14965
restful,14966
mastectomy,14967
heartache,14968
reverberation,14969
posthumously,14970
intermingle,14971
decently,14972
loin,14973
unfurl,14974
boldness,14975
squalid,14976
possessor,14977
hob,14978
recklessness,14979
cognac,14980
enamor,14981
robustness,14982
supersonic,14983
combative,14984
acrobatic,14985
doable,14986
ointment,14987
galore,14988
nab,14989
haploid,14990
churchman,14991
ramshackle,14992
grotto,14993
summarily,14994
democratize,14995
capitulate,14996
groovy,14997
constancy,14998
regale,14999
directness,15000
twang,15001
monolith,15002
ditto,15003
annul,15004
marvelously,15005
gruff,15006
intergovernmental,15007
pheromone,15008
sugary,15009
perinatal,15010
rhododendron,15011
logger,15012
tango,15013
thereto,15014
lard,15015
appeasement,15016
circumcision,15017
qua,15018
pomp,15019
ontology,15020
rectum,15021
normalcy,15022
lifelike,15023
laxative,15024
recombinant,15025
gnome,15026
homo,15027
distinctiveness,15028
bilingualism,15029
contort,15030
paintbrush,15031
bespeak,15032
offhand,15033
carnation,15034
executable,15035
artifice,15036
portico,15037
cognizant,15038
godmother,15039
bookshelves,15040
dictatorial,15041
coder,15042
pharmacology,15043
earshot,15044
contextualize,15045
fortuitous,15046
refit,15047
recombination,15048
vindictive,15049
nova,15050
petitioner,15051
fungicide,15052
clumsily,15053
oblong,15054
segmental,15055
decadence,15056
dizziness,15057
telecast,15058
secularism,15059
glaucoma,15060
spatter,15061
implode,15062
recyclable,15063
uneventful,15064
errant,15065
annexe,15066
forte,15067
magpie,15068
rhubarb,15069
distributive,15070
oncology,15071
unmet,15072
idolize,15073
readability,15074
travesty,15075
cad,15076
lonesome,15077
spool,15078
prance,15079
necrosis,15080
minder,15081
tightness,15082
transitivity,15083
grime,15084
intercom,15085
mayoral,15086
cutout,15087
gaseous,15088
unrivalled,15089
deliciously,15090
inactivate,15091
wily,15092
raze,15093
awkwardness,15094
militiaman,15095
oversimplify,15096
celiac,15097
fondle,15098
unofficially,15099
longterm,15100
swelter,15101
nondescript,15102
workspace,15103
veracity,15104
breadwinner,15105
boogie,15106
slat,15107
foment,15108
electrostatic,15109
surgically,15110
realtor,15111
lopsided,15112
ilk,15113
proportionally,15114
epilogue,15115
roundup,15116
quasar,15117
princely,15118
snigger,15119
discordant,15120
adopter,15121
odious,15122
pagoda,15123
reinstatement,15124
positivism,15125
somersault,15126
indignantly,15127
gravestone,15128
coursework,15129
detritus,15130
contemplative,15131
grownup,15132
verandah,15133
trove,15134
repulse,15135
uptight,15136
clearinghouse,15137
precariously,15138
assertiveness,15139
wintry,15140
puke,15141
purview,15142
truism,15143
toolbox,15144
madrigal,15145
homepage,15146
supranational,15147
luscious,15148
feisty,15149
funerary,15150
incredulity,15151
cognate,15152
permeability,15153
platitude,15154
tastefully,15155
mechanization,15156
inscrutable,15157
crotch,15158
unnaturally,15159
macaque,15160
monosyllabic,15161
bouncy,15162
stroller,15163
projectile,15164
disrespectful,15165
plotter,15166
paradigmatic,15167
embellishment,15168
squeaky,15169
hairpin,15170
redeploy,15171
carcinogen,15172
chlorophyll,15173
fen,15174
northerly,15175
costar,15176
unexplored,15177
tracker,15178
temperance,15179
mildew,15180
hieroglyphic,15181
tepid,15182
episodic,15183
preterm,15184
falsity,15185
reinterpret,15186
paleontologist,15187
blissfully,15188
thong,15189
nonsensical,15190
epitaph,15191
pall,15192
ponytail,15193
mullah,15194
caster,15195
pap,15196
bro,15197
expressway,15198
intimation,15199
factional,15200
neurologist,15201
thyme,15202
unopened,15203
misinterpretation,15204
ocher,15205
mucosal,15206
equine,15207
bohemian,15208
loony,15209
cobbler,15210
quiescent,15211
girdle,15212
cyanide,15213
smatter,15214
bodice,15215
tuxedo,15216
trite,15217
anemone,15218
lockout,15219
hygienic,15220
decrepit,15221
lazily,15222
obstructive,15223
totem,15224
unaccompanied,15225
interventionist,15226
ulcerative,15227
abridge,15228
conciliation,15229
matrimonial,15230
parlance,15231
quieten,15232
redevelop,15233
appendage,15234
hyphen,15235
gaggle,15236
unproven,15237
gloriously,15238
biometric,15239
mackerel,15240
highbrow,15241
immutable,15242
duster,15243
checkbook,15244
equivocal,15245
jihadist,15246
unattainable,15247
simile,15248
lectern,15249
orchestration,15250
dictation,15251
kerosene,15252
clobber,15253
ruse,15254
decommission,15255
horticultural,15256
splay,15257
epileptic,15258
throwback,15259
bunt,15260
pate,15261
cyber,15262
heirloom,15263
autoimmune,15264
womanhood,15265
providence,15266
cinder,15267
anachronism,15268
encampment,15269
kudos,15270
preheat,15271
dinar,15272
eventful,15273
disown,15274
pessimist,15275
acrimonious,15276
relativism,15277
analytically,15278
glyph,15279
appreciably,15280
unreported,15281
nonviolent,15282
jaunt,15283
restorative,15284
irregularly,15285
whirlpool,15286
eke,15287
actuary,15288
pathogenic,15289
thunderous,15290
uninhibited,15291
aggravation,15292
suckle,15293
precipice,15294
breathlessly,15295
chromatin,15296
typhoon,15297
latte,15298
aorta,15299
moribund,15300
melatonin,15301
stunningly,15302
interwar,15303
rephrase,15304
wholemeal,15305
shareowner,15306
smock,15307
bombshell,15308
reflectance,15309
preseason,15310
exterminate,15311
tacitly,15312
motivator,15313
serenade,15314
rote,15315
rotational,15316
nonproliferation,15317
idiocy,15318
eave,15319
merciful,15320
panache,15321
archeologist,15322
dialectical,15323
codification,15324
brunette,15325
blanch,15326
titan,15327
physiologist,15328
regimental,15329
redden,15330
doctrinal,15331
quandary,15332
playgroup,15333
fossilize,15334
croft,15335
workaholic,15336
rile,15337
impersonation,15338
ticker,15339
ergonomic,15340
diocesan,15341
pelican,15342
chipset,15343
forceps,15344
utilitarianism,15345
complainant,15346
seaboard,15347
deflection,15348
quietness,15349
unsupported,15350
blastomere,15351
gusto,15352
currant,15353
resuscitation,15354
girder,15355
scalpel,15356
substandard,15357
orifice,15358
erudite,15359
voodoo,15360
heartburn,15361
realign,15362
payload,15363
campfire,15364
pushy,15365
laudable,15366
compendium,15367
mercilessly,15368
trinket,15369
excrete,15370
overleaf,15371
habitable,15372
condescension,15373
curd,15374
metrical,15375
outrageously,15376
fatherhood,15377
chow,15378
gaffe,15379
promontory,15380
impeccably,15381
malignancy,15382
capacitor,15383
dishonor,15384
forefather,15385
sucrose,15386
obstinate,15387
confiscation,15388
diamondback,15389
unleaded,15390
automaton,15391
adjournment,15392
primeval,15393
laity,15394
snooze,15395
sufficiency,15396
cavalier,15397
planetarium,15398
regressive,15399
sawdust,15400
headless,15401
chieftain,15402
nonstandard,15403
redouble,15404
shrewdly,15405
uncritical,15406
stratigraphic,15407
pipette,15408
pacemaker,15409
naturalism,15410
cremate,15411
antiquarian,15412
hypertext,15413
dong,15414
lawless,15415
forebode,15416
pneumatic,15417
sportswear,15418
ponderous,15419
stewardess,15420
unstressed,15421
astrologer,15422
assiduously,15423
rudeness,15424
ream,15425
tubule,15426
irrelevance,15427
locust,15428
tranquilizer,15429
attentively,15430
sax,15431
frieze,15432
commandeer,15433
partridge,15434
snobbery,15435
freshen,15436
skunk,15437
idiomatic,15438
tactful,15439
morgue,15440
ungrateful,15441
implacable,15442
july,15443
chiffon,15444
immortalize,15445
credo,15446
embitter,15447
fairground,15448
deflation,15449
lotus,15450
breather,15451
salami,15452
pox,15453
haughty,15454
hypothermia,15455
misdeed,15456
interment,15457
amen,15458
jangle,15459
brackish,15460
rootstock,15461
regent,15462
renter,15463
irreplaceable,15464
toot,15465
showy,15466
nodule,15467
meow,15468
honk,15469
journeyman,15470
crèche,15471
silverware,15472
workmate,15473
arranger,15474
hilt,15475
weirdly,15476
manganese,15477
desiccation,15478
extrapolation,15479
roundly,15480
legume,15481
musket,15482
ably,15483
decoy,15484
inculcate,15485
puree,15486
urea,15487
interoperability,15488
ascetic,15489
vestibule,15490
acetic,15491
solute,15492
steadfastly,15493
urinate,15494
crewman,15495
hedonism,15496
kilt,15497
gluten,15498
downwind,15499
payday,15500
motorize,15501
extinguisher,15502
laterally,15503
perversion,15504
lollipop,15505
vehement,15506
unseat,15507
choppy,15508
addendum,15509
bloodless,15510
betterment,15511
positivist,15512
twitter,15513
reveler,15514
irrepressible,15515
palazzo,15516
liven,15517
heredity,15518
blower,15519
skit,15520
valor,15521
sculptural,15522
disembark,15523
lathe,15524
recoverable,15525
wanderer,15526
travail,15527
tumult,15528
organelle,15529
diction,15530
anus,15531
aphorism,15532
bungle,15533
sulfide,15534
beau,15535
fastball,15536
concord,15537
outwards,15538
taster,15539
racy,15540
evacuee,15541
cheetah,15542
opacity,15543
underperform,15544
newscast,15545
watchman,15546
stupendous,15547
ladle,15548
wildness,15549
burp,15550
goblet,15551
escapade,15552
homophobic,15553
essayist,15554
distillery,15555
atonement,15556
scoreboard,15557
isolationist,15558
hunker,15559
guesthouse,15560
thingy,15561
infirm,15562
heparin,15563
percolate,15564
nosy,15565
pectoral,15566
aegis,15567
uncharacteristically,15568
marginalization,15569
uncharacteristic,15570
decorum,15571
prosthetic,15572
animator,15573
deductive,15574
jitter,15575
sleet,15576
handlebar,15577
cannibalism,15578
shrinkage,15579
polyphony,15580
latrine,15581
canary,15582
transcriber,15583
millisecond,15584
tripartite,15585
shipper,15586
whet,15587
interpolate,15588
subcontinent,15589
nauseate,15590
abysmal,15591
transgress,15592
reconvene,15593
undifferentiated,15594
incisor,15595
atheism,15596
excitable,15597
swig,15598
thereon,15599
succulent,15600
appetizer,15601
tirade,15602
internalization,15603
fanaticism,15604
bullock,15605
adverbial,15606
lactose,15607
crystallization,15608
bridegroom,15609
misnomer,15610
dint,15611
symbiotic,15612
telex,15613
pejorative,15614
cadmium,15615
fizzy,15616
nutmeg,15617
misbehavior,15618
duckling,15619
puny,15620
radiance,15621
cuticle,15622
apologist,15623
electrolyte,15624
immeasurably,15625
wellness,15626
thereabout,15627
anode,15628
cheesecake,15629
demonstrable,15630
hustler,15631
penthouse,15632
twinge,15633
wether,15634
seabed,15635
kiddy,15636
sarcastically,15637
blankly,15638
dank,15639
trellis,15640
constitutionality,15641
dept,15642
pharmacological,15643
aimlessly,15644
quaver,15645
litigant,15646
teethe,15647
speechwriter,15648
berserk,15649
cornfield,15650
lawlessness,15651
beholder,15652
receptacle,15653
militarism,15654
hatchet,15655
hearse,15656
indecency,15657
kingship,15658
gnarl,15659
psychotherapist,15660
bop,15661
racecourse,15662
ado,15663
oppressor,15664
retinue,15665
tern,15666
prion,15667
shew,15668
infantile,15669
resuscitate,15670
contra,15671
reprise,15672
cordially,15673
windowsill,15674
hast,15675
unyielding,15676
aqueous,15677
bipartisanship,15678
obsessively,15679
headstone,15680
connote,15681
goof,15682
molt,15683
slink,15684
accost,15685
contagion,15686
interlink,15687
preen,15688
mirage,15689
violator,15690
dowry,15691
felicity,15692
magenta,15693
denizen,15694
hypothalamus,15695
rattlesnake,15696
provost,15697
woodpecker,15698
boatman,15699
elope,15700
checkup,15701
vicarious,15702
critter,15703
venerate,15704
cappuccino,15705
farmyard,15706
pusher,15707
redwood,15708
acquirer,15709
canton,15710
imitator,15711
frothy,15712
boundless,15713
contravention,15714
corkscrew,15715
unaltered,15716
avidly,15717
unclean,15718
declarative,15719
voracious,15720
spinster,15721
insubstantial,15722
easygoing,15723
cosmological,15724
histogram,15725
probabilistic,15726
sapling,15727
spiny,15728
acrobat,15729
unlicensed,15730
sodden,15731
sociability,15732
magnificence,15733
boggle,15734
phonetically,15735
featureless,15736
frankness,15737
chromium,15738
calcite,15739
paragon,15740
multiracial,15741
prefect,15742
overvalue,15743
multicolored,15744
foolishness,15745
adamantly,15746
searchlight,15747
whaler,15748
liquidator,15749
premeditate,15750
attractor,15751
admin,15752
subcategory,15753
rouge,15754
heathen,15755
quintet,15756
poplar,15757
superscript,15758
unsung,15759
outgrowth,15760
punishable,15761
gorse,15762
bedevil,15763
polygraph,15764
covertly,15765
proletarian,15766
sedimentation,15767
visor,15768
commandant,15769
masterly,15770
neoconservative,15771
topsoil,15772
ionic,15773
anarchic,15774
moldy,15775
septum,15776
individualist,15777
royalist,15778
polemical,15779
ionize,15780
cloakroom,15781
sheik,15782
cynically,15783
impressionable,15784
argumentation,15785
demonize,15786
disloyal,15787
brocade,15788
jubilant,15789
osmotic,15790
phenomenological,15791
authorial,15792
fantastically,15793
squelch,15794
everytime,15795
touchstone,15796
toiletry,15797
incrementally,15798
joist,15799
unzip,15800
homophobia,15801
fastidious,15802
backhand,15803
jibe,15804
underpay,15805
scullery,15806
euphoric,15807
fission,15808
sheaf,15809
invisibility,15810
whomever,15811
unbounded,15812
physiotherapy,15813
syndication,15814
statuette,15815
messianic,15816
exorcize,15817
dispassionate,15818
outwit,15819
rightness,15820
shyly,15821
kaleidoscope,15822
reactivate,15823
orthogonal,15824
bludgeon,15825
kickback,15826
unscrew,15827
perversely,15828
southerly,15829
subservient,15830
extort,15831
lilt,15832
impound,15833
mnemonic,15834
steeple,15835
determinedly,15836
unaided,15837
squall,15838
symphonic,15839
snog,15840
circulatory,15841
nebulous,15842
toolbar,15843
collocation,15844
gambit,15845
bullpen,15846
seatbelt,15847
feudalism,15848
microbiology,15849
hanker,15850
devotional,15851
dutiful,15852
interferon,15853
supplementation,15854
tenfold,15855
minimization,15856
mechanize,15857
uncontrollably,15858
soya,15859
venison,15860
resplendent,15861
orbiter,15862
acuity,15863
furtive,15864
arty,15865
headhunter,15866
avoidable,15867
anemic,15868
unworkable,15869
vilify,15870
spinoff,15871
infective,15872
marshmallow,15873
celibate,15874
knighthood,15875
doubter,15876
metastasis,15877
hubby,15878
pedantic,15879
reappraisal,15880
loll,15881
sensitively,15882
bumble,15883
commercialism,15884
deconstruction,15885
angelic,15886
vengeful,15887
tabulate,15888
enhancer,15889
lingo,15890
underage,15891
fireball,15892
heft,15893
aromatherapy,15894
paratrooper,15895
entreaty,15896
unquestioned,15897
sherd,15898
thanksgiving,15899
copulation,15900
metaphoric,15901
igneous,15902
fiat,15903
thoughtless,15904
guesswork,15905
grammatically,15906
catamaran,15907
untouchable,15908
tedium,15909
nefarious,15910
alertness,15911
impolite,15912
bottomless,15913
metabolize,15914
irreconcilable,15915
stopper,15916
foursome,15917
linoleum,15918
sphinx,15919
aforesaid,15920
silken,15921
spatially,15922
conduction,15923
interlace,15924
hoover,15925
dichotomous,15926
handiwork,15927
shoplift,15928
concourse,15929
lanky,15930
midtown,15931
resistor,15932
enmesh,15933
cobblestone,15934
subtraction,15935
dovetail,15936
surety,15937
luminosity,15938
shitty,15939
sarcophagus,15940
omnipresent,15941
irk,15942
granular,15943
actionable,15944
leathery,15945
customarily,15946
exult,15947
typescript,15948
schoolhouse,15949
disbursement,15950
centrifugal,15951
sheikh,15952
quagmire,15953
bard,15954
coloration,15955
embezzlement,15956
newness,15957
papacy,15958
ingratiate,15959
lactation,15960
aphrodisiac,15961
tuner,15962
unabated,15963
groupie,15964
litmus,15965
fricative,15966
naively,15967
onshore,15968
disturbingly,15969
genitalia,15970
hellish,15971
antislavery,15972
needlessly,15973
paternalism,15974
windsurfer,15975
feverishly,15976
videoconference,15977
potentiality,15978
muslin,15979
canter,15980
viaduct,15981
northernmost,15982
thermonuclear,15983
capsize,15984
rascal,15985
windowless,15986
weir,15987
alderman,15988
undaunted,15989
wick,15990
wannabe,15991
vaudeville,15992
homologous,15993
abseil,15994
degenerative,15995
offbeat,15996
fjord,15997
sluice,15998
staunchly,15999
android,16000
pucker,16001
silage,16002
passable,16003
mushy,16004
cogent,16005
gargantuan,16006
preeminent,16007
redefinition,16008
macrophage,16009
shapely,16010
horticulture,16011
riser,16012
coliseum,16013
guardsman,16014
feathery,16015
birthright,16016
unpalatable,16017
loam,16018
profusely,16019
stiletto,16020
gory,16021
cadaver,16022
burr,16023
apostrophe,16024
playmate,16025
explicate,16026
chaste,16027
apologetically,16028
mineralogy,16029
mandible,16030
principality,16031
tithe,16032
candlestick,16033
analgesic,16034
sweatshop,16035
spat,16036
interrogative,16037
ratchet,16038
unobserved,16039
teletext,16040
slippage,16041
nongovernmental,16042
motorcade,16043
shirk,16044
nous,16045
beater,16046
yum,16047
godly,16048
polyphonic,16049
forecourt,16050
dapper,16051
apolitical,16052
rumple,16053
undeterred,16054
greenish,16055
outrun,16056
colonnade,16057
outmode,16058
retrenchment,16059
collude,16060
scoot,16061
misstep,16062
presumptuous,16063
earthenware,16064
hubbub,16065
powerlessness,16066
slosh,16067
determiner,16068
tannin,16069
dissipation,16070
doggedly,16071
pyramidal,16072
gaiety,16073
toolkit,16074
grovel,16075
retriever,16076
sequencer,16077
aspirate,16078
indescribable,16079
clockwork,16080
interpose,16081
jasmine,16082
unbridle,16083
landfall,16084
armistice,16085
playboy,16086
tawdry,16087
hotbed,16088
rationalism,16089
shire,16090
colonoscopy,16091
psychopath,16092
romantically,16093
hotdog,16094
diachronic,16095
constitutive,16096
chasten,16097
jittery,16098
unholy,16099
extrusion,16100
gaily,16101
hangout,16102
retaliatory,16103
meekly,16104
banality,16105
telltale,16106
romanticize,16107
supremacist,16108
terra,16109
psychoanalyst,16110
scanty,16111
usability,16112
dimple,16113
prostrate,16114
toothache,16115
stepson,16116
broadside,16117
revue,16118
crucible,16119
unpopularity,16120
corporatist,16121
yam,16122
contemptuously,16123
marinate,16124
dualism,16125
bandy,16126
awning,16127
masturbate,16128
ejection,16129
handball,16130
conservatively,16131
unkempt,16132
inattention,16133
quantitatively,16134
proclivity,16135
privation,16136
vegetative,16137
willpower,16138
unroll,16139
fledge,16140
auspicious,16141
synaptic,16142
sameness,16143
barbarism,16144
separatism,16145
inhumane,16146
deferential,16147
cichlid,16148
indoctrination,16149
fucker,16150
toenail,16151
southerner,16152
leper,16153
bulldog,16154
cranny,16155
cacophony,16156
proscribe,16157
rejoinder,16158
harmonica,16159
truancy,16160
slurp,16161
bleacher,16162
circumspect,16163
glum,16164
allergen,16165
prong,16166
serpentine,16167
imperious,16168
fob,16169
flaky,16170
mailer,16171
backseat,16172
magnum,16173
prim,16174
wale,16175
differentially,16176
impersonate,16177
retroactive,16178
hyacinth,16179
metabolite,16180
shortness,16181
jiggle,16182
saxophonist,16183
thermodynamic,16184
cornea,16185
fritter,16186
eta,16187
sunlit,16188
wickedness,16189
toffee,16190
toleration,16191
totalitarianism,16192
typhoid,16193
functionary,16194
unfocused,16195
understudy,16196
carousel,16197
perky,16198
humanize,16199
audiovisual,16200
propound,16201
axiomatic,16202
standalone,16203
exploitative,16204
rationalist,16205
runny,16206
newlywed,16207
offside,16208
parry,16209
soulless,16210
behemoth,16211
vestry,16212
deconstruct,16213
misdirect,16214
neuroscientist,16215
welter,16216
goer,16217
handily,16218
kickoff,16219
franchisee,16220
charmingly,16221
phonetics,16222
insignificance,16223
gizmo,16224
cheerfulness,16225
haulage,16226
artfully,16227
attaché,16228
burgle,16229
pushchair,16230
waterlog,16231
conspiratorial,16232
depository,16233
vaunted,16234
uninitiated,16235
septic,16236
hysterectomy,16237
herbaceous,16238
bib,16239
chargeable,16240
peseta,16241
opinionated,16242
midland,16243
balmy,16244
bootstrap,16245
attentional,16246
aqueduct,16247
grainy,16248
esophageal,16249
unguarded,16250
overshoot,16251
foolproof,16252
hooray,16253
detachable,16254
stockist,16255
convergent,16256
gridlock,16257
wile,16258
soma,16259
rankle,16260
preexist,16261
commendation,16262
unwary,16263
earnestness,16264
dyadic,16265
stubbornness,16266
irrationality,16267
lintel,16268
chink,16269
ardor,16270
belle,16271
professorship,16272
apace,16273
unsupervised,16274
saintly,16275
auteur,16276
economize,16277
seashore,16278
lather,16279
stonework,16280
steed,16281
gob,16282
doodle,16283
angina,16284
programmatic,16285
begrudge,16286
underpants,16287
miniseries,16288
wherewithal,16289
imperfectly,16290
scoundrel,16291
rapprochement,16292
postmaster,16293
meteorology,16294
repudiation,16295
toothpick,16296
tungsten,16297
turbo,16298
aster,16299
topless,16300
wildflower,16301
encrust,16302
halftime,16303
ballgame,16304
environmentalism,16305
emaciate,16306
moviegoer,16307
pathetically,16308
raindrop,16309
outlast,16310
reprehensible,16311
superhuman,16312
delimit,16313
upholster,16314
duchess,16315
consular,16316
octagonal,16317
unattached,16318
magnolia,16319
bulldoze,16320
authoritarianism,16321
ulceration,16322
baronet,16323
specialism,16324
countervail,16325
rueful,16326
teak,16327
impale,16328
parametric,16329
postmodernism,16330
dereliction,16331
restatement,16332
thrifty,16333
hyperlink,16334
tapa,16335
superstructure,16336
irreparable,16337
hereabout,16338
omega,16339
racehorse,16340
smallish,16341
hominid,16342
follicular,16343
scriptural,16344
python,16345
innkeeper,16346
hazelnut,16347
ceaseless,16348
stasis,16349
towpath,16350
hauler,16351
marshland,16352
creole,16353
regionalism,16354
coupe,16355
sidle,16356
warbler,16357
disenchant,16358
banknote,16359
slush,16360
teacup,16361
peacemaker,16362
unbearably,16363
impracticable,16364
radiologist,16365
mulberry,16366
sailboat,16367
trounce,16368
elongation,16369
uninvited,16370
sideshow,16371
peppermint,16372
unabashed,16373
randomness,16374
curvilinear,16375
honeycomb,16376
whiten,16377
overcharge,16378
promiscuity,16379
blotch,16380
encyclopedic,16381
mallet,16382
retool,16383
adrenal,16384
garter,16385
servitude,16386
exclusionary,16387
bromide,16388
weirdo,16389
irresponsibility,16390
verdant,16391
barrio,16392
planar,16393
iodide,16394
vendetta,16395
infraction,16396
riches,16397
showpiece,16398
exhaustively,16399
estrangement,16400
leasehold,16401
reclusive,16402
unrepentant,16403
religiosity,16404
toggle,16405
unflattering,16406
infinitesimal,16407
spatula,16408
flotilla,16409
pasty,16410
faucet,16411
panther,16412
mainline,16413
anesthetize,16414
disequilibrium,16415
homonym,16416
bibliographical,16417
knitwear,16418
meridian,16419
lexicography,16420
backbencher,16421
overkill,16422
plaintive,16423
diphthong,16424
celluloid,16425
morphologically,16426
variegate,16427
jaunty,16428
fairytale,16429
postmark,16430
landless,16431
radish,16432
imp,16433
alveolar,16434
shrew,16435
ricochet,16436
earthwork,16437
homily,16438
unjustly,16439
contentedly,16440
personable,16441
senatorial,16442
subliminal,16443
chaff,16444
recompense,16445
whey,16446
redness,16447
hank,16448
healthful,16449
scion,16450
courgette,16451
barbershop,16452
kiwi,16453
ostensible,16454
unprofessional,16455
draftsman,16456
lithe,16457
diskette,16458
glitzy,16459
digress,16460
iffy,16461
ostentatious,16462
climactic,16463
prescient,16464
soapy,16465
unrestrained,16466
modicum,16467
immaculately,16468
mecca,16469
gunpoint,16470
yearlong,16471
trawler,16472
vicarage,16473
internet,16474
croissant,16475
ageism,16476
abominable,16477
earthling,16478
nonhuman,16479
unevenly,16480
implosion,16481
endpoint,16482
hexagonal,16483
hysterically,16484
fullback,16485
citrate,16486
uncommonly,16487
flunk,16488
cosmonaut,16489
atone,16490
reevaluate,16491
metamorphic,16492
subjectively,16493
saffron,16494
dynamical,16495
figurehead,16496
genealogical,16497
fielder,16498
debrief,16499
divinely,16500
millet,16501
snapper,16502
bookmaker,16503
benzene,16504
verifiable,16505
fructose,16506
salvo,16507
phosphorylation,16508
skimpy,16509
intransigence,16510
perilously,16511
protectorate,16512
profanity,16513
logarithm,16514
changer,16515
bairn,16516
tatty,16517
jealously,16518
propagandist,16519
blurry,16520
isotropic,16521
heartbroken,16522
artiste,16523
floss,16524
valuer,16525
oilfield,16526
holidaymaker,16527
diuretic,16528
blackjack,16529
transcendence,16530
jogger,16531
almanac,16532
toothless,16533
shamelessly,16534
historicism,16535
changeover,16536
surrealist,16537
jazzy,16538
ungainly,16539
impassable,16540
indefatigable,16541
incise,16542
frisson,16543
brainy,16544
discoverer,16545
heckle,16546
modulus,16547
meme,16548
blustery,16549
disavow,16550
unperturbed,16551
lair,16552
disaffection,16553
replant,16554
rambler,16555
premonition,16556
copse,16557
swordfish,16558
decoder,16559
forgetful,16560
parallelism,16561
flamingo,16562
quill,16563
regretfully,16564
innards,16565
vulgarity,16566
beachfront,16567
deadpan,16568
lacy,16569
secularist,16570
heretical,16571
grandly,16572
spillover,16573
harpsichord,16574
pragmatically,16575
arthropod,16576
urbane,16577
distantly,16578
corona,16579
inexhaustible,16580
concierge,16581
earphone,16582
spiteful,16583
suss,16584
flipper,16585
lessor,16586
titillate,16587
unscientific,16588
showman,16589
hobbit,16590
redolent,16591
rime,16592
chaser,16593
framer,16594
culpable,16595
provisionally,16596
sewerage,16597
escrow,16598
crisply,16599
consummation,16600
javelin,16601
unfathomable,16602
airfare,16603
monogamous,16604
curt,16605
scud,16606
morass,16607
unsubstantiated,16608
salamander,16609
jubilee,16610
tabular,16611
interjection,16612
enforcer,16613
forewarn,16614
omniscient,16615
undamaged,16616
retrofit,16617
despondent,16618
glib,16619
epidural,16620
funder,16621
plankton,16622
undated,16623
synergistic,16624
predominately,16625
delirious,16626
committal,16627
cobra,16628
vivacious,16629
bookmark,16630
carat,16631
oldie,16632
homeownership,16633
menstruation,16634
fireside,16635
repossess,16636
spaniel,16637
restaurateur,16638
inferno,16639
bulkhead,16640
ebullient,16641
waveform,16642
porpoise,16643
encumber,16644
whitewater,16645
lateness,16646
lop,16647
teaser,16648
phenomenology,16649
narcissism,16650
renunciation,16651
alphabetically,16652
archery,16653
bimbo,16654
padre,16655
daub,16656
sanitize,16657
prejudicial,16658
veneration,16659
rapt,16660
outbound,16661
unrecognizable,16662
morose,16663
coterie,16664
prodigal,16665
circadian,16666
saboteur,16667
lustrous,16668
tyrannical,16669
ruminate,16670
presentable,16671
corroboration,16672
capitulation,16673
diatom,16674
wank,16675
unknowingly,16676
dragonfly,16677
cathode,16678
unpleasantness,16679
truant,16680
coachman,16681
gradation,16682
playfulness,16683
unaffiliated,16684
refutation,16685
interactivity,16686
joiner,16687
augur,16688
enumeration,16689
copycat,16690
epidemiologist,16691
affordability,16692
overlord,16693
deservedly,16694
undeclared,16695
kimono,16696
lute,16697
crinkle,16698
decibel,16699
newsgroup,16700
easement,16701
buster,16702
coronal,16703
bicep,16704
illegitimacy,16705
slider,16706
transparently,16707
quickness,16708
togetherness,16709
augmentation,16710
unwashed,16711
immaturity,16712
delectable,16713
raiser,16714
pointy,16715
treatable,16716
sellout,16717
wrack,16718
tactfully,16719
ferociously,16720
docket,16721
dicey,16722
helpline,16723
dapple,16724
sweeper,16725
stubby,16726
studious,16727
hyper,16728
altarpiece,16729
narcissistic,16730
passer,16731
jovial,16732
typographical,16733
incitement,16734
rebalance,16735
ruthlessness,16736
quantifier,16737
randy,16738
infighting,16739
permeable,16740
numbness,16741
dipole,16742
expendable,16743
sequestration,16744
deceitful,16745
functionalist,16746
stoic,16747
cornerback,16748
disrepair,16749
husk,16750
singe,16751
metastatic,16752
uncertainly,16753
marzipan,16754
refectory,16755
bison,16756
complementarity,16757
leery,16758
maraud,16759
oedema,16760
regenerative,16761
lewd,16762
revitalization,16763
savannah,16764
goon,16765
deserter,16766
expository,16767
whinge,16768
thrall,16769
studiously,16770
firstborn,16771
carrion,16772
enlistment,16773
swindle,16774
gatehouse,16775
perpetuity,16776
minimalism,16777
whoosh,16778
foible,16779
aunty,16780
curative,16781
seasonally,16782
imperceptibly,16783
freelancer,16784
burrito,16785
novella,16786
bishopric,16787
banger,16788
nervosa,16789
clime,16790
germane,16791
plenary,16792
wispy,16793
balustrade,16794
radiology,16795
unlawfully,16796
deaden,16797
declassify,16798
undetectable,16799
amok,16800
slyly,16801
pupa,16802
indentation,16803
enabler,16804
imaginatively,16805
malady,16806
solemnity,16807
hydrothermal,16808
monstrosity,16809
synchronic,16810
vainly,16811
pimple,16812
determinate,16813
leapfrog,16814
groundless,16815
inalienable,16816
culpability,16817
multilevel,16818
definable,16819
congruent,16820
tousle,16821
twiddle,16822
defrost,16823
inimitable,16824
replenishment,16825
amicably,16826
cellist,16827
monopolistic,16828
torturer,16829
convalescent,16830
drudgery,16831
verve,16832
virtuosity,16833
informality,16834
patriarchy,16835
lipoprotein,16836
bleat,16837
pizzeria,16838
impassive,16839
dais,16840
indestructible,16841
unsigned,16842
outbuilding,16843
bulletproof,16844
blubber,16845
theta,16846
roil,16847
abrasion,16848
macroeconomics,16849
pallid,16850
mollify,16851
stingy,16852
unimaginative,16853
storehouse,16854
laboriously,16855
keyhole,16856
vicissitude,16857
delicatessen,16858
genitive,16859
macroscopic,16860
pariah,16861
tinkle,16862
southernmost,16863
neckline,16864
wallop,16865
chopstick,16866
docker,16867
scornful,16868
outshine,16869
polychrome,16870
margarita,16871
fugue,16872
bidirectional,16873
storybook,16874
neocon,16875
waxy,16876
asymptotic,16877
stupor,16878
trowel,16879
prepaid,16880
scrounge,16881
connectedness,16882
recant,16883
chameleon,16884
anticipatory,16885
voiceless,16886
fractious,16887
amoral,16888
prototypical,16889
overland,16890
pinstripe,16891
ruminant,16892
albino,16893
mannequin,16894
fabulously,16895
jester,16896
encouragingly,16897
riotous,16898
snugly,16899
unselfish,16900
unfavorably,16901
intelligibility,16902
counterculture,16903
unaccountable,16904
excellently,16905
heritability,16906
carver,16907
unsound,16908
workgroup,16909
subtropical,16910
redeployment,16911
causally,16912
duchy,16913
squeamish,16914
aerobatic,16915
smallholder,16916
pullback,16917
troubador,16918
westerly,16919
undercarriage,16920
etymological,16921
subaltern,16922
roundtable,16923
minnow,16924
newsreel,16925
undersecretary,16926
racketeering,16927
chairwoman,16928
eucalyptus,16929
hotspot,16930
technocrat,16931
stele,16932
aground,16933
hideaway,16934
oddball,16935
perestroika,16936
queasy,16937
harangue,16938
lifeblood,16939
hideout,16940
competently,16941
kinky,16942
billy,16943
indivisible,16944
lawfully,16945
hypoxia,16946
subjugate,16947
enthalpy,16948
earthen,16949
preferentially,16950
vestment,16951
altercation,16952
autocracy,16953
frighteningly,16954
dysentery,16955
locomotion,16956
chromatography,16957
strikeout,16958
tress,16959
prophylactic,16960
pecuniary,16961
indisputably,16962
polygamy,16963
ineffable,16964
thither,16965
weeklong,16966
ouch,16967
chuff,16968
shenanigan,16969
hemispheric,16970
politicization,16971
unscheduled,16972
apocryphal,16973
frilly,16974
unwitting,16975
formalization,16976
pontoon,16977
gentlemanly,16978
algorithmic,16979
sterility,16980
barmaid,16981
pomegranate,16982
contrastive,16983
grandkid,16984
maladaptive,16985
mercantile,16986
capacious,16987
forfeiture,16988
bot,16989
phage,16990
voluptuous,16991
revocation,16992
spellbind,16993
inconspicuous,16994
interrelation,16995
infanticide,16996
rainstorm,16997
quartile,16998
pastiche,16999
uneconomic,17000
savanna,17001
lacuna,17002
thrombosis,17003
triage,17004
depravity,17005
brusque,17006
deuterium,17007
moisturize,17008
strongman,17009
diatribe,17010
moralist,17011
definitional,17012
varsity,17013
rarefy,17014
appraiser,17015
meringue,17016
scuff,17017
harvester,17018
instrumentality,17019
granary,17020
newsworthy,17021
rosewood,17022
linearly,17023
deathly,17024
nuzzle,17025
dollop,17026
stirrup,17027
disorientation,17028
marshy,17029
unusable,17030
adjudicator,17031
convener,17032
metamorphose,17033
hologram,17034
indefensible,17035
ultrasonic,17036
penitent,17037
reusable,17038
rhythmical,17039
incarnate,17040
discolor,17041
jurisdictional,17042
abdication,17043
azalea,17044
unreadable,17045
lullaby,17046
tangential,17047
afore,17048
apathetic,17049
nightmarish,17050
incongruity,17051
glycine,17052
ravish,17053
henchman,17054
mica,17055
slapstick,17056
histamine,17057
cloudless,17058
firestorm,17059
digitization,17060
chloroform,17061
sodomy,17062
readjustment,17063
reassign,17064
unashamedly,17065
federalist,17066
teleological,17067
repossession,17068
inspectorate,17069
scrawny,17070
cicada,17071
flabbergast,17072
mongrel,17073
beseech,17074
suntan,17075
cornice,17076
bummer,17077
throwaway,17078
hosiery,17079
backstreet,17080
pinky,17081
puritanical,17082
toner,17083
sate,17084
abomination,17085
beehive,17086
figuratively,17087
haystack,17088
amphibious,17089
priestly,17090
schooler,17091
purgatory,17092
daresay,17093
welder,17094
cluck,17095
catechism,17096
viewfinder,17097
perceiver,17098
mistreatment,17099
uncommitted,17100
meatball,17101
unremitting,17102
flanker,17103
corporeal,17104
politico,17105
inventiveness,17106
chalice,17107
gestural,17108
parsonage,17109
incontinent,17110
pithy,17111
suffocation,17112
melee,17113
favoritism,17114
polymorphism,17115
sprite,17116
warble,17117
supine,17118
larder,17119
acrid,17120
harpoon,17121
barium,17122
nationhood,17123
largesse,17124
roughness,17125
hereinafter,17126
misconstrue,17127
tomography,17128
tectonics,17129
archeology,17130
underprivileged,17131
trickery,17132
reductive,17133
fetter,17134
waistline,17135
immunological,17136
certitude,17137
fisher,17138
denominate,17139
thereupon,17140
irreducible,17141
poolside,17142
starry,17143
leaden,17144
trapper,17145
refraction,17146
meanness,17147
karma,17148
immovable,17149
indecisive,17150
drapery,17151
lethargic,17152
cohabit,17153
newsman,17154
loanword,17155
yonder,17156
singleton,17157
gamekeeper,17158
genie,17159
aerodrome,17160
desultory,17161
upend,17162
lupus,17163
tofu,17164
impressionistic,17165
saucy,17166
crevasse,17167
intoxication,17168
hallelujah,17169
connive,17170
regalia,17171
geophysical,17172
spousal,17173
keystroke,17174
isolationism,17175
operationally,17176
zoology,17177
perplexity,17178
schoolyard,17179
acolyte,17180
kitchenette,17181
cloy,17182
explication,17183
apostolic,17184
nakedness,17185
segue,17186
pansy,17187
buttonhole,17188
regurgitate,17189
cowl,17190
disreputable,17191
impure,17192
overwrought,17193
oilseed,17194
nightdress,17195
aphasia,17196
uncontroversial,17197
palladium,17198
satirist,17199
duodenum,17200
unbutton,17201
footman,17202
conjoin,17203
bluish,17204
psoriasis,17205
torus,17206
outsize,17207
crock,17208
opportune,17209
petticoat,17210
vassal,17211
elitism,17212
discotheque,17213
exegesis,17214
caseload,17215
malnourish,17216
pandemonium,17217
dormancy,17218
hydroxide,17219
postmortem,17220
commenter,17221
shutout,17222
boater,17223
sonorous,17224
gloomily,17225
scalable,17226
mammography,17227
vermin,17228
restorer,17229
foolhardy,17230
resurgent,17231
abscond,17232
adulation,17233
talon,17234
rotavirus,17235
footwork,17236
demure,17237
marinade,17238
glial,17239
isomorphism,17240
disenchantment,17241
doldrum,17242
shapeless,17243
counterattack,17244
naivete,17245
swill,17246
overreach,17247
thrower,17248
sorghum,17249
effusion,17250
computerization,17251
empathetic,17252
cantata,17253
unwillingly,17254
breadcrumb,17255
incinerate,17256
undistinguished,17257
peregrine,17258
recessive,17259
efficacious,17260
coincident,17261
cytokine,17262
respirator,17263
shortsighted,17264
clitoris,17265
redeemable,17266
meditative,17267
airbag,17268
subjunctive,17269
narrowness,17270
bicameral,17271
daredevil,17272
qi,17273
hummingbird,17274
intentionality,17275
seamstress,17276
debug,17277
plunk,17278
snowman,17279
unmanageable,17280
disgorge,17281
microtubule,17282
offstage,17283
phonic,17284
trivialize,17285
rosary,17286
fearfully,17287
separable,17288
solstice,17289
secondment,17290
geochemical,17291
downtrodden,17292
lymphatic,17293
physiologically,17294
roulette,17295
myopic,17296
rubbery,17297
piper,17298
mercurial,17299
leniency,17300
sandpaper,17301
sleigh,17302
urbanize,17303
scraper,17304
panicky,17305
audiotape,17306
wader,17307
detonation,17308
riposte,17309
iconoclastic,17310
creatine,17311
yap,17312
hither,17313
storeroom,17314
transept,17315
gangway,17316
filly,17317
colonizer,17318
sycamore,17319
fixative,17320
repulsion,17321
nanotechnology,17322
amorous,17323
angioplasty,17324
geyser,17325
deliverable,17326
handrail,17327
broadsheet,17328
shite,17329
cheeseburger,17330
auburn,17331
wedlock,17332
educationally,17333
airframe,17334
anion,17335
unconsciousness,17336
immemorial,17337
biplane,17338
setter,17339
unknowable,17340
synth,17341
nominative,17342
meteoric,17343
radiographer,17344
tightrope,17345
schoolwork,17346
sheepishly,17347
emotionality,17348
hipster,17349
unopposed,17350
grunge,17351
sheepskin,17352
unreality,17353
humdrum,17354
demographically,17355
pretzel,17356
opus,17357
midget,17358
cavort,17359
tempest,17360
undetermined,17361
hydrate,17362
gourd,17363
hairdressing,17364
sorority,17365
directorship,17366
ester,17367
formalist,17368
panhandle,17369
appellation,17370
macaroni,17371
fortnightly,17372
enema,17373
olden,17374
cetacean,17375
taverna,17376
prohibitively,17377
unrequited,17378
centennial,17379
buss,17380
aver,17381
eyesore,17382
interdependency,17383
keypad,17384
dissension,17385
schoolroom,17386
alarmist,17387
highness,17388
nit,17389
rematch,17390
parabolic,17391
criminally,17392
driftwood,17393
tuple,17394
oligarchy,17395
illegality,17396
turnpike,17397
burnout,17398
rad,17399
laconic,17400
figment,17401
placental,17402
hesitantly,17403
honeysuckle,17404
blandly,17405
polypropylene,17406
sleuth,17407
discus,17408
congeal,17409
waddle,17410
joyfully,17411
unacknowledged,17412
litigate,17413
confidante,17414
luxuriant,17415
castrate,17416
sphincter,17417
garnet,17418
plinth,17419
expropriation,17420
gout,17421
flagellum,17422
isomer,17423
ulterior,17424
straightforwardly,17425
misinform,17426
cupcake,17427
makings,17428
dressmaker,17429
inarticulate,17430
listless,17431
demarcate,17432
dieter,17433
hegemonic,17434
fanzine,17435
parentage,17436
crimp,17437
elegy,17438
optimality,17439
dill,17440
ringleader,17441
cachet,17442
ordinal,17443
glassware,17444
ballplayer,17445
agitator,17446
shallot,17447
inexcusable,17448
crepe,17449
soreness,17450
hillock,17451
workweek,17452
petulant,17453
visage,17454
equilibrate,17455
complicit,17456
nightingale,17457
decompression,17458
lighter,17459
disclaim,17460
fiscally,17461
disastrously,17462
stopover,17463
carpentry,17464
sully,17465
opal,17466
azure,17467
instrumentalist,17468
domineer,17469
collie,17470
ditty,17471
overwinter,17472
pensive,17473
headboard,17474
skittish,17475
tabletop,17476
timeliness,17477
gemstone,17478
atherosclerosis,17479
egocentric,17480
frolic,17481
dismissively,17482
paella,17483
machinist,17484
dowdy,17485
foundational,17486
cellulite,17487
reappearance,17488
bedspread,17489
nothingness,17490
simplex,17491
miscalculate,17492
sprightly,17493
broil,17494
anyplace,17495
archdiocese,17496
swatch,17497
streetcar,17498
pittance,17499
pewter,17500
nu,17501
xenophobia,17502
dockyard,17503
radiological,17504
oscillator,17505
exigency,17506
participative,17507
ambit,17508
soberly,17509
outback,17510
antipsychotic,17511
bookkeeper,17512
philology,17513
brotherly,17514
beholden,17515
duodenal,17516
piggyback,17517
flabby,17518
herder,17519
hornet,17520
woodwind,17521
receivership,17522
contrition,17523
cornflake,17524
bagpipe,17525
sawmill,17526
indemnify,17527
emplacement,17528
fiddler,17529
hottie,17530
mugger,17531
nepotism,17532
mamma,17533
endoscopy,17534
germinal,17535
sentient,17536
caudal,17537
eggplant,17538
outfield,17539
larynx,17540
trampoline,17541
creditable,17542
tailback,17543
minaret,17544
collateralize,17545
threadbare,17546
misogyny,17547
diametrically,17548
ascendant,17549
lovemaking,17550
ravenous,17551
forbearance,17552
finitely,17553
prudently,17554
rehash,17555
nope,17556
constructivist,17557
convulse,17558
anaphase,17559
scratchy,17560
needlework,17561
interagency,17562
triangulation,17563
leotard,17564
flay,17565
sobriety,17566
emulator,17567
flippant,17568
concurrence,17569
contrivance,17570
rectification,17571
lunacy,17572
halter,17573
upriver,17574
loafer,17575
cranial,17576
suave,17577
erudition,17578
defile,17579
moralistic,17580
tinsel,17581
eukaryotic,17582
deface,17583
syntactically,17584
coastguard,17585
postmenopausal,17586
haggard,17587
dynamo,17588
nuptial,17589
chancel,17590
houseboat,17591
remediation,17592
bilaterally,17593
transference,17594
wend,17595
transsexual,17596
tonsil,17597
booby,17598
besot,17599
packer,17600
croquet,17601
okra,17602
cannibal,17603
miter,17604
verderer,17605
chaise,17606
sketchbook,17607
immunology,17608
joust,17609
topographic,17610
sorrowful,17611
serf,17612
instigator,17613
taffeta,17614
unafraid,17615
wanker,17616
unclassified,17617
irrefutable,17618
courtesan,17619
obstetrics,17620
biodegradable,17621
inactivation,17622
devilish,17623
mudslide,17624
conservator,17625
knoll,17626
aftershock,17627
craziness,17628
unicorn,17629
gutsy,17630
idyll,17631
charmer,17632
trestle,17633
horseradish,17634
schoolday,17635
redemptive,17636
adornment,17637
impregnable,17638
consecutively,17639
undignified,17640
tang,17641
inhaler,17642
clammy,17643
crofter,17644
tenner,17645
wariness,17646
decouple,17647
ineptitude,17648
lithography,17649
sunspot,17650
miscellany,17651
infernal,17652
evidential,17653
embarrassingly,17654
moonlit,17655
meself,17656
unbind,17657
cleanser,17658
combinatorial,17659
unceremoniously,17660
samurai,17661
shank,17662
unenforceable,17663
hydration,17664
stork,17665
unassailable,17666
underrepresent,17667
chad,17668
phylum,17669
silicate,17670
indoctrinate,17671
esprit,17672
transcriptional,17673
equanimity,17674
rhinoceros,17675
colossus,17676
expansionist,17677
snobbish,17678
fecundity,17679
wastewater,17680
malformation,17681
ubiquity,17682
microelectronic,17683
overwrite,17684
unconscionable,17685
cleat,17686
vastness,17687
mineralization,17688
baptistery,17689
reportage,17690
siesta,17691
cognitively,17692
expensively,17693
staccato,17694
parasol,17695
nirvana,17696
expressionism,17697
astrophysicist,17698
bulimia,17699
mettle,17700
megahertz,17701
plonk,17702
polyunsaturated,17703
prow,17704
drifter,17705
refocus,17706
shush,17707
bower,17708
defray,17709
cacao,17710
unacceptably,17711
resiliency,17712
skimp,17713
statuary,17714
prefabricate,17715
homeopathy,17716
robustly,17717
filer,17718
powdery,17719
guardianship,17720
vibrancy,17721
infomercial,17722
pollinate,17723
lusty,17724
taciturn,17725
generically,17726
testator,17727
athleticism,17728
judiciously,17729
mucous,17730
ostracize,17731
liquefy,17732
upswing,17733
alliteration,17734
birthrate,17735
magnetosphere,17736
missive,17737
conflagration,17738
wintertime,17739
eyepiece,17740
reverend,17741
ornamentation,17742
unseal,17743
corporatism,17744
matte,17745
mortally,17746
putty,17747
stylistically,17748
freeman,17749
calligraphy,17750
contrarian,17751
omnipotent,17752
phenomenally,17753
retest,17754
hawthorn,17755
vacationer,17756
indomitable,17757
watertight,17758
doubtfully,17759
wickedly,17760
fatalism,17761
inimical,17762
apothecary,17763
systolic,17764
unadorned,17765
twister,17766
airship,17767
arbor,17768
refract,17769
congestive,17770
nontraditional,17771
chortle,17772
starlet,17773
llama,17774
vehemence,17775
ambiance,17776
secularization,17777
cohabitation,17778
epidermal,17779
musicologist,17780
salivary,17781
positron,17782
approbation,17783
tryout,17784
chamois,17785
ambulatory,17786
diehard,17787
confusingly,17788
salacious,17789
isthmus,17790
bigwig,17791
freestanding,17792
stalker,17793
delineation,17794
feebly,17795
ringer,17796
ejaculation,17797
hyena,17798
triumphal,17799
architecturally,17800
unavoidably,17801
politburo,17802
lighthearted,17803
contrite,17804
stratigraphy,17805
socialite,17806
topmost,17807
histrionic,17808
airflow,17809
chainsaw,17810
blowout,17811
foist,17812
scandalize,17813
sleaze,17814
arabesque,17815
habituation,17816
chive,17817
burgh,17818
invalidity,17819
patty,17820
insufficiency,17821
cataclysmic,17822
verifier,17823
obediently,17824
honorably,17825
sachet,17826
eyeglasses,17827
uncooperative,17828
birdsong,17829
dilation,17830
hothouse,17831
weedy,17832
hilarity,17833
rewire,17834
basaltic,17835
hoi,17836
funnily,17837
disorientate,17838
alacrity,17839
sidetrack,17840
sinuous,17841
arthritic,17842
unconfirmed,17843
operationalize,17844
hock,17845
unawares,17846
instigation,17847
subjugation,17848
accusative,17849
exceptionalism,17850
hairdo,17851
melancholic,17852
monomer,17853
goldsmith,17854
dystrophy,17855
fiberglass,17856
bioethic,17857
orthographic,17858
firecracker,17859
impugn,17860
spongy,17861
tangerine,17862
barbarous,17863
assuredly,17864
fractionally,17865
castration,17866
exhume,17867
aimless,17868
lambda,17869
pacifism,17870
aeronautical,17871
traceable,17872
treacle,17873
remover,17874
aplomb,17875
copulate,17876
deprave,17877
landholding,17878
overeat,17879
atoll,17880
goblin,17881
bane,17882
skimmer,17883
beefy,17884
existent,17885
ruinous,17886
gooseberry,17887
intergenerational,17888
satirize,17889
whither,17890
passerby,17891
workbench,17892
divisible,17893
grantee,17894
microbiologist,17895
dinnertime,17896
precipitously,17897
humbug,17898
balloonist,17899
factually,17900
zeolite,17901
clunky,17902
skyward,17903
magisterial,17904
confection,17905
bankroll,17906
workhorse,17907
garble,17908
talisman,17909
confidentially,17910
debater,17911
appallingly,17912
lubrication,17913
trespasser,17914
educationalist,17915
shrubbery,17916
gargoyle,17917
temporally,17918
playhouse,17919
telework,17920
glandular,17921
monopolist,17922
thermodynamics,17923
excrement,17924
wellknown,17925
tum,17926
blogosphere,17927
insanely,17928
apotheosis,17929
sanctum,17930
bespectacled,17931
letterhead,17932
welt,17933
alluvial,17934
discounter,17935
floodgate,17936
neurobiology,17937
snotty,17938
urinal,17939
expeditionary,17940
votive,17941
fuchsia,17942
raunchy,17943
midden,17944
interstitial,17945
coolie,17946
apoptosis,17947
facelift,17948
pearly,17949
bloodstain,17950
facetious,17951
interchangeably,17952
grammarian,17953
velvety,17954
disinfect,17955
deceleration,17956
scornfully,17957
readout,17958
interloper,17959
deferral,17960
loopy,17961
bullion,17962
uncountable,17963
cherub,17964
cymbal,17965
irresistibly,17966
caveman,17967
elegiac,17968
orthography,17969
bevy,17970
antithetical,17971
symbiosis,17972
paracetamol,17973
loader,17974
drunkard,17975
dehydrogenase,17976
viper,17977
innately,17978
rabble,17979
cashew,17980
pretender,17981
juniper,17982
legalistic,17983
peremptory,17984
hibernate,17985
incalculable,17986
rusher,17987
crematorium,17988
spitfire,17989
lacrosse,17990
bloodthirsty,17991
nightgown,17992
downtime,17993
sleeveless,17994
retrial,17995
plaything,17996
subsurface,17997
telecommute,17998
subatomic,17999
demographer,18000
ornithologist,18001
wordless,18002
pirouette,18003
cohesiveness,18004
godsend,18005
plenum,18006
roadwork,18007
weightless,18008
buttery,18009
oratorio,18010
inattentive,18011
sou,18012
bronchial,18013
mohair,18014
cunningly,18015
prosthesis,18016
baroness,18017
comptroller,18018
dentistry,18019
shipowner,18020
gamer,18021
accoutrement,18022
turnkey,18023
corticosteroid,18024
immobility,18025
lactic,18026
neatness,18027
turnstile,18028
gallantry,18029
hookup,18030
ouster,18031
flatmate,18032
anvil,18033
parsnip,18034
waterside,18035
boa,18036
handpick,18037
crossbow,18038
authentically,18039
reverb,18040
raptor,18041
inbound,18042
biochemist,18043
diarist,18044
fundholding,18045
proofread,18046
tutelage,18047
blackcurrant,18048
wok,18049
emporium,18050
unaccountably,18051
entrap,18052
expressiveness,18053
cantaloupe,18054
gimme,18055
springy,18056
pedagogic,18057
wright,18058
moralize,18059
mimicry,18060
cytotoxic,18061
secessionist,18062
extramarital,18063
scrunch,18064
procrastinate,18065
bung,18066
hardball,18067
hanky,18068
nihilism,18069
intergroup,18070
silliness,18071
submersible,18072
bondholder,18073
woodcut,18074
seer,18075
activator,18076
subsidiarity,18077
hater,18078
sharecropper,18079
seesaw,18080
extracurricular,18081
expunge,18082
sanctify,18083
retouch,18084
glucocorticoid,18085
disjunction,18086
prefigure,18087
disadvantageous,18088
fatwa,18089
homeward,18090
obligingly,18091
puffin,18092
fallible,18093
tarpaulin,18094
pygmy,18095
topaz,18096
provocatively,18097
appreciatively,18098
cabby,18099
sulfuric,18100
educative,18101
dielectric,18102
playbook,18103
neuropathy,18104
vocalize,18105
expandable,18106
predefine,18107
stealthy,18108
publican,18109
flax,18110
dusky,18111
chomp,18112
watermark,18113
stepdaughter,18114
blameless,18115
consumable,18116
raccoon,18117
septal,18118
erratically,18119
tween,18120
injurious,18121
amine,18122
spotter,18123
cooperatively,18124
backache,18125
stratigraphical,18126
transducer,18127
masterwork,18128
equinox,18129
kneecap,18130
backdoor,18131
unidirectional,18132
cinch,18133
unclaimed,18134
noncompliance,18135
sari,18136
reclassify,18137
faggot,18138
unburden,18139
minke,18140
polka,18141
reformulation,18142
intercontinental,18143
heist,18144
escapism,18145
crustal,18146
creeper,18147
unthink,18148
concessionary,18149
amazon,18150
spillage,18151
gleeful,18152
sequin,18153
thimerosal,18154
heroically,18155
salve,18156
hippo,18157
hysteric,18158
satanic,18159
enfold,18160
turtleneck,18161
hideously,18162
tarp,18163
pulverize,18164
iridescent,18165
perversity,18166
confessor,18167
theistic,18168
alp,18169
flatbed,18170
reptilian,18171
tun,18172
guile,18173
profligate,18174
hieroglyph,18175
blaster,18176
apical,18177
loon,18178
repairman,18179
merriment,18180
vagabond,18181
entreat,18182
thinness,18183
unprovoked,18184
administratively,18185
virginal,18186
carter,18187
creme,18188
swanky,18189
panoply,18190
evangelism,18191
aversive,18192
damnation,18193
refresher,18194
smallness,18195
civics,18196
draughtsman,18197
unclutter,18198
hardline,18199
aubergine,18200
dawdle,18201
hitchhike,18202
conjugal,18203
quizzical,18204
nauseous,18205
girlish,18206
amortize,18207
pillory,18208
wakefulness,18209
pliable,18210
serenely,18211
derisive,18212
unshaven,18213
watercress,18214
gonorrhea,18215
lout,18216
starlight,18217
optics,18218
doer,18219
abattoir,18220
diffident,18221
guffaw,18222
bodywork,18223
optician,18224
reinterpretation,18225
chock,18226
procreation,18227
infrastructural,18228
kilowatt,18229
republish,18230
domiciliary,18231
lamentable,18232
jubilation,18233
laze,18234
idolatry,18235
kestrel,18236
dowel,18237
chipper,18238
tabulation,18239
incantation,18240
bedfellow,18241
secretory,18242
reductionist,18243
macular,18244
irksome,18245
smelt,18246
ratepayer,18247
knockoff,18248
criminalize,18249
cockney,18250
bioterrorism,18251
molasses,18252
conversant,18253
divan,18254
coaxial,18255
confetti,18256
recitative,18257
postdoctoral,18258
installer,18259
actualize,18260
infirmity,18261
temerity,18262
typography,18263
laminar,18264
hedonistic,18265
imperceptible,18266
offensively,18267
filigree,18268
ruff,18269
directorial,18270
autumnal,18271
slaveholder,18272
folksy,18273
bricklayer,18274
mestizo,18275
rapturous,18276
flange,18277
commode,18278
hexagon,18279
disheveled,18280
mastodon,18281
redneck,18282
phalanx,18283
gelatin,18284
hermeneutics,18285
collier,18286
nadir,18287
indigent,18288
haddock,18289
courteously,18290
gavel,18291
arrhythmia,18292
mew,18293
tonality,18294
centigrade,18295
coriander,18296
sociolinguistics,18297
consecration,18298
subspecies,18299
molester,18300
furlough,18301
yore,18302
capacitance,18303
ribosome,18304
emphysema,18305
motility,18306
portly,18307
larceny,18308
dumbfound,18309
farcical,18310
reallocate,18311
classless,18312
sturgeon,18313
revaluation,18314
hardboard,18315
comically,18316
offload,18317
carnivorous,18318
unsuspected,18319
enslavement,18320
midriff,18321
churlish,18322
hardcover,18323
shrunken,18324
midshipman,18325
cyclin,18326
eggshell,18327
mismanage,18328
jumpy,18329
telemarketing,18330
tritium,18331
classifier,18332
stonewall,18333
straggler,18334
fracas,18335
obelisk,18336
askew,18337
adoptee,18338
fuzz,18339
werewolf,18340
daylong,18341
sacrosanct,18342
blimp,18343
detonator,18344
homeopathic,18345
cantilever,18346
drawbridge,18347
chrysanthemum,18348
miff,18349
militate,18350
glam,18351
relatedness,18352
ironwork,18353
icky,18354
pollination,18355
rickshaw,18356
antibacterial,18357
retch,18358
streptomycin,18359
gypsum,18360
impetuous,18361
desecration,18362
reenter,18363
bucolic,18364
blinker,18365
insincere,18366
fascia,18367
convivial,18368
infatuate,18369
chewy,18370
suspenders,18371
salivate,18372
improvisational,18373
internist,18374
gerbil,18375
acidification,18376
convocation,18377
undemanding,18378
abhorrent,18379
homesickness,18380
ostentatiously,18381
desiccate,18382
airshow,18383
ethnology,18384
traipse,18385
midpoint,18386
unfilled,18387
neuronal,18388
warlike,18389
photojournalist,18390
injector,18391
bawdy,18392
manatee,18393
assembler,18394
gravitas,18395
incoherence,18396
unlit,18397
handyman,18398
optimistically,18399
inflorescence,18400
redhead,18401
leed,18402
impedance,18403
signifier,18404
henry,18405
intermission,18406
hypertensive,18407
chiropractor,18408
perusal,18409
thieve,18410
credulity,18411
burgher,18412
surfboard,18413
tripe,18414
attender,18415
counterclaim,18416
colic,18417
knotty,18418
quiche,18419
despotism,18420
stolid,18421
dullness,18422
unbreakable,18423
rancor,18424
outermost,18425
samba,18426
misperception,18427
marquis,18428
finery,18429
clef,18430
photogenic,18431
broiler,18432
confectionery,18433
incontrovertible,18434
apprise,18435
carotid,18436
phosphor,18437
improbably,18438
carcinogenic,18439
warder,18440
brazier,18441
streetwise,18442
numerator,18443
tine,18444
matrimony,18445
unobtrusively,18446
trenchant,18447
freewheel,18448
ruck,18449
editorship,18450
bling,18451
optimally,18452
superman,18453
anthelmintic,18454
nonconformist,18455
downbeat,18456
timidity,18457
tampon,18458
psycholinguistic,18459
eyeliner,18460
scintillate,18461
unhinge,18462
seaward,18463
portent,18464
jinx,18465
longish,18466
widowhood,18467
boomerang,18468
conurbation,18469
intercede,18470
gasifier,18471
bathrobe,18472
frontispiece,18473
collarbone,18474
unhurried,18475
hierarchically,18476
punctually,18477
solicitous,18478
forbear,18479
signification,18480
satchel,18481
insulator,18482
unaccounted,18483
cerebellum,18484
bungee,18485
lozenge,18486
throaty,18487
eunuch,18488
absolutism,18489
bonny,18490
mountaintop,18491
alphabetic,18492
surrealism,18493
duplicity,18494
flexibly,18495
perspire,18496
loathsome,18497
bacteriophage,18498
anther,18499
breakwater,18500
gird,18501
underuse,18502
calico,18503
plucky,18504
daybreak,18505
alchemist,18506
parietal,18507
slob,18508
percussive,18509
lumbar,18510
assiduous,18511
freebie,18512
fulltime,18513
epithelial,18514
freedman,18515
porcupine,18516
haiku,18517
speedboat,18518
naturalness,18519
travelogue,18520
biracial,18521
workflow,18522
semiotic,18523
bedsit,18524
saltwater,18525
coarsely,18526
manhole,18527
frat,18528
rediscovery,18529
hap,18530
truthfulness,18531
philosophic,18532
doorknob,18533
misstatement,18534
admittance,18535
spud,18536
miniskirt,18537
illiquid,18538
prefecture,18539
formulary,18540
demotion,18541
ovulate,18542
sniffle,18543
acerbic,18544
rostrum,18545
countable,18546
sealer,18547
literati,18548
functionalism,18549
gasket,18550
welly,18551
negligently,18552
bullfight,18553
procrastination,18554
divvy,18555
prospectively,18556
gentile,18557
opulence,18558
testable,18559
bulbous,18560
conscientiously,18561
truckload,18562
millionth,18563
misfire,18564
manorial,18565
gooey,18566
transcontinental,18567
profiteer,18568
fib,18569
pus,18570
sociocultural,18571
medicate,18572
annulment,18573
partiality,18574
apropos,18575
lithograph,18576
phrasal,18577
kindergartner,18578
scarecrow,18579
hermeneutic,18580
descendent,18581
crampon,18582
insinuation,18583
impressionism,18584
roe,18585
thousandth,18586
undulation,18587
misquote,18588
disinfection,18589
groundnut,18590
distend,18591
admiringly,18592
millenium,18593
coolant,18594
semitone,18595
intransigent,18596
airtime,18597
coddle,18598
rayon,18599
peal,18600
tweezers,18601
reconstitution,18602
dosh,18603
invidious,18604
sledgehammer,18605
neologism,18606
tenable,18607
impoverishment,18608
parka,18609
censer,18610
disfavor,18611
dispensary,18612
motile,18613
marksman,18614
theologically,18615
nonconformity,18616
subjection,18617
monogram,18618
multimillionaire,18619
bassoon,18620
sedition,18621
ungrammatical,18622
disloyalty,18623
tensor,18624
remorseless,18625
phospholipid,18626
moniker,18627
lander,18628
illegible,18629
crummy,18630
unavailability,18631
hibernation,18632
phallic,18633
helical,18634
countess,18635
pleasantry,18636
inertial,18637
airtight,18638
glycogen,18639
haphazardly,18640
inshore,18641
vicariously,18642
combustible,18643
mispronounce,18644
borehole,18645
granulate,18646
parquet,18647
undersea,18648
untrustworthy,18649
geologic,18650
dumpster,18651
buccaneer,18652
pontificate,18653
systematize,18654
drake,18655
quarterfinal,18656
shamble,18657
lexis,18658
hacienda,18659
inbox,18660
algal,18661
golly,18662
connectionist,18663
mandolin,18664
solicitude,18665
prettily,18666
undisciplined,18667
electrification,18668
timepiece,18669
relativistic,18670
articulatory,18671
capitalistic,18672
headword,18673
washroom,18674
memorably,18675
headband,18676
droll,18677
wold,18678
adulterous,18679
brutalize,18680
churchgoer,18681
preemption,18682
demagogue,18683
ell,18684
tiara,18685
megaphone,18686
sierra,18687
stranglehold,18688
clunk,18689
remonstrate,18690
transect,18691
splint,18692
psi,18693
finch,18694
admissibility,18695
decapitation,18696
undergravel,18697
bifurcate,18698
pedophile,18699
replaceable,18700
minutely,18701
steppe,18702
hybridize,18703
demilitarize,18704
aspirant,18705
steamship,18706
faunal,18707
manhunt,18708
dampness,18709
ascension,18710
anna,18711
cheep,18712
unjustifiable,18713
jetliner,18714
dispatcher,18715
miscarry,18716
untroubled,18717
oversimplification,18718
structuralist,18719
tagline,18720
titular,18721
chemo,18722
lightbulb,18723
bountiful,18724
damsel,18725
chapman,18726
backstroke,18727
trustworthiness,18728
prejudge,18729
dally,18730
swag,18731
waggle,18732
purposive,18733
hesitancy,18734
yachtsman,18735
prefab,18736
translational,18737
ballpoint,18738
radon,18739
initiator,18740
benefice,18741
unrepresentative,18742
seneschal,18743
luminance,18744
southbound,18745
sooty,18746
stockade,18747
chalky,18748
exchangeable,18749
reorient,18750
despot,18751
caloric,18752
globule,18753
scaly,18754
mutt,18755
occlusion,18756
nightie,18757
whiplash,18758
cirrhosis,18759
quasi,18760
fluoxetine,18761
geodesic,18762
proximate,18763
kingfisher,18764
lambaste,18765
humorless,18766
asymptomatic,18767
regatta,18768
unappealing,18769
delusional,18770
interceptor,18771
fictionalize,18772
roomful,18773
impersonator,18774
invariable,18775
greatcoat,18776
rancid,18777
resonator,18778
fatuous,18779
spacer,18780
tuppence,18781
imitative,18782
toga,18783
disconnection,18784
campesino,18785
arachidonic,18786
torrid,18787
indexation,18788
unearthly,18789
comprehensiveness,18790
obtuse,18791
propitious,18792
crocus,18793
pogrom,18794
sable,18795
sundown,18796
vertebral,18797
gazelle,18798
paddler,18799
proselytize,18800
unlisted,18801
inclusiveness,18802
grizzle,18803
wherefore,18804
dogfight,18805
maladjustment,18806
eon,18807
fastener,18808
backlight,18809
ensnare,18810
canoeist,18811
grotesquely,18812
carnal,18813
desirous,18814
paintwork,18815
bitchy,18816
contemptible,18817
pidgin,18818
prosecutorial,18819
wheedle,18820
selenium,18821
schooner,18822
wristwatch,18823
varicose,18824
imputation,18825
insipid,18826
thru,18827
faultless,18828
retrovirus,18829
castor,18830
hydrolysis,18831
dysplasia,18832
disassemble,18833
vacuous,18834
menagerie,18835
middleweight,18836
deferment,18837
logarithmic,18838
comparably,18839
affectation,18840
quixotic,18841
sward,18842
drugmaker,18843
impulsively,18844
geeky,18845
phosphorylate,18846
vitriolic,18847
excruciatingly,18848
unpunished,18849
turnoff,18850
microgram,18851
disobedient,18852
depressingly,18853
misadventure,18854
untried,18855
leaven,18856
prat,18857
exercisable,18858
tradable,18859
pseudo,18860
projective,18861
pigeonhole,18862
heritable,18863
stodgy,18864
inborn,18865
spindly,18866
positivity,18867
hemline,18868
gendarme,18869
laird,18870
wort,18871
cornucopia,18872
prognostic,18873
passim,18874
recapitulate,18875
crossfire,18876
radiocarbon,18877
smoothie,18878
answerphone,18879
barnacle,18880
riverbed,18881
frivolity,18882
cytochrome,18883
maelstrom,18884
secondarily,18885
furtively,18886
reauthorization,18887
naivety,18888
continuo,18889
stylistics,18890
embezzle,18891
indeterminacy,18892
forcible,18893
portentous,18894
incineration,18895
deign,18896
promulgation,18897
iota,18898
buzzword,18899
musk,18900
declaim,18901
gouache,18902
eroticism,18903
testy,18904
virile,18905
careen,18906
cattleman,18907
anthropomorphic,18908
reappoint,18909
borderland,18910
charlatan,18911
smugly,18912
tantalizingly,18913
unreliability,18914
emitter,18915
alabaster,18916
irrationally,18917
pretax,18918
unpleasantly,18919
vertigo,18920
archdeacon,18921
downer,18922
lynx,18923
prolongation,18924
uninspired,18925
presbytery,18926
nub,18927
superordinate,18928
sib,18929
gauche,18930
walkout,18931
monogamy,18932
teatime,18933
duffel,18934
sultana,18935
conditionally,18936
cupola,18937
plexus,18938
weevil,18939
excavator,18940
unelected,18941
flagstone,18942
walkman,18943
isotopic,18944
extravagantly,18945
fitful,18946
epidermis,18947
transferee,18948
columnar,18949
headscarf,18950
unicameral,18951
casein,18952
reflectivity,18953
prattle,18954
hydrochloric,18955
gridiron,18956
kipper,18957
thermos,18958
zucchini,18959
multiethnic,18960
stringy,18961
unpatriotic,18962
autopilot,18963
greenstone,18964
lope,18965
burlesque,18966
kinetics,18967
labyrinthine,18968
gymnastic,18969
nitrous,18970
shortchange,18971
lampoon,18972
unluckily,18973
peripatetic,18974
avarice,18975
hydro,18976
spigot,18977
sinew,18978
autonomously,18979
alder,18980
objectify,18981
mozzarella,18982
kirk,18983
baguette,18984
yak,18985
hoary,18986
unwisely,18987
imperil,18988
subfamily,18989
transmute,18990
agreeably,18991
infantryman,18992
unanswerable,18993
enzymatic,18994
pursuance,18995
fulcrum,18996
tuba,18997
entrails,18998
tryst,18999
decanter,19000
whist,19001
timothy,19002
microeconomic,19003
ocular,19004
dermatitis,19005
headgear,19006
snide,19007
shocker,19008
meritocracy,19009
machismo,19010
brutish,19011
faze,19012
inapplicable,19013
workaday,19014
forger,19015
disaggregate,19016
nastiness,19017
subcutaneous,19018
fourfold,19019
motherly,19020
mimetic,19021
treetop,19022
nanotube,19023
tremulous,19024
gesticulate,19025
overstatement,19026
jugular,19027
comely,19028
snot,19029
aircrew,19030
amniotic,19031
authentication,19032
brad,19033
firelight,19034
zoologist,19035
decamp,19036
haunch,19037
ragtime,19038
unquestionable,19039
mantel,19040
planktonic,19041
memorialize,19042
geld,19043
seasonality,19044
brownish,19045
numeracy,19046
linker,19047
maliciously,19048
phoenix,19049
mezzanine,19050
oxidative,19051
discouragement,19052
demobilization,19053
polymerization,19054
firehouse,19055
morrow,19056
ludicrously,19057
concisely,19058
endgame,19059
confectioner,19060
sweepstakes,19061
restive,19062
captaincy,19063
shipmate,19064
sump,19065
beeswax,19066
conglomeration,19067
courageously,19068
flammable,19069
hypoglycemia,19070
canto,19071
palatial,19072
disincline,19073
depopulation,19074
gunship,19075
transom,19076
invective,19077
dismally,19078
reintroduction,19079
cuss,19080
sedation,19081
boggy,19082
colonic,19083
koala,19084
chutney,19085
monosyllable,19086
photosynthetic,19087
iniquity,19088
unorganized,19089
skeptically,19090
housemaid,19091
claustrophobia,19092
overpass,19093
parlay,19094
rococo,19095
fedora,19096
comforter,19097
valiantly,19098
bivalve,19099
moveable,19100
minicomputer,19101
swaddle,19102
gynecology,19103
reconfiguration,19104
knocker,19105
predestination,19106
curdle,19107
specious,19108
chimera,19109
unblinking,19110
floater,19111
peppercorn,19112
gentility,19113
incestuous,19114
underplay,19115
inheritor,19116
invisibly,19117
astrophysics,19118
physio,19119
bizarrely,19120
launderette,19121
empiricism,19122
catharsis,19123
balloted,19124
helminth,19125
unmitigated,19126
blotter,19127
pockmark,19128
knell,19129
inordinately,19130
uncritically,19131
brusquely,19132
poignancy,19133
solubility,19134
oxymoron,19135
grist,19136
hobbyist,19137
heartthrob,19138
electrocute,19139
fittingly,19140
problematical,19141
boldface,19142
empiricist,19143
soliloquy,19144
virulence,19145
haw,19146
necktie,19147
lam,19148
gab,19149
immeasurable,19150
argon,19151
adjuster,19152
icicle,19153
asexual,19154
valence,19155
futurist,19156
unsaturated,19157
sheepish,19158
acclimatize,19159
abrogate,19160
lamentation,19161
surfeit,19162
wrongfully,19163
wonderland,19164
arbitrate,19165
entomologist,19166
headstrong,19167
excoriate,19168
renegotiation,19169
rectitude,19170
relearn,19171
pickpocket,19172
neocortex,19173
chipmaker,19174
pilfer,19175
hypermarket,19176
osmosis,19177
iterate,19178
instantiate,19179
proactively,19180
unloved,19181
menopausal,19182
haywire,19183
guilder,19184
sepia,19185
suddenness,19186
elide,19187
librettist,19188
sissy,19189
gringo,19190
ogle,19191
ala,19192
pert,19193
metallurgy,19194
spacesuit,19195
coalescence,19196
ibuprofen,19197
desecrate,19198
tonnage,19199
meta,19200
congratulatory,19201
barbel,19202
triangulate,19203
dairying,19204
nether,19205
hangman,19206
homicidal,19207
hag,19208
typecast,19209
seafaring,19210
worktop,19211
cathartic,19212
deputation,19213
grail,19214
phylogenetic,19215
orangutan,19216
axillary,19217
disdainful,19218
caribou,19219
aftershave,19220
chauvinist,19221
nitrite,19222
unfailing,19223
penitentiary,19224
viewership,19225
whistleblower,19226
nonchalantly,19227
bellwether,19228
hillbilly,19229
lyrically,19230
indelibly,19231
parthenogenesis,19232
defecate,19233
sociopolitical,19234
editorialize,19235
reheat,19236
chamomile,19237
gibberish,19238
decider,19239
mitten,19240
jute,19241
mace,19242
unrealized,19243
duff,19244
anchovy,19245
unconstrained,19246
obstinacy,19247
circuitous,19248
reductionism,19249
unruffled,19250
flagpole,19251
conformist,19252
muff,19253
intuit,19254
interplanetary,19255
contextually,19256
parakeet,19257
postmodernist,19258
amputee,19259
prescriber,19260
snowboarder,19261
jowl,19262
disorganization,19263
strobe,19264
infield,19265
forehand,19266
redoubtable,19267
falsetto,19268
tincture,19269
privet,19270
obstetric,19271
invulnerable,19272
banister,19273
lovey,19274
elixir,19275
chit,19276
inure,19277
firebrand,19278
nonspecific,19279
lisp,19280
conformance,19281
fistful,19282
subterfuge,19283
loggerhead,19284
aqua,19285
federate,19286
bluebell,19287
crotchet,19288
downcast,19289
shifty,19290
institutionally,19291
unbeliever,19292
leaguer,19293
bandana,19294
animus,19295
biro,19296
disabuse,19297
colander,19298
nah,19299
hawkish,19300
feckless,19301
decrement,19302
synthase,19303
midline,19304
androgen,19305
ghoulish,19306
tomboy,19307
yesteryear,19308
hardliner,19309
reawaken,19310
lamppost,19311
halogen,19312
supermodel,19313
ineffectiveness,19314
salutation,19315
cushy,19316
outflank,19317
excommunicate,19318
doormat,19319
lugubrious,19320
baldness,19321
rotunda,19322
permafrost,19323
adder,19324
uptick,19325
concretely,19326
netball,19327
convexity,19328
asunder,19329
substratum,19330
antisense,19331
bugle,19332
easterly,19333
gravelly,19334
regularize,19335
snowmobile,19336
whammy,19337
compartmentalize,19338
ergo,19339
dehumanize,19340
midair,19341
afoul,19342
cellophane,19343
turd,19344
contralateral,19345
crossbar,19346
peddler,19347
washable,19348
denture,19349
uncannily,19350
uncontested,19351
midwifery,19352
winnow,19353
countertop,19354
servo,19355
demystify,19356
trickster,19357
discussant,19358
glitz,19359
motorcyclist,19360
suppressor,19361
zodiac,19362
curler,19363
swampy,19364
oceanographer,19365
logbook,19366
infamy,19367
diastolic,19368
legitimation,19369
equitably,19370
incomprehension,19371
apogee,19372
backroom,19373
beneficially,19374
handedness,19375
dishonorable,19376
capitation,19377
drumbeat,19378
frontman,19379
embalmer,19380
truncheon,19381
creaky,19382
incongruously,19383
puppeteer,19384
bevel,19385
retroactively,19386
oxygenate,19387
priestess,19388
armada,19389
remarriage,19390
prepositional,19391
keepsake,19392
dreg,19393
whelk,19394
vixen,19395
bedraggle,19396
agribusiness,19397
offal,19398
reroute,19399
outmaneuver,19400
alleviation,19401
thunderbolt,19402
unproblematic,19403
chaperon,19404
matriarch,19405
headlamp,19406
peony,19407
tillage,19408
inveterate,19409
arsehole,19410
hackle,19411
massif,19412
operetta,19413
reinsurance,19414
goatee,19415
motherland,19416
quadrangle,19417
discernment,19418
unexamined,19419
dissemble,19420
chauvinism,19421
buffoon,19422
thoughtfulness,19423
willy,19424
fantastical,19425
marigold,19426
tele,19427
protozoan,19428
coyly,19429
frostbite,19430
bender,19431
fixer,19432
vasectomy,19433
strafe,19434
prophylaxis,19435
weightlessness,19436
mead,19437
sunbeam,19438
epistle,19439
guano,19440
mossy,19441
tangy,19442
tog,19443
inoffensive,19444
transgene,19445
stupefy,19446
reallocation,19447
drafter,19448
pegmatite,19449
meson,19450
seashell,19451
furlong,19452
periscope,19453
waterfowl,19454
intron,19455
holographic,19456
wisecrack,19457
curable,19458
protrusion,19459
zany,19460
aviary,19461
phenol,19462
aerate,19463
burble,19464
broomstick,19465
vitiate,19466
cubism,19467
controversially,19468
headroom,19469
portend,19470
townsfolk,19471
nth,19472
aspen,19473
insolent,19474
cappella,19475
chanson,19476
telescopic,19477
vaporize,19478
parasitize,19479
rheumatism,19480
untamed,19481
flatness,19482
coherently,19483
wavelet,19484
spermatid,19485
maximally,19486
zing,19487
oligarch,19488
conditionality,19489
misshapen,19490
inviolable,19491
historicist,19492
transferor,19493
pastoralist,19494
woof,19495
shimmy,19496
monochromatic,19497
moralism,19498
gingham,19499
refractory,19500
tactically,19501
unimpeded,19502
creationism,19503
myopia,19504
realizable,19505
behoove,19506
explicable,19507
irascible,19508
inadmissible,19509
sisterhood,19510
militaristic,19511
navigable,19512
indefinable,19513
unread,19514
tableware,19515
swede,19516
fermenter,19517
pervasiveness,19518
typesetter,19519
plover,19520
parser,19521
ironical,19522
glasshouse,19523
nearness,19524
workroom,19525
consonantal,19526
songbird,19527
candlelit,19528
gastronomic,19529
derisively,19530
whitish,19531
primetime,19532
healthily,19533
hurrah,19534
linseed,19535
flirtatious,19536
undeserved,19537
ritually,19538
eviscerate,19539
gneiss,19540
effusive,19541
foamy,19542
revisionism,19543
shoestring,19544
squish,19545
smokestack,19546
midwinter,19547
newscaster,19548
rehydration,19549
arsonist,19550
unhindered,19551
depredation,19552
vehicular,19553
stratagem,19554
eardrum,19555
pollinator,19556
bauble,19557
smelter,19558
actuator,19559
officialdom,19560
antiphon,19561
catatonic,19562
subscript,19563
unsurpassed,19564
quango,19565
socalled,19566
amethyst,19567
zillion,19568
pinball,19569
tailgate,19570
awestruck,19571
mimesis,19572
impermeable,19573
baseless,19574
theoretician,19575
ordinariness,19576
weakling,19577
midsize,19578
outtake,19579
fryer,19580
anecdotally,19581
stickler,19582
fundholder,19583
palisade,19584
metalwork,19585
fiddly,19586
otherness,19587
familiarization,19588
avionic,19589
pallor,19590
hovercraft,19591
snowshoe,19592
stethoscope,19593
distrustful,19594
glycerol,19595
emcee,19596
jailer,19597
attestation,19598
comatose,19599
digestible,19600
acrimony,19601
chattel,19602
mickey,19603
shoelace,19604
wildcat,19605
otherworldly,19606
upwardly,19607
trachea,19608
probity,19609
stepwise,19610
condiment,19611
patrimony,19612
dressy,19613
blimey,19614
timeout,19615
godless,19616
thematically,19617
phraseology,19618
spiel,19619
batty,19620
miscreant,19621
recalculate,19622
skulk,19623
ingeniously,19624
impertinent,19625
loudness,19626
junket,19627
nativist,19628
psychosomatic,19629
loggia,19630
desegregate,19631
disyllabic,19632
intermarriage,19633
washbasin,19634
wellington,19635
kamikaze,19636
parsimonious,19637
superhighway,19638
vert,19639
wrongdoer,19640
expeditiously,19641
bedstead,19642
amiably,19643
uncut,19644
blasphemous,19645
befuddle,19646
plunger,19647
stratospheric,19648
gentrification,19649
glasnost,19650
decant,19651
exaltation,19652
reload,19653
regretful,19654
cutie,19655
temporality,19656
perpetuation,19657
watchmaker,19658
octane,19659
centurion,19660
menacingly,19661
fruitcake,19662
beetroot,19663
criminologist,19664
damask,19665
earpiece,19666
levity,19667
disciplinarian,19668
synchrony,19669
gnat,19670
teleconference,19671
moccasin,19672
tersely,19673
hollyhock,19674
thorax,19675
huntsman,19676
ginseng,19677
lampshade,19678
manhandle,19679
gonad,19680
feedstock,19681
waymarked,19682
antiviral,19683
jocular,19684
hodgepodge,19685
anagram,19686
colonialist,19687
kip,19688
unreleased,19689
lookalike,19690
beastly,19691
rapacious,19692
industrially,19693
denominational,19694
depolarize,19695
deuce,19696
blasé,19697
watercourse,19698
linchpin,19699
painlessly,19700
chickpea,19701
holdall,19702
ethernet,19703
correlative,19704
sublimate,19705
presidium,19706
umber,19707
undying,19708
naturalization,19709
frightfully,19710
despotic,19711
adjectival,19712
prelate,19713
vacillate,19714
aeration,19715
scurrilous,19716
juridical,19717
compunction,19718
antihistamine,19719
tortoiseshell,19720
hypodermic,19721
sagebrush,19722
subassembly,19723
whiteboard,19724
parallelogram,19725
reify,19726
forgettable,19727
lyricism,19728
skitter,19729
trusteeship,19730
résumé,19731
nobly,19732
unblemished,19733
bitty,19734
ogre,19735
multiprocessor,19736
inhumanity,19737
redistributive,19738
fennel,19739
downloadable,19740
lifter,19741
whimsy,19742
verisimilitude,19743
jalapeño,19744
manmade,19745
tamp,19746
endearment,19747
cytosol,19748
tidily,19749
inebriate,19750
cartwheel,19751
cultivator,19752
unencumbered,19753
paranormal,19754
transgressive,19755
fatalistic,19756
despondency,19757
reliquary,19758
multilateralism,19759
ennoble,19760
hookworm,19761
reproducible,19762
pullet,19763
extractor,19764
herbage,19765
aquaculture,19766
ringlet,19767
classicism,19768
unkindly,19769
obtrusive,19770
carburetor,19771
flowerbed,19772
cagey,19773
alkaloid,19774
erasure,19775
dermatology,19776
acoustically,19777
doddle,19778
mischievously,19779
coot,19780
webpage,19781
overgraze,19782
absolution,19783
reverent,19784
overcook,19785
swarthy,19786
sardonically,19787
brogue,19788
pallium,19789
immanent,19790
sud,19791
unadulterated,19792
endothelium,19793
quadrature,19794
libertarianism,19795
hallucinate,19796
wildfowl,19797
turpentine,19798
stanchion,19799
canola,19800
frankfurter,19801
commiserate,19802
uncouth,19803
papilla,19804
weepy,19805
tinny,19806
stooge,19807
ephemeron,19808
cheater,19809
repetitious,19810
mothball,19811
fearlessly,19812
sightseer,19813
devoutly,19814
cumin,19815
immensity,19816
dockside,19817
degeneracy,19818
demobilize,19819
émigré,19820
heaviness,19821
serendipity,19822
tabernacle,19823
beachside,19824
voicemail,19825
searchable,19826
notary,19827
hatchback,19828
patina,19829
telepathy,19830
resourcefulness,19831
cyberpunk,19832
sander,19833
egotistical,19834
perforation,19835
triathlon,19836
jackal,19837
humanoid,19838
unipolar,19839
sprayer,19840
debar,19841
wonderment,19842
tipple,19843
restock,19844
postsynaptic,19845
homogenization,19846
longitudinally,19847
twit,19848
rumination,19849
rearguard,19850
mincemeat,19851
potash,19852
bobble,19853
freehand,19854
frisk,19855
credulous,19856
debutante,19857
pointe,19858
cannonball,19859
andesite,19860
debauchery,19861
pensionable,19862
biliary,19863
pepperoni,19864
oversize,19865
tearfully,19866
rightist,19867
butch,19868
waterworks,19869
unenviable,19870
stillborn,19871
bandleader,19872
marc,19873
thrombolytic,19874
macromolecule,19875
devastatingly,19876
sartorial,19877
monarchical,19878
hashish,19879
manacle,19880
needful,19881
exorcist,19882
lea,19883
floodplain,19884
overdraw,19885
eigenvalue,19886
flywheel,19887
morn,19888
gawk,19889
scape,19890
comport,19891
infill,19892
pistachio,19893
seater,19894
casement,19895
nutter,19896
antimicrobial,19897
upwind,19898
rehouse,19899
rollick,19900
reintegration,19901
uncomprehending,19902
ladylike,19903
homozygous,19904
pigmentation,19905
wren,19906
swashbuckling,19907
clubber,19908
ghoul,19909
dietitian,19910
lawnmower,19911
steeplechase,19912
validly,19913
epoxy,19914
ohm,19915
rheumatic,19916
virility,19917
subsoil,19918
oxidase,19919
tautology,19920
epigram,19921
perennially,19922
geophysicist,19923
xenon,19924
panto,19925
unfamiliarity,19926
mojo,19927
forklift,19928
forgetfulness,19929
genocidal,19930
foreshore,19931
marathoner,19932
amour,19933
dungaree,19934
polyurethane,19935
absolutist,19936
embryology,19937
tellingly,19938
declination,19939
savant,19940
callus,19941
ploughman,19942
moo,19943
computationally,19944
countermeasure,19945
limply,19946
edify,19947
cole,19948
greengrocer,19949
darkroom,19950
moneylender,19951
dalliance,19952
sulfurous,19953
tracery,19954
prehistorian,19955
triticale,19956
caliph,19957
lumpectomy,19958
pong,19959
outclass,19960
rhesus,19961
universalism,19962
inlaid,19963
vitriol,19964
avuncular,19965
inbuilt,19966
incompleteness,19967
collaboratively,19968
copra,19969
hovel,19970
maudlin,19971
thankless,19972
intercellular,19973
carouse,19974
representativeness,19975
foreplay,19976
crowbar,19977
wreathe,19978
bandstand,19979
deixis,19980
undisguised,19981
rejuvenation,19982
interfaith,19983
navvy,19984
intercultural,19985
professionalization,19986
amateurish,19987
strapless,19988
homespun,19989
barbiturate,19990
masonic,19991
breaststroke,19992
chowder,19993
sundial,19994
hippopotamus,19995
tsarist,19996
crooner,19997
shuck,19998
breakpoint,19999
postural,20000
dreamlike,20001
draper,20002
hart,20003
circumcise,20004
apportionment,20005
limpid,20006
lite,20007
tactician,20008
indolent,20009
jumpsuit,20010
solenoid,20011
tipsy,20012
zloty,20013
prismatic,20014
thereunder,20015
watchword,20016
curbside,20017
volunteerism,20018
familiarly,20019
gyro,20020
iridium,20021
premarital,20022
photovoltaic,20023
florin,20024
fiefdom,20025
bloodbath,20026
stoicism,20027
lioness,20028
absorber,20029
trapdoor,20030
endorphin,20031
sandbox,20032
garret,20033
boxcar,20034
mullion,20035
woodworm,20036
vacuole,20037
adroitly,20038
latecomer,20039
cottager,20040
lysozyme,20041
cleaver,20042
explosively,20043
undergird,20044
convertibility,20045
wetsuit,20046
attentiveness,20047
backwardness,20048
chromatid,20049
serrated,20050
stoat,20051
naysayer,20052
philologist,20053
wizen,20054
plaudit,20055
filamentous,20056
feeler,20057
premiss,20058
busker,20059
autoworker,20060
hypothalamic,20061
wraparound,20062
northbound,20063
groundswell,20064
technocratic,20065
barmy,20066
citywide,20067
prearrange,20068
areal,20069
gaoler,20070
amoeba,20071
keystone,20072
evidentiary,20073
heathland,20074
refiner,20075
bombastic,20076
internecine,20077
drover,20078
insomniac,20079
cirque,20080
toxicology,20081
incorrigible,20082
tobacconist,20083
rechargeable,20084
kelp,20085
sputum,20086
guzzle,20087
quintile,20088
fraudulently,20089
fount,20090
vibrator,20091
methamphetamine,20092
communicable,20093
italicize,20094
sleight,20095
appendicitis,20096
wizardry,20097
expat,20098
geometrically,20099
glittery,20100
beeline,20101
poncho,20102
bookish,20103
decelerate,20104
dendrite,20105
swop,20106
drowsiness,20107
paean,20108
calcareous,20109
spangle,20110
sensitization,20111
hander,20112
triviality,20113
contrapuntal,20114
depolarization,20115
summerhouse,20116
lino,20117
impostor,20118
cinematographer,20119
tambourine,20120
prophase,20121
satyr,20122
sulky,20123
constructional,20124
philological,20125
wholeness,20126
elucidation,20127
venereal,20128
draughty,20129
reorientation,20130
instep,20131
cavalcade,20132
shamefully,20133
denouement,20134
warner,20135
commissary,20136
gannet,20137
endotoxin,20138
membranous,20139
diagrammatic,20140
torchlight,20141
farmstead,20142
appetize,20143
dumbbell,20144
vividness,20145
landlocked,20146
bauxite,20147
hairdryer,20148
uncork,20149
masthead,20150
endnote,20151
cityscape,20152
obstinately,20153
overstuff,20154
mellitus,20155
gratuity,20156
subpopulation,20157
ling,20158
spyware,20159
buttercup,20160
airbrush,20161
filial,20162
outsmart,20163
vinaigrette,20164
figuration,20165
limn,20166
humongous,20167
beeper,20168
tau,20169
redraft,20170
troubleshoot,20171
menswear,20172
convalesce,20173
fondue,20174
jilt,20175
rumen,20176
apprehensively,20177
ersatz,20178
distiller,20179
dreadlock,20180
wordy,20181
vellum,20182
bedeck,20183
askance,20184
equalization,20185
buccal,20186
detoxification,20187
cosponsor,20188
newspaperman,20189
honeybee,20190
uncouple,20191
autocrat,20192
tsk,20193
nimbly,20194
fractal,20195
angiogenesis,20196
nonchalant,20197
jacuzzi,20198
blithe,20199
tricycle,20200
covalent,20201
cert,20202
giro,20203
caldera,20204
uninfected,20205
reignite,20206
quartzite,20207
postoperative,20208
infliction,20209
sanctimonious,20210
ideation,20211
scurvy,20212
snowdrop,20213
creditworthiness,20214
multicellular,20215
cheapen,20216
supercharge,20217
neurophysiological,20218
reenactment,20219
oscar,20220
defame,20221
cosh,20222
sportswoman,20223
escapist,20224
cheerily,20225
budgie,20226
jabber,20227
armband,20228
schmooze,20229
waylay,20230
bylaw,20231
feint,20232
holdout,20233
brouhaha,20234
repairer,20235
wonky,20236
della,20237
mortification,20238
unfailingly,20239
linesman,20240
opossum,20241
insufferable,20242
unheeded,20243
reticulum,20244
hostelry,20245
locksmith,20246
nacho,20247
notepaper,20248
cormorant,20249
periodicity,20250
boolean,20251
ceaselessly,20252
jimmy,20253
greedily,20254
austral,20255
terminator,20256
defamatory,20257
stopwatch,20258
slobber,20259
unreachable,20260
stealthily,20261
deject,20262
boastful,20263
musicianship,20264
mote,20265
multifarious,20266
josh,20267
multilayer,20268
cubist,20269
lymphoid,20270
flotsam,20271
enthrone,20272
telegraphic,20273
glycolysis,20274
teary,20275
interlocutory,20276
molestation,20277
indifferently,20278
pyre,20279
constructivism,20280
aperitif,20281
abeyance,20282
peerage,20283
locator,20284
speedway,20285
sorcerer,20286
cabal,20287
effete,20288
exultation,20289
stateroom,20290
insistently,20291
limbic,20292
triplicate,20293
sweetcorn,20294
illus,20295
chlorinate,20296
magnetize,20297
roundel,20298
boudoir,20299
adjuvant,20300
thalidomide,20301
uninhabitable,20302
steadiness,20303
amelioration,20304
boffin,20305
aloofness,20306
protractor,20307
coed,20308
twat,20309
tinnitus,20310
revalue,20311
flashbulb,20312
masochistic,20313
fatherless,20314
celebrant,20315
choosy,20316
measly,20317
contortion,20318
matchmaker,20319
bray,20320
habitant,20321
teat,20322
quicksand,20323
onsite,20324
cellulosic,20325
unsteadily,20326
houseware,20327
liftoff,20328
sealant,20329
tractable,20330
valance,20331
splitter,20332
praiseworthy,20333
craven,20334
deliverer,20335
disarmingly,20336
cooper,20337
moneyed,20338
sharpener,20339
inquisitor,20340
slacker,20341
manna,20342
oversupply,20343
imprudent,20344
aborigine,20345
matey,20346
deco,20347
turgid,20348
pugnacious,20349
pertussis,20350
diatonic,20351
urethra,20352
varietal,20353
pillowcase,20354
coffeehouse,20355
smut,20356
fealty,20357
vociferously,20358
weirdness,20359
gangrene,20360
braille,20361
stringer,20362
ardently,20363
dowager,20364
sadism,20365
apposite,20366
pixie,20367
pipework,20368
worshiper,20369
convolution,20370
sappy,20371
anabolic,20372
outwith,20373
arraign,20374
luckless,20375
copyist,20376
defibrillator,20377
aurora,20378
ritualistic,20379
badness,20380
structuralism,20381
melodious,20382
rudiment,20383
playlist,20384
undiminished,20385
operant,20386
overreaction,20387
pooch,20388
regulative,20389
constitutionalism,20390
motorboat,20391
bristly,20392
rollercoaster,20393
nonchalance,20394
underling,20395
tensile,20396
locational,20397
footer,20398
culvert,20399
continence,20400
freakish,20401
hypoxic,20402
deckchair,20403
heedless,20404
hobo,20405
baulk,20406
cataclysm,20407
marlin,20408
shipboard,20409
anticlimax,20410
triptych,20411
aileron,20412
cecum,20413
steelwork,20414
couscous,20415
classicist,20416
acetylcholine,20417
officeholder,20418
convalescence,20419
awl,20420
pumice,20421
twitchy,20422
unaffordable,20423
seascape,20424
deflationary,20425
servile,20426
smugness,20427
stoplight,20428
gratuitously,20429
slinky,20430
painterly,20431
dependability,20432
pomposity,20433
dimensionality,20434
ignominy,20435
peninsular,20436
dismemberment,20437
scoreless,20438
bedlam,20439
cassava,20440
exultant,20441
dirge,20442
effeminate,20443
uncoordinated,20444
leprosy,20445
inseminate,20446
caliphate,20447
loveliness,20448
decaf,20449
esplanade,20450
serially,20451
lucidity,20452
pawnshop,20453
snitch,20454
conflation,20455
canna,20456
scrubby,20457
vesicular,20458
plasterwork,20459
wimpy,20460
transferability,20461
plaice,20462
unabridged,20463
hypnotist,20464
drudge,20465
timeshare,20466
bothy,20467
longingly,20468
lengthwise,20469
divorcee,20470
yakuza,20471
rend,20472
touristy,20473
arbitrariness,20474
efface,20475
smithy,20476
unprincipled,20477
midstream,20478
dickhead,20479
sol,20480
ladybird,20481
suppleness,20482
actin,20483
paprika,20484
gastroenteritis,20485
sanatorium,20486
undertow,20487
spoilage,20488
capsid,20489
purplish,20490
ageist,20491
borer,20492
incomer,20493
afghan,20494
consonance,20495
refractive,20496
sternum,20497
biologic,20498
cinematography,20499
cohere,20500
hunky,20501
fashionably,20502
yardage,20503
amulet,20504
pith,20505
multipurpose,20506
fluorite,20507
compositor,20508
marketeer,20509
udder,20510
untitled,20511
boneless,20512
therefrom,20513
thyself,20514
bayou,20515
syllogism,20516
ethnographer,20517
lacerate,20518
nonplus,20519
guttural,20520
hypochlorite,20521
curio,20522
cardholder,20523
cornflour,20524
chaperone,20525
dialectal,20526
nanometer,20527
cantankerous,20528
amortization,20529
butty,20530
orientalism,20531
dingo,20532
millstone,20533
unsentimental,20534
plebeian,20535
quatrain,20536
snafu,20537
dragoon,20538
fissile,20539
reprove,20540
seditious,20541
subduction,20542
butane,20543
summery,20544
piquant,20545
geochemistry,20546
cannibalize,20547
breakneck,20548
ajar,20549
humpback,20550
astern,20551
grayish,20552
reverential,20553
confocal,20554
ayatollah,20555
irreverence,20556
collation,20557
constabulary,20558
unpaved,20559
adsorption,20560
chintz,20561
antivirus,20562
farthing,20563
lapis,20564
sarin,20565
encephalopathy,20566
meniscus,20567
arraignment,20568
ungodly,20569
sinewy,20570
acidify,20571
dissociative,20572
decorous,20573
bogeyman,20574
repartee,20575
gazetteer,20576
plagiarize,20577
falsification,20578
dozy,20579
adroit,20580
apse,20581
comradeship,20582
insularity,20583
brassy,20584
fitfully,20585
egotism,20586
expropriate,20587
lithosphere,20588
indexical,20589
fistula,20590
foreshorten,20591
anatomically,20592
screed,20593
farrier,20594
fulsome,20595
antral,20596
rehire,20597
dissonant,20598
restlessly,20599
backswing,20600
estimable,20601
pedicure,20602
salesforce,20603
treeless,20604
councilman,20605
hooliganism,20606
readmission,20607
miscommunication,20608
counterfactual,20609
sportscaster,20610
homey,20611
uncooked,20612
figural,20613
poignantly,20614
unobstructed,20615
adieu,20616
rune,20617
wetness,20618
pitifully,20619
dishonestly,20620
thromboxane,20621
groupware,20622
polonium,20623
cur,20624
ignoble,20625
chlamydia,20626
squiggle,20627
thrice,20628
guacamole,20629
unmentionable,20630
countrywide,20631
surreptitious,20632
tabby,20633
sensationalism,20634
camisole,20635
holdover,20636
undiagnosed,20637
stoutly,20638
annoyingly,20639
gamely,20640
psychopathic,20641
ureter,20642
viscount,20643
gaff,20644
mislay,20645
brawny,20646
umpteenth,20647
afterword,20648
fibroblast,20649
xenophobic,20650
equidistant,20651
frustratingly,20652
pretrial,20653
boorish,20654
smallholding,20655
prig,20656
cranium,20657
mailroom,20658
glutathione,20659
sublimation,20660
nonsmoker,20661
furtherance,20662
unimpressive,20663
kingpin,20664
apostate,20665
inconsistently,20666
hacksaw,20667
concubine,20668
dodger,20669
inky,20670
riverboat,20671
yuk,20672
lordly,20673
multivitamin,20674
magnanimous,20675
copywriter,20676
candidature,20677
chipmunk,20678
voyeur,20679
poliomyelitis,20680
sumo,20681
dumpy,20682
windpipe,20683
deadbeat,20684
heterosexuality,20685
oilman,20686
bloomer,20687
intrauterine,20688
muggy,20689
quarto,20690
sloop,20691
norepinephrine,20692
metamorphism,20693
halcyon,20694
bedridden,20695
superfamily,20696
retractable,20697
trailblazer,20698
tardy,20699
endometriosis,20700
noncommittal,20701
garrulous,20702
acclamation,20703
promissory,20704
manageress,20705
bobbin,20706
gerund,20707
antiretroviral,20708
discomfit,20709
hutch,20710
doleful,20711
curvy,20712
plasterboard,20713
politick,20714
silkworm,20715
behaviorist,20716
doomsday,20717
overstock,20718
disablement,20719
dilettante,20720
carload,20721
homoclinic,20722
acetyl,20723
vane,20724
outspend,20725
dinky,20726
adjudge,20727
winemaking,20728
womanizer,20729
diddle,20730
reducible,20731
unhurt,20732
pushover,20733
ensign,20734
millennial,20735
ellipsis,20736
outfall,20737
eyewear,20738
cartography,20739
orc,20740
phonecall,20741
stagecoach,20742
undergarment,20743
schoolfriend,20744
clapboard,20745
tankard,20746
destabilization,20747
thoracic,20748
mallard,20749
snazzy,20750
dandruff,20751
lackey,20752
antacid,20753
alveolus,20754
sportsmanship,20755
contractually,20756
quartermaster,20757
dissolute,20758
sinusoidal,20759
theocracy,20760
unimpaired,20761
bollard,20762
boathouse,20763
underbelly,20764
paganism,20765
inequitable,20766
notational,20767
milliliter,20768
tam,20769
syncopate,20770
matchstick,20771
smiley,20772
rower,20773
symmetrically,20774
cartographer,20775
whereof,20776
signalman,20777
threateningly,20778
pinkish,20779
canonize,20780
shaper,20781
grapheme,20782
arithmetical,20783
limerick,20784
unexploded,20785
emanation,20786
neophyte,20787
busload,20788
individuation,20789
seaplane,20790
chamberlain,20791
rescission,20792
hydra,20793
smooch,20794
spasmodic,20795
pied,20796
distinctness,20797
domestication,20798
mufti,20799
ashen,20800
hackney,20801
winsome,20802
escapee,20803
medallist,20804
banishment,20805
wonk,20806
bubonic,20807
honoree,20808
playable,20809
armadillo,20810
sinker,20811
staffroom,20812
wingspan,20813
muffler,20814
neurosurgeon,20815
phallus,20816
lamprey,20817
pushup,20818
dimorphism,20819
adulterer,20820
paisley,20821
unpromising,20822
occlude,20823
nutritionally,20824
pinhole,20825
brownstone,20826
centromere,20827
debauch,20828
pedlar,20829
misleadingly,20830
jive,20831
aught,20832
cutaneous,20833
pitchfork,20834
curtailment,20835
beekeeper,20836
excision,20837
welterweight,20838
waif,20839
zealously,20840
absorbent,20841
slake,20842
dockland,20843
loyally,20844
bate,20845
insubordination,20846
redshift,20847
whopper,20848
doctrinaire,20849
occipital,20850
inane,20851
tenaciously,20852
deprecate,20853
agronomist,20854
understaff,20855
halibut,20856
rhinestone,20857
thalamus,20858
enrapture,20859
peacemaking,20860
repressor,20861
leitmotif,20862
humorously,20863
returnee,20864
zonal,20865
inconsiderable,20866
rappel,20867
gyrate,20868
infarct,20869
velour,20870
palpably,20871
hypothetically,20872
fink,20873
spline,20874
hydrant,20875
arpeggio,20876
interdiction,20877
armful,20878
mulatto,20879
chairlift,20880
sacrilege,20881
byelaw,20882
mucky,20883
mutuality,20884
cutaway,20885
ret,20886
ignominious,20887
reactant,20888
bloodline,20889
laceration,20890
presentational,20891
headliner,20892
overcapacity,20893
encephalitis,20894
marginality,20895
memorization,20896
medulla,20897
dispiriting,20898
cutthroat,20899
ferrous,20900
relativist,20901
lac,20902
matchbox,20903
hallucinatory,20904
stonemason,20905
succour,20906
cayenne,20907
sandalwood,20908
verbalize,20909
tinfoil,20910
appealingly,20911
buttermilk,20912
acclimate,20913
abbess,20914
harmlessly,20915
dotty,20916
murk,20917
bloodletting,20918
bronco,20919
bangle,20920
pyrite,20921
tibia,20922
factorization,20923
optionally,20924
moraine,20925
safekeeping,20926
amusingly,20927
collectivist,20928
unweighted,20929
altimeter,20930
superannuation,20931
defensiveness,20932
briar,20933
methodologically,20934
sarong,20935
dressage,20936
undiluted,20937
bonhomie,20938
maddeningly,20939
melanin,20940
parsimony,20941
enticement,20942
crazily,20943
supernatant,20944
hale,20945
flan,20946
superconductivity,20947
disinformation,20948
carpal,20949
redoubt,20950
parturition,20951
sidecar,20952
destitution,20953
luxuriate,20954
personhood,20955
juke,20956
extrasolar,20957
fiendish,20958
majestically,20959
reapply,20960
doff,20961
purine,20962
undies,20963
lemur,20964
fieldworker,20965
pinion,20966
megalithic,20967
semiautomatic,20968
brasserie,20969
synod,20970
inflexibility,20971
aloe,20972
gyration,20973
hydrophobic,20974
blather,20975
gibbet,20976
ruffian,20977
scrotum,20978
prickle,20979
balaclava,20980
winemaker,20981
unadjusted,20982
distemper,20983
hairstylist,20984
lode,20985
tempera,20986
hypochondriac,20987
lesbianism,20988
nightspot,20989
credibly,20990
printmaking,20991
insolence,20992
eulogize,20993
collectivism,20994
acquisitive,20995
uncompetitive,20996
flexitime,20997
fivefold,20998
intertidal,20999
rookery,21000
chump,21001
trapeze,21002
lassie,21003
boatload,21004
alms,21005
lifesaving,21006
wham,21007
chivalric,21008
washout,21009
guillemot,21010
bantam,21011
overfeed,21012
villainous,21013
recuse,21014
entrapment,21015
goalpost,21016
centrum,21017
tranche,21018
curlew,21019
pitiless,21020
impish,21021
oneness,21022
boxy,21023
presto,21024
hemlock,21025
underpass,21026
wretchedness,21027
grout,21028
overzealous,21029
townsman,21030
iguana,21031
repeater,21032
returner,21033
almshouse,21034
scrubber,21035
beautify,21036
firmament,21037
cottonwood,21038
overgrowth,21039
daemon,21040
cytosolic,21041
coif,21042
contemporaneously,21043
recessionary,21044
guanaco,21045
calamitous,21046
gazette,21047
provable,21048
enchilada,21049
hawker,21050
supplication,21051
unvarnished,21052
playtime,21053
drainpipe,21054
agate,21055
stringency,21056
unwed,21057
pudgy,21058
incompletely,21059
threepence,21060
typewrite,21061
cutlet,21062
dower,21063
sorrel,21064
electrophoresis,21065
cliffhanger,21066
adsorb,21067
stalactite,21068
leprechaun,21069
mitzvah,21070
bashful,21071
landmine,21072
undersized,21073
agape,21074
youngish,21075
blindside,21076
heckler,21077
slather,21078
hex,21079
micrometer,21080
ammonite,21081
abstruse,21082
untruth,21083
toroidal,21084
buyback,21085
evolutionist,21086
ministration,21087
scabbard,21088
downy,21089
saleable,21090
effervescent,21091
nonviolence,21092
foxglove,21093
patois,21094
umpteen,21095
apnea,21096
prepayment,21097
airmail,21098
songbook,21099
harrier,21100
milkshake,21101
baloney,21102
catacomb,21103
echinoderm,21104
urethral,21105
pasteurize,21106
yon,21107
histological,21108
mitotic,21109
aero,21110
woeful,21111
waterlily,21112
instinctual,21113
slavish,21114
mem,21115
toboggan,21116
appertain,21117
seductively,21118
goodly,21119
datable,21120
belligerence,21121
ingratitude,21122
krill,21123
nearside,21124
marjoram,21125
dispassionately,21126
maisonette,21127
multimillion,21128
aeon,21129
retinopathy,21130
encumbrance,21131
bedchamber,21132
unfreeze,21133
rulebook,21134
transcriptase,21135
palpitation,21136
dado,21137
unknowing,21138
carapace,21139
ducal,21140
unmade,21141
philander,21142
hairbrush,21143
sadist,21144
inaccurately,21145
ringmaster,21146
midge,21147
clincher,21148
subserve,21149
tulle,21150
plaint,21151
evangelicalism,21152
pawnbroker,21153
fistfight,21154
airless,21155
dodder,21156
emir,21157
counterintelligence,21158
lifer,21159
byre,21160
morula,21161
usurpation,21162
reverently,21163
poetically,21164
vegetal,21165
floodwater,21166
flummox,21167
ritualize,21168
ageless,21169
frazzle,21170
gator,21171
hoodlum,21172
octagon,21173
letterbox,21174
exorcism,21175
outrank,21176
impermissible,21177
entrenchment,21178
pussycat,21179
addle,21180
imprecision,21181
mullet,21182
unhook,21183
geophysic,21184
baleful,21185
gastrin,21186
unbidden,21187
limber,21188
prudish,21189
dubiously,21190
insensible,21191
starchy,21192
drivel,21193
outsell,21194
trilobite,21195
fallacious,21196
cursive,21197
matchless,21198
moviemaker,21199
forager,21200
novelistic,21201
dipper,21202
marl,21203
endoplasmic,21204
cox,21205
rollback,21206
remiss,21207
skittle,21208
glamorize,21209
bridleway,21210
telophase,21211
curveball,21212
consolidator,21213
halfback,21214
informatic,21215
cloner,21216
borderless,21217
sheepdog,21218
debonair,21219
logjam,21220
idealization,21221
retry,21222
emasculate,21223
inescapably,21224
famish,21225
misappropriation,21226
scrummage,21227
dewy,21228
floe,21229
quiescence,21230
byway,21231
archrival,21232
flapper,21233
gigabyte,21234
doublet,21235
paperless,21236
leafless,21237
undeserving,21238
troubleshooter,21239
midsole,21240
bivouac,21241
clematis,21242
highwayman,21243
brazenly,21244
coattail,21245
studentship,21246
maltster,21247
tucker,21248
liposuction,21249
blotchy,21250
landowning,21251
alimentary,21252
handoff,21253
pronto,21254
jadeite,21255
predestine,21256
sedge,21257
yaw,21258
rehabilitative,21259
satiric,21260
hereto,21261
topper,21262
preclinical,21263
cosmopolitanism,21264
outbid,21265
unilateralism,21266
hardwire,21267
mammy,21268
gorgeously,21269
compulsively,21270
synoptic,21271
harmoniously,21272
exchanger,21273
lemony,21274
separateness,21275
toupee,21276
bimonthly,21277
sigma,21278
portraitist,21279
murine,21280
clade,21281
neuropeptide,21282
microscopically,21283
radiometric,21284
crumpet,21285
weatherman,21286
perambulation,21287
crud,21288
felicitous,21289
wattle,21290
inconsiderate,21291
deepwater,21292
pigtail,21293
smarten,21294
daggerboard,21295
cosine,21296
internationalize,21297
scarp,21298
beth,21299
inedible,21300
umbrage,21301
stipple,21302
recognizably,21303
bailey,21304
twentysomething,21305
ritzy,21306
verso,21307
gusty,21308
afterglow,21309
gluon,21310
solarium,21311
saleswoman,21312
decathlon,21313
showmanship,21314
callow,21315
logician,21316
formless,21317
groggy,21318
decker,21319
humerus,21320
baptismal,21321
anarchism,21322
boilerplate,21323
unshakable,21324
emirate,21325
funicular,21326
tapeworm,21327
braise,21328
gilbert,21329
creationist,21330
musculature,21331
locket,21332
fantasia,21333
handbrake,21334
nudist,21335
neighborly,21336
viciousness,21337
stultify,21338
theatrically,21339
brimstone,21340
photoreceptor,21341
farfetched,21342
riddance,21343
parabola,21344
badlands,21345
sideburns,21346
inchoate,21347
waterski,21348
extremal,21349
prurient,21350
voluble,21351
fishmonger,21352
clairvoyant,21353
optically,21354
osteoarthritis,21355
tyke,21356
lifecycle,21357
conquistador,21358
lipase,21359
foreskin,21360
resupply,21361
bravura,21362
redecoration,21363
fife,21364
buggery,21365
turner,21366
nextstep,21367
bong,21368
scat,21369
unapologetic,21370
uncollected,21371
convolute,21372
mutinous,21373
wearable,21374
locum,21375
expansionism,21376
intercession,21377
radicalize,21378
swank,21379
bicentennial,21380
hummock,21381
salubrious,21382
copiously,21383
sibilant,21384
drywall,21385
glycoprotein,21386
depositional,21387
reinfection,21388
flyover,21389
hitman,21390
tuff,21391
correctional,21392
discernable,21393
deactivate,21394
alimony,21395
unionization,21396
myeloma,21397
suburbanite,21398
inexact,21399
serge,21400
junkyard,21401
wirelessly,21402
vermilion,21403
unseeded,21404
unbuckle,21405
downriver,21406
firebomb,21407
unreservedly,21408
erectile,21409
interdict,21410
rand,21411
eyeshadow,21412
chipboard,21413
fatherly,21414
deportee,21415
ironclad,21416
cougar,21417
vocally,21418
seducer,21419
commingle,21420
opencast,21421
tannery,21422
flagrantly,21423
sportive,21424
jib,21425
recondition,21426
astringent,21427
demerit,21428
unexpressed,21429
abhorrence,21430
perspex,21431
explicitness,21432
stunner,21433
euphemistically,21434
extraordinaire,21435
stepchild,21436
piste,21437
napalm,21438
imminence,21439
foreknowledge,21440
callousness,21441
riffle,21442
outstandingly,21443
lint,21444
phytoplankton,21445
flawlessly,21446
portage,21447
chambermaid,21448
risotto,21449
dazzlingly,21450
monsieur,21451
outscore,21452
ectopic,21453
airspeed,21454
gasification,21455
moronic,21456
reentry,21457
baldly,21458
crystallography,21459
investiture,21460
overstretch,21461
viewdata,21462
circularity,21463
ornery,21464
ingot,21465
accumulator,21466
papyrus,21467
witless,21468
perforce,21469
oxytocin,21470
elasticate,21471
misapprehension,21472
poetical,21473
insouciance,21474
inclement,21475
noradrenaline,21476
subvention,21477
handcraft,21478
steepen,21479
soapbox,21480
exon,21481
muesli,21482
shrewdness,21483
quotidian,21484
torsion,21485
plasticine,21486
crumbly,21487
disenfranchisement,21488
bogie,21489
dully,21490
gynecological,21491
porosity,21492
schematically,21493
evangelize,21494
preservationist,21495
beady,21496
teachable,21497
galleon,21498
backslide,21499
vise,21500
granola,21501
masque,21502
walkabout,21503
scantily,21504
homebuyer,21505
infinitival,21506
actuate,21507
unthinkingly,21508
irreversibly,21509
dengue,21510
scriptwriter,21511
semicolon,21512
cockerel,21513
lapillus,21514
centaur,21515
taxicab,21516
gunfight,21517
hemophiliac,21518
mocha,21519
manufactory,21520
winkle,21521
humus,21522
stinker,21523
donna,21524
phish,21525
personalization,21526
humanely,21527
atresia,21528
frizz,21529
febrile,21530
unquestioning,21531
overawe,21532
tuneful,21533
electrolysis,21534
myrtle,21535
waterline,21536
landline,21537
extender,21538
atrial,21539
pyrotechnic,21540
reproof,21541
shredder,21542
bicyclist,21543
glioma,21544
atropine,21545
electioneer,21546
reevaluation,21547
bathhouse,21548
sparkler,21549
unspectacular,21550
rootless,21551
granitic,21552
modeler,21553
playpen,21554
hertz,21555
earwig,21556
superconduct,21557
gargle,21558
outfitter,21559
monetarist,21560
pesto,21561
drumstick,21562
worthiness,21563
obdurate,21564
nervy,21565
imbecile,21566
rifleman,21567
salesmanship,21568
anime,21569
tarragon,21570
lockstep,21571
blackmailer,21572
civilly,21573
twill,21574
finicky,21575
monetize,21576
abalone,21577
proprietorship,21578
uncorrelated,21579
circumnavigate,21580
overstay,21581
luxuriously,21582
videocassette,21583
hagiography,21584
modulator,21585
indiscreet,21586
indexer,21587
heraldic,21588
chirpy,21589
profundity,21590
palaeontology,21591
butchery,21592
compere,21593
serialism,21594
protean,21595
underdevelopment,21596
lath,21597
secularize,21598
glycol,21599
porthole,21600
botanic,21601
chivalrous,21602
pentagon,21603
hereof,21604
sellotape,21605
misstate,21606
reiteration,21607
gnash,21608
nutcracker,21609
oregano,21610
bloodhound,21611
speedometer,21612
immunodeficiency,21613
criminology,21614
morocco,21615
monoculture,21616
nullification,21617
lascivious,21618
softener,21619
insuperable,21620
tapwater,21621
toothy,21622
voyeuristic,21623
algebraically,21624
trekker,21625
tryptophan,21626
unmodified,21627
gumbo,21628
luff,21629
forlornly,21630
poppet,21631
blab,21632
cilantro,21633
dramatization,21634
schist,21635
teal,21636
westbound,21637
irradiance,21638
dotcom,21639
peaceable,21640
perfectionism,21641
mistral,21642
belfry,21643
fearlessness,21644
overfish,21645
syntactical,21646
collegial,21647
pediment,21648
dahlia,21649
outplay,21650
homophone,21651
drinkable,21652
keiretsu,21653
upbraid,21654
headship,21655
voyager,21656
forswear,21657
botulism,21658
conclave,21659
recusant,21660
preteen,21661
limpet,21662
typhus,21663
gardenia,21664
bothersome,21665
omnipotence,21666
greenback,21667
ripstop,21668
breathtakingly,21669
fishnet,21670
engraver,21671
brainless,21672
earldom,21673
cruciform,21674
betroth,21675
betrothal,21676
bilge,21677
probationary,21678
tetrahedron,21679
leviathan,21680
chert,21681
astrocyte,21682
telepathic,21683
mummify,21684
whitefly,21685
unashamed,21686
headcount,21687
gangly,21688
streptococcus,21689
sniffer,21690
housebound,21691
watchtower,21692
bearish,21693
glottal,21694
lading,21695
clubhead,21696
spandex,21697
stably,21698
convulsively,21699
biofeedback,21700
archaeologically,21701
wallaby,21702
gainer,21703
therewith,21704
crackpot,21705
dethrone,21706
folkloric,21707
examinee,21708
overemphasize,21709
suffragette,21710
diffidence,21711
unbend,21712
ethyl,21713
histology,21714
temperamentally,21715
estrus,21716
bullhorn,21717
privateer,21718
atavistic,21719
unearned,21720
soiree,21721
substation,21722
knapsack,21723
gibbon,21724
springer,21725
paymaster,21726
aesthete,21727
meningococcal,21728
respectably,21729
bacteriological,21730
workmanlike,21731
smorgasbord,21732
disambiguate,21733
hatchery,21734
lefthand,21735
zoological,21736
curia,21737
guava,21738
spiritualist,21739
celsius,21740
weightlift,21741
nightcap,21742
charitably,21743
cuppa,21744
cannery,21745
footloose,21746
inquirer,21747
gallium,21748
clampdown,21749
birdwatch,21750
processional,21751
perceptibly,21752
vivacity,21753
sacramental,21754
apoplectic,21755
technic,21756
bruiser,21757
transceiver,21758
filet,21759
reflexivity,21760
pelmet,21761
hourglass,21762
denature,21763
cockle,21764
hoodwink,21765
bellicose,21766
cropper,21767
castaway,21768
overspill,21769
unobtainable,21770
eggnog,21771
conciliate,21772
biweekly,21773
misalignment,21774
anesthesiologist,21775
rattan,21776
pelagic,21777
uncool,21778
flatulence,21779
corneal,21780
monopole,21781
puma,21782
angiosperm,21783
fornication,21784
multiyear,21785
unturned,21786
collapsible,21787
homestay,21788
workpiece,21789
beatnik,21790
divination,21791
spammer,21792
flamboyance,21793
benediction,21794
wench,21795
engorge,21796
egret,21797
telomere,21798
gestalt,21799
phenotypic,21800
sexton,21801
leggy,21802
deportment,21803
mailman,21804
southwards,21805
mindlessly,21806
abjure,21807
steerage,21808
smokeless,21809
enrollee,21810
pulsation,21811
ulster,21812
catalysis,21813
myocardium,21814
sunblock,21815
splashy,21816
eyelet,21817
hydrostatic,21818
pedant,21819
rupiah,21820
alternator,21821
sainthood,21822
quarrelsome,21823
daringly,21824
slingshot,21825
horsemanship,21826
aspirational,21827
signet,21828
halftone,21829
fruitfully,21830
anaphora,21831
grotty,21832
airlock,21833
recapitalization,21834
liveliness,21835
cardio,21836
remorselessly,21837
verbiage,21838
straitjacket,21839
choker,21840
underhand,21841
jailhouse,21842
aircondition,21843
fluoridation,21844
landward,21845
marten,21846
feldspar,21847
meaningfulness,21848
inductor,21849
overpopulate,21850
ticklish,21851
hindquarter,21852
chummy,21853
scrimp,21854
accrete,21855
sauté,21856
tugboat,21857
hematite,21858
physiognomy,21859
gestational,21860
nosebleed,21861
tamale,21862
hellfire,21863
frugality,21864
luminal,21865
gallantly,21866
serif,21867
breezily,21868
ana,21869
furl,21870
disconcertingly,21871
frictional,21872
climatologist,21873
fecund,21874
untainted,21875
leeward,21876
multifunctional,21877
roughshod,21878
inadvisable,21879
reuptake,21880
nonnegative,21881
unrealistically,21882
malcontent,21883
bebop,21884
doss,21885
disinherit,21886
foxy,21887
eclecticism,21888
roadster,21889
detestable,21890
sunburst,21891
transmutation,21892
pontiff,21893
joyously,21894
thrombolysis,21895
profuse,21896
teaspoonful,21897
herbalist,21898
wardship,21899
oligodendrocyte,21900
scupper,21901
featherweight,21902
disrepute,21903
mordant,21904
infectivity,21905
shellac,21906
biogas,21907
railwayman,21908
swinger,21909
tangentially,21910
rehydrate,21911
superconductor,21912
officious,21913
quinine,21914
subroutine,21915
bleakness,21916
erica,21917
guileless,21918
favorability,21919
ginkgo,21920
clifftop,21921
unabashedly,21922
antiaircraft,21923
gaiter,21924
ionization,21925
catchphrase,21926
unheralded,21927
reedy,21928
ultrathin,21929
impudent,21930
brawn,21931
antifreeze,21932
dustman,21933
reaper,21934
debugger,21935
blessedly,21936
expeditious,21937
cercaria,21938
endoscopic,21939
inflectional,21940
proctor,21941
greaseproof,21942
wicketkeeper,21943
glutton,21944
collectivity,21945
cosset,21946
uselessness,21947
coarsen,21948
scepter,21949
elision,21950
putrid,21951
marmot,21952
aspersion,21953
plebiscite,21954
corvette,21955
catarrh,21956
indecently,21957
bronchus,21958
sunroof,21959
backwoods,21960
paramour,21961
localism,21962
coitus,21963
polemicist,21964
compactness,21965
rateable,21966
signage,21967
yob,21968
chenille,21969
involution,21970
newton,21971
griddle,21972
resistivity,21973
windblown,21974
airforce,21975
snowpack,21976
neurobiological,21977
plasmodium,21978
laddie,21979
fingerboard,21980
scrubland,21981
flirty,21982
seine,21983
penknife,21984
campanile,21985
techie,21986
unpainted,21987
peerless,21988
counterfeiter,21989
gaffer,21990
carpool,21991
nameplate,21992
dastardly,21993
bilayer,21994
hotshot,21995
octogenarian,21996
strangulation,21997
brill,21998
stepsister,21999
parochialism,22000
classificatory,22001
authoritatively,22002
employability,22003
stevedore,22004
unapproved,22005
obverse,22006
maxi,22007
shearer,22008
episcopate,22009
incubus,22010
discontinuation,22011
steamroller,22012
balsamic,22013
ostinato,22014
universalize,22015
baa,22016
username,22017
abuzz,22018
seafloor,22019
racketeer,22020
administrate,22021
specifier,22022
lakefront,22023
reinstall,22024
legionnaire,22025
windward,22026
scruff,22027
cornstarch,22028
stylishly,22029
cudgel,22030
ribald,22031
computable,22032
exchequer,22033
decolonization,22034
linearity,22035
cometary,22036
birthmark,22037
hibiscus,22038
arrogantly,22039
unglamorous,22040
ornately,22041
terrine,22042
transponder,22043
slavishly,22044
voidable,22045
scalability,22046
streaky,22047
gopher,22048
telephoto,22049
unrecorded,22050
skylark,22051
timidly,22052
commutation,22053
stenosis,22054
mutineer,22055
oligopoly,22056
craftspeople,22057
apostasy,22058
naproxen,22059
triumvirate,22060
copula,22061
imprimatur,22062
buxom,22063
initialize,22064
demesne,22065
untypical,22066
unmotivated,22067
obfuscate,22068
pincers,22069
unrelieved,22070
rangy,22071
metalinguistic,22072
flinty,22073
ablution,22074
nunnery,22075
sugarcoat,22076
stoically,22077
recapitulation,22078
smokescreen,22079
methylphenidate,22080
irritably,22081
whatsit,22082
miaow,22083
firmware,22084
upwell,22085
urethane,22086
acropolis,22087
unlearn,22088
spastic,22089
recumbent,22090
metallurgical,22091
senility,22092
stagflation,22093
conker,22094
belvedere,22095
psalter,22096
breathable,22097
solecism,22098
fey,22099
westernize,22100
serialize,22101
mien,22102
enteritis,22103
menfolk,22104
unsociable,22105
geisha,22106
entomology,22107
sleeplessness,22108
obfuscation,22109
titillation,22110
relevancy,22111
prankster,22112
vintner,22113
formance,22114
repeatable,22115
chalkboard,22116
pharynx,22117
choc,22118
reciprocally,22119
wineglass,22120
marquetry,22121
exportation,22122
tubercle,22123
russet,22124
syrupy,22125
patroness,22126
headman,22127
agonist,22128
tyrosine,22129
defeatist,22130
flaccid,22131
minim,22132
eiderdown,22133
victual,22134
coon,22135
juggler,22136
sagacity,22137
vac,22138
gremlin,22139
rashly,22140
sorcery,22141
wholehearted,22142
movingly,22143
separator,22144
coven,22145
onyx,22146
supremo,22147
uninjured,22148
cryptically,22149
unappreciated,22150
aglow,22151
existentialist,22152
sickroom,22153
transfigure,22154
ionosphere,22155
inhere,22156
hepatic,22157
dualistic,22158
drawstring,22159
manse,22160
crayfish,22161
semicircular,22162
newsmagazine,22163
sleepover,22164
prettiness,22165
fulminate,22166
resubmit,22167
forebrain,22168
poser,22169
taxol,22170
gonadotropin,22171
legibility,22172
joyless,22173
behaviorism,22174
sarcoma,22175
concatenation,22176
mart,22177
ophthalmologist,22178
evanescent,22179
stillbirth,22180
aquamarine,22181
churchgoing,22182
peaceably,22183
preferment,22184
swot,22185
phloem,22186
benight,22187
repentant,22188
earthbound,22189
stereoscopic,22190
overactive,22191
spicule,22192
kale,22193
dorky,22194
oration,22195
rood,22196
ambassadorial,22197
byword,22198
estoppel,22199
dormer,22200
lifesaver,22201
extenuate,22202
tarot,22203
gangplank,22204
ingenuous,22205
tosser,22206
countermand,22207
solvable,22208
derogation,22209
encamp,22210
frig,22211
suchlike,22212
gecko,22213
valedictorian,22214
ambiguously,22215
platypus,22216
pineal,22217
dissimilarity,22218
superintend,22219
nonce,22220
fado,22221
acceptor,22222
locution,22223
ultramarine,22224
flowerpot,22225
exhalation,22226
reinvention,22227
hemispherical,22228
cropland,22229
spendthrift,22230
niceness,22231
trefoil,22232
unpaired,22233
subservience,22234
sessile,22235
awfulness,22236
sty,22237
faithless,22238
bipedal,22239
crewmate,22240
sociality,22241
witticism,22242
ague,22243
metalworking,22244
slovenly,22245
carmine,22246
pantyhose,22247
unmediated,22248
mange,22249
semiotics,22250
rhyolite,22251
bannister,22252
hurdler,22253
phlegm,22254
iconoclast,22255
unceasing,22256
penitence,22257
shaver,22258
hep,22259
organizationally,22260
intemperate,22261
browbeat,22262
nosedive,22263
freshener,22264
happenstance,22265
propulsive,22266
cloche,22267
papillomavirus,22268
toddle,22269
cheerless,22270
homoerotic,22271
excelsior,22272
midi,22273
discretely,22274
roundhouse,22275
centenarian,22276
howler,22277
procurator,22278
flighty,22279
casualness,22280
perchance,22281
teleology,22282
yucca,22283
bookworm,22284
obiter,22285
colorist,22286
candidiasis,22287
pestilence,22288
fourpence,22289
swoosh,22290
wrecker,22291
telemarketer,22292
ironmonger,22293
baize,22294
cowslip,22295
stinger,22296
electromagnetism,22297
phi,22298
semicircle,22299
worsted,22300
aboveground,22301
cysteine,22302
decondensation,22303
quadriplegic,22304
patristic,22305
accusatory,22306
tumbleweed,22307
suet,22308
kibbutz,22309
plainchant,22310
armhole,22311
reconnoitre,22312
vouchsafe,22313
stickiness,22314
bongo,22315
semaphore,22316
disparagingly,22317
winless,22318
explainer,22319
bloodshot,22320
minster,22321
pendulous,22322
potpourri,22323
antsy,22324
embolism,22325
flycatcher,22326
womenfolk,22327
laconically,22328
puss,22329
litigious,22330
unbelief,22331
nostalgically,22332
centrifugation,22333
apraxia,22334
racquetball,22335
sativa,22336
prolapse,22337
canonization,22338
lyre,22339
undershirt,22340
inoperable,22341
betide,22342
deforest,22343
preppy,22344
eavesdropper,22345
ligature,22346
gazebo,22347
magnetization,22348
monism,22349
unobservable,22350
zinger,22351
homeschool,22352
agoraphobia,22353
skateboarder,22354
undersign,22355
laggard,22356
radian,22357
jackdaw,22358
sublet,22359
unsalted,22360
conga,22361
seance,22362
vibrato,22363
odometer,22364
cravat,22365
wrongness,22366
unexceptional,22367
wangle,22368
monday,22369
liberality,22370
tsar,22371
acetaminophen,22372
microfiche,22373
clubroom,22374
monotheism,22375
oogenesis,22376
mousy,22377
uneconomical,22378
larch,22379
verity,22380
intentioned,22381
lionize,22382
decompress,22383
inexpensively,22384
gawky,22385
deliriously,22386
dishy,22387
bidet,22388
divestiture,22389
subnormal,22390
beachhead,22391
underweight,22392
grater,22393
readmit,22394
thrombus,22395
popper,22396
tripper,22397
preachy,22398
carafe,22399
grievously,22400
pathfinder,22401
thymus,22402
patrolman,22403
terrifyingly,22404
touchline,22405
nosey,22406
voraciously,22407
smarmy,22408
polygonal,22409
fictive,22410
juju,22411
potluck,22412
stickleback,22413
soundproof,22414
isoform,22415
begonia,22416
unflappable,22417
entomb,22418
pluripotent,22419
wasabi,22420
nanosecond,22421
gantry,22422
unwholesome,22423
consumerist,22424
tackler,22425
monstrously,22426
inundation,22427
earplug,22428
earful,22429
rambunctious,22430
tetrachloride,22431
shockwave,22432
trad,22433
unenthusiastic,22434
endometrial,22435
innovatory,22436
grebe,22437
beagle,22438
recliner,22439
adiabatic,22440
papist,22441
aeronautic,22442
admixture,22443
flypast,22444
inaccessibility,22445
radially,22446
raspy,22447
stamen,22448
proposer,22449
viol,22450
adenovirus,22451
castrato,22452
hilariously,22453
anticompetitive,22454
ratty,22455
camellia,22456
purloin,22457
lolly,22458
electrochemical,22459
reinforcer,22460
peachy,22461
choirboy,22462
manliness,22463
prude,22464
slasher,22465
lazuli,22466
maniacal,22467
lawman,22468
barbell,22469
childminder,22470
hydrangea,22471
lasso,22472
unshakeable,22473
misogynist,22474
flashpoint,22475
clumsiness,22476
disassociate,22477
arboreal,22478
foreleg,22479
phrenology,22480
sloppiness,22481
superego,22482
spume,22483
bather,22484
moorhen,22485
lineout,22486
feminize,22487
booker,22488
retardant,22489
goldmine,22490
irritatingly,22491
rakish,22492
cuckold,22493
yearling,22494
hereunder,22495
pornographer,22496
speciation,22497
polyploid,22498
rearm,22499
busk,22500
gumshoe,22501
hallucinogenic,22502
oarsman,22503
colorblind,22504
polygamous,22505
toxoplasmosis,22506
ascendance,22507
parasympathetic,22508
tannoy,22509
irretrievably,22510
strategize,22511
teamster,22512
candelabrum,22513
desalination,22514
splotch,22515
estuarine,22516
antimatter,22517
nucleolus,22518
refundable,22519
incognito,22520
enunciation,22521
taskmaster,22522
imager,22523
plasminogen,22524
spermatocyte,22525
geologically,22526
electrocardiogram,22527
hula,22528
praxis,22529
zilch,22530
nonparametric,22531
caulk,22532
allocative,22533
costa,22534
undesired,22535
rearmament,22536
peppery,22537
evermore,22538
impartially,22539
venous,22540
hajj,22541
overflight,22542
traditionalism,22543
popularization,22544
comedienne,22545
interbank,22546
peristaltic,22547
strainer,22548
thimble,22549
nullity,22550
squaw,22551
undirected,22552
moneymaker,22553
venal,22554
neigh,22555
sweetmeat,22556
waxwork,22557
backcloth,22558
calmodulin,22559
jihadi,22560
wattage,22561
wearisome,22562
baste,22563
disunity,22564
gruel,22565
immunofluorescence,22566
gyroscope,22567
radicalization,22568
statesmanship,22569
metastasize,22570
baronial,22571
crenellate,22572
legless,22573
exposé,22574
aposematic,22575
canard,22576
hairspray,22577
fief,22578
antechamber,22579
avowal,22580
rabbinical,22581
malfeasance,22582
clearness,22583
lamina,22584
nurseryman,22585
misuser,22586
photochemical,22587
bighorn,22588
gunnery,22589
menarche,22590
topside,22591
misspend,22592
infallibility,22593
tramcar,22594
concatenate,22595
rho,22596
superficiality,22597
blindingly,22598
chaffinch,22599
greenbelt,22600
godlike,22601
papaya,22602
grouper,22603
torpor,22604
transience,22605
rectilinear,22606
twisty,22607
urologist,22608
diorama,22609
curatorial,22610
avenger,22611
bestial,22612
oceanfront,22613
glutinous,22614
derisory,22615
backstop,22616
wheeler,22617
buckskin,22618
enquirer,22619
purebred,22620
tokamak,22621
tallow,22622
geopolitic,22623
nightshirt,22624
unpolluted,22625
gadgetry,22626
agonizingly,22627
uneaten,22628
merchantable,22629
subjectivism,22630
uninvolved,22631
pita,22632
grandiosity,22633
primo,22634
pissy,22635
amylase,22636
polyvinyl,22637
thoughtlessly,22638
loveable,22639
bitumen,22640
careerist,22641
clarion,22642
gibe,22643
demagoguery,22644
chauvinistic,22645
inflammable,22646
isometrics,22647
uninformative,22648
forelimb,22649
kittiwake,22650
phosphatase,22651
parachutist,22652
lengthways,22653
overbalance,22654
androgynous,22655
absently,22656
exuberantly,22657
requiem,22658
desertification,22659
nasturtium,22660
herringbone,22661
obstructionist,22662
cheerio,22663
maleness,22664
supernumerary,22665
forecastle,22666
gummy,22667
fulmar,22668
roadmap,22669
webcast,22670
unpick,22671
unrivaled,22672
unequally,22673
teashop,22674
unfiltered,22675
flipchart,22676
newbie,22677
clod,22678
bleu,22679
stationer,22680
cacique,22681
gurney,22682
herdsman,22683
thunderbird,22684
amniocentesis,22685
acyclovir,22686
bookable,22687
hotplate,22688
railhead,22689
partygoer,22690
cronyism,22691
blusher,22692
lounger,22693
inanity,22694
evangelistic,22695
stepdad,22696
tiebreaker,22697
funereal,22698
pedantry,22699
galena,22700
clack,22701
fescue,22702
trustful,22703
closeup,22704
grouchy,22705
constipate,22706
chlorofluorocarbon,22707
chordal,22708
dolomite,22709
aplenty,22710
courtside,22711
fatness,22712
existentialism,22713
papery,22714
tinder,22715
inexpressible,22716
laudanum,22717
lucidly,22718
cochlear,22719
longhand,22720
initialization,22721
radiography,22722
striptease,22723
unfunny,22724
mender,22725
buckwheat,22726
laughingly,22727
blandness,22728
lidocaine,22729
interpenetrate,22730
merchandiser,22731
dreadnought,22732
cantor,22733
mystification,22734
longhorn,22735
shindig,22736
snowdrift,22737
sequoia,22738
stakeout,22739
speculum,22740
marauder,22741
dervish,22742
unbecoming,22743
knockdown,22744
ducat,22745
redshank,22746
indolence,22747
crossly,22748
concertina,22749
audibly,22750
intermarry,22751
cystitis,22752
remount,22753
sorceress,22754
thruster,22755
rhapsody,22756
ringside,22757
sociopath,22758
canonic,22759
methinks,22760
shaven,22761
enfeeble,22762
monarchist,22763
seasick,22764
capsaicin,22765
plantain,22766
dative,22767
usurper,22768
forint,22769
secateur,22770
circumspection,22771
masochism,22772
lowercase,22773
livable,22774
morbidly,22775
remunerate,22776
ravioli,22777
coracle,22778
lockup,22779
housemate,22780
certiorari,22781
lough,22782
glissando,22783
aliquot,22784
tailspin,22785
huckster,22786
agglomeration,22787
maladministration,22788
videodisc,22789
unassisted,22790
casework,22791
dragnet,22792
centipede,22793
disembowel,22794
capacitate,22795
prepubertal,22796
pronominal,22797
sharpshooter,22798
unprocessed,22799
characterless,22800
scampi,22801
spaciousness,22802
bookend,22803
effortful,22804
unchangeable,22805
punctilious,22806
hermitage,22807
withe,22808
carbine,22809
hippocampal,22810
jawbone,22811
interactionist,22812
beneficent,22813
unworldly,22814
shopfloor,22815
hedonic,22816
ophthalmic,22817
despoil,22818
trackway,22819
oratorical,22820
scraggly,22821
simulcast,22822
seismologist,22823
alehouse,22824
topnotch,22825
muss,22826
wellspring,22827
waster,22828
womanize,22829
cyan,22830
misconceive,22831
trypsin,22832
rasher,22833
catty,22834
kisser,22835
mousetrap,22836
cabana,22837
horserace,22838
dualist,22839
bodega,22840
baht,22841
stomachache,22842
skint,22843
unfertilized,22844
moviemaking,22845
aftertaste,22846
disinclination,22847
unhesitatingly,22848
halfpenny,22849
overproduction,22850
natal,22851
odorous,22852
hedonist,22853
bowman,22854
handbill,22855
hydrofoil,22856
backpedal,22857
newish,22858
embryogenesis,22859
icebreaker,22860
gulag,22861
decal,22862
twain,22863
processual,22864
rectifier,22865
northerner,22866
tanner,22867
wristband,22868
shipbuilder,22869
hearken,22870
pergola,22871
paraplegic,22872
vapid,22873
reformat,22874
headwind,22875
tetra,22876
monorail,22877
voyeurism,22878
triceps,22879
longhouse,22880
oversleep,22881
oilskin,22882
thirtysomething,22883
decisiveness,22884
catkin,22885
tartar,22886
blackface,22887
showbusiness,22888
nonessential,22889
compulsorily,22890
probationer,22891
somnolent,22892
fatherland,22893
bamboozle,22894
transliteration,22895
centripetal,22896
preternatural,22897
nary,22898
agnosticism,22899
centralism,22900
toneless,22901
unbelieving,22902
unmix,22903
churchwarden,22904
tarn,22905
epidemiologic,22906
volcanism,22907
codeine,22908
vegetate,22909
valueless,22910
bursary,22911
carotenoid,22912
millenarian,22913
skein,22914
sinter,22915
wallflower,22916
blackthorn,22917
exhumation,22918
childlessness,22919
pilchard,22920
impliedly,22921
overtax,22922
regrowth,22923
inviolate,22924
toadstool,22925
sauerkraut,22926
summative,22927
communicant,22928
curie,22929
downmarket,22930
lowbrow,22931
naff,22932
sacrum,22933
artless,22934
blitzkrieg,22935
panicle,22936
crossbreed,22937
cakewalk,22938
skivvy,22939
rater,22940
splat,22941
majoritarian,22942
interconnectedness,22943
sandbank,22944
guppy,22945
colloquium,22946
artsy,22947
moonless,22948
urbanity,22949
underappreciated,22950
inauspicious,22951
rotund,22952
clapper,22953
nitpick,22954
unemployable,22955
gumption,22956
unforeseeable,22957
arboretum,22958
nark,22959
telephonic,22960
delphinium,22961
dace,22962
pepsin,22963
thalamocortical,22964
sidewall,22965
iconoclasm,22966
kimberlite,22967
vulva,22968
applicator,22969
interleave,22970
flagon,22971
motorcar,22972
tribune,22973
levitate,22974
moonshine,22975
bluntness,22976
microclimate,22977
mispronunciation,22978
blacktop,22979
uncorrected,22980
hyperinflation,22981
ovoid,22982
chloroplast,22983
scoreline,22984
bottler,22985
armrest,22986
reconfirm,22987
breccia,22988
neuropsychological,22989
femoral,22990
dyspepsia,22991
pyrimidine,22992
spongiform,22993
groundsheet,22994
fusillade,22995
fungible,22996
brigand,22997
ceremoniously,22998
wordplay,22999
ramify,23000
comeuppance,23001
silty,23002
coronet,23003
nonentity,23004
waterwheel,23005
meritorious,23006
endocrinologist,23007
reframe,23008
uncompromisingly,23009
henna,23010
predawn,23011
herbivorous,23012
sociobiology,23013
discipleship,23014
breakable,23015
decriminalize,23016
wildcard,23017
mandibular,23018
roan,23019
interpretable,23020
penury,23021
purl,23022
selfishly,23023
supersize,23024
miserly,23025
cytokinesis,23026
stockman,23027
thwack,23028
apoptotic,23029
integrin,23030
artificiality,23031
outerwear,23032
bacteriology,23033
epigraph,23034
pictograph,23035
calorimeter,23036
incommensurable,23037
ecu,23038
wisteria,23039
matchmaking,23040
lexicographic,23041
underlay,23042
dealmaker,23043
vegetarianism,23044
brainpower,23045
tonsure,23046
unalterable,23047
unstick,23048
paperclip,23049
tomcat,23050
mythologize,23051
cilium,23052
pacification,23053
resister,23054
operable,23055
labium,23056
harken,23057
teardrop,23058
commodious,23059
crawler,23060
parenthetically,23061
roofless,23062
lochan,23063
gallbladder,23064
sleepiness,23065
disfigurement,23066
silencer,23067
charlotte,23068
coppice,23069
inconveniently,23070
acacia,23071
viscose,23072
sectarianism,23073
recidivism,23074
unsanitary,23075
teamworking,23076
distributable,23077
sensationalist,23078
desensitize,23079
providential,23080
wrasse,23081
bombast,23082
fireproof,23083
preform,23084
vitreous,23085
osprey,23086
severally,23087
neo,23088
cybernetic,23089
atomistic,23090
bimodal,23091
condenser,23092
poinsettia,23093
phthalate,23094
jollity,23095
peripherally,23096
recce,23097
swimwear,23098
shortwave,23099
codicil,23100
zidovudine,23101
unisex,23102
weatherproof,23103
myrrh,23104
polis,23105
unseasonably,23106
agriculturally,23107
vetch,23108
barnstorm,23109
licorice,23110
mantis,23111
crinkly,23112
pollard,23113
suborn,23114
centralist,23115
unconvincingly,23116
prosody,23117
unaddressed,23118
paralytic,23119
perquisite,23120
prowler,23121
viva,23122
haggis,23123
inferential,23124
dressmaking,23125
uncensored,23126
poseur,23127
stowage,23128
chitchat,23129
seamy,23130
incompressible,23131
lumberjack,23132
fastness,23133
beatific,23134
nihilistic,23135
entrain,23136
ibex,23137
chardonnay,23138
iambic,23139
fencer,23140
fillip,23141
washcloth,23142
megabit,23143
turbid,23144
gluttony,23145
wantonly,23146
sombrero,23147
incumbency,23148
excommunication,23149
miniscule,23150
greenfly,23151
uninviting,23152
saponin,23153
sourdough,23154
hatter,23155
villainy,23156
reintegrate,23157
misdiagnose,23158
printable,23159
doghouse,23160
bozo,23161
stenographer,23162
recency,23163
ostracism,23164
vermouth,23165
taxonomist,23166
scheduler,23167
quaintly,23168
gander,23169
caliper,23170
seafarer,23171
silversmith,23172
unconformity,23173
urination,23174
microfilament,23175
spermatogenesis,23176
parley,23177
surplice,23178
reeve,23179
orderliness,23180
entryway,23181
tarantula,23182
fierceness,23183
purvey,23184
lethality,23185
parkway,23186
ergodic,23187
resuspend,23188
heartwarming,23189
helpfulness,23190
chancery,23191
miser,23192
troposphere,23193
pipit,23194
inveigh,23195
unstated,23196
leu,23197
ripeness,23198
paramagnetic,23199
downland,23200
matriculate,23201
palaver,23202
dilatory,23203
chiropractic,23204
strictness,23205
paintball,23206
hyperventilate,23207
microeconomics,23208
dyer,23209
ghrelin,23210
headfirst,23211
absorptive,23212
nosh,23213
enucleation,23214
pacer,23215
matador,23216
rede,23217
turbidity,23218
misprint,23219
oceanography,23220
plasterer,23221
generalizable,23222
kitchenware,23223
cavalryman,23224
effectual,23225
batman,23226
telethon,23227
screenwriting,23228
cookout,23229
baronetcy,23230
pug,23231
reincarnate,23232
univariate,23233
bioterror,23234
piously,23235
yucky,23236
depute,23237
cairngorm,23238
neonate,23239
crier,23240
achy,23241
mortgagor,23242
wingtip,23243
pampas,23244
declamation,23245
sandbar,23246
satiate,23247
landmass,23248
mimosa,23249
unevenness,23250
ringgit,23251
maser,23252
unsystematic,23253
stroma,23254
chard,23255
benthic,23256
odorless,23257
equivocation,23258
marmite,23259
retrench,23260
forethought,23261
bemusement,23262
unpredictably,23263
mineralize,23264
censorious,23265
greenness,23266
vagus,23267
avaricious,23268
indigestible,23269
extroverted,23270
hobnob,23271
exacerbation,23272
tweet,23273
laparoscopy,23274
polymerize,23275
quotable,23276
ascidian,23277
anteater,23278
prepay,23279
tendentious,23280
animism,23281
oystercatcher,23282
luminescence,23283
transfiguration,23284
avowedly,23285
underachieve,23286
ribcage,23287
shantytown,23288
reconstructive,23289
cookware,23290
rowboat,23291
mastiff,23292
backspace,23293
hydrogenate,23294
canvasser,23295
subpart,23296
narcissus,23297
cortisone,23298
gatherer,23299
propitiate,23300
inestimable,23301
assessable,23302
kohl,23303
repo,23304
gunslinger,23305
boondoggle,23306
actualization,23307
hyaluronidase,23308
professorial,23309
geomorphology,23310
sisterly,23311
affectively,23312
anthropogenic,23313
libertine,23314
peaty,23315
reforestation,23316
exhibitionist,23317
backfield,23318
rancorous,23319
disambiguation,23320
enucleate,23321
batik,23322
uniter,23323
screwball,23324
uncompleted,23325
salver,23326
curacy,23327
oddness,23328
ostentation,23329
uncongenial,23330
oiler,23331
schmuck,23332
barroom,23333
steakhouse,23334
ballistics,23335
engagingly,23336
serfdom,23337
annunciation,23338
professionalize,23339
welsh,23340
paleontology,23341
sumptuously,23342
primitivism,23343
contralto,23344
undernourish,23345
eastbound,23346
gadfly,23347
posy,23348
bioweapon,23349
glibly,23350
parallax,23351
quaff,23352
topological,23353
shandy,23354
repeatability,23355
contusion,23356
powwow,23357
heraldry,23358
ricotta,23359
uncrowded,23360
snobby,23361
maypole,23362
astrological,23363
inline,23364
beautician,23365
unsocial,23366
hemorrhagic,23367
solitaire,23368
megalomaniac,23369
straggly,23370
interregnum,23371
insole,23372
anesthetist,23373
pedophilia,23374
overconfidence,23375
noncommercial,23376
hexane,23377
hosepipe,23378
dendritic,23379
recommence,23380
perjure,23381
radiograph,23382
propellant,23383
spinnaker,23384
stoma,23385
tomahawk,23386
pinprick,23387
tater,23388
landscaper,23389
knobbly,23390
agar,23391
taxon,23392
whistler,23393
someway,23394
statutorily,23395
shearwater,23396
nasogastric,23397
impulsiveness,23398
stalagmite,23399
discursively,23400
magnetite,23401
newsdesk,23402
equable,23403
exactness,23404
weathercock,23405
rapeseed,23406
miniaturize,23407
homebuilder,23408
discoloration,23409
guzzler,23410
ungracious,23411
taillight,23412
broody,23413
fitment,23414
judgeship,23415
oligonucleotide,23416
carnelian,23417
unceasingly,23418
vindictiveness,23419
slaver,23420
transgender,23421
copilot,23422
dolce,23423
plat,23424
needlepoint,23425
defaulter,23426
assize,23427
housemaster,23428
resize,23429
lectin,23430
chondrite,23431
kelvin,23432
insidiously,23433
overweening,23434
scull,23435
preserver,23436
petunia,23437
rotisserie,23438
settlor,23439
sandpiper,23440
shibboleth,23441
calypso,23442
evolutionarily,23443
homology,23444
inductee,23445
joule,23446
postbag,23447
irresponsibly,23448
teepee,23449
collard,23450
honorific,23451
dishcloth,23452
underemployed,23453
futon,23454
glorification,23455
ophthalmology,23456
softy,23457
wayfarer,23458
grandmaster,23459
hidebound,23460
execrable,23461
saleroom,23462
winder,23463
hypnotherapy,23464
flatland,23465
lovebird,23466
dieback,23467
individuate,23468
dray,23469
ani,23470
lye,23471
neuropsychology,23472
fineness,23473
druggist,23474
affirmatively,23475
creosote,23476
fraternize,23477
ablation,23478
preternaturally,23479
cesspool,23480
stepper,23481
prescience,23482
polymorph,23483
woodworker,23484
clubby,23485
circumnavigation,23486
chrysalis,23487
stratus,23488
blazon,23489
televangelist,23490
pitta,23491
inducer,23492
redheaded,23493
geminate,23494
spiritualism,23495
cloture,23496
colobus,23497
palatability,23498
shamrock,23499
configurable,23500
ketch,23501
coleslaw,23502
chicanery,23503
gawp,23504
mistrial,23505
pastrami,23506
malefactor,23507
phew,23508
incorruptible,23509
unselfconscious,23510
sympatric,23511
consumptive,23512
inconsolable,23513
seemly,23514
isometry,23515
foretaste,23516
unneeded,23517
interbreed,23518
bionic,23519
airdrop,23520
rubella,23521
stoichiometry,23522
supervene,23523
rigmarole,23524
shimmery,23525
perineal,23526
glioblastoma,23527
immunosuppression,23528
schoolbag,23529
catnip,23530
glaringly,23531
risible,23532
tidiness,23533
obtrude,23534
vim,23535
harmonium,23536
weft,23537
unimpeachable,23538
driller,23539
eider,23540
indrawn,23541
nontoxic,23542
shakeout,23543
conjectural,23544
butternut,23545
asceticism,23546
endearingly,23547
duffer,23548
unmake,23549
librarianship,23550
ghostwriter,23551
edification,23552
potentate,23553
vexatious,23554
compactly,23555
carotene,23556
torturous,23557
inelegant,23558
gastritis,23559
pulpy,23560
mambo,23561
sensitiveness,23562
phagocyte,23563
aggro,23564
piddle,23565
metronome,23566
amity,23567
poultice,23568
paraglide,23569
divisor,23570
flamboyantly,23571
teabag,23572
divisibility,23573
tragical,23574
sequent,23575
persecutor,23576
piranha,23577
curmudgeon,23578
bolero,23579
cyborg,23580
microfinance,23581
lectureship,23582
blancmange,23583
securitize,23584
pleasingly,23585
cumulatively,23586
anteriorly,23587
wastepaper,23588
amigo,23589
insouciant,23590
tweedy,23591
wistfulness,23592
ampicillin,23593
mastic,23594
miscue,23595
pleaser,23596
schnapps,23597
boozy,23598
berlin,23599
agarose,23600
egghead,23601
balancer,23602
nutritive,23603
kowtow,23604
expiation,23605
youthfulness,23606
woodcutter,23607
mammary,23608
becalm,23609
skive,23610
polisher,23611
overprotective,23612
pancreatitis,23613
reaffirmation,23614
hydropower,23615
meritocratic,23616
penitential,23617
omniscience,23618
beatify,23619
lineament,23620
purser,23621
anticommunism,23622
stoner,23623
exothermic,23624
meaninglessness,23625
interregional,23626
indecipherable,23627
athletically,23628
hothead,23629
homeworker,23630
noncompetitive,23631
recirculate,23632
dilapidation,23633
blanc,23634
deictic,23635
sweety,23636
preordain,23637
gratis,23638
stroppy,23639
oriel,23640
crispness,23641
redcoat,23642
educationist,23643
watercraft,23644
ermine,23645
crone,23646
opprobrium,23647
beanbag,23648
tipper,23649
unswerving,23650
plimsoll,23651
emplace,23652
flub,23653
shortbread,23654
missal,23655
cheapness,23656
ecliptic,23657
batholith,23658
necropolis,23659
flab,23660
payphone,23661
proteinase,23662
tenderloin,23663
footway,23664
uric,23665
gamesmanship,23666
shogun,23667
restrictiveness,23668
barracuda,23669
ignominiously,23670
parasitoid,23671
repayable,23672
tourney,23673
nanoscale,23674
wishbone,23675
conic,23676
derrick,23677
elopement,23678
spreader,23679
xylophone,23680
machair,23681
alliterative,23682
unflagging,23683
airhead,23684
dachshund,23685
gusset,23686
reenact,23687
oracular,23688
unvarying,23689
teetotal,23690
tenterhook,23691
windproof,23692
pettiness,23693
unfurnished,23694
cornet,23695
cholinergic,23696
caffeinated,23697
schistosomiasis,23698
applet,23699
cadenza,23700
unreserved,23701
devilishly,23702
emu,23703
pillion,23704
aestheticism,23705
twaddle,23706
unalloyed,23707
pendent,23708
supergiant,23709
monounsaturated,23710
promptness,23711
burqa,23712
gentrify,23713
vestigial,23714
halon,23715
poststructuralist,23716
layperson,23717
premenstrual,23718
hydrology,23719
misalign,23720
toxicologist,23721
methionine,23722
egoistic,23723
crosswalk,23724
thankfulness,23725
kaleidoscopic,23726
joyride,23727
kinetochore,23728
trendsetter,23729
airbase,23730
cirrus,23731
masterfully,23732
centrosome,23733
gasworks,23734
monasticism,23735
unreasonableness,23736
tiredly,23737
fallibility,23738
horrendously,23739
videophone,23740
formant,23741
glutamine,23742
cavil,23743
keyboardist,23744
interrogatory,23745
discontinuance,23746
gimmicky,23747
lockable,23748
seacoast,23749
microsystem,23750
supertanker,23751
unbeknown,23752
gallstone,23753
dormouse,23754
tortious,23755
peacefulness,23756
quitter,23757
serous,23758
contingently,23759
buckram,23760
carpetbagger,23761
endangerment,23762
doyen,23763
october,23764
shallowness,23765
mouthwash,23766
privity,23767
bridgehead,23768
ahistorical,23769
chappie,23770
conversationalist,23771
valedictory,23772
crosswind,23773
skybox,23774
expressionless,23775
argot,23776
geostationary,23777
busyness,23778
egoism,23779
chorionic,23780
gladness,23781
dyspeptic,23782
knightly,23783
merchantman,23784
prostration,23785
particularism,23786
pyroxene,23787
egomaniac,23788
sienna,23789
ninja,23790
funboard,23791
hypochondrium,23792
menorah,23793
musher,23794
laughably,23795
outdoorsy,23796
yurt,23797
joss,23798
précis,23799
brolly,23800
peroxidase,23801
marchioness,23802
factoid,23803
quire,23804
woodlouse,23805
declension,23806
chastisement,23807
impersonality,23808
loquacious,23809
shoehorn,23810
poisoner,23811
impermanence,23812
overripe,23813
recursion,23814
unilateralist,23815
adaption,23816
wolverine,23817
uncalled,23818
spiffy,23819
steepness,23820
unimaginably,23821
pigskin,23822
slushy,23823
talc,23824
laundress,23825
cutlass,23826
melamine,23827
backbench,23828
emolument,23829
hermetically,23830
lockdown,23831
magnetically,23832
ebullience,23833
joyrider,23834
vagrancy,23835
mayfly,23836
sisal,23837
macaw,23838
micrograph,23839
tardiness,23840
intergalactic,23841
killjoy,23842
exoneration,23843
bally,23844
bumblebee,23845
breakeven,23846
sublease,23847
abacus,23848
takin,23849
asymptotically,23850
puffery,23851
overindulge,23852
calender,23853
armorer,23854
catchall,23855
serendipitous,23856
peritoneal,23857
scad,23858
spaceman,23859
bejewel,23860
unhygienic,23861
quadrennial,23862
sinfulness,23863
inauthentic,23864
ferryman,23865
straiten,23866
contiguity,23867
biomechanical,23868
pincushion,23869
windup,23870
quadrilateral,23871
biannual,23872
oppressively,23873
nonmilitary,23874
anticlockwise,23875
laundromat,23876
jamb,23877
selflessness,23878
nonsmoking,23879
disinter,23880
excrescence,23881
monger,23882
improver,23883
chronometer,23884
townscape,23885
bilk,23886
caw,23887
ductile,23888
colloid,23889
methylation,23890
perfective,23891
skinless,23892
incommunicado,23893
clamshell,23894
marque,23895
capstan,23896
mainspring,23897
pow,23898
neutrophil,23899
bobsled,23900
anthracite,23901
erg,23902
penetrator,23903
february,23904
zookeeper,23905
hydrocephalus,23906
commissionaire,23907
dildo,23908
doubleheader,23909
glaucous,23910
nawab,23911
experimentalist,23912
dietician,23913
folktale,23914
atrioventricular,23915
interphase,23916
exemplification,23917
giddily,23918
noblesse,23919
conductive,23920
weal,23921
citric,23922
glob,23923
farrow,23924
multibillion,23925
ergonomically,23926
homogenate,23927
gam,23928
aftereffect,23929
chorister,23930
tailpipe,23931
feria,23932
buckeye,23933
blackish,23934
extrajudicial,23935
paperweight,23936
underhanded,23937
prerecord,23938
dilatation,23939
foliation,23940
pretreatment,23941
conviviality,23942
fruitlessly,23943
nonunion,23944
neolithic,23945
ropy,23946
extortionate,23947
footplate,23948
peccadillo,23949
foredeck,23950
hopscotch,23951
riskless,23952
statuesque,23953
spaceflight,23954
earlobe,23955
materiel,23956
breadfruit,23957
stapler,23958
forwarder,23959
weightlifter,23960
piratical,23961
igloo,23962
horsey,23963
astutely,23964
coverslip,23965
derivational,23966
randomization,23967
espy,23968
oclock,23969
gallivant,23970
inelastic,23971
sultanate,23972
chessboard,23973
reappraise,23974
weaponize,23975
pratfall,23976
servicer,23977
titer,23978
obsessional,23979
unexpired,23980
clothesline,23981
cockfighting,23982
reattach,23983
metabolically,23984
caramelize,23985
adjudicative,23986
falconry,23987
jasper,23988
apparatchik,23989
plantar,23990
ord,23991
nastily,23992
canonically,23993
beguile,23994
rustler,23995
camphor,23996
enjoyably,23997
fanatically,23998
yuletide,23999
destruct,24000
starburst,24001
zig,24002
graveside,24003
sacredness,24004
endocarditis,24005
menthol,24006
reducer,24007
spineless,24008
quadruped,24009
artisanal,24010
softwood,24011
untrammeled,24012
forelock,24013
conferee,24014
sommelier,24015
unmentioned,24016
habituate,24017
inositol,24018
colorway,24019
chandler,24020
boson,24021
borstal,24022
epistolary,24023
excitatory,24024
chorale,24025
glycemic,24026
poltergeist,24027
unclip,24028
libation,24029
seedless,24030
graciousness,24031
damson,24032
doily,24033
disparagement,24034
gainsay,24035
alpaca,24036
spermatogonium,24037
translocation,24038
prebiotic,24039
eukaryote,24040
ruth,24041
archangel,24042
belladonna,24043
griffin,24044
laughingstock,24045
miscast,24046
barrenness,24047
undefended,24048
ambassadorship,24049
texting,24050
tappet,24051
impulsivity,24052
stepbrother,24053
incorporeal,24054
separability,24055
backdate,24056
pomade,24057
kingly,24058
energizer,24059
hoarsely,24060
uncounted,24061
amateurism,24062
irreligious,24063
licentious,24064
cartographic,24065
caver,24066
souffle,24067
ibis,24068
overbook,24069
coursebook,24070
subfield,24071
draftee,24072
gateau,24073
aspectual,24074
immunoreactivity,24075
huskily,24076
blowhard,24077
wittily,24078
nippy,24079
derailment,24080
gainful,24081
mutable,24082
somnolence,24083
legionary,24084
eco,24085
cerebellar,24086
apache,24087
foremast,24088
deanery,24089
sinkhole,24090
annuitant,24091
overestimation,24092
ironstone,24093
overexpose,24094
reticulate,24095
chine,24096
fortuitously,24097
runt,24098
toucan,24099
amidship,24100
cockiness,24101
fellah,24102
alumina,24103
hogan,24104
sarcoidosis,24105
unifier,24106
masseuse,24107
minesweeper,24108
advisability,24109
mooch,24110
ramen,24111
stayer,24112
codex,24113
lexically,24114
hijab,24115
injectable,24116
poundage,24117
esquire,24118
bedclothes,24119
curtly,24120
whisperer,24121
denuclearization,24122
transduction,24123
flaxseed,24124
infeasible,24125
indictable,24126
tricolor,24127
banditry,24128
bodybuild,24129
nobble,24130
fumigate,24131
conventionality,24132
gelatinous,24133
judicially,24134
lancet,24135
tumulus,24136
sensationalize,24137
monolayer,24138
oesophagitis,24139
polymorphic,24140
megalith,24141
collocate,24142
unasked,24143
puerile,24144
selflessly,24145
slapdash,24146
facedown,24147
saccharine,24148
impecunious,24149
speller,24150
overgeneralization,24151
stockyard,24152
hailstorm,24153
didgeridoo,24154
bordello,24155
burgess,24156
cordillera,24157
appose,24158
peccary,24159
heterogenous,24160
weeknight,24161
tangency,24162
sentience,24163
valium,24164
emote,24165
diversionary,24166
legislatively,24167
axonal,24168
paraformaldehyde,24169
egregiously,24170
quintuple,24171
aflame,24172
disgustingly,24173
seepage,24174
burg,24175
unforced,24176
lithographic,24177
wiggly,24178
humidify,24179
guardhouse,24180
inextricable,24181
showtime,24182
cornmeal,24183
wormhole,24184
guardrail,24185
breviary,24186
quince,24187
scrambler,24188
midafternoon,24189
etcher,24190
lysis,24191
myelin,24192
perfusion,24193
resection,24194
blowback,24195
tendinitis,24196
incredulously,24197
putsch,24198
preeminence,24199
hunchback,24200
henceforward,24201
orthodontist,24202
striation,24203
bifocal,24204
cowgirl,24205
orthopedist,24206
applesauce,24207
photojournalism,24208
elderberry,24209
strop,24210
caspase,24211
ribosomal,24212
viscerally,24213
subregion,24214
ponce,24215
eatable,24216
nonfat,24217
polenta,24218
patisserie,24219
ladyship,24220
barbarity,24221
mildness,24222
peaky,24223
architrave,24224
aspartate,24225
crybaby,24226
multilaterally,24227
hugger,24228
biotype,24229
colorfully,24230
pantograph,24231
nakedly,24232
prodigiously,24233
bouffant,24234
cytoskeleton,24235
serine,24236
agriculturist,24237
backboard,24238
maglev,24239
widescreen,24240
wheelbase,24241
creatinine,24242
hoarseness,24243
masochist,24244
overpayment,24245
cud,24246
prepossess,24247
unconsidered,24248
coziness,24249
spacewalk,24250
raver,24251
infamously,24252
tricuspid,24253
interstice,24254
wrangler,24255
percussionist,24256
unstuck,24257
dextrose,24258
aridity,24259
seasickness,24260
tombola,24261
grantor,24262
beefburger,24263
neuroendocrine,24264
radium,24265
foxhole,24266
roughage,24267
imponderable,24268
knowable,24269
laugher,24270
raja,24271
neuroimage,24272
impiety,24273
sociologically,24274
retread,24275
sounder,24276
afferent,24277
rehear,24278
soundstage,24279
counteroffensive,24280
stirrer,24281
birdwatcher,24282
nonfinancial,24283
transfect,24284
marimba,24285
quiff,24286
inglorious,24287
graptolite,24288
indiscipline,24289
recheck,24290
honeymooner,24291
warlock,24292
diffuser,24293
underbrush,24294
semiannual,24295
percolator,24296
kilter,24297
houseplant,24298
incurably,24299
undigested,24300
vacillation,24301
wadi,24302
heartstring,24303
contestable,24304
marketability,24305
prokaryotic,24306
hepatocyte,24307
january,24308
mustang,24309
homophonic,24310
automaticity,24311
unquestioningly,24312
theocratic,24313
tipster,24314
eureka,24315
suborbital,24316
clinker,24317
seismograph,24318
spotlessly,24319
scabby,24320
dalmatian,24321
recycler,24322
chiller,24323
crosstown,24324
seamer,24325
resect,24326
unpeeled,24327
eyeful,24328
homeboy,24329
misdirection,24330
expectantly,24331
blackleg,24332
intercollegiate,24333
academician,24334
onside,24335
organza,24336
microcredit,24337
polyploidy,24338
pricy,24339
potable,24340
trashcan,24341
freephone,24342
nectarine,24343
snook,24344
cashflow,24345
brinkmanship,24346
storyboard,24347
vaquero,24348
topiary,24349
stochastically,24350
therapeutically,24351
monotheistic,24352
companywide,24353
neurosurgery,24354
pileup,24355
discreditable,24356
mimeograph,24357
postbox,24358
unsuitability,24359
whalebone,24360
equivalently,24361
donee,24362
crape,24363
gulley,24364
medullary,24365
joblessness,24366
foppish,24367
yarmulke,24368
approver,24369
publically,24370
webcam,24371
kern,24372
deputize,24373
bluebird,24374
federalize,24375
coniferous,24376
flavorful,24377
entertainingly,24378
palindrome,24379
sidelight,24380
smarty,24381
detoxify,24382
exocrine,24383
backgammon,24384
gullet,24385
largess,24386
shakedown,24387
dicky,24388
noiseless,24389
massager,24390
ineffectively,24391
seamanship,24392
sandstorm,24393
projectionist,24394
abductor,24395
threepenny,24396
banns,24397
easiness,24398
myosin,24399
sequela,24400
speeder,24401
gammon,24402
luge,24403
purifier,24404
afire,24405
goner,24406
antitank,24407
carob,24408
mercer,24409
remunerative,24410
subheading,24411
belabor,24412
effector,24413
abstemious,24414
reveille,24415
soothsayer,24416
tranquilize,24417
sycophant,24418
bursar,24419
cyclase,24420
cytoskeletal,24421
subspace,24422
extractive,24423
innovativeness,24424
ungulate,24425
blinders,24426
kumquat,24427
procrastinator,24428
hourlong,24429
sass,24430
amoxicillin,24431
philharmonic,24432
conk,24433
pigsty,24434
humidifier,24435
handicapper,24436
hyphenation,24437
useable,24438
prizewinner,24439
unkindness,24440
arachnid,24441
peonage,24442
landform,24443
modish,24444
barnyard,24445
objectification,24446
effluvium,24447
interoperable,24448
substantiation,24449
exculpatory,24450
greenfield,24451
ordinand,24452
echocardiography,24453
proliferative,24454
zygotic,24455
bittern,24456
huckleberry,24457
zither,24458
divot,24459
snowfield,24460
imbed,24461
bilabial,24462
backgrounder,24463
immunoglobulin,24464
maturational,24465
underutilize,24466
bioengineer,24467
fondant,24468
alkalinity,24469
hornbill,24470
interdepartmental,24471
abridgment,24472
floury,24473
untidiness,24474
decontamination,24475
intensifier,24476
roundtrip,24477
exhibitionism,24478
misanthrope,24479
undercoat,24480
lunchroom,24481
carbonize,24482
hundredweight,24483
autostrada,24484
irrelevancy,24485
proscenium,24486
unapproachable,24487
globalism,24488
electorally,24489
discourteous,24490
nib,24491
rowan,24492
intestate,24493
sooth,24494
friendless,24495
conformal,24496
handstand,24497
playschool,24498
jell,24499
commissariat,24500
sublimity,24501
sylvan,24502
usury,24503
cortege,24504
peptic,24505
polyglot,24506
distressingly,24507
dominatrix,24508
masseur,24509
numinous,24510
uncivilized,24511
irreversibility,24512
magnetron,24513
worthlessness,24514
duomo,24515
codger,24516
bologna,24517
braggadocio,24518
scatological,24519
trippy,24520
sentimentally,24521
ignoramus,24522
woodshed,24523
exaction,24524
saddler,24525
bazooka,24526
cleanness,24527
hopefulness,24528
chartreuse,24529
deadhead,24530
halfheartedly,24531
bobcat,24532
ottoman,24533
regency,24534
foghorn,24535
newsreader,24536
soporific,24537
divestment,24538
isosceles,24539
poi,24540
irredeemable,24541
ern,24542
obstruent,24543
pneumoniae,24544
rummy,24545
dowse,24546
lackadaisical,24547
schoolbook,24548
terabyte,24549
windbreaker,24550
egress,24551
outwork,24552
kook,24553
haymaking,24554
immunohistochemical,24555
kappa,24556
whin,24557
succussion,24558
superheat,24559
grandee,24560
unheated,24561
nevermind,24562
giddiness,24563
trey,24564
yack,24565
peridotite,24566
cahoot,24567
guiltily,24568
shakily,24569
gunk,24570
rumpus,24571
scorcher,24572
calyx,24573
valency,24574
blockhouse,24575
smidgen,24576
zag,24577
lustful,24578
cerise,24579
lunchbox,24580
sinecure,24581
counterexample,24582
instar,24583
reexamination,24584
counterterror,24585
satisfice,24586
maintainer,24587
raconteur,24588
bodybuilder,24589
constrictor,24590
epenthesis,24591
chamfer,24592
roadshow,24593
admiralty,24594
procedurally,24595
ileal,24596
berk,24597
prosaically,24598
septicaemia,24599
outdoorsman,24600
clicker,24601
neurodevelopmental,24602
superoxide,24603
whish,24604
caff,24605
plughole,24606
carefulness,24607
stimulator,24608
dangerousness,24609
socialistic,24610
boomtown,24611
enfranchise,24612
hermaphrodite,24613
imminently,24614
apposition,24615
epididymis,24616
geniculate,24617
subcortical,24618
skydive,24619
hoodie,24620
overconfident,24621
thunk,24622
bucketful,24623
photoresist,24624
oversensitive,24625
nubile,24626
argyle,24627
retentive,24628
colloquially,24629
scabies,24630
bivariate,24631
cyclosporin,24632
lysate,24633
sirloin,24634
sourly,24635
whitey,24636
bicultural,24637
gusher,24638
betrothed,24639
shoebox,24640
gazillion,24641
cribbage,24642
sitar,24643
cheapskate,24644
lave,24645
nitwit,24646
finial,24647
thumbprint,24648
electrophoretic,24649
pepsinogen,24650
pimento,24651
julep,24652
laudatory,24653
duffle,24654
shitless,24655
overstress,24656
stagecraft,24657
playgoer,24658
ulcerate,24659
undramatic,24660
unregenerate,24661
helmsman,24662
inductance,24663
taxman,24664
civet,24665
proscription,24666
nougat,24667
redaction,24668
dogwood,24669
croaker,24670
soothingly,24671
accompanist,24672
antrum,24673
bugbear,24674
perry,24675
pock,24676
tiramisu,24677
troy,24678
webmaster,24679
ventriloquist,24680
biggish,24681
disbar,24682
fishbowl,24683
publishable,24684
mitral,24685
trophozoite,24686
mainsail,24687
goalscorer,24688
nurturant,24689
intension,24690
sentimentalize,24691
recommit,24692
cooperator,24693
chequebook,24694
ninepence,24695
frankincense,24696
groundsman,24697
submergence,24698
nonreligious,24699
laidback,24700
decontaminate,24701
gobbledygook,24702
loudmouth,24703
kris,24704
planer,24705
sacrilegious,24706
cotyledon,24707
erythrocyte,24708
nonlinearity,24709
june,24710
hyssop,24711
hymen,24712
layover,24713
percept,24714
survivability,24715
butterscotch,24716
externalization,24717
inaudibly,24718
doorkeeper,24719
cognizance,24720
unlikable,24721
gigolo,24722
bonsai,24723
doomsayer,24724
sexualize,24725
kitbag,24726
crusher,24727
ischaemic,24728
microglia,24729
whorehouse,24730
asinine,24731
vivisection,24732
hame,24733
emotionless,24734
thymocyte,24735
bathwater,24736
ribber,24737
grabber,24738
virulently,24739
routinize,24740
lovesick,24741
multicollinearity,24742
scouse,24743
godliness,24744
beachcomber,24745
syphilitic,24746
musketeer,24747
catatonia,24748
instantiation,24749
franchiser,24750
peon,24751
intestacy,24752
linnet,24753
dodo,24754
reemphasize,24755
fumigation,24756
anneal,24757
cholangitis,24758
idiopathic,24759
myelination,24760
importune,24761
smartness,24762
redial,24763
bushman,24764
entente,24765
inoperative,24766
unjustifiably,24767
blaspheme,24768
cubbyhole,24769
singsong,24770
rotter,24771
bier,24772
antidrug,24773
bullfighter,24774
bromine,24775
proteolytic,24776
landsman,24777
miscegenation,24778
unmanaged,24779
cultist,24780
motherless,24781
indomethacin,24782
multilingualism,24783
schwa,24784
matriculation,24785
styrofoam,24786
miniaturist,24787
adulteration,24788
phonebook,24789
equilateral,24790
disputation,24791
indwell,24792
chilblain,24793
carport,24794
fettle,24795
bullfrog,24796
signally,24797
windbreak,24798
compactor,24799
monosaccharide,24800
enviromental,24801
clop,24802
ovine,24803
goods,24804
mendicant,24805
basher,24806
whiner,24807
polyacrylamide,24808
surrogacy,24809
mindfulness,24810
paralegal,24811
chiropodist,24812
adenosine,24813
compaction,24814
saccade,24815
sleepily,24816
gondolier,24817
lyceum,24818
frisbee,24819
steadfastness,24820
legalism,24821
deceiver,24822
slammer,24823
flasher,24824
crick,24825
reversionary,24826
portcullis,24827
militarize,24828
culotte,24829
stuffer,24830
argent,24831
detente,24832
roofer,24833
tribalism,24834
bougainvillea,24835
femaleness,24836
pretentiousness,24837
shopfront,24838
streambed,24839
upholsterer,24840
scrounger,24841
gainfully,24842
nightshade,24843
musicology,24844
radicle,24845
theca,24846
tearjerker,24847
unmissable,24848
shanghai,24849
photographically,24850
disharmony,24851
dimer,24852
potentiate,24853
somatosensory,24854
notionally,24855
shortlived,24856
groomsman,24857
urology,24858
crinoline,24859
sciatica,24860
indubitably,24861
procreate,24862
gruffly,24863
parthenote,24864
baryon,24865
blameworthy,24866
dreamily,24867
lamely,24868
redact,24869
cardinality,24870
coypu,24871
godparent,24872
dunce,24873
listeria,24874
beatification,24875
penpal,24876
catheterization,24877
bowhead,24878
molybdenum,24879
reformatory,24880
shabbily,24881
beanie,24882
touchscreen,24883
negociate,24884
polecat,24885
viewable,24886
peacekeeping,24887
concuss,24888
foolscap,24889
unfasten,24890
epsilon,24891
antiserum,24892
asynchronous,24893
showboat,24894
edgeways,24895
hubcap,24896
mesquite,24897
troika,24898
entrepot,24899
corgi,24900
derogate,24901
cryopreservation,24902
estradiol,24903
fractionation,24904
yellowy,24905
oscillatory,24906
hygienist,24907
doughy,24908
stipendiary,24909
indemnification,24910
equivalency,24911
cytogenetic,24912
senescence,24913
reproducer,24914
jockstrap,24915
pinto,24916
leaker,24917
topically,24918
bigness,24919
contractile,24920
vagal,24921
cadge,24922
singlet,24923
actinic,24924
verbose,24925
connivance,24926
pounder,24927
windlass,24928
flyweight,24929
clandestinely,24930
rigger,24931
heterozygous,24932
taupe,24933
roger,24934
aneuploidy,24935
conformational,24936
ileum,24937
preoperative,24938
strontium,24939
sanctification,24940
virology,24941
twerp,24942
glazier,24943
teargas,24944
facetiously,24945
insomuch,24946
tattle,24947
antiracist,24948
nonzero,24949
albedo,24950
morel,24951
avocet,24952
analgesia,24953
fossa,24954
interleukin,24955
mutational,24956
craw,24957
ouzo,24958
tartly,24959
desperado,24960
iniquitous,24961
avocation,24962
puffer,24963
premeditation,24964
ethnocentric,24965
gingery,24966
tapioca,24967
halal,24968
fluorescein,24969
vitrification,24970
allergist,24971
phalarope,24972
cote,24973
bencher,24974
teacake,24975
uncivilised,24976
collider,24977
doppelganger,24978
nightstand,24979
adenoma,24980
slutty,24981
zeppelin,24982
canape,24983
flapjack,24984
puppetry,24985
preparer,24986
piton,24987
conjugation,24988
metaplasia,24989
seminiferous,24990
pfennig,24991
mumps,24992
prioritization,24993
boll,24994
blowfish,24995
thresher,24996
dimensionless,24997
gyrus,24998
mummer,24999
overhand,25000
orangery,25001
fishkeeper,25002
borax,25003
daiquiri,25004
tubulin,25005
atheistic,25006
godwit,25007
wahoo,25008
securitization,25009
groupthink,25010
coagulate,25011
peckish,25012
sandpit,25013
scraggy,25014
imperfective,25015
showery,25016
bleakly,25017
chorion,25018
nonnative,25019
trophic,25020
fluorine,25021
psychoanalytical,25022
redound,25023
aconite,25024
discriminant,25025
hyphenate,25026
underarm,25027
chickenpox,25028
quizzically,25029
exterminator,25030
laminin,25031
omeprazole,25032
backhander,25033
coir,25034
aspic,25035
foundling,25036
crosshairs,25037
screensaver,25038
pentameter,25039
speakership,25040
peeler,25041
undock,25042
bloodstock,25043
ravel,25044
canalize,25045
misguidedly,25046
mudflat,25047
minuet,25048
accusingly,25049
adenocarcinoma,25050
codon,25051
melanogaster,25052
croupier,25053
scrumpy,25054
conservancy,25055
shoplifter,25056
cercarial,25057
sclerose,25058
hustings,25059
bitchiness,25060
worrier,25061
prompter,25062
overtire,25063
untraceable,25064
syncope,25065
taurine,25066
despairingly,25067
gladiolus,25068
houseful,25069
iridescence,25070
surtax,25071
autoradiography,25072
fixedly,25073
snuffle,25074
conveyancer,25075
brisket,25076
unnoticeable,25077
hyperplasia,25078
sepsis,25079
leveler,25080
dol,25081
dolor,25082
rockabilly,25083
cress,25084
carbonic,25085
ambulanceman,25086
stowaway,25087
accordionist,25088
entendre,25089
anaphoric,25090
elliptic,25091
ipsilateral,25092
propria,25093
hungrily,25094
creel,25095
nonpolitical,25096
relaxant,25097
nano,25098
reimpose,25099
anastomosis,25100
homomorphism,25101
percutaneous,25102
overexcite,25103
gabble,25104
flume,25105
moonstone,25106
proto,25107
trilateral,25108
dartboard,25109
halyard,25110
cytological,25111
immobilization,25112
modularity,25113
skinful,25114
chevron,25115
runup,25116
mockingly,25117
editorially,25118
reengage,25119
airbus,25120
outdistance,25121
harmonically,25122
cagoule,25123
fandom,25124
mayoress,25125
macintosh,25126
fraudster,25127
preamp,25128
subclinical,25129
titration,25130
considerately,25131
eutherian,25132
invertible,25133
kinematics,25134
reanalysis,25135
vorticity,25136
pentecostalism,25137
squashy,25138
autocorrelation,25139
desistance,25140
elute,25141
endosperm,25142
homeostasis,25143
phylogeny,25144
regurgitation,25145
carbide,25146
dieldrin,25147
auger,25148
mariachi,25149
faun,25150
disgracefully,25151
abelian,25152
correlational,25153
endocrinology,25154
innervation,25155
minibar,25156
shekel,25157
golliwog,25158
harlequin,25159
demonization,25160
dispensable,25161
indy,25162
clarence,25163
airily,25164
inquisitorial,25165
selegiline,25166
fortyish,25167
gayness,25168
rickets,25169
pasteurization,25170
rawness,25171
ascites,25172
finiteness,25173
ischaemia,25174
nucleation,25175
perfuse,25176
shortish,25177
payslip,25178
unselfishness,25179
antipasto,25180
disestablishment,25181
arthroscopy,25182
biosynthesis,25183
genet,25184
hydrodynamic,25185
locative,25186
mannitol,25187
nonsignificant,25188
cupful,25189
inopportune,25190
invigilator,25191
articulately,25192
condensate,25193
ricin,25194
mournfully,25195
excretory,25196
immunohistochemistry,25197
oligosaccharide,25198
polysaccharide,25199
scrimmage,25200
wordsmith,25201
irregardless,25202
wisher,25203
sidelong,25204
behaviorally,25205
notate,25206
perceptually,25207
mastership,25208
deadweight,25209
sputnik,25210
souse,25211
unpleasing,25212
flounce,25213
sallow,25214
sullenly,25215
mach,25216
affricate,25217
differentiable,25218
topos,25219
xenograft,25220
exigent,25221
chaplaincy,25222
pathologically,25223
rebus,25224
goldfinch,25225
riband,25226
vexation,25227
hydrotherapy,25228
cytoplast,25229
seminarian,25230
neuro,25231
demilitarization,25232
slapper,25233
calliper,25234
dosser,25235
housewarming,25236
sawyer,25237
darkish,25238
raddle,25239
cauda,25240
distension,25241
heterozygote,25242
labial,25243
learnability,25244
mucin,25245
multiprocess,25246
optometrist,25247
serological,25248
transfection,25249
pennyworth,25250
shortcake,25251
sustainably,25252
unbury,25253
editorialist,25254
uncontaminated,25255
beautification,25256
terrapin,25257
motiveless,25258
allelic,25259
monad,25260
monozygotic,25261
aloha,25262
palatal,25263
prednisolone,25264
triploid,25265
fleetingly,25266
lamplight,25267
lexeme,25268
maladaptation,25269
postprandial,25270
protamine,25271
ultrasonography,25272
hooch,25273
selloff,25274
chimeric,25275
cholecystectomy,25276
heterologous,25277
fastly,25278
respecter,25279
slicer,25280
underskirt,25281
unintelligent,25282
chimaera,25283
junctional,25284
phenylalanine,25285
glumly,25286
kat,25287
dispersive,25288
epitope,25289
hyperpolarize,25290
invariance,25291
thrips,25292
asphyxiation,25293
provident,25294
stallholder,25295
ungentlemanly,25296
retrievable,25297
stockmarket,25298
sterilizer,25299
conjunct,25300
eigenvector,25301
velar,25302
moneymaking,25303
groundhog,25304
joinery,25305
jacquard,25306
lama,25307
whitebait,25308
clast,25309
fibril,25310
substructure,25311
trophoblast,25312
bigamy,25313
kauri,25314
spectrometry,25315
dingbat,25316
pernickety,25317
wormy,25318
titter,25319
unblock,25320
stocktaking,25321
cystine,25322
ligation,25323
parasitism,25324
clumpy,25325
simper,25326
attributive,25327
blastoderm,25328
introit,25329
coverlet,25330
oyabun,25331
cingulate,25332
innervate,25333
lysin,25334
microsatellite,25335
soliton,25336
striate,25337
mailbag,25338
languidly,25339
laparoscopic,25340
mononuclear,25341
stimulatory,25342
belay,25343
elocution,25344
standpipe,25345
alewife,25346
countercharge,25347
cowbell,25348
stovepipe,25349
biped,25350
leukocyte,25351
monotonic,25352
morphogenesis,25353
potbelly,25354
reckonable,25355
jotter,25356
largish,25357
pleurisy,25358
trotter,25359
bap,25360
carrycot,25361
morosely,25362
enteric,25363
histologically,25364
lysosomal,25365
strangler,25366
ambidextrous,25367
henhouse,25368
pubis,25369
forewoman,25370
wormwood,25371
burglarize,25372
decriminalization,25373
endorser,25374
resoundingly,25375
unchartered,25376
abash,25377
questioningly,25378
factorial,25379
disproportion,25380
unscramble,25381
outstation,25382
legatee,25383
punchcard,25384
roaster,25385
attenuation,25386
autosomal,25387
biomarker,25388
catecholamine,25389
epinephrine,25390
icily,25391
reflectively,25392
wordlessly,25393
layby,25394
amoebic,25395
antisera,25396
brainstem,25397
gastrulation,25398
headstock,25399
isothiocyanate,25400
linearize,25401
veronica,25402
retsina,25403
stealer,25404
potentiation,25405
holey,25406
bolus,25407
seawall,25408
tailwind,25409
digestibility,25410
lyse,25411
sentential,25412
villus,25413
dimness,25414
mademoiselle,25415
reassignment,25416
sashimi,25417
fixable,25418
metadata,25419
alkene,25420
almoner,25421
partway,25422
repack,25423
denaturation,25424
estrous,25425
gripper,25426
laryngeal,25427
verbalization,25428
medico,25429
conduce,25430
uneatable,25431
retinoic,25432
contactable,25433
bravo,25434
denier,25435
affine,25436
butyrate,25437
cardiomyopathy,25438
sclerotherapy,25439
zeta,25440
horsebox,25441
fishkeeping,25442
nonstick,25443
angiography,25444
karyotype,25445
manometry,25446
metazoan,25447
nucleate,25448
unlabelled,25449
burgundy,25450
masher,25451
moll,25452
biophysical,25453
chemiluminescence,25454
ischemic,25455
malabsorption,25456
stative,25457
variational,25458
protectively,25459
blowgun,25460
dysphagia,25461
humbucker,25462
prostatic,25463
seasonable,25464
seltzer,25465
excitability,25466
naif,25467
moodily,25468
tenpence,25469
xerox,25470
accumulative,25471
gentamicin,25472
mycobacteria,25473
oviposition,25474
threonine,25475
varix,25476
briquette,25477
tachistoscope,25478
timekeeping,25479
levelly,25480
sepoy,25481
laryngitis,25482
snowplow,25483
steelworker,25484
babbitt,25485
agouti,25486
backcross,25487
cyclotron,25488
disjunctive,25489
maguey,25490
nociceptive,25491
offertory,25492
reduplication,25493
halloween,25494
whoopee,25495
wonderingly,25496
antigenic,25497
bivalent,25498
etiological,25499
microglial,25500
mosaicism,25501
neurologic,25502
premenopausal,25503
pubertal,25504
squamous,25505
daybed,25506
feely,25507
lisle,25508
nog,25509
photostat,25510
subzero,25511
cornbread,25512
underspend,25513
curtsy,25514
mackintosh,25515
concordant,25516
regularization,25517
serogroup,25518
vocalic,25519
honorarium,25520
weighbridge,25521
archbishopric,25522
kadilik,25523
underpart,25524
acidly,25525
delightedly,25526
tyrannosaurus,25527
construal,25528
multifactorial,25529
zygosity,25530
mantilla,25531
cloudiness,25532
lev,25533
footfall,25534
acetylation,25535
confluent,25536
dosimetry,25537
gliadin,25538
lysosome,25539
microenvironment,25540
oncogene,25541
tubal,25542
abiotic,25543
directionality,25544
hydroxyl,25545
imbibition,25546
neoliberal,25547
proteasome,25548
sciatic,25549
primly,25550
airbrake,25551
khan,25552
effectuate,25553
amide,25554
cytotoxicity,25555
hepatica,25556
petiole,25557
radioimmunoassay,25558
truncation,25559
dairyman,25560
laibon,25561
placidly,25562
pax,25563
conventionalism,25564
baseboard,25565
asphyxiate,25566
bricklaying,25567
blastula,25568
cytology,25569
dismutase,25570
doxorubicin,25571
fractionate,25572
hypotension,25573
intracranial,25574
isoflurane,25575
microkernel,25576
multiplicative,25577
musicological,25578
ovulatory,25579
phospholipase,25580
resorption,25581
tremolo,25582
resignedly,25583
bugler,25584
salvageable,25585
dirtiness,25586
wanderlust,25587
aggregator,25588
falciparum,25589
hypoplasia,25590
maternally,25591
mesenchyme,25592
neurogenesis,25593
reoccur,25594
unsubsidized,25595
dumbly,25596
rededication,25597
decaffeinate,25598
numerate,25599
interspecies,25600
recode,25601
somatostatin,25602
tetralogy,25603
drivetrain,25604
freeware,25605
effendi,25606
impassively,25607
mutely,25608
resentfully,25609
franklin,25610
goalmouth,25611
apar,25612
lithic,25613
tachycardia,25614
visuospatial,25615
lefthander,25616
unaudited,25617
muon,25618
listlessly,25619
sulkily,25620
acetone,25621
gendarmerie,25622
hypoxemia,25623
intensional,25624
thymidine,25625
transiently,25626
moke,25627
suttee,25628
abutment,25629
commentate,25630
adduct,25631
extensional,25632
microbiological,25633
honcho,25634
companionway,25635
reproachfully,25636
rivulet,25637
testily,25638
coagulation,25639
hypertrophy,25640
moiety,25641
spectrogram,25642
backbreaking,25643
seconder,25644
boatyard,25645
complacently,25646
crestfallen,25647
demurely,25648
overbuild,25649
equilibration,25650
neoplasia,25651
illusive,25652
impertinence,25653
philatelic,25654
backfill,25655
untreatable,25656
analogical,25657
efferent,25658
haematoxylin,25659
presynaptic,25660
skewness,25661
nursemaid,25662
actinomycin,25663
cimetidine,25664
clonal,25665
endonuclease,25666
midbrain,25667
multicenter,25668
pneumococcal,25669
proneness,25670
sagittal,25671
soundlessly,25672
spittle,25673
origami,25674
legalese,25675
adenomatous,25676
bioassay,25677
dizygotic,25678
dyskinesia,25679
eosinophil,25680
patency,25681
superposition,25682
gook,25683
quintuplet,25684
aftercare,25685
underspent,25686
disdainfully,25687
gibber,25688
worriedly,25689
adjacency,25690
dichotomize,25691
formalin,25692
hyperglycemia,25693
inductively,25694
monocyte,25695
neurogenic,25696
superscalar,25697
paunch,25698
snivel,25699
underclothes,25700
octreotide,25701
summerize,25702
copout,25703
notarize,25704
whippoorwill,25705
curtsey,25706
clothier,25707
presocratic,25708
antitoxin,25709
cerebrovascular,25710
eosin,25711
extralinguistic,25712
intravenously,25713
preterit,25714
psycholinguistics,25715
reproducibility,25716
schistosome,25717
trochaic,25718
downfield,25719
signore,25720
skiff,25721
speculatively,25722
annulus,25723
facilitative,25724
fibronectin,25725
intraepithelial,25726
leucocyte,25727
neurotrophic,25728
osmium,25729
preadolescent,25730
sociolinguist,25731
syncytial,25732
colloquialism,25733
gyp,25734
anticommunist,25735
prostacyclin,25736
scintilla,25737
wanly,25738
catalase,25739
defecation,25740
humoral,25741
myometrium,25742
neurodegenerative,25743
periodontal,25744
thiol,25745
antifraud,25746
dismantlement,25747
dory,25748
miscount,25749
phosphorous,25750
meteoroid,25751
microsecond,25752
resurge,25753
guilloche,25754
ampulla,25755
carcinogenesis,25756
covariation,25757
immunosuppressive,25758
intraluminal,25759
oxygenation,25760
pupal,25761
sigmoid,25762
uranyl,25763
zircon,25764
archly,25765
drunkenly,25766
manservant,25767
noiselessly,25768
quarryman,25769
anhedonia,25770
ascriptive,25771
autoradiographic,25772
implicature,25773
neocortical,25774
overexpress,25775
rulership,25776
companionable,25777
dauntless,25778
disapprovingly,25779
unfeeling,25780
uselessly,25781
womanly,25782
playmaker,25783
descender,25784
inefficiently,25785
rufous,25786
autologous,25787
crystallographic,25788
lysine,25789
reduplicate,25790
sulcus,25791
theodicy,25792
counterpane,25793
distractedly,25794
haughtily,25795
whinny,25796
adventurism,25797
analogously,25798
decontextualize,25799
fundic,25800
necrotic,25801
poliovirus,25802
birdhouse,25803
busboy,25804
caboose,25805
handedly,25806
journalistically,25807
fretful,25808
smilingly,25809
forefoot,25810
anaphor,25811
biogenic,25812
biotic,25813
cerebrospinal,25814
cerulein,25815
colectomy,25816
distention,25817
inducible,25818
muscarinic,25819
surfactant,25820
unselected,25821
despondently,25822
signorina,25823
unsmiling,25824
vacantly,25825
wretchedly,25826
kilohertz,25827
freeholder,25828
allomorph,25829
aspartic,25830
atrophic,25831
cardiopulmonary,25832
ciprofloxacin,25833
cofactor,25834
collagenase,25835
footswitch,25836
japonica,25837
panspermia,25838
postposition,25839
ranitidine,25840
sertraline,25841
suffixation,25842
verapamil,25843
obscurely,25844
breathalyser,25845
contraindication,25846
endoscopically,25847
hypergastrinaemia,25848
hypertrophic,25849
lamination,25850
leucine,25851
orientalist,25852
permute,25853
polysemy,25854
stromal,25855
triphosphate,25856
trivially,25857
brainer,25858
staphylococcus,25859
conspiratorially,25860
pensively,25861
portmanteau,25862
photomontage,25863
phon,25864
lignite,25865
petrel,25866
nonstationary,25867
nontrivial,25868
suprasegmental,25869
syntagmatic,25870
tetroxide,25871
vitrify,25872
anchorwoman,25873
skeet,25874
paleness,25875
gametocyte,25876
glycolipid,25877
gonadal,25878
immunoassay,25879
infix,25880
laparotomy,25881
variceal,25882
reeducate,25883
daintily,25884
eurobond,25885
subtopic,25886
sportspeople,25887
silva,25888
deionize,25889
histocompatibility,25890
ligate,25891
monotonically,25892
oligo,25893
psychophysical,25894
relativize,25895
splenic,25896
urbanism,25897
virion,25898
bleary,25899
disbelievingly,25900
indulgently,25901
malevolence,25902
shrilly,25903
tensely,25904
unseeing,25905
carjacker,25906
pentecostal,25907
audiology,25908
facially,25909
appendectomy,25910
bismuth,25911
centroid,25912
cointegration,25913
faucal,25914
martingale,25915
oncogenic,25916
parenteral,25917
procaine,25918
villous,25919
voxel,25920
commentariat,25921
fetid,25922
acculturation,25923
autoantibody,25924
benzodiazepine,25925
cytomegalovirus,25926
intramuscular,25927
magmatic,25928
nonexistence,25929
phosphatidylcholine,25930
internee,25931
legate,25932
legation,25933
viceroy,25934
conversationally,25935
imperiously,25936
remonstrance,25937
rosebud,25938
tactless,25939
thrum,25940
workaholism,25941
adjoint,25942
affordance,25943
bifacial,25944
depersonalization,25945
foramen,25946
monocular,25947
neoplasm,25948
scintillation,25949
theoretic,25950
dada,25951
fabliau,25952
mortise,25953
convulsive,25954
jerkily,25955
pinafore,25956
shamefaced,25957
whelp,25958
alanine,25959
appetitive,25960
copal,25961
gametogenesis,25962
hyperpolarization,25963
polymeric,25964
predicative,25965
simultaneity,25966
translocate,25967
handwork,25968
disgorgement,25969
transcendentalist,25970
spritz,25971
tenon,25972
assignation,25973
phreak,25974
plaintively,25975
adjunctive,25976
agronomic,25977
anatomic,25978
beneficence,25979
cisapride,25980
connectionism,25981
dimethyl,25982
gastrula,25983
lexicalize,25984
lymphocytic,25985
microelectrode,25986
paraplegia,25987
participial,25988
preeclampsia,25989
proline,25990
solarization,25991
ternary,25992
tapescript,25993
impudence,25994
stonily,25995
acinar,25996
biotite,25997
constitutively,25998
oxidant,25999
pharyngeal,26000
physiologic,26001
radiative,26002
rescale,26003
vaccinia,26004
falangist,26005
misprice,26006
replicator,26007
infielder,26008
righthanded,26009
enquiringly,26010
inquiringly,26011
jerkin,26012
languor,26013
scathingly,26014
arginine,26015
caput,26016
carcinoid,26017
disassembly,26018
fascicle,26019
intragastric,26020
proinflammatory,26021
scribal,26022
trisomy,26023
downpipe,26024
harpy,26025
silkily,26026
teasingly,26027
uncurl,26028
anuran,26029
deformable,26030
hydrolyze,26031
hydrophilic,26032
macromolecular,26033
peristalsis,26034
sorption,26035
hoarder,26036
mosaicist,26037
flysheet,26038
corticosterone,26039
lavage,26040
lithotripsy,26041
pleural,26042
polysemous,26043
proctocolectomy,26044
pyloric,26045
childishly,26046
comfortingly,26047
judder,26048
ludo,26049
uncoil,26050
gravitation,26051
sentencer,26052
bogwood,26053
exfoliate,26054
uraninite,26055
acidosis,26056
astrocytic,26057
azide,26058
cannula,26059
cepacia,26060
durative,26061
enteropathy,26062
hypothyroidism,26063
hypotonic,26064
jejunal,26065
lamella,26066
manometric,26067
microalbuminuria,26068
mutagenesis,26069
outbreed,26070
proteolysis,26071
reperfusion,26072
valvotomy,26073
volumetric,26074
thallium,26075
permissiveness,26076
bunion,26077
gigabit,26078
adduction,26079
adrenergic,26080
angiotensin,26081
caudate,26082
consanguineous,26083
diathesis,26084
discrepant,26085
empathic,26086
endoderm,26087
interventional,26088
ketamine,26089
nodular,26090
noninvasive,26091
nonlinguistic,26092
overgeneralize,26093
radiographic,26094
siltstone,26095
blankness,26096
evasively,26097
lank,26098
paroxysm,26099
sombrely,26100
hirer,26101
postsecondary,26102
ascorbic,26103
asymptote,26104
calendrical,26105
contractility,26106
dexamethasone,26107
flavonoid,26108
homograph,26109
hypersensitivity,26110
isothermal,26111
marmoset,26112
nativism,26113
partitive,26114
photomicrograph,26115
reversibility,26116
echolocation,26117
rhizome,26118
riverfront,26119
tessera,26120
accurse,26121
kerchief,26122
nonpublic,26123
cosmologist,26124
adversative,26125
allophone,26126
atenolol,26127
caprine,26128
carbonaceous,26129
conjunctive,26130
diestrous,26131
enalapril,26132
epigenesis,26133
etude,26134
guanine,26135
heterozygosity,26136
mannose,26137
plagioclase,26138
psalmody,26139
rightmost,26140
sensorimotor,26141
sucralfate,26142
tagger,26143
trochee,26144
uninflected,26145
dichotic,26146
salat,26147
beadle,26148
drowsily,26149
golem,26150
loftily,26151
pitiable,26152
searchingly,26153
supercilious,26154
trilby,26155
arete,26156
conventionalize,26157
pharmacokinetics,26158
polysyllabic,26159
psychomotor,26160
unary,26161
vasculature,26162
unexperienced,26163
animatedly,26164
caprice,26165
cheroot,26166
grayness,26167
manila,26168
peevish,26169
querulous,26170
tautly,26171
midcap,26172
aminotransferase,26173
anisotropic,26174
anorectal,26175
arity,26176
asphyxia,26177
associational,26178
biobehavioral,26179
chromatographic,26180
ischemia,26181
morphogenetic,26182
neoplastic,26183
neuroanatomical,26184
palliation,26185
penetrability,26186
percolation,26187
primiparous,26188
subcutaneously,26189
survivorship,26190
terminological,26191
variably,26192
spadefoot,26193
overcultivation,26194
biff,26195
hairless,26196
prevaricate,26197
raggedly,26198
trenchcoat,26199
amphibolite,26200
bipartite,26201
chemotaxis,26202
dysthymia,26203
elution,26204
flexion,26205
instillation,26206
metronidazole,26207
obligatorily,26208
orthographically,26209
seroconversion,26210
spectroscopic,26211
streptococcal,26212
transection,26213
transferase,26214
unseasoned,26215
betwixt,26216
diffidently,26217
disconsolate,26218
knave,26219
presentiment,26220
sightless,26221
sorrowfully,26222
swiftness,26223
wheelhouse,26224
wraith,26225
tubeless,26226
amyotrophic,26227
chromatogram,26228
coarctation,26229
cryogenics,26230
gastroscopy,26231
myopathy,26232
neuropsychiatric,26233
neurotoxicity,26234
olivine,26235
rhodopsin,26236
sigmoidoscopy,26237
suggestibility,26238
thrombin,26239
universalist,26240
hydroelectricity,26241
benignly,26242
breastplate,26243
dazedly,26244
ecstatically,26245
gossamer,26246
imperium,26247
musky,26248
numbly,26249
spinel,26250
comfrey,26251
agglutinin,26252
callosum,26253
centriole,26254
clausal,26255
complementation,26256
cryostat,26257
demyelination,26258
exoticism,26259
expiratory,26260
fearfulness,26261
homophonous,26262
methotrexate,26263
orthogonality,26264
perseveration,26265
prednisone,26266
prover,26267
tannic,26268
uridine,26269
bilious,26270
disgustedly,26271
gatepost,26272
heavenward,26273
contrail,26274
slimline,26275
skua,26276
commutative,26277
derivable,26278
flavivirus,26279
nicotinic,26280
splenectomy,26281
sporozoite,26282
syllabify,26283
trabecular,26284
vagotomy,26285
aquiline,26286
cassock,26287
caustically,26288
coppery,26289
discomfiture,26290
hayfield,26291
soundless,26292
tarry,26293
unhurriedly,26294
beryllium,26295
biomorph,26296
urethritis,26297
anticoagulant,26298
bistable,26299
cephalic,26300
fibrinogen,26301
isotherm,26302
neurochemical,26303
ostensive,26304
ubiquitin,26305
urease,26306
affably,26307
earworm,26308
planchette,26309
unemotional,26310
unutterable,26311
watchfulness,26312
suffragist,26313
tidewater,26314
acetylate,26315
anticoagulation,26316
globulin,26317
hypomania,26318
integrand,26319
largescale,26320
leukotriene,26321
luteal,26322
mesalazine,26323
microfossil,26324
monophosphate,26325
prolactin,26326
seroprevalence,26327
sphincterotomy,26328
unstained,26329
confusedly,26330
deferentially,26331
doorframe,26332
hatchway,26333
ponderously,26334
tremulously,26335
wakeful,26336
chantry,26337
typification,26338
alginate,26339
antiparallel,26340
archenteron,26341
bilirubin,26342
cardia,26343
cisterna,26344
colliculus,26345
convective,26346
duodenitis,26347
ergodicity,26348
giardiasis,26349
isotropy,26350
mesoderm,26351
monoamine,26352
mudstone,26353
ontogenetic,26354
ovule,26355
phagocytosis,26356
raffinose,26357
saccadic,26358
titrate,26359
durance,26360
equably,26361
milkmaid,26362
phial,26363
roundness,26364
sedately,26365
unwonted,26366
wetly,26367
birdlife,26368
butte,26369
stator,26370
taekwondo,26371
intarsia,26372
ablative,26373
appellative,26374
bleomycin,26375
cavitation,26376
clozapine,26377
cosmid,26378
dentate,26379
hydrochloride,26380
metonymy,26381
mucoid,26382
neuromuscular,26383
opsin,26384
trem,26385
laterality,26386
agon,26387
evilly,26388
jauntily,26389
roughen,26390
signora,26391
bankrate,26392
overhype,26393
acetaldehyde,26394
annotator,26395
dipolar,26396
extraversion,26397
fretboard,26398
hyaline,26399
hydrochlorothiazide,26400
illiberal,26401
phagocytic,26402
polygenic,26403
stingray,26404
syncytium,26405
easternmost,26406
lakeshore,26407
missioner,26408
stupa,26409
antiabortion,26410
flytrap,26411
akimbo,26412
commiseration,26413
dejection,26414
forkful,26415
pliant,26416
repugnance,26417
unclench,26418
amyloidosis,26419
aneuploid,26420
antepenultimate,26421
contig,26422
crosstalk,26423
dialectology,26424
habitus,26425
implicational,26426
insecurely,26427
jejunum,26428
listeriosis,26429
lyophilize,26430
nonmonotonic,26431
nucleoplasm,26432
pectin,26433
puissance,26434
reductase,26435
rheumatology,26436
shigella,26437
tuberculin,26438
reclassification,26439
aquatint,26440
fingerspell,26441
logogen,26442
polygynous,26443
upperpart,26444
customizable,26445
powerhead,26446
speakerphone,26447
adenoidectomy,26448
aperiodic,26449
choline,26450
densitometry,26451
elastin,26452
haloperidol,26453
hydrodynamics,26454
thrombocytopenia,26455
unimodal,26456
volitional,26457
chignon,26458
crookedly,26459
fidgety,26460
gunwale,26461
invitingly,26462
possessively,26463
reprobate,26464
simpleton,26465
trice,26466
unclasp,26467
husbandman,26468
slaveholding,26469
leadoff,26470
lycopene,26471
pitchman,26472
anima,26473
ballade,26474
centromeric,26475
comprehensibility,26476
fluorochrome,26477
granulation,26478
guanylyl,26479
homonymy,26480
hornblende,26481
intrusiveness,26482
luteinize,26483
ribose,26484
scarify,26485
spatiotemporal,26486
suppressive,26487
arquebus,26488
brokenly,26489
dolefully,26490
expostulate,26491
intolerably,26492
obsequious,26493
peevishly,26494
repast,26495
scullion,26496
solicitously,26497
unidentifiable,26498
verily,26499
headwaters,26500
herdbook,26501
pachuco,26502
subarctic,26503
aleurone,26504
congener,26505
cowpea,26506
diacritic,26507
ellipsoid,26508
gerontologist,26509
homeostatic,26510
innateness,26511
iteratively,26512
liposome,26513
maxillary,26514
multiparous,26515
phonologist,26516
promotive,26517
rhizoid,26518
rootlet,26519
tenascin,26520
tricyclic,26521
barometric,26522
handspring,26523
laypeople,26524
supercell,26525
dejectedly,26526
enviously,26527
jawline,26528
sagely,26529
bombsight,26530
glaciation,26531
adaptational,26532
adaptively,26533
anthropometric,26534
chemotherapeutic,26535
cholesteryl,26536
clonidine,26537
concreteness,26538
edema,26539
epenthetic,26540
galactose,26541
gastrectomy,26542
hypomanic,26543
interfacial,26544
lactoferrin,26545
paratuberculosis,26546
phosphoprotein,26547
phylogenetically,26548
placeholder,26549
polyposis,26550
poxvirus,26551
preindustrial,26552
reversibly,26553
streptokinase,26554
subsumption,26555
untranslated,26556
abortionist,26557
differentiator,26558
anteroom,26559
autobahn,26560
composedly,26561
hearthware,26562
incoherently,26563
manfully,26564
mirthless,26565
shirtsleeve,26566
stolidly,26567
ungenerous,26568
jumpstart,26569
beluga,26570
bullring,26571
rhetorician,26572
tripos,26573
incase,26574
cyclicity,26575
endogenously,26576
enterocyte,26577
glucagon,26578
hagfish,26579
hominoid,26580
immunosorbent,26581
inhomogeneous,26582
isotonic,26583
lacustrine,26584
longueur,26585
napu,26586
nuclease,26587
pentatonic,26588
permeation,26589
phenylketonuria,26590
phosphatidylinositol,26591
solarize,26592
transferrin,26593
viremia,26594
commoditization,26595
belligerently,26596
blueness,26597
dimity,26598
housecoat,26599
illumine,26600
ineffectually,26601
proprietorial,26602
spitefully,26603
unendurable,26604
valise,26605
verger,26606
waxen,26607
auk,26608
ballvalve,26609
jobber,26610
pilaster,26611
pinnate,26612
ulema,26613
chemokine,26614
copepod,26615
diffusible,26616
dyspnoea,26617
encapsulation,26618
endoscope,26619
endosome,26620
homogeneously,26621
hydrological,26622
invagination,26623
kanamycin,26624
leftward,26625
neoliberalism,26626
permissibility,26627
strophe,26628
symbiont,26629
theophylline,26630
angelfish,26631
fashionista,26632
neoprene,26633
abruptness,26634
armoire,26635
brassiere,26636
downstage,26637
girlhood,26638
importunate,26639
indispose,26640
jovially,26641
mage,26642
peephole,26643
unsurprised,26644
glaciate,26645
kachina,26646
transubstantiation,26647
adipose,26648
arborescent,26649
conodont,26650
diplotene,26651
dystrophin,26652
ferric,26653
frugivorous,26654
halothane,26655
ileostomy,26656
largo,26657
morphologic,26658
neuroblast,26659
oligomer,26660
otitis,26661
preregistration,26662
psycholinguist,26663
radionuclide,26664
retroviral,26665
serology,26666
unattested,26667
undecorated,26668
cryptography,26669
pedometer,26670
stargaze,26671
creditworthy,26672
chirrup,26673
disconsolately,26674
dizzily,26675
dreamless,26676
dustpan,26677
flaxen,26678
genially,26679
hotness,26680
mangy,26681
necromancer,26682
obscenely,26683
piteously,26684
scamp,26685
disafforestment,26686
forewing,26687
westernmost,26688
undistributed,26689
acyl,26690
agenesis,26691
airworthy,26692
artifactual,26693
autoradiograph,26694
biotin,26695
chelate,26696
cloze,26697
dhal,26698
escapement,26699
gastropod,26700
glomerular,26701
granuloma,26702
inhomogeneity,26703
nonalcoholic,26704
nonclassical,26705
omnidirectional,26706
stellate,26707
subharmonic,26708
synonymy,26709
trophoblastic,26710
umlaut,26711
copybook,26712
blocky,26713
outsole,26714
agog,26715
grindstone,26716
grumpily,26717
hearthrug,26718
hullo,26719
madhouse,26720
miasma,26721
monotonously,26722
phlegmatic,26723
piteous,26724
reprovingly,26725
saddlebag,26726
sconce,26727
ungraciously,26728
windless,26729
windowpane,26730
antiparticle,26731
bottlenose,26732
bract,26733
goldfield,26734
alphanumeric,26735
dredger,26736
nana,26737
polygamist,26738
acrylamide,26739
allophonic,26740
annular,26741
antennal,26742
bactericidal,26743
devoice,26744
dialyze,26745
dioecious,26746
disulphate,26747
fibrillation,26748
hypersensitive,26749
stigmatization,26750
treelet,26751
chewable,26752
backspin,26753
ballyhoo,26754
cognoscenti,26755
crosswise,26756
recordable,26757
schlock,26758
bacteriologist,26759
headstream,26760
holism,26761
psychogeriatric,26762
sepal,26763
absentmindedly,26764
agitatedly,26765
banshee,26766
cozily,26767
footstool,26768
haltingly,26769
lecherous,26770
oaf,26771
oleander,26772
petulance,26773
sprog,26774
unconcern,26775
adrenocortical,26776
agglutinate,26777
allometric,26778
anticonvulsant,26779
antihypertensive,26780
chlortetracycline,26781
colloidal,26782
combinatory,26783
congenitally,26784
dorsally,26785
fluoresce,26786
fluvial,26787
hydatid,26788
lexicalization,26789
manta,26790
mentalistic,26791
neurophysiology,26792
offprint,26793
phantasmagoria,26794
prestress,26795
psychotherapeutic,26796
thyroxine,26797
codling,26798
workaround,26799
anatomist,26800
butterfat,26801
choreographic,26802
industrialism,26803
ornithological,26804
popery,26805
vibrational,26806
affability,26807
asperity,26808
effectually,26809
expansively,26810
expressively,26811
heatedly,26812
loveless,26813
monocle,26814
phosphorescent,26815
streetlamp,26816
unerringly,26817
allocable,26818
adenine,26819
alienable,26820
breve,26821
ciliary,26822
coalescent,26823
coeval,26824
copulatory,26825
electroencephalogram,26826
interpenetration,26827
microstructure,26828
microtitre,26829
myelinated,26830
natriuretic,26831
neomycin,26832
postulation,26833
quadruplet,26834
representable,26835
subtend,26836
trimer,26837
unlabeled,26838
clunker,26839
downswing,26840
neckband,26841
shill,26842
congregational,26843
dentine,26844
flightless,26845
floret,26846
laborism,26847
orogeny,26848
cornflower,26849
coverall,26850
gangling,26851
hollowly,26852
hospitaller,26853
impetuosity,26854
imprudence,26855
irresolute,26856
jodhpurs,26857
lassitude,26858
pompously,26859
sluggishly,26860
truculent,26861
understandingly,26862
wineskin,26863
remediate,26864
anisotropy,26865
astrophysical,26866
bisection,26867
bronchodilator,26868
circumferential,26869
conspecific,26870
cyanobacteria,26871
leftmost,26872
metalanguage,26873
microtubular,26874
nifedipine,26875
ordinate,26876
osteoclast,26877
pachytene,26878
pterosaur,26879
sonography,26880
subjectivist,26881
traversal,26882
uniprocessor,26883
bezel,26884
blowup,26885
farsighted,26886
uncompressed,26887
wunderkind,26888
decoherence,26889
ethologist,26890
pamphleteer,26891
underachievement,26892
auld,26893
catcall,26894
dairymaid,26895
dybbuk,26896
eyeless,26897
faintness,26898
gobbet,26899
harridan,26900
helipad,26901
insincerity,26902
insolently,26903
musingly,26904
outrider,26905
plumpness,26906
shivery,26907
unlace,26908
washstand,26909
delist,26910
anterograde,26911
ataxia,26912
compressible,26913
coprocessor,26914
descriptively,26915
dysphoric,26916
erratum,26917
guanosine,26918
guar,26919
immunocompetent,26920
intracerebral,26921
papillary,26922
paroxysmal,26923
psychopharmacology,26924
reconnection,26925
synchronously,26926
topologically,26927
vermis,26928
accessorize,26929
hardscrabble,26930
inboard,26931
shiitake,26932
unsparing,26933
gastronomy,26934
neckless,26935
dogmatism,26936
operand,26937
palaeontologist,26938
syllabub,26939
technocracy,26940
cadaverous,26941
coiffure,26942
frostily,26943
huffily,26944
klaxon,26945
unresisting,26946
reportable,26947
abscissa,26948
asymmetrically,26949
bradycardia,26950
carboxyl,26951
celecoxib,26952
desideratum,26953
echocardiogram,26954
eyecup,26955
fulminant,26956
fusiform,26957
iatrogenic,26958
intraventricular,26959
meristem,26960
monomorphemic,26961
nonlocal,26962
prefectural,26963
replicative,26964
retinoblastoma,26965
sainfoin,26966
stover,26967
unvaccinated,26968
versicle,26969
adware,26970
bloodworm,26971
chabazite,26972
counterclockwise,26973
crosscut,26974
fader,26975
spoonerism,26976
checkerboard,26977
overlordship,26978
toke,26979
nondeductible,26980
busybody,26981
coarseness,26982
effrontery,26983
heartiness,26984
hollowness,26985
idiotically,26986
idler,26987
inveigle,26988
jiffy,26989
oaken,26990
overmuch,26991
pityingly,26992
rictus,26993
sepulchral,26994
steersman,26995
tranquilly,26996
tureen,26997
abstainer,26998
agronomy,26999
allogeneic,27000
axoneme,27001
biomedicine,27002
birefringent,27003
coreference,27004
danseur,27005
divinatory,27006
evapotranspiration,27007
fundus,27008
macroscopically,27009
mensural,27010
nomenklatura,27011
parenchyma,27012
photocoagulation,27013
postoperatively,27014
premodern,27015
proximally,27016
salmonellosis,27017
sandhi,27018
serratus,27019
subclavian,27020
synchrotron,27021
syncretism,27022
transduce,27023
veridical,27024
xylene,27025
alizarin,27026
gritstone,27027
hawala,27028
nonmember,27029
powertrain,27030
rangeland,27031
bailiwick,27032
deceptiveness,27033
ecclesiastic,27034
yellowtail,27035
payola,27036
communicational,27037
cystoscopy,27038
untimed,27039
balefully,27040
bethink,27041
challengingly,27042
chessman,27043
imperturbable,27044
impetuously,27045
indistinctly,27046
insensibility,27047
matins,27048
matronly,27049
meditatively,27050
overdress,27051
piercingly,27052
possessiveness,27053
raiment,27054
skirmisher,27055
spasmodically,27056
suggestively,27057
unbolt,27058
uncarpeted,27059
unlatch,27060
unpardonable,27061
yowl,27062
ade,27063
articulator,27064
caecilian,27065
clastic,27066
comparator,27067
concretion,27068
courbaril,27069
cyanosis,27070
deactivation,27071
diakinesis,27072
econometrician,27073
ectoparasite,27074
endometrium,27075
fovea,27076
gemination,27077
instrumentalism,27078
intermolecular,27079
labile,27080
medially,27081
myeloid,27082
neuraminidase,27083
oscilloscope,27084
peavey,27085
perpetration,27086
prepose,27087
replicable,27088
ribozyme,27089
sialic,27090
subgenus,27091
synergistically,27092
tuberosity,27093
uncoated,27094
vasodilator,27095
ventilatory,27096
wiki,27097
telecommuter,27098
bluefin,27099
anglicize,27100
merchantability,27101
ornithology,27102
invincibility,27103
knapweed,27104
middlebrow,27105
prepackage,27106
seamount,27107
supermassive,27108
updraft,27109
neve,27110
sone,27111
abominably,27112
bedcover,27113
britches,27114
descry,27115
disapprobation,27116
filch,27117
graceless,27118
moonbeam,27119
praetor,27120
puce,27121
sensuously,27122
speechify,27123
talcum,27124
withal,27125
agave,27126
atypically,27127
chlorite,27128
communicatively,27129
curettage,27130
diencephalon,27131
dimorphic,27132
disulfide,27133
disyllable,27134
dramaturgy,27135
dysphoria,27136
fibrin,27137
glutamic,27138
gradable,27139
hemodynamics,27140
hypersecretion,27141
intuitionism,27142
melancholia,27143
monophonic,27144
naira,27145
neuroanatomy,27146
onomatopoeic,27147
plasmin,27148
rondeau,27149
salicylate,27150
spherically,27151
tomographic,27152
deductibility,27153
brachiopod,27154
cassowary,27155
dolman,27156
gonococcus,27157
botulinum,27158
confab,27159
gnocchi,27160
industrywide,27161
prenuptial,27162
redux,27163
unsweetened,27164
riveter,27165
bedpan,27166
bole,27167
cufflink,27168
diaphanous,27169
elfin,27170
exultantly,27171
fastidiously,27172
gambol,27173
hansom,27174
maman,27175
negligee,27176
pillbox,27177
postern,27178
protuberance,27179
ramrod,27180
sufferance,27181
trousseau,27182
wainscot,27183
wastebasket,27184
acanthocephalan,27185
agglutination,27186
allometry,27187
amnion,27188
antiangiogenic,27189
azimuthal,27190
biochemically,27191
cannulation,27192
catchword,27193
categorial,27194
choroid,27195
collinear,27196
concavity,27197
desensitization,27198
distally,27199
epiphenomenon,27200
fetishism,27201
interstitium,27202
littoral,27203
microsomal,27204
multivalent,27205
poetess,27206
primordium,27207
prodromal,27208
progestin,27209
ruthenium,27210
sinusoid,27211
socioeconomically,27212
undeformed,27213
valine,27214
ventrally,27215
attainder,27216
bituminous,27217
caisson,27218
historicity,27219
improbability,27220
perfumery,27221
proboscis,27222
stopcock,27223
tableland,27224
underwing,27225
autofocus,27226
heatstroke,27227
imbroglio,27228
overachiever,27229
turmeric,27230
deferent,27231
overprotect,27232
autoimmunity,27233
azimuth,27234
bilinear,27235
biosynthetic,27236
carbonyl,27237
contraindicate,27238
criterial,27239
diamagnetic,27240
electrolytic,27241
excessiveness,27242
flexure,27243
hindbrain,27244
immunogenic,27245
immunologically,27246
mesenteric,27247
micropyle,27248
nonresilient,27249
normotensive,27250
tibial,27251
topographically,27252
unced,27253
unfused,27254
uninfluenced,27255
untransformed,27256
aureole,27257
blackly,27258
blearily,27259
cheekily,27260
comfortless,27261
disagreeably,27262
fretfully,27263
horsehair,27264
indelicate,27265
palely,27266
pannier,27267
radiantly,27268
raffish,27269
sleepwalk,27270
soutane,27271
sternness,27272
topknot,27273
uncharitable,27274
communally,27275
deniability,27276
ethnological,27277
insectivore,27278
regicide,27279
waterhole,27280
illiquidity,27281
ukulele,27282
gnarly,27283
halfhearted,27284
railcar,27285
slingback,27286
sophomoric,27287
tourmaline,27288
underachiever,27289
headoffice,27290
paisa,27291
accentual,27292
allosteric,27293
amphipod,27294
anoxia,27295
autochthonous,27296
biface,27297
biogenesis,27298
biota,27299
cholecystitis,27300
consanguinity,27301
coreferential,27302
desynchronization,27303
diskless,27304
dissimilation,27305
drosophila,27306
impermeability,27307
inspiral,27308
lithospheric,27309
metonymic,27310
micropylar,27311
modifiable,27312
neem,27313
nosology,27314
pathogenicity,27315
reticulocyte,27316
spectrophotometer,27317
thiocyanate,27318
trigeminal,27319
unidimensional,27320
vasoconstriction,27321
virological,27322
stagehand,27323
beseechingly,27324
damnable,27325
druid,27326
enervate,27327
feelingly,27328
hesitatingly,27329
imprecation,27330
maidservant,27331
murderess,27332
passionless,27333
pointlessly,27334
sundress,27335
supplicant,27336
switchblade,27337
tamarind,27338
tauntingly,27339
herm,27340
hyperventilation,27341
loess,27342
midrib,27343
parsec,27344
pastorate,27345
underlease,27346
brushstroke,27347
ingenue,27348
misidentify,27349
overachieve,27350
winglet,27351
affixation,27352
aphidicolin,27353
conjuncture,27354
covariant,27355
echinococcosis,27356
electrocardiographic,27357
epigastric,27358
fugal,27359
gentamycin,27360
histidine,27361
hydrophobicity,27362
isomerase,27363
meridional,27364
musculoskeletal,27365
nurturance,27366
pleiotropic,27367
switcher,27368
transfuse,27369
transposable,27370
unconventionality,27371
vesiculation,27372
violable,27373
xerostomia,27374
antimony,27375
araucaria,27376
dyestuff,27377
enfranchisement,27378
ethnologist,27379
eutrophication,27380
lunette,27381
neoclassicism,27382
scenically,27383
telegraphy,27384
bareheaded,27385
bluebottle,27386
chemise,27387
coxcomb,27388
cupid,27389
drowse,27390
ephedrine,27391
footlights,27392
gladden,27393
hiccough,27394
indisposition,27395
inmost,27396
noonday,27397
penry,27398
protectiveness,27399
refold,27400
scummy,27401
serried,27402
sunless,27403
toff,27404
unformed,27405
unpin,27406
uprate,27407
baud,27408
castoff,27409
epochal,27410
eponym,27411
firebox,27412
quadriceps,27413
friday,27414
expansionary,27415
mimeo,27416
aldehyde,27417
alkyl,27418
amiodarone,27419
antiarrhythmic,27420
cholangiography,27421
colostrum,27422
commissure,27423
discordance,27424
eclampsia,27425
ectoderm,27426
erythematosus,27427
idempotent,27428
melanocyte,27429
metathesis,27430
methylene,27431
minimus,27432
monovalent,27433
multicomponent,27434
nocturnally,27435
organophosphate,27436
sentimentalism,27437
spermine,27438
telencephalon,27439
transmissible,27440
unclassifiable,27441
undecidable,27442
undershoot,27443
viscoelastic,27444
workwear,27445
anthropic,27446
antiquary,27447
balsam,27448
barony,27449
liege,27450
malarial,27451
mouthpart,27452
nephrite,27453
nominalism,27454
sidereal,27455
trolleybus,27456
banquette,27457
bitingly,27458
childishness,27459
corpulent,27460
couturier,27461
curlicue,27462
devotedly,27463
dryad,27464
erotically,27465
flippancy,27466
halberd,27467
hazily,27468
khanate,27469
lingeringly,27470
lurker,27471
lustily,27472
purposeless,27473
rubberneck,27474
sexless,27475
toady,27476
tocsin,27477
tolerantly,27478
troopship,27479
unclothe,27480
unquiet,27481
uproariously,27482
woebegone,27483
adman,27484
foldout,27485
jinks,27486
maneuverability,27487
succor,27488
trackball,27489
wipeout,27490
allover,27491
bey,27492
abstractness,27493
acinus,27494
angiogenic,27495
binaural,27496
cordage,27497
cytosine,27498
embryological,27499
epiglottitis,27500
focalization,27501
gastroenterology,27502
genitourinary,27503
hiddenness,27504
hyperthermia,27505
incongruent,27506
lepidopteran,27507
lowermost,27508
mesic,27509
multistage,27510
nongenetic,27511
nonuniform,27512
oculomotor,27513
paddlefish,27514
penicillamine,27515
quantal,27516
renin,27517
seta,27518
systole,27519
teratogenic,27520
ulama,27521
unlink,27522
waveguide,27523
abolitionism,27524
ethology,27525
frontiersman,27526
hotchpotch,27527
mongoose,27528
punisher,27529
reductivist,27530
rimu,27531
suzerainty,27532
waterpower,27533
wildebeest,27534
aloneness,27535
apoplexy,27536
bedpost,27537
breastbone,27538
callously,27539
changeling,27540
cordite,27541
dacha,27542
damply,27543
decorously,27544
doorpost,27545
eidetic,27546
foulness,27547
frizzle,27548
googol,27549
leastways,27550
malamute,27551
multiverse,27552
nerveless,27553
perfunctorily,27554
sashay,27555
stoker,27556
stupefaction,27557
sunder,27558
tauten,27559
callable,27560
prejudgment,27561
bratty,27562
coldwater,27563
doxycycline,27564
hummus,27565
implantable,27566
miler,27567
monthlong,27568
plainspoken,27569
turboprop,27570
unfazed,27571
shinny,27572
contemnor,27573
bergamot,27574
entablature,27575
flatworm,27576
gouger,27577
hypnotherapist,27578
inductivist,27579
lithographer,27580
novation,27581
tufa,27582
umbel,27583
whaleboat,27584
atrazine,27585
accentuation,27586
acyclic,27587
agroforestry,27588
antidiscrimination,27589
apolipoprotein,27590
blastocoel,27591
branchial,27592
coccoid,27593
collimator,27594
decipherment,27595
diagnosable,27596
diazepam,27597
dicotyledonous,27598
diffract,27599
discriminator,27600
dominantly,27601
enzymatically,27602
gastroduodenal,27603
infundibulum,27604
intercalate,27605
lingual,27606
multistep,27607
nasalization,27608
nonnormative,27609
nonprofessional,27610
nucleoside,27611
octamer,27612
osteoblast,27613
palatalize,27614
proctitis,27615
seedbed,27616
solvability,27617
subnational,27618
unfree,27619
uveitis,27620
vasopressin,27621
welfarist,27622
hypotenuse,27623
tonsillitis,27624
acquiescent,27625
adoringly,27626
bafflement,27627
bonefish,27628
circlet,27629
disrobe,27630
filmy,27631
freesia,27632
gaslight,27633
hawser,27634
impersonally,27635
inanely,27636
languorously,27637
mycoplasma,27638
shabbiness,27639
slattern,27640
slipstream,27641
stockroom,27642
thickset,27643
tonelessly,27644
torpid,27645
tunelessly,27646
twopence,27647
unblinkingly,27648
unlined,27649
unlovely,27650
brushwork,27651
demagogic,27652
gastroenterologist,27653
highflier,27654
nontechnical,27655
potshot,27656
rhapsodize,27657
souvlaki,27658
incentivize,27659
aerobically,27660
coextensive,27661
lacquerware,27662
polygyny,27663
precession,27664
unrefined,27665
ablate,27666
agua,27667
altitudinal,27668
assibilation,27669
biphenyl,27670
canalicular,27671
cesium,27672
chieftaincy,27673
cholinesterase,27674
chorea,27675
copular,27676
crocodilian,27677
diagenetic,27678
disjunct,27679
dorsoventral,27680
dyspnea,27681
erythema,27682
excitotoxicity,27683
extravert,27684
fluoroscopy,27685
glomerulus,27686
inappropriateness,27687
indium,27688
intramolecular,27689
lignin,27690
lobular,27691
locomotor,27692
maximizer,27693
mouton,27694
myrmecophyte,27695
naloxone,27696
overcontrol,27697
rhythmicity,27698
ribonucleic,27699
solmization,27700
tracheal,27701
transaminase,27702
trigonometric,27703
unresponsiveness,27704
xanthine,27705
abed,27706
bedroll,27707
benevolently,27708
brushwood,27709
charwoman,27710
chesterfield,27711
clamorous,27712
coaxingly,27713
cookhouse,27714
cursorily,27715
davit,27716
fleshless,27717
handcart,27718
huffy,27719
kindliness,27720
lungful,27721
malevolently,27722
mazurka,27723
multitudinous,27724
placatingly,27725
quadrille,27726
shipshape,27727
truculently,27728
tuneless,27729
uncross,27730
unsheathe,27731
voluptuously,27732
warhorse,27733
wop,27734
pedestrianization,27735
agitprop,27736
endive,27737
faceplate,27738
flyaway,27739
midyear,27740
nanotech,27741
patroller,27742
peekaboo,27743
philosophize,27744
salicylic,27745
septuagenarian,27746
stanch,27747
venturi,27748
yodel,27749
egoist,27750
basketry,27751
beatitude,27752
bronchiole,27753
commissar,27754
deify,27755
denudation,27756
disavowal,27757
endothermic,27758
gunboat,27759
justiciar,27760
kibble,27761
landholder,27762
mandala,27763
overshot,27764
palatine,27765
paleolithic,27766
predecease,27767
reassertion,27768
regimentation,27769
sulfonamide,27770
wagtail,27771
woodcarving,27772
herbarium,27773
acoustical,27774
anoxic,27775
antinomian,27776
appositive,27777
armyworm,27778
autosome,27779
benzoate,27780
bolide,27781
cationic,27782
chlorpromazine,27783
compressional,27784
conscientiousness,27785
decarboxylase,27786
desorption,27787
diffusely,27788
elastase,27789
embolus,27790
epilithic,27791
eruptive,27792
lase,27793
lecithin,27794
ligne,27795
lorazepam,27796
mitogen,27797
paternally,27798
probabilistically,27799
progressivism,27800
quadripartite,27801
resuspension,27802
ribonuclease,27803
supercritical,27804
transcultural,27805
unfed,27806
urodele,27807
vinblastine,27808
ampoule,27809
babyhood,27810
bearskin,27811
blubbery,27812
cogitation,27813
coquette,27814
coquettish,27815
curricle,27816
enchanter,27817
excusable,27818
flatterer,27819
flippantly,27820
fornicate,27821
forsythia,27822
fug,27823
godson,27824
halloo,27825
hatless,27826
inconsequentially,27827
industriously,27828
leonine,27829
lugger,27830
madwoman,27831
malodorous,27832
meanly,27833
minicab,27834
palpitate,27835
phantasm,27836
pleasantness,27837
priggish,27838
queerly,27839
reminiscently,27840
uncomplaining,27841
uncurtained,27842
unladylike,27843
unsullied,27844
unsuspicious,27845
velveteen,27846
antihero,27847
decrypt,27848
eschatology,27849
extensible,27850
flameout,27851
gesso,27852
herniate,27853
macula,27854
manicurist,27855
ragweed,27856
realpolitik,27857
toehold,27858
benefic,27859
doubtlessly,27860
examen,27861
heartedly,27862
bookbinding,27863
calorific,27864
caryatid,27865
creamery,27866
deuteron,27867
genuineness,27868
handmaid,27869
lek,27870
lemming,27871
majolica,27872
obsolescent,27873
razorbill,27874
secant,27875
wardenship,27876
wheelwright,27877
anestrous,27878
anticholinergic,27879
atherosclerotic,27880
autoclave,27881
backorder,27882
biomolecule,27883
bipolarity,27884
brahman,27885
chromatograph,27886
compressive,27887
deoxyribonucleic,27888
dermal,27889
dextral,27890
electroencephalographic,27891
erythromycin,27892
eventuate,27893
extractable,27894
exudate,27895
fetlock,27896
footwall,27897
habitability,27898
hormonally,27899
hypernymy,27900
immunodeficient,27901
immunogenicity,27902
isochronous,27903
lateralize,27904
licit,27905
malleability,27906
meconium,27907
montane,27908
morphophonemic,27909
neotenic,27910
neuroscientific,27911
neurotoxic,27912
pleiotropy,27913
pluperfect,27914
psychoactive,27915
raphe,27916
repetitively,27917
rhinitis,27918
syncopation,27919
tractability,27920
unanalyzed,27921
unreacted,27922
uvular,27923
vincristine,27924
volution,27925
explosiveness,27926
glycerin,27927
niacin,27928
nondenominational,27929
nonjudgmental,27930
overexposure,27931
propagator,27932
schlep,27933
starstruck,27934
trimmer,27935
unbowed,27936
zinnia,27937
unappropriated,27938
acquaintanceship,27939
boringly,27940
caftan,27941
caressingly,27942
chitter,27943
cockatoo,27944
collarless,27945
consulship,27946
feebleness,27947
greasepaint,27948
hypo,27949
kedgeree,27950
mannish,27951
meekness,27952
molehill,27953
nimbus,27954
pommel,27955
postilion,27956
regally,27957
rimless,27958
royally,27959
sagacious,27960
shamefacedly,27961
spinney,27962
sturdily,27963
sureness,27964
tigress,27965
timorous,27966
unexceptionable,27967
unreasoning,27968
abyssal,27969
airworthiness,27970
anaconda,27971
atonal,27972
bailment,27973
carpel,27974
corsair,27975
covetousness,27976
denigration,27977
felucca,27978
gymnosperm,27979
holograph,27980
interferometer,27981
lodestone,27982
majlis,27983
oryx,27984
reformism,27985
rhea,27986
seaborne,27987
shipwright,27988
symbolist,27989
undertenant,27990
straightly,27991
uncleaned,27992
seahorse,27993
acidophilic,27994
blastocoelic,27995
calcify,27996
calorimetry,27997
capsular,27998
cartesian,27999
concha,28000
corticotropin,28001
earliness,28002
echoic,28003
eosinophilia,28004
expander,28005
gnathostome,28006
hysteresis,28007
infelicitous,28008
integrally,28009
intimal,28010
lawmaking,28011
logarithmically,28012
mara,28013
microsphere,28014
microtome,28015
mutagenic,28016
naltrexone,28017
neuromotor,28018
overactivity,28019
parkinsonian,28020
particularistic,28021
pedagogically,28022
pericarp,28023
potsherd,28024
problematize,28025
reanalyze,28026
stingless,28027
substring,28028
teratogen,28029
territorially,28030
tetracycline,28031
topicalization,28032
uncultured,28033
unmated,28034
warfarin,28035
zaire,28036
plonker,28037
anticlimactic,28038
cashless,28039
commoditize,28040
earmuff,28041
exoskeleton,28042
icefall,28043
immersive,28044
impeller,28045
outfox,28046
palimony,28047
pinwheel,28048
polymath,28049
quarterdeck,28050
admonitory,28051
babyish,28052
bloodlust,28053
ceremonious,28054
chancy,28055
complaisance,28056
condescendingly,28057
deadness,28058
devilry,28059
dirk,28060
gloaming,28061
goatskin,28062
horsewoman,28063
interminably,28064
lightless,28065
listlessness,28066
nihilist,28067
overspread,28068
paladin,28069
piebald,28070
portentously,28071
rapier,28072
sahib,28073
suffragan,28074
thirstily,28075
unrepentantly,28076
unseasonable,28077
vestal,28078
witheringly,28079
wrathfully,28080
yokel,28081
adze,28082
anionic,28083
clairvoyance,28084
coelenterate,28085
depopulate,28086
ejecta,28087
freemasonry,28088
germanium,28089
horticulturist,28090
lateralization,28091
moa,28092
provincialism,28093
reconquer,28094
saguaro,28095
skeg,28096
steerable,28097
stoneware,28098
totalize,28099
transcendentalism,28100
teambuilding,28101
annelid,28102
antidromic,28103
archaean,28104
bioinformatic,28105
catabolism,28106
centrosomal,28107
corpuscular,28108
costeffectiveness,28109
cyanobacterial,28110
cyclooxygenase,28111
echolalia,28112
filopodium,28113
folium,28114
homophony,28115
homozygosity,28116
hypercube,28117
idiolect,28118
intrapersonal,28119
jird,28120
lanthanum,28121
latitudinal,28122
legato,28123
malform,28124
metacarpal,28125
mycelium,28126
nasality,28127
nephritis,28128
numeration,28129
pagination,28130
pathbreaking,28131
phonetician,28132
polychlorinate,28133
polycythemia,28134
postdate,28135
promiser,28136
prothrombin,28137
pupillary,28138
rachis,28139
recombine,28140
rondo,28141
schizoid,28142
sixfold,28143
tacrine,28144
tailpiece,28145
wavefront,28146
zoonotic,28147
giftware,28148
alkyd,28149
astoundingly,28150
bohemia,28151
cardamom,28152
fortysomething,28153
hardheaded,28154
lionfish,28155
megaton,28156
mistranslation,28157
noncombatant,28158
persimmon,28159
platy,28160
ridgeline,28161
sanctimony,28162
squeegee,28163
strudel,28164
tollbooth,28165
ultraconservative,28166
undeliverable,28167
vaulter,28168
weblog,28169
nanoparticle,28170
halvard,28171
misfeasance,28172
nonresident,28173
scrip,28174
abjectly,28175
acuteness,28176
bellboy,28177
bowstring,28178
boyishly,28179
carbolic,28180
catlike,28181
chinless,28182
cockeyed,28183
compassionately,28184
comradely,28185
curragh,28186
dandle,28187
distastefully,28188
dourly,28189
downhearted,28190
dugong,28191
effusively,28192
endurable,28193
fellatio,28194
garishly,28195
geniality,28196
gimlet,28197
guiltless,28198
headrest,28199
hussar,28200
intentness,28201
joggle,28202
nightlight,28203
obsequiously,28204
pantaloon,28205
queasiness,28206
samovar,28207
sensually,28208
servility,28209
sleepwalker,28210
slyness,28211
trackless,28212
uncombed,28213
unfeigned,28214
unhitch,28215
unsubtle,28216
unsympathetically,28217
wardroom,28218
worldliness,28219
accelerometer,28220
adumbrate,28221
benefaction,28222
croup,28223
episcopacy,28224
gaucho,28225
lumberman,28226
muftilik,28227
patriarchate,28228
plainsong,28229
ramus,28230
repetitiveness,28231
seaway,28232
stereotypically,28233
totara,28234
urticaria,28235
wingless,28236
workingman,28237
pervious,28238
wight,28239
abstractly,28240
aeronaut,28241
ampullar,28242
antipodal,28243
aphasic,28244
axenic,28245
cantonal,28246
coexistent,28247
coffeemaker,28248
colorimetric,28249
combinatoric,28250
counterargument,28251
croceipe,28252
cryobiology,28253
discriminative,28254
dysplastic,28255
emend,28256
evenness,28257
filarial,28258
fussiness,28259
hemiepiphyte,28260
heterodox,28261
heterotrophic,28262
hypertonic,28263
individualization,28264
knower,28265
microsome,28266
nilpotent,28267
nonpregnant,28268
nonrandom,28269
nonuniformity,28270
oocyst,28271
overprint,28272
patrilineal,28273
pharmacologically,28274
physicochemical,28275
piroxicam,28276
potentiometer,28277
proteinaceous,28278
recto,28279
spectrograph,28280
statically,28281
talkativeness,28282
tetanic,28283
thromboembolism,28284
topicality,28285
ubiquitously,28286
xenolith,28287
halide,28288
durian,28289
misspeak,28290
rebroadcast,28291
plater,28292
apochromatic,28293
decile,28294
doggedness,28295
evisceration,28296
fermion,28297
heulandite,28298
maneuverable,28299
precancerous,28300
shim,28301
unplayable,28302
scienter,28303
abrade,28304
adjure,28305
augury,28306
backless,28307
barouche,28308
bedbug,28309
bestir,28310
blowsy,28311
calumny,28312
cambric,28313
chukka,28314
clownish,28315
coffeepot,28316
coxswain,28317
coyness,28318
damnably,28319
docility,28320
elephantine,28321
espadrille,28322
fairyland,28323
fanlight,28324
fervid,28325
futilely,28326
grog,28327
harrumph,28328
inconspicuously,28329
injudicious,28330
jetsam,28331
knowingness,28332
lollop,28333
neckcloth,28334
oilcloth,28335
oubliette,28336
placidity,28337
putrefaction,28338
raucously,28339
roguishly,28340
sniffly,28341
stoup,28342
sunstroke,28343
thundercloud,28344
uncommunicative,28345
unenthusiastically,28346
ungovernable,28347
unmanly,28348
unpolished,28349
unquenchable,28350
volubly,28351
whippet,28352
wolfishly,28353
wrathful,28354
armorial,28355
bardic,28356
bombardier,28357
catarrhal,28358
citrine,28359
collegiality,28360
concessionaire,28361
exploiter,28362
falconer,28363
flatfish,28364
horsetail,28365
lapidary,28366
leger,28367
millpond,28368
persuasiveness,28369
photocell,28370
popularizer,28371
serialization,28372
tympanum,28373
uncultivated,28374
woodcarver,28375
affixal,28376
agglutinative,28377
arbovirus,28378
bigram,28379
biocontrol,28380
bollworm,28381
crosscultural,28382
demineralization,28383
dentition,28384
dichotomously,28385
diphthongize,28386
dipterocarp,28387
dissociable,28388
intramuscularly,28389
metastability,28390
midazolam,28391
morphemic,28392
nonadjacent,28393
oropharyngeal,28394
overanxious,28395
phrenologist,28396
rectosigmoid,28397
rubato,28398
sarcosine,28399
sclerite,28400
sinistral,28401
supercoil,28402
triazolam,28403
unaccented,28404
valvular,28405
visuomotor,28406
waxwing,28407
guider,28408
seel,28409
crosser,28410
photolithography,28411
allergenic,28412
antidumping,28413
buckyball,28414
celeriac,28415
compote,28416
cubit,28417
daphnia,28418
downdraft,28419
eyestrain,28420
hardtop,28421
houseclean,28422
interlibrary,28423
kilobyte,28424
legendarily,28425
malapropism,28426
mélange,28427
mendacity,28428
merino,28429
miniaturization,28430
narcissist,28431
nonlethal,28432
rotator,28433
salesclerk,28434
sorter,28435
spitball,28436
stablemate,28437
tinkerer,28438
untuck,28439
watercolorist,28440
determinable,28441
axil,28442
battlefront,28443
belemnite,28444
bibliographer,28445
bookbinder,28446
caricaturist,28447
chancellorship,28448
cogency,28449
coloratura,28450
demoralization,28451
flextime,28452
intertribal,28453
janissary,28454
langur,28455
liverwort,28456
longbow,28457
metallurgist,28458
militarist,28459
nitrogenous,28460
outrigger,28461
packhorse,28462
perihelion,28463
presentment,28464
raj,28465
runic,28466
subtropics,28467
transshipment,28468
underlet,28469
beery,28470
bestiality,28471
capybara,28472
careworn,28473
chino,28474
conjurer,28475
copperplate,28476
crackly,28477
crump,28478
dotage,28479
expiate,28480
fastidiousness,28481
fickleness,28482
fieldfare,28483
footpad,28484
foxtrot,28485
garrotte,28486
godchild,28487
groggily,28488
grok,28489
hassock,28490
heartlessly,28491
hotspur,28492
impious,28493
imposter,28494
incurious,28495
interrogatively,28496
lameness,28497
musketry,28498
plainness,28499
plash,28500
ranulf,28501
saturnine,28502
servitor,28503
shoemaking,28504
shrewish,28505
signboard,28506
stentorian,28507
unconcealed,28508
unconquerable,28509
unctuous,28510
unstrap,28511
veld,28512
wherry,28513
womankind,28514
classwork,28515
resend,28516
sprit,28517
unpleased,28518
acme,28519
brownout,28520
comity,28521
encomium,28522
implausibly,28523
jeremiad,28524
likability,28525
literalism,28526
megaproject,28527
milkweed,28528
misanthropic,28529
nester,28530
onomatopoeia,28531
palmetto,28532
pellagra,28533
pocketknife,28534
pronghorn,28535
recondite,28536
sandblast,28537
scattershot,28538
subdirectory,28539
superfine,28540
woodsy,28541
surveil,28542
acanthus,28543
biller,28544
camber,28545
castellan,28546
clerestory,28547
consignee,28548
contradistinction,28549
cuboid,28550
daguerreotype,28551
destructiveness,28552
electrodynamic,28553
incomparably,28554
kiwifruit,28555
lungfish,28556
neutralist,28557
pharmacologist,28558
rennet,28559
retributive,28560
schismatic,28561
spoonbill,28562
taiga,28563
toastrack,28564
terminable,28565
aspidistra,28566
bonbon,28567
bounder,28568
campion,28569
candelabra,28570
canker,28571
cogitate,28572
cuttingly,28573
disrespectfully,28574
doorjamb,28575
duckboard,28576
flagellant,28577
frenziedly,28578
gentlefolk,28579
gentlemanlike,28580
genuflect,28581
hasp,28582
hyoid,28583
iciness,28584
imbecility,28585
inkstand,28586
insultingly,28587
irrelevantly,28588
lowness,28589
magnanimously,28590
martinet,28591
neckerchief,28592
newel,28593
perfidy,28594
proctologist,28595
psychically,28596
ragamuffin,28597
raillery,28598
repine,28599
rheumy,28600
schemer,28601
shepherdess,28602
smithereens,28603
squib,28604
squig,28605
suavely,28606
sundowner,28607
tearaway,28608
thunderclap,28609
uncap,28610
unlive,28611
unromantic,28612
unshaded,28613
unshaken,28614
urbanely,28615
wog,28616
automat,28617
braveness,28618
carful,28619
stabile,28620
isomerism,28621
afterburner,28622
astrophotography,28623
cataloger,28624
circumlocution,28625
cochair,28626
coneflower,28627
crouton,28628
fakery,28629
honeydew,28630
nonacademic,28631
nostrum,28632
pentathlon,28633
preprogrammed,28634
pronation,28635
psychobabble,28636
pugilist,28637
semifinalist,28638
sunlike,28639
zirconia,28640
alfresco,28641
antisubmarine,28642
archiepiscopal,28643
centavo,28644
chalcedony,28645
counterpoise,28646
cowrie,28647
cuttlefish,28648
dauphin,28649
declamatory,28650
diagrammatically,28651
dukedom,28652
evocatively,28653
holist,28654
indirection,28655
kea,28656
maharaja,28657
perspicuous,28658
rationalistic,28659
rentier,28660
rescript,28661
rugose,28662
salinization,28663
sandgrouse,28664
systematization,28665
turnstone,28666
unarticulated,28667
unbridgeable,28668
underemployment,28669
upholder,28670
voltmeter,28671
bareness,28672
basilisk,28673
betimes,28674
blowtorch,28675
brainwave,28676
broadcloth,28677
budgerigar,28678
chary,28679
checkmate,28680
clansman,28681
cloven,28682
clunch,28683
covetous,28684
craftily,28685
cruet,28686
cucurbit,28687
deaconess,28688
decrepitude,28689
dexterously,28690
disarrange,28691
discourtesy,28692
doggerel,28693
eyepatch,28694
fishtail,28695
gooseneck,28696
hospitably,28697
hullabaloo,28698
incautious,28699
irretrievable,28700
kinswoman,28701
knobby,28702
lamplit,28703
lechery,28704
leprous,28705
mellifluous,28706
messily,28707
mischance,28708
owlish,28709
patchouli,28710
pelisse,28711
phosphorescence,28712
plentifully,28713
promisee,28714
sapient,28715
sapper,28716
scimitar,28717
simian,28718
spoilsport,28719
sprat,28720
starkness,28721
suppliant,28722
tempter,28723
toecap,28724
trident,28725
uncivil,28726
underfeed,28727
unemotionally,28728
unexpectedness,28729
unsaid,28730
unwaveringly,28731
verst,28732
vilely,28733
whiskery,28734
woodpile,28735
wyvern,28736
satsuma,28737
bast,28738
fells,28739
meed,28740
sportsperson,28741
factsheet,28742
intermodal,28743
secondee,28744
clarinetist,28745
flutist,28746
antipiracy,28747
bandsaw,28748
caret,28749
dogfish,28750
dogleg,28751
edutainment,28752
epee,28753
lapdog,28754
millibar,28755
seersucker,28756
stickball,28757
undercook,28758
agrarianism,28759
antimalarial,28760
assonance,28761
bellbird,28762
blowhole,28763
cession,28764
conventicle,28765
corm,28766
cycad,28767
deconstructionist,28768
diggings,28769
electromagnet,28770
escutcheon,28771
etymologist,28772
griffon,28773
gristmill,28774
hyperkinetic,28775
ideologist,28776
idolatrous,28777
immanence,28778
inseparably,28779
isostatic,28780
journalize,28781
kahikatea,28782
leatherwork,28783
mihrab,28784
monoplane,28785
occultist,28786
outgas,28787
permanganate,28788
phobic,28789
picaresque,28790
pion,28791
rhizomatous,28792
rusticate,28793
seismology,28794
shorthorn,28795
tenuously,28796
tilth,28797
transmigration,28798
tuatara,28799
vizier,28800
weekender,28801
yeomanry,28802
pica,28803
rem,28804
shunter,28805
abase,28806
austerely,28807
bareback,28808
barrette,28809
battleax,28810
billowy,28811
birdcage,28812
condole,28813
cumbrous,28814
deviousness,28815
fez,28816
frigidity,28817
fusty,28818
futurity,28819
girlishly,28820
guardroom,28821
gulch,28822
hayloft,28823
hematoma,28824
horseflesh,28825
ichthyosaur,28826
impishly,28827
insubordinate,28828
jello,28829
jocularly,28830
lasciviously,28831
luminescent,28832
moodiness,28833
obtuseness,28834
overlong,28835
palanquin,28836
pardonable,28837
penumbra,28838
pertly,28839
pisser,28840
poplin,28841
pustule,28842
rebelliously,28843
revengeful,28844
rill,28845
serjeant,28846
shebang,28847
sinuously,28848
sleekly,28849
speechlessly,28850
straightway,28851
strangulate,28852
stuffiness,28853
supplicate,28854
treasonable,28855
trencher,28856
unbelievingly,28857
uncomplimentary,28858
unconcernedly,28859
unembarrassed,28860
unpremeditated,28861
usherette,28862
viand,28863
waywardness,28864
wondrously,28865
zephyr,28866
feedlot,28867
perchlorate,28868
humbleness,28869
rockstar,28870
undoubtable,28871
advantageously,28872
anciently,28873
arsenical,28874
artesian,28875
banyan,28876
bookplate,28877
boron,28878
boto,28879
carillon,28880
cenotaph,28881
cephalopod,28882
chicory,28883
coelacanth,28884
corbel,28885
couchette,28886
cuneiform,28887
determinist,28888
grandiloquent,28889
hardiness,28890
hexameter,28891
hypnotism,28892
inculcation,28893
influencer,28894
intaglio,28895
lapwing,28896
millwright,28897
monofilament,28898
oceanographic,28899
palfrey,28900
picturesquely,28901
polytheism,28902
polytheistic,28903
presbyter,28904
quintessence,28905
skink,28906
stereophonic,28907
streamside,28908
suborder,28909
sunbather,28910
swiftlet,28911
tarsier,28912
taxidermist,28913
tuberous,28914
wholegrain,28915
collectivization,28916
operon,28917
misappropriate,28918
unissued,28919
dancehall,28920
insurgence,28921
afterbirth,28922
angularity,28923
armload,28924
astir,28925
athwart,28926
bathos,28927
beauteous,28928
bemusedly,28929
bigtime,28930
blandishment,28931
bulrush,28932
cannonade,28933
caparison,28934
charnel,28935
cockade,28936
colloquy,28937
coney,28938
cryptology,28939
dexterous,28940
dreamland,28941
dulcet,28942
expatiate,28943
flambeau,28944
froggy,28945
fustian,28946
gentian,28947
giantess,28948
hireling,28949
honeypot,28950
importunity,28951
inconstant,28952
inelegantly,28953
jape,28954
luxuriantly,28955
mawkish,28956
mistily,28957
moleskin,28958
mustiness,28959
naughtiness,28960
neglectful,28961
nightwear,28962
pater,28963
peroration,28964
plangent,28965
polyneuritis,28966
pouty,28967
protuberant,28968
pubescent,28969
pungency,28970
raggedy,28971
resistless,28972
ruination,28973
shallowly,28974
silkiness,28975
sourness,28976
speechlessness,28977
spoor,28978
synchronicity,28979
tamely,28980
thistledown,28981
tragedian,28982
troglodyte,28983
turbot,28984
twixt,28985
unacquainted,28986
undeceive,28987
unloose,28988
unmerited,28989
unperceived,28990
unsaddle,28991
unselfconsciously,28992
wherewith,28993
whicker,28994
whippersnapper,28995
shopaholic,28996
spokes,28997
valuate,28998
nongovernment,28999
amphora,29000
atomism,29001
bailee,29002
cannibalistic,29003
cantonment,29004
caravel,29005
chitin,29006
dystopia,29007
ecumenism,29008
emendation,29009
enuresis,29010
eutectic,29011
exotica,29012
fantail,29013
faraday,29014
friary,29015
heterosexism,29016
hymnody,29017
legitimization,29018
lineal,29019
marquess,29020
menstruate,29021
millipede,29022
misjudgement,29023
oculist,29024
paternalist,29025
peritonitis,29026
pithead,29027
placer,29028
poorhouse,29029
practicability,29030
prebendary,29031
proofreader,29032
ptarmigan,29033
scapula,29034
spandrel,29035
spasticity,29036
speakeasy,29037
trireme,29038
ulna,29039
unchallengeable,29040
verbena,29041
viticulture,29042
carjack,29043
pseudoephedrine,29044
superbug,29045
colorcast,29046
noninterested,29047
unconsolidated,29048
affectedly,29049
agonisingly,29050
ambrosia,29051
artlessly,29052
aslant,29053
backwash,29054
badinage,29055
basset,29056
bellyache,29057
benefactress,29058
betrayer,29059
bilberry,29060
bootlace,29061
brimful,29062
cabochon,29063
candlewick,29064
chainmail,29065
cheesecloth,29066
chiaroscuro,29067
circumspectly,29068
citron,29069
cocksure,29070
contretemps,29071
cowshed,29072
cummerbund,29073
deflower,29074
discomposure,29075
disembarkation,29076
disquietude,29077
drabness,29078
effervescence,29079
factotum,29080
fortissimo,29081
foully,29082
garrote,29083
gutless,29084
hailstone,29085
halberdier,29086
handsomeness,29087
hexagram,29088
hieratic,29089
hirsute,29090
icebox,29091
incivility,29092
inconstancy,29093
inflexion,29094
ingrate,29095
inquisitiveness,29096
invulnerability,29097
irruption,29098
maniacally,29099
meadowlark,29100
noisome,29101
officiously,29102
ormolu,29103
overshoe,29104
pasteboard,29105
pastis,29106
pinhead,29107
pinkness,29108
plummy,29109
preceptor,29110
prurience,29111
reticule,29112
rockface,29113
rushlight,29114
sackcloth,29115
secretively,29116
shellfire,29117
snifter,29118
stateliness,29119
submariner,29120
superannuate,29121
temptingly,29122
unharness,29123
unheeding,29124
unpronounceable,29125
unremarked,29126
unsteadiness,29127
uppercut,29128
voider,29129
washboard,29130
wastrel,29131
wimple,29132
wolfhound,29133
baccalaureate,29134
lysogenic,29135
oppositely,29136
phycology,29137
poorness,29138
unfriendliness,29139
videocamera,29140
blackspot,29141
incurrence,29142
seismometer,29143
acetylene,29144
afforest,29145
ambitiously,29146
anthropomorphism,29147
antiracism,29148
astigmatism,29149
autobiographer,29150
autocatalytic,29151
braggart,29152
burro,29153
chromite,29154
cottonseed,29155
cuticular,29156
fathead,29157
galvanometer,29158
gelada,29159
graviton,29160
identifiably,29161
insectivorous,29162
licentiousness,29163
megalomania,29164
menhir,29165
meteoritic,29166
militantly,29167
multivolume,29168
narwhal,29169
nucleon,29170
omnivorous,29171
parlous,29172
pascal,29173
pentagonal,29174
perceptively,29175
planation,29176
predestinarian,29177
primogeniture,29178
psalmist,29179
remanufacture,29180
roadhouse,29181
sampan,29182
sauropod,29183
shrubby,29184
snakebite,29185
soundbox,29186
sphagnum,29187
syndicalism,29188
tailless,29189
taro,29190
tarpon,29191
toastmaster,29192
traverser,29193
unacceptability,29194
vernal,29195
warmongering,29196
xylem,29197
zooplankton,29198
zygomatic,29199
paceman,29200
crappie,29201
levator,29202
quoit,29203
admonishment,29204
alertly,29205
ambrosial,29206
anklet,29207
astuteness,29208
backstair,29209
battler,29210
beastliness,29211
becomingly,29212
blackball,29213
blunderbuss,29214
boatswain,29215
bosomy,29216
brindled,29217
brougham,29218
changeless,29219
charioteer,29220
clitoridectomy,29221
collectedly,29222
complaisant,29223
connubial,29224
contemplatively,29225
countrywoman,29226
despond,29227
diabolic,29228
disinterestedly,29229
dispiritedly,29230
disquisition,29231
doge,29232
doubloon,29233
eldritch,29234
execration,29235
expostulation,29236
faultlessly,29237
fussily,29238
gatecrash,29239
goulash,29240
graven,29241
halitosis,29242
haply,29243
hardihood,29244
illogically,29245
layette,29246
liniment,29247
longship,29248
necromancy,29249
obstreperous,29250
pict,29251
puissant,29252
queenly,29253
ragbag,29254
requite,29255
reverentially,29256
righteously,29257
shirtfront,29258
sloe,29259
smudgy,29260
snaffle,29261
snaky,29262
snappish,29263
sneeringly,29264
snick,29265
soldierly,29266
starless,29267
stridently,29268
strychnine,29269
sublimely,29270
superfluity,29271
surcoat,29272
trammel,29273
transmogrify,29274
unair,29275
unchristian,29276
unction,29277
uncustomary,29278
uneventfully,29279
unhelpfully,29280
unknot,29281
unlovable,29282
unmannerly,29283
untarnished,29284
virago,29285
wifely,29286
wilfulness,29287
glaciologist,29288
persuadable,29289
bigos,29290
serval,29291
unenjoyable,29292
abbacy,29293
abomasum,29294
acclimatization,29295
advertorial,29296
aerofoil,29297
aggrandizement,29298
agora,29299
annalist,29300
anthologize,29301
antiquark,29302
archosaur,29303
artiodactyl,29304
audiophile,29305
babbler,29306
bluestone,29307
bondsman,29308
burin,29309
cabinetmaker,29310
calculable,29311
caraway,29312
charmless,29313
coastland,29314
coiner,29315
contemporaneity,29316
crus,29317
custodianship,29318
defeatism,29319
ergonomist,29320
expressible,29321
expressionistic,29322
ferromagnetic,29323
gametophyte,29324
glanders,29325
gosling,29326
infrasound,29327
ironwood,29328
kettledrum,29329
lactase,29330
larkspur,29331
lawgiver,29332
merganser,29333
misapply,29334
misname,29335
monte,29336
muezzin,29337
multidirectional,29338
muskrat,29339
nautilus,29340
odium,29341
ossify,29342
pantheism,29343
pictorially,29344
porphyry,29345
poststructuralism,29346
prebend,29347
printmaker,29348
propertyless,29349
puerperal,29350
pupate,29351
revivalism,29352
rhomboid,29353
roleplay,29354
saddleback,29355
scarab,29356
silverweed,29357
similitude,29358
tessellate,29359
thermocouple,29360
thyroglobulin,29361
unambitious,29362
undercroft,29363
unfenced,29364
universalistic,29365
unobjectionable,29366
unreformed,29367
whitefish,29368
antipersonnel,29369
speediness,29370
typographic,29371
exoplanet,29372
griot,29373
shrimper,29374
adamantine,29375
allusive,29376
aquavit,29377
archdeaconry,29378
assiduity,29379
beardless,29380
bentwood,29381
bindweed,29382
birdlike,29383
bloodcurdling,29384
bootee,29385
chastely,29386
cocksucker,29387
codpiece,29388
coquettishly,29389
crepuscular,29390
crudeness,29391
defenestration,29392
descant,29393
dolt,29394
douche,29395
dudgeon,29396
edginess,29397
epaulet,29398
estaminet,29399
everlastingly,29400
flagellate,29401
footsore,29402
forepaw,29403
frogmarch,29404
fruiterer,29405
funnies,29406
galosh,29407
gillie,29408
goddaughter,29409
hawkbit,29410
hearthstone,29411
helpmate,29412
hobnail,29413
horseplay,29414
horseshit,29415
howdah,29416
hypnotically,29417
immodest,29418
insincerely,29419
irreparably,29420
irresolutely,29421
jocularity,29422
jonquil,29423
kinsfolk,29424
leatherette,29425
littleness,29426
lopsidedly,29427
lugubriously,29428
lumberyard,29429
marriageable,29430
mayhap,29431
mescal,29432
moroseness,29433
munificent,29434
nicker,29435
nocturne,29436
outstay,29437
overstrain,29438
pellucid,29439
piffle,29440
piquancy,29441
playact,29442
playbill,29443
prehensile,29444
revolutionist,29445
roomette,29446
roust,29447
schoolmarm,29448
screamingly,29449
shipload,29450
slithery,29451
spiritedly,29452
spittoon,29453
straightness,29454
suppurate,29455
teetotaler,29456
telemetry,29457
tetchily,29458
thunderhead,29459
tod,29460
uncorrupt,29461
unframed,29462
unripe,29463
unworthiness,29464
vampirism,29465
violoncello,29466
whirligig,29467
westside,29468
aborad,29469
afforestation,29470
mandamus,29471
acquisitiveness,29472
armature,29473
aromatherapist,29474
atheroma,29475
atheromatous,29476
calumet,29477
casuistry,29478
chilliness,29479
coulomb,29480
cutler,29481
draughtsmanship,29482
dropper,29483
erosional,29484
extrasensory,29485
hammerhead,29486
hydrogenation,29487
illogicality,29488
kilocalorie,29489
klondike,29490
lanai,29491
loris,29492
mallee,29493
matriarchal,29494
meatus,29495
multistory,29496
narthex,29497
nightwatchman,29498
palatinate,29499
palmately,29500
penology,29501
perianth,29502
polyandry,29503
prophetess,29504
proverbially,29505
ratiocination,29506
reformative,29507
salivation,29508
secretaryship,29509
shrike,29510
sibyl,29511
souk,29512
styrene,29513
subphylum,29514
tallyman,29515
thermoregulation,29516
tubercular,29517
undershot,29518
unleavened,29519
unmemorable,29520
zakat,29521
zygomorphic,29522
glug,29523
gumdrop,29524
liquify,29525
restorationist,29526
antarctic,29527
backhoe,29528
corespondent,29529
geoduck,29530
tossup,29531
catechesis,29532
taka,29533
unpriced,29534
aptness,29535
avidity,29536
babel,29537
benignity,29538
boisterously,29539
bowsprit,29540
boxwood,29541
boyishness,29542
brioche,29543
carbuncle,29544
certifiable,29545
choleric,29546
claymore,29547
coaming,29548
columbine,29549
cordoba,29550
coruscate,29551
crushingly,29552
cyclamen,29553
dabbler,29554
distrustfully,29555
downturned,29556
elusively,29557
elver,29558
equerry,29559
felicitation,29560
fiddlestick,29561
flyleaf,29562
foolhardiness,29563
formidably,29564
gherkin,29565
gratifyingly,29566
grenadier,29567
gunsmith,29568
hatpin,29569
hawklike,29570
hotfoot,29571
huskiness,29572
immure,29573
incandescence,29574
inconsequence,29575
indefinably,29576
infallibly,29577
lachrymose,29578
largeness,29579
lethargically,29580
lifelessly,29581
lipless,29582
lithely,29583
lobelia,29584
lobotomy,29585
looseness,29586
lovat,29587
malignity,29588
malinger,29589
masticate,29590
meanie,29591
milady,29592
nymphomaniac,29593
ology,29594
oxtail,29595
palimpsest,29596
perspicacity,29597
pestilential,29598
picnicker,29599
prate,29600
princeling,29601
proprietress,29602
providentially,29603
prudery,29604
raffia,29605
resinous,29606
resistible,29607
retie,29608
rubicund,29609
ruggedly,29610
saleslady,29611
scram,29612
seaworthy,29613
sextant,29614
sharer,29615
skintight,29616
sophistry,29617
soulfully,29618
spiritless,29619
spiv,29620
stripling,29621
superlatively,29622
tactlessly,29623
temporize,29624
thumbscrew,29625
translucence,29626
truckle,29627
truculence,29628
unbar,29629
unlighted,29630
unmindful,29631
unobservant,29632
unprompted,29633
unsuitably,29634
unwound,29635
uprightness,29636
vinegary,29637
warpath,29638
warty,29639
wigwam,29640
nephron,29641
refinish,29642
situationist,29643
squiggly,29644
trouper,29645
saturday,29646
contrarily,29647
drachma,29648
undisputable,29649
portland,29650
countersign,29651
nonmonetary,29652
bota,29653
cowbird,29654
everyman,29655
hydrazine,29656
trombonist,29657
geomagnetic,29658
hypothecate,29659
irrecoverable,29660
jobcenter,29661
phaseout,29662
testamentary,29663
trigram,29664
wellhead,29665
backslash,29666
bumf,29667
deadwood,29668
earhole,29669
mainsheet,29670
tummyache,29671
koto,29672
aikido,29673
amatory,29674
angelica,29675
apostrophize,29676
archness,29677
artilleryman,29678
backbite,29679
benignant,29680
betel,29681
bewilderedly,29682
bewitchment,29683
bijou,29684
blasphemer,29685
boodle,29686
bouillon,29687
buckthorn,29688
chaw,29689
chickweed,29690
clangor,29691
combust,29692
comfit,29693
corpuscle,29694
corruptible,29695
crossbones,29696
dander,29697
deflector,29698
dekko,29699
dimwit,29700
dinette,29701
dishwater,29702
disinterestedness,29703
dolorous,29704
endue,29705
etiolate,29706
fetishist,29707
flannelette,29708
frivolously,29709
frugally,29710
fuzziness,29711
genteelly,29712
gluey,29713
gnomic,29714
gouty,29715
gracelessly,29716
greave,29717
handbell,29718
hermetic,29719
hightail,29720
hundredfold,29721
immoderately,29722
incautiously,29723
indecisively,29724
inscrutability,29725
inwardness,29726
irremediable,29727
irreverently,29728
kith,29729
kittenish,29730
knickerbocker,29731
levitation,29732
lordling,29733
lubricious,29734
mallow,29735
marksmanship,29736
matchbook,29737
mouser,29738
overact,29739
parricide,29740
perfidious,29741
pestle,29742
playfellow,29743
ploughshare,29744
poleaxe,29745
primus,29746
pudendum,29747
redly,29748
referable,29749
relict,29750
ribaldry,29751
riffraff,29752
salesgirl,29753
sanely,29754
scentless,29755
scrimshaw,29756
scry,29757
sensualist,29758
shantung,29759
shiftily,29760
shuttlecock,29761
sidearm,29762
simulacrum,29763
singleness,29764
skittishly,29765
skullcap,29766
slenderness,29767
squarish,29768
stickily,29769
suggestible,29770
superstitiously,29771
sweetbread,29772
tabard,29773
tigerish,29774
toothlessly,29775
toque,29776
townie,29777
tradespeople,29778
trancelike,29779
transuranic,29780
unceremonious,29781
undimmed,29782
undrawn,29783
unforthcoming,29784
unimagined,29785
unwrinkled,29786
vaunt,29787
volubility,29788
wallah,29789
whetstone,29790
woodbine,29791
woodchuck,29792
yammer,29793
bootlegger,29794
councilwoman,29795
kudzu,29796
lobsterman,29797
longshoreman,29798
famotidine,29799
airconditioner,29800
enviromentally,29801
guestroom,29802
insignificantly,29803
maturely,29804
paly,29805
tope,29806
unconfident,29807
undescribable,29808
unpunctual,29809
unsafety,29810
acquiree,29811
deinstall,29812
numen,29813
transposon,29814
albuterol,29815
catechist,29816
ceilidh,29817
charterer,29818
penetrative,29819
advancer,29820
breadbasket,29821
desalinate,29822
dogfighter,29823
fratricide,29824
genealogist,29825
pinata,29826
ridership,29827
scalper,29828
unconstitutionally,29829
vigilantism,29830
yeshiva,29831
adulteress,29832
afeard,29833
androgyny,29834
annunciator,29835
anthill,29836
apiary,29837
arrant,29838
astrakhan,29839
bandoleer,29840
barbarously,29841
baseness,29842
bestride,29843
binnacle,29844
bisque,29845
boastfulness,29846
brashness,29847
breadstick,29848
bumptious,29849
carroty,29850
cartload,29851
casuarina,29852
catnap,29853
chaotically,29854
chelonian,29855
chinchilla,29856
clavicle,29857
contortionist,29858
convolvulus,29859
costermonger,29860
cretinous,29861
curtainless,29862
cussedness,29863
dandify,29864
deathless,29865
deerstalker,29866
derangement,29867
desolately,29868
dishtowel,29869
drafty,29870
effulgence,29871
enchantress,29872
facetiousness,29873
faro,29874
fils,29875
flunky,29876
foaminess,29877
forbiddingly,29878
frump,29879
furbish,29880
gabardine,29881
gamey,29882
garotte,29883
grayly,29884
greenly,29885
grouch,29886
harebell,29887
hatband,29888
hatefully,29889
haycock,29890
haymaker,29891
hereupon,29892
hipbone,29893
hoar,29894
horsewhip,29895
illimitable,29896
impalpable,29897
impertinently,29898
incontestable,29899
indefatigably,29900
ineluctable,29901
ineptly,29902
ineradicable,29903
inflexibly,29904
ingenuousness,29905
jocose,29906
lethally,29907
lorgnette,29908
lori,29909
louche,29910
lumpish,29911
malleus,29912
matchwood,29913
milord,29914
monkish,29915
mortician,29916
muntjac,29917
murderously,29918
niggardly,29919
oatcake,29920
obviousness,29921
opportunely,29922
overmantel,29923
palpate,29924
pederast,29925
pegboard,29926
peregrination,29927
priapic,29928
promiscuously,29929
propinquity,29930
propitiatory,29931
puffball,29932
rackety,29933
rakishly,29934
ranker,29935
rascally,29936
rawhide,29937
ripcord,29938
salaryman,29939
screamer,29940
scribbler,29941
seraphic,29942
sibilance,29943
skidder,29944
skirl,29945
snobbishness,29946
snowbound,29947
spinsterhood,29948
spritzer,29949
stiltedly,29950
strongbox,29951
suavity,29952
subhuman,29953
sulkiness,29954
sweetish,29955
tailcoat,29956
tangibly,29957
tearless,29958
tediousness,29959
tidemark,29960
tisane,29961
tramline,29962
trimly,29963
trustfully,29964
uncared,29965
unchain,29966
uncontainable,29967
unctuously,29968
unfelt,29969
unnumbered,29970
unsmilingly,29971
untruthfully,29972
varmint,29973
weightily,29974
woodsman,29975
youthfully,29976
olestra,29977
sunday,29978
wednesday,29979
broadminded,29980
froward,29981
incapability,29982
juicer,29983
parti,29984
raper,29985
repot,29986
spirt,29987
therm,29988
bluey,29989
cul,29990
declaw,29991
dipstick,29992
insurability,29993
nondisjunction,29994
racemic,29995
tole,29996
circumvention,29997
declassification,29998
jackrabbit,29999
milt,30000
racecar,30001
sanitarium,30002
windstorm,30003
goalkeeping,30004
reclaimable,30005
ampersand,30006
grackle,30007
paramecium,30008
reabsorb,30009
samosa,30010
swimmingly,30011
trapezoid,30012
abysmally,30013
adulterate,30014
afterdeck,30015
aimlessness,30016
animatronics,30017
antediluvian,30018
antifouling,30019
awesomely,30020
bedspring,30021
begetter,30022
beggarly,30023
behindhand,30024
bellhop,30025
beryl,30026
besom,30027
blackhead,30028
bloodily,30029
boastfully,30030
brier,30031
carrack,30032
carthorse,30033
catsup,30034
cauterize,30035
ceremonially,30036
chatelaine,30037
chianti,30038
chickenshit,30039
clockmaker,30040
cloverleaf,30041
coltish,30042
covey,30043
crabwise,30044
crossness,30045
cuirass,30046
cunnilingus,30047
darkling,30048
deafeningly,30049
delectation,30050
delusive,30051
dunghill,30052
dustcloth,30053
dwarfish,30054
earwax,30055
enshroud,30056
entranceway,30057
extenuation,30058
factly,30059
fakir,30060
fancifully,30061
fatuously,30062
fingerless,30063
forwardness,30064
galumph,30065
gelignite,30066
gravedigger,30067
grimoire,30068
gunmetal,30069
hallucinogen,30070
heartlessness,30071
hematologist,30072
homunculus,30073
hornbeam,30074
hornpipe,30075
humorlessly,30076
humpbacked,30077
impregnation,30078
inconsiderately,30079
indiscreetly,30080
indolently,30081
inessential,30082
infinitesimally,30083
ingratiatingly,30084
inscrutably,30085
intelligibly,30086
irascibility,30087
knothole,30088
kopek,30089
lamplighter,30090
larboard,30091
latticework,30092
lewdly,30093
limey,30094
loamy,30095
lummox,30096
mainmast,30097
malediction,30098
melodramatically,30099
meretricious,30100
millinery,30101
misremember,30102
moussaka,30103
mugwump,30104
mummery,30105
munificence,30106
nattily,30107
nincompoop,30108
noseless,30109
nutriment,30110
nymphet,30111
obsessiveness,30112
oldster,30113
onrush,30114
osier,30115
osteopath,30116
outwear,30117
overlarge,30118
owlishly,30119
passably,30120
peeper,30121
penetratingly,30122
petard,30123
pikestaff,30124
pocketful,30125
pompadour,30126
postmistress,30127
prang,30128
protegee,30129
riderless,30130
saltiness,30131
scabrous,30132
scandalously,30133
scrag,30134
scriptorium,30135
seductress,30136
shiftless,30137
shirty,30138
sleety,30139
sonorously,30140
sporran,30141
staddle,30142
staleness,30143
starveling,30144
stormily,30145
sunhat,30146
tactlessness,30147
tastebud,30148
termagant,30149
thimbleful,30150
unchaperoned,30151
uncomplainingly,30152
undismayed,30153
unfrequented,30154
ungallant,30155
unglove,30156
unprintable,30157
unshaped,30158
untrimmed,30159
unvisited,30160
unwatch,30161
unwearied,30162
valediction,30163
victualler,30164
vituperative,30165
wain,30166
weeper,30167
whimsically,30168
whippy,30169
womanliness,30170
wombat,30171
wringer,30172
yawl,30173
thursday,30174
acceptation,30175
creativeness,30176
distressful,30177
emo,30178
habitude,30179
lory,30180
overthink,30181
passible,30182
pood,30183
renegociate,30184
rentable,30185
wiseness,30186
baluster,30187
bourse,30188
misallocation,30189
nondiscrimination,30190
vocationally,30191
abaya,30192
anesthesiology,30193
aphorist,30194
assemblyman,30195
bisexuality,30196
bisphenol,30197
deist,30198
electrocution,30199
gimmickry,30200
hardhat,30201
imperialistic,30202
infiltrator,30203
lister,30204
minstrelsy,30205
mujahedeen,30206
musicality,30207
tracheotomy,30208
trachoma,30209
woodcock,30210
anticrime,30211
coalman,30212
demijohn,30213
hickory,30214
modernizer,30215
mortice,30216
piecework,30217
rubbishy,30218
saddlery,30219
stroganoff,30220
sunfish,30221
centesimal,30222
microlight,30223
nonresidential,30224
spermicide,30225
subsidization,30226
accordant,30227
antimacassar,30228
apathetically,30229
asphodel,30230
benison,30231
besieger,30232
blushingly,30233
brae,30234
burthen,30235
cockscomb,30236
cousinly,30237
deviously,30238
discontentedly,30239
disturber,30240
ebon,30241
eightpence,30242
empyreal,30243
equinoctial,30244
espalier,30245
faithlessness,30246
ferrule,30247
fingermark,30248
firelighter,30249
frangipani,30250
fuggy,30251
fungoid,30252
guvnor,30253
housewifely,30254
indistinctness,30255
instructress,30256
lidless,30257
mandrake,30258
mattock,30259
noddle,30260
nosebag,30261
perplexedly,30262
perseveringly,30263
pestilent,30264
piquet,30265
poltroon,30266
prepossession,30267
pugnaciously,30268
puppyish,30269
sallowness,30270
scabious,30271
skep,30272
slovenliness,30273
snappishly,30274
spatulate,30275
splintery,30276
staginess,30277
subjoin,30278
superfluously,30279
sycophancy,30280
tartlet,30281
timorously,30282
troublous,30283
unburned,30284
underlip,30285
unfeminine,30286
unhand,30287
unimpassioned,30288
unpropitious,30289
unprovided,30290
unreflecting,30291
unswept,30292
unwontedly,30293
usurer,30294
verminous,30295
vivaciously,30296
wantonness,30297
anthropomorphize,30298
bioterrorist,30299
cattail,30300
chatroom,30301
coprolite,30302
intradermal,30303
janitorial,30304
knuckleball,30305
mentorship,30306
militarization,30307
ossuary,30308
plesiosaur,30309
rockfish,30310
rumba,30311
taxpaying,30312
uke,30313
wintergreen,30314
beneficiate,30315
crore,30316
evert,30317
hod,30318
miso,30319
motivative,30320
prevision,30321
relevantly,30322
stander,30323
sunray,30324
trave,30325
unpunctuality,30326
waterloo,30327
wive,30328
duopoly,30329
fightback,30330
floristic,30331
foxhunt,30332
goalless,30333
payee,30334
tench,30335
uncollectible,30336
allopatric,30337
bolshy,30338
coenzyme,30339
corker,30340
gar,30341
garlicky,30342
hoagie,30343
kabob,30344
manky,30345
periwinkle,30346
stiffener,30347
ironside,30348
keycard,30349
nonrefundable,30350
returnable,30351
showground,30352
undesignated,30353
fowler,30354
butanol,30355
callback,30356
cinderblock,30357
danceable,30358
hydride,30359
jammer,30360
leone,30361
meltwater,30362
mockingbird,30363
phoebe,30364
scramjet,30365
sorbent,30366
videographer,30367
violist,30368
waterborne,30369
yellowcake,30370
manhattan,30371
patella,30372
baler,30373
butadiene,30374
cesarean,30375
chihuahua,30376
exotoxin,30377
hairpiece,30378
harbormaster,30379
neuralgia,30380
prokaryote,30381
striper,30382
teasel,30383
bock,30384
collet,30385
determent,30386
evanescence,30387
extern,30388
frontpage,30389
homeliness,30390
impolitely,30391
oldness,30392
signalize,30393
tody,30394
traineeship,30395
unexplainable,30396
unpractical,30397
unsuccess,30398
videoplayer,30399
furrier,30400
kroner,30401
leaseholder,30402
metrology,30403
oligopolistic,30404
prorate,30405
struggler,30406
submitter,30407
billionth,30408
abstinent,30409
archaeon,30410
biomechanic,30411
boreal,30412
chloroquine,30413
decertify,30414
disfranchise,30415
erector,30416
guesstimate,30417
homebound,30418
jaywalk,30419
loosestrife,30420
panhandler,30421
penmanship,30422
prayerful,30423
rabbinate,30424
rebar,30425
regrow,30426
smoggy,30427
supergroup,30428
warmonger,30429
dutiable,30430
licentiate,30431
maund,30432
mineworker,30433
noncurrent,30434
proration,30435
subsea,30436
appropriator,30437
bartend,30438
bilingually,30439
ching,30440
demarche,30441
disaccharide,30442
diverticulum,30443
filtrate,30444
hyperspace,30445
keratosis,30446
loaner,30447
placemat,30448
potherb,30449
reaccreditation,30450
scourer,30451
vroom,30452
looper,30453
aliment,30454
gradate,30455
grama,30456
groupwork,30457
haft,30458
immerge,30459
milliard,30460
mountainbike,30461
odeon,30462
overconsume,30463
overprotection,30464
plage,30465
prolonge,30466
ripper,30467
rollerblade,30468
specialistic,30469
taxidriver,30470
unaccepted,30471
unarguably,30472
unfamous,30473
conman,30474
lido,30475
refloat,30476
swingeing,30477
uptime,30478
adelgid,30479
affordably,30480
bargainer,30481
burlap,30482
catastrophically,30483
coalmine,30484
codefendant,30485
compromiser,30486
dissidence,30487
equivocate,30488
foursquare,30489
hexafluoride,30490
icecap,30491
magnetometer,30492
mycologist,30493
neurobiologist,30494
neuropsychologist,30495
redwing,30496
reemergence,30497
repopulate,30498
rubberstamp,30499
salaam,30500
selectman,30501
sextet,30502
teletype,30503
adenoid,30504
arteriosclerosis,30505
bulimic,30506
despatcher,30507
flashcard,30508
fluorocarbon,30509
hayfever,30510
implemental,30511
kibitz,30512
mayoralty,30513
mediant,30514
packrat,30515
rhombus,30516
schnauzer,30517
sectionalization,30518
timekeeper,30519
toluene,30520
april,30521
consignor,30522
infringer,30523
maintainable,30524
obe,30525
platen,30526
stockholding,30527
untaxed,30528
afghani,30529
amblyopia,30530
biter,30531
blackwater,30532
briard,30533
centric,30534
confirmable,30535
countywide,30536
ecoterrorism,30537
getter,30538
gigawatt,30539
healthfully,30540
heliosphere,30541
ironworker,30542
katydid,30543
kookaburra,30544
lakebed,30545
mangosteen,30546
megalopolis,30547
mesothelioma,30548
molder,30549
nigella,30550
nonracial,30551
nonsectarian,30552
paleoanthropologist,30553
perfumer,30554
piccolo,30555
reputational,30556
seiche,30557
shoeshine,30558
sigil,30559
silverback,30560
sociopathic,30561
storeowner,30562
streaker,30563
synesthesia,30564
tradecraft,30565
trier,30566
undereducated,30567
untethered,30568
untraditional,30569
vibraphone,30570
worksite,30571
bruin,30572
thundershower,30573
december,30574
blondy,30575
carbonara,30576
centime,30577
cerebrate,30578
costless,30579
deffect,30580
discontentment,30581
expectable,30582
gazpacho,30583
geneva,30584
godown,30585
gratefulness,30586
hummer,30587
internationality,30588
lector,30589
megastore,30590
mindedness,30591
overconsumption,30592
phot,30593
preciously,30594
rareness,30595
repartition,30596
savageness,30597
scrim,30598
tallish,30599
traduce,30600
undernourishment,30601
unguided,30602
unnesessary,30603
unsolvable,30604
videoclip,30605
warcraft,30606
warmhearted,30607
wroth,30608
abettor,30609
adhocracy,30610
biotechnological,30611
flagman,30612
immobilizer,30613
intrastate,30614
resurvey,30615
revocable,30616
seasonably,30617
teleworker,30618
walkover,30619
ambulate,30620
appro,30621
baddy,30622
botox,30623
bureaucratize,30624
commutator,30625
decarboxylation,30626
depressant,30627
filofax,30628
freon,30629
glycerine,30630
grappa,30631
greeny,30632
macroeconomy,30633
metrically,30634
millivolt,30635
monotype,30636
mudguard,30637
nonexempt,30638
peritoneum,30639
pervasively,30640
plasticizer,30641
reproductively,30642
sebaceous,30643
stearic,30644
supervention,30645
tickler,30646
tiler,30647
trigonometry,30648
warrantee,30649
waybill,30650
survivalist,30651
bicentenary,30652
cygnet,30653
extraterritorial,30654
geordie,30655
ineligibility,30656
multipoint,30657
redstart,30658
renationalize,30659
songster,30660
unamortized,30661
unquantifiable,30662
brushfire,30663
salter,30664
whiteout,30665
argentine,30666
astronomically,30667
beekeeping,30668
beleaguer,30669
bioluminescent,30670
cellblock,30671
chanterelle,30672
chiasmus,30673
counterrevolutionary,30674
counterterrorist,30675
crapshoot,30676
creb,30677
deemphasize,30678
dehumanization,30679
detox,30680
discombobulate,30681
docent,30682
doctrinally,30683
downscale,30684
dulcimer,30685
ecotourism,30686
ethane,30687
evader,30688
farmhand,30689
ferial,30690
foodie,30691
forevermore,30692
glom,30693
harebrained,30694
humanlike,30695
humidor,30696
hydrologist,30697
infotainment,30698
misdiagnosis,30699
motorman,30700
narcolepsy,30701
neoconservatism,30702
nevirapine,30703
nonpayment,30704
obstructionism,30705
overbroad,30706
overemphasis,30707
overtreat,30708
primatologist,30709
prizefighter,30710
protist,30711
recalibrate,30712
reconcilable,30713
reenergize,30714
scoliosis,30715
seismically,30716
shamanism,30717
spearfish,30718
teleportation,30719
torchbearer,30720
unrepresented,30721
untruthful,30722
vermiculite,30723
whipsaw,30724
gerrymander,30725
letterman,30726
unpasteurized,30727
autolysis,30728
barker,30729
billable,30730
bonobo,30731
carbonation,30732
clanger,30733
commodore,30734
conveyer,30735
cutworm,30736
drippy,30737
euphemistic,30738
extramural,30739
geosynchronous,30740
greeter,30741
highlighter,30742
inkwell,30743
libidinal,30744
mystically,30745
oxidate,30746
particularize,30747
pooper,30748
postdoc,30749
rissole,30750
saran,30751
scallywag,30752
scrapie,30753
semolina,30754
sonogram,30755
swatter,30756
topsy,30757
tweedle,30758
activeness,30759
anxiousness,30760
astronomic,30761
beautifulness,30762
bight,30763
breakdance,30764
cero,30765
coeducation,30766
cohabitate,30767
courser,30768
cruse,30769
deepness,30770
degrease,30771
digitalize,30772
drogue,30773
evilness,30774
excitingly,30775
expectedly,30776
ferryboat,30777
focalize,30778
gean,30779
globetrotter,30780
hawse,30781
horseshow,30782
impoliteness,30783
insecureness,30784
insolate,30785
intercommunication,30786
natation,30787
overfill,30788
overstaff,30789
perceptiveness,30790
petter,30791
ploce,30792
refection,30793
refurnish,30794
salwar,30795
selfemployed,30796
smartphone,30797
tortellini,30798
unrepeatable,30799
unrevealed,30800
unsupportable,30801
ununderstandable,30802
vitae,30803
assignor,30804
bareboat,30805
cabotage,30806
chicane,30807
collateralization,30808
incrimination,30809
overvaluation,30810
rapporteur,30811
recognizer,30812
refrigerant,30813
rhodium,30814
supercar,30815
supportable,30816
theretofore,30817
unallocated,30818
understairs,30819
undistorted,30820
trillionth,30821
abracadabra,30822
acculturate,30823
asexually,30824
atonality,30825
desalinization,30826
dishonorably,30827
disinvest,30828
exosphere,30829
fatwah,30830
glamorization,30831
inga,30832
interracially,30833
kremlin,30834
laminitis,30835
lyrebird,30836
mycology,30837
peen,30838
photosynthesize,30839
porkpie,30840
raceway,30841
roboticist,30842
rowdiness,30843
sculptress,30844
synecdoche,30845
throated,30846
undiplomatic,30847
unelectable,30848
unhomogenized,30849
wildland,30850
babyface,30851
sandman,30852
unclog,30853
november,30854
ascertainable,30855
bantamweight,30856
bustard,30857
coalface,30858
decontrol,30859
diplomate,30860
entrepreneurialism,30861
exportable,30862
extendible,30863
fabricator,30864
hygienically,30865
lawfulness,30866
notifiable,30867
oast,30868
paperboard,30869
pollack,30870
probative,30871
reappointment,30872
roadworthy,30873
substitutable,30874
tare,30875
tricot,30876
unimproved,30877
unitize,30878
unsaleable,30879
absorbency,30880
angstrom,30881
arithmetically,30882
bassoonist,30883
bryony,30884
cosign,30885
counterproposal,30886
crawly,30887
cretinism,30888
disa,30889
disallowance,30890
distributorship,30891
doodlebug,30892
dowser,30893
earache,30894
eclair,30895
emery,30896
gemma,30897
giblet,30898
googly,30899
grenadine,30900
haberdashery,30901
isotactic,30902
ladybug,30903
lux,30904
mealy,30905
muchness,30906
nominalization,30907
oldish,30908
orthodontics,30909
overcompensate,30910
oxbow,30911
perineum,30912
polypore,30913
poteen,30914
praline,30915
profligacy,30916
quadrate,30917
redeemer,30918
reenforce,30919
roulade,30920
shiner,30921
shivaree,30922
soapstone,30923
supercompute,30924
theodolite,30925
thymine,30926
trillium,30927
ubiquinone,30928
urogenital,30929
vocative,30930
woad,30931
kava,30932
morello,30933
nazi,30934
statecraft,30935
tammy,30936
aerogram,30937
antimonopoly,30938
asbestosis,30939
associateship,30940
capacitive,30941
corncrake,30942
gasfield,30943
grange,30944
headsail,30945
hydrogeologist,30946
inadvertence,30947
ingress,30948
knockabout,30949
magnifier,30950
managership,30951
mastitis,30952
mercantilist,30953
misapplication,30954
outpoint,30955
reinsure,30956
sensationally,30957
shelduck,30958
stylesheet,30959
suntrap,30960
taxability,30961
undervaluation,30962
unproved,30963
upfield,30964
worryingly,30965
invitational,30966
kazoo,30967
lotto,30968
nitroglycerin,30969
northeastward,30970
allocentric,30971
alopecia,30972
anally,30973
anisogamy,30974
antidisestablishmentarianism,30975
antilock,30976
aseptic,30977
baster,30978
beastie,30979
biophysics,30980
bluebonnet,30981
bottomland,30982
breadline,30983
breathalyze,30984
browny,30985
chlorate,30986
circumpolar,30987
classlessness,30988
collectivize,30989
communization,30990
correctable,30991
crankshaft,30992
cubby,30993
darky,30994
disestablish,30995
edger,30996
edgewise,30997
empanel,30998
euchre,30999
faddish,31000
gazump,31001
goldenrod,31002
hake,31003
intramural,31004
liquidize,31005
mincer,31006
nonconforming,31007
nonsteroidal,31008
omentum,31009
outvote,31010
plasticize,31011
pneumonic,31012
preciseness,31013
recalculation,31014
reforest,31015
reprographic,31016
reunify,31017
rusk,31018
sealskin,31019
semigloss,31020
sinusitis,31021
skiffle,31022
sprag,31023
squareness,31024
starkers,31025
strickle,31026
summarization,31027
summate,31028
swale,31029
taxiway,31030
thermostatically,31031
tonsillectomy,31032
toolmaker,31033
torte,31034
trapezoidal,31035
trilingual,31036
tropism,31037
tutee,31038
umbilicus,31039
walleye,31040
wayfaring,31041
weedkiller,31042
blastoff,31043
bombmaking,31044
unsinkable,31045
accretionary,31046
agrochemical,31047
airstream,31048
applique,31049
bola,31050
brambling,31051
collegian,31052
conger,31053
convector,31054
criticality,31055
cruciate,31056
denationalization,31057
disseminator,31058
distaff,31059
doughty,31060
finalization,31061
gassy,31062
ghee,31063
hereinbefore,31064
hypermedia,31065
inherence,31066
lifesize,31067
lire,31068
lockage,31069
proprioceptive,31070
resistive,31071
roadworthiness,31072
tambour,31073
transportable,31074
unicycle,31075
unindexed,31076
unparliamentary,31077
cornhusker,31078
decongestant,31079
gamecock,31080
hitchhiker,31081
awol,31082
collins,31083
deleverage,31084
mongo,31085
multipolar,31086
perjurer,31087
rickey,31088
teleport,31089
unindicted,31090
advisedly,31091
allocator,31092
anomalously,31093
audiocassette,31094
birdbath,31095
catechetical,31096
clawback,31097
committeeman,31098
cryptogamic,31099
deflator,31100
demurrer,31101
diorite,31102
disbandment,31103
disbarment,31104
engined,31105
entomological,31106
exploitable,31107
forestay,31108
halma,31109
hatful,31110
hic,31111
hosier,31112
housebreak,31113
housebuilder,31114
inhumanely,31115
insurable,31116
investable,31117
kirsty,31118
legibly,31119
maillot,31120
managerially,31121
matchplay,31122
mechatronics,31123
mentee,31124
mineshaft,31125
mistime,31126
noncash,31127
nonoccurrence,31128
otiose,31129
overtaxation,31130
pairwork,31131
paperboy,31132
prefabrication,31133
pula,31134
quoter,31135
radioisotope,31136
reline,31137
resold,31138
restrictively,31139
salable,31140
selectable,31141
showjumping,31142
showplace,31143
smoothen,31144
stringently,31145
succuss,31146
systemize,31147
tachograph,31148
tatami,31149
thermally,31150
transpiration,31151
trivet,31152
unconverted,31153
underexpose,31154
vanadium,31155
whinchat,31156
wireline,31157
zonation,31158
counterrevolution,31159
dixie,31160
fluoridate,31161
goldstone,31162
impanel,31163
kraft,31164
minidisc,31165
muller,31166
originalism,31167
pimpernel,31168
rebozo,31169
recognizance,31170
subornation,31171
whitehead,31172
basinal,31173
citalia,31174
boffo,31175
employable,31176
inhalant,31177
medina,31178
microgravity,31179
planeload,31180
rutherford,31181
scleroderma,31182
timberland,31183
unexposed,31184
woodruff,31185
angiostatin,31186
businesss,31187
davenport,31188
disinvestment,31189
fraternization,31190
impala,31191
meatless,31192
pinecone,31193
rainmaker,31194
sojourner,31195
stargazer,31196
unranked,31197
weber,31198
windjammer,31199
avo,31200
blini,31201
borealis,31202
cosmetically,31203
flammability,31204
goldeneye,31205
intellectualism,31206
landau,31207
leanness,31208
pachyderm,31209
papilloma,31210
ritz,31211
schilling,31212
telluride,31213
tinderbox,31214
underman,31215
analogize,31216
armamentarium,31217
arum,31218
bowery,31219
breathalyzer,31220
caroler,31221
cayman,31222
chloramine,31223
counteroffer,31224
crystalize,31225
exculpate,31226
explainable,31227
garry,31228
langley,31229
magnesia,31230
pneumococcus,31231
porker,31232
regionalize,31233
reverberant,31234
seraph,31235
sodomize,31236
songstress,31237
statesmanlike,31238
victimizer,31239
