entry_id,level,legacy_headword,licensed_source_tier,candidate_lemma,source_frequency_rank,match_method,sense_pos_review,editorial_status,rights_status,independent_rebuild_required
lex:A1:a-an,A1,"a, an",NGSL_1_2_CORE,a,6,PARTIAL_MULTI_FORM,SOURCE_LEMMA_ONLY_NOT_SENSE_OR_POS,UNREVIEWED_NOT_SEMANTICALLY_APPROVED,NOT_CLEARED,true
lex:A1:about,A1,about,NGSL_1_2_CORE,about,37,EXACT_HEADWORD,SOURCE_LEMMA_ONLY_NOT_SENSE_OR_POS,UNREVIEWED_NOT_SEMANTICALLY_APPROVED,NOT_CLEARED,true
lex:A1:above,A1,above,NGSL_1_2_CORE,above,440,EXACT_HEADWORD,SOURCE_LEMMA_ONLY_NOT_SENSE_OR_POS,UNREVIEWED_NOT_SEMANTICALLY_APPROVED,NOT_CLEARED,true
lex:A1:across,A1,across,NGSL_1_2_CORE,across,383,EXACT_HEADWORD,SOURCE_LEMMA_ONLY_NOT_SENSE_OR_POS,UNREVIEWED_NOT_SEMANTICALLY_APPROVED,NOT_CLEARED,true
lex:A1:action,A1,action,NGSL_1_2_CORE,action,474,EXACT_HEADWORD,SOURCE_LEMMA_ONLY_NOT_SENSE_OR_POS,UNREVIEWED_NOT_SEMANTICALLY_APPROVED,NOT_CLEARED,true
lex:A1:activity,A1,activity,NGSL_1_2_CORE,activity,432,EXACT_HEADWORD,SOURCE_LEMMA_ONLY_NOT_SENSE_OR_POS,UNREVIEWED_NOT_SEMANTICALLY_APPROVED,NOT_CLEARED,true
lex:A1:actor,A1,actor,NGSL_1_2_CORE,actor,1369,EXACT_HEADWORD,SOURCE_LEMMA_ONLY_NOT_SENSE_OR_POS,UNREVIEWED_NOT_SEMANTICALLY_APPROVED,NOT_CLEARED,true
lex:A1:actress,A1,actress,NGSL_SFI_31K_EXTENSION,actress,3089,EXACT_HEADWORD,SOURCE_LEMMA_ONLY_NOT_SENSE_OR_POS,UNREVIEWED_NOT_SEMANTICALLY_APPROVED,NOT_CLEARED,true
lex:A1:add,A1,add,NGSL_1_2_CORE,add,414,EXACT_HEADWORD,SOURCE_LEMMA_ONLY_NOT_SENSE_OR_POS,UNREVIEWED_NOT_SEMANTICALLY_APPROVED,NOT_CLEARED,true
lex:A1:address,A1,address,NGSL_1_2_CORE,address,558,EXACT_HEADWORD,SOURCE_LEMMA_ONLY_NOT_SENSE_OR_POS,UNREVIEWED_NOT_SEMANTICALLY_APPROVED,NOT_CLEARED,true
lex:A1:adult,A1,adult,NGSL_1_2_CORE,adult,880,EXACT_HEADWORD,SOURCE_LEMMA_ONLY_NOT_SENSE_OR_POS,UNREVIEWED_NOT_SEMANTICALLY_APPROVED,NOT_CLEARED,true
lex:A1:advice,A1,advice,NGSL_1_2_CORE,advice,1040,EXACT_HEADWORD,SOURCE_LEMMA_ONLY_NOT_SENSE_OR_POS,UNREVIEWED_NOT_SEMANTICALLY_APPROVED,NOT_CLEARED,true
lex:A1:afraid,A1,afraid,NGSL_1_2_CORE,afraid,1353,EXACT_HEADWORD,SOURCE_LEMMA_ONLY_NOT_SENSE_OR_POS,UNREVIEWED_NOT_SEMANTICALLY_APPROVED,NOT_CLEARED,true
lex:A1:after,A1,after,NGSL_1_2_CORE,after,84,EXACT_HEADWORD,SOURCE_LEMMA_ONLY_NOT_SENSE_OR_POS,UNREVIEWED_NOT_SEMANTICALLY_APPROVED,NOT_CLEARED,true
lex:A1:afternoon,A1,afternoon,NGSL_1_2_CORE,afternoon,948,EXACT_HEADWORD,SOURCE_LEMMA_ONLY_NOT_SENSE_OR_POS,UNREVIEWED_NOT_SEMANTICALLY_APPROVED,NOT_CLEARED,true
lex:A1:again,A1,again,NGSL_1_2_CORE,again,175,EXACT_HEADWORD,SOURCE_LEMMA_ONLY_NOT_SENSE_OR_POS,UNREVIEWED_NOT_SEMANTICALLY_APPROVED,NOT_CLEARED,true
lex:A1:age,A1,age,NGSL_1_2_CORE,age,282,EXACT_HEADWORD,SOURCE_LEMMA_ONLY_NOT_SENSE_OR_POS,UNREVIEWED_NOT_SEMANTICALLY_APPROVED,NOT_CLEARED,true
lex:A1:ago,A1,ago,NGSL_1_2_CORE,ago,372,EXACT_HEADWORD,SOURCE_LEMMA_ONLY_NOT_SENSE_OR_POS,UNREVIEWED_NOT_SEMANTICALLY_APPROVED,NOT_CLEARED,true
lex:A1:agree,A1,agree,NGSL_1_2_CORE,agree,420,EXACT_HEADWORD,SOURCE_LEMMA_ONLY_NOT_SENSE_OR_POS,UNREVIEWED_NOT_SEMANTICALLY_APPROVED,NOT_CLEARED,true
lex:A1:air,A1,air,NGSL_1_2_CORE,air,542,EXACT_HEADWORD,SOURCE_LEMMA_ONLY_NOT_SENSE_OR_POS,UNREVIEWED_NOT_SEMANTICALLY_APPROVED,NOT_CLEARED,true
lex:A1:airport,A1,airport,NGSL_SFI_31K_EXTENSION,airport,1577,EXACT_HEADWORD,SOURCE_LEMMA_ONLY_NOT_SENSE_OR_POS,UNREVIEWED_NOT_SEMANTICALLY_APPROVED,NOT_CLEARED,true
lex:A1:all,A1,all,NGSL_1_2_CORE,all,33,EXACT_HEADWORD,SOURCE_LEMMA_ONLY_NOT_SENSE_OR_POS,UNREVIEWED_NOT_SEMANTICALLY_APPROVED,NOT_CLEARED,true
lex:A1:also,A1,also,NGSL_1_2_CORE,also,72,EXACT_HEADWORD,SOURCE_LEMMA_ONLY_NOT_SENSE_OR_POS,UNREVIEWED_NOT_SEMANTICALLY_APPROVED,NOT_CLEARED,true
lex:A1:always,A1,always,NGSL_1_2_CORE,always,183,EXACT_HEADWORD,SOURCE_LEMMA_ONLY_NOT_SENSE_OR_POS,UNREVIEWED_NOT_SEMANTICALLY_APPROVED,NOT_CLEARED,true
lex:A1:amazing,A1,amazing,NGSL_1_2_CORE,amaze,1524,RELATED_LEMMA_ONLY,SOURCE_LEMMA_ONLY_NOT_SENSE_OR_POS,UNREVIEWED_NOT_SEMANTICALLY_APPROVED,NOT_CLEARED,true
lex:A1:and,A1,and,NGSL_1_2_CORE,and,3,EXACT_HEADWORD,SOURCE_LEMMA_ONLY_NOT_SENSE_OR_POS,UNREVIEWED_NOT_SEMANTICALLY_APPROVED,NOT_CLEARED,true
lex:A1:angry,A1,angry,NGSL_1_2_CORE,angry,1813,EXACT_HEADWORD,SOURCE_LEMMA_ONLY_NOT_SENSE_OR_POS,UNREVIEWED_NOT_SEMANTICALLY_APPROVED,NOT_CLEARED,true
lex:A1:animal,A1,animal,NGSL_1_2_CORE,animal,587,EXACT_HEADWORD,SOURCE_LEMMA_ONLY_NOT_SENSE_OR_POS,UNREVIEWED_NOT_SEMANTICALLY_APPROVED,NOT_CLEARED,true
lex:A1:another,A1,another,NGSL_1_2_CORE,another,140,EXACT_HEADWORD,SOURCE_LEMMA_ONLY_NOT_SENSE_OR_POS,UNREVIEWED_NOT_SEMANTICALLY_APPROVED,NOT_CLEARED,true
lex:A1:answer,A1,answer,NGSL_1_2_CORE,answer,355,EXACT_HEADWORD,SOURCE_LEMMA_ONLY_NOT_SENSE_OR_POS,UNREVIEWED_NOT_SEMANTICALLY_APPROVED,NOT_CLEARED,true
lex:A1:any,A1,any,NGSL_1_2_CORE,any,83,EXACT_HEADWORD,SOURCE_LEMMA_ONLY_NOT_SENSE_OR_POS,UNREVIEWED_NOT_SEMANTICALLY_APPROVED,NOT_CLEARED,true
lex:A1:anyone,A1,anyone,NGSL_1_2_CORE,anyone,754,EXACT_HEADWORD,SOURCE_LEMMA_ONLY_NOT_SENSE_OR_POS,UNREVIEWED_NOT_SEMANTICALLY_APPROVED,NOT_CLEARED,true
lex:A1:anything,A1,anything,NGSL_1_2_CORE,anything,318,EXACT_HEADWORD,SOURCE_LEMMA_ONLY_NOT_SENSE_OR_POS,UNREVIEWED_NOT_SEMANTICALLY_APPROVED,NOT_CLEARED,true
lex:A1:apartment,A1,apartment,NGSL_1_2_CORE,apartment,2168,EXACT_HEADWORD,SOURCE_LEMMA_ONLY_NOT_SENSE_OR_POS,UNREVIEWED_NOT_SEMANTICALLY_APPROVED,NOT_CLEARED,true
lex:A1:apple,A1,apple,NGSL_SFI_31K_EXTENSION,apple,3010,EXACT_HEADWORD,SOURCE_LEMMA_ONLY_NOT_SENSE_OR_POS,UNREVIEWED_NOT_SEMANTICALLY_APPROVED,NOT_CLEARED,true
lex:A1:april,A1,April,NGSL_1_2_SUPPLEMENT,April,,EXACT_HEADWORD,SOURCE_LEMMA_ONLY_NOT_SENSE_OR_POS,UNREVIEWED_NOT_SEMANTICALLY_APPROVED,NOT_CLEARED,true
lex:A1:area,A1,area,NGSL_1_2_CORE,area,204,EXACT_HEADWORD,SOURCE_LEMMA_ONLY_NOT_SENSE_OR_POS,UNREVIEWED_NOT_SEMANTICALLY_APPROVED,NOT_CLEARED,true
lex:A1:arm,A1,arm,NGSL_1_2_CORE,arm,621,EXACT_HEADWORD,SOURCE_LEMMA_ONLY_NOT_SENSE_OR_POS,UNREVIEWED_NOT_SEMANTICALLY_APPROVED,NOT_CLEARED,true
lex:A1:around,A1,around,NGSL_1_2_CORE,around,170,EXACT_HEADWORD,SOURCE_LEMMA_ONLY_NOT_SENSE_OR_POS,UNREVIEWED_NOT_SEMANTICALLY_APPROVED,NOT_CLEARED,true
lex:A1:arrive,A1,arrive,NGSL_1_2_CORE,arrive,588,EXACT_HEADWORD,SOURCE_LEMMA_ONLY_NOT_SENSE_OR_POS,UNREVIEWED_NOT_SEMANTICALLY_APPROVED,NOT_CLEARED,true
lex:A1:art,A1,art,NGSL_1_2_CORE,art,646,EXACT_HEADWORD,SOURCE_LEMMA_ONLY_NOT_SENSE_OR_POS,UNREVIEWED_NOT_SEMANTICALLY_APPROVED,NOT_CLEARED,true
lex:A1:article,A1,article,NGSL_1_2_CORE,article,630,EXACT_HEADWORD,SOURCE_LEMMA_ONLY_NOT_SENSE_OR_POS,UNREVIEWED_NOT_SEMANTICALLY_APPROVED,NOT_CLEARED,true
lex:A1:artist,A1,artist,NGSL_1_2_CORE,artist,1183,EXACT_HEADWORD,SOURCE_LEMMA_ONLY_NOT_SENSE_OR_POS,UNREVIEWED_NOT_SEMANTICALLY_APPROVED,NOT_CLEARED,true
lex:A1:as,A1,as,NGSL_1_2_CORE,as,22,EXACT_HEADWORD,SOURCE_LEMMA_ONLY_NOT_SENSE_OR_POS,UNREVIEWED_NOT_SEMANTICALLY_APPROVED,NOT_CLEARED,true
lex:A1:ask,A1,ask,NGSL_1_2_CORE,ask,134,EXACT_HEADWORD,SOURCE_LEMMA_ONLY_NOT_SENSE_OR_POS,UNREVIEWED_NOT_SEMANTICALLY_APPROVED,NOT_CLEARED,true
lex:A1:at,A1,at,NGSL_1_2_CORE,at,23,EXACT_HEADWORD,SOURCE_LEMMA_ONLY_NOT_SENSE_OR_POS,UNREVIEWED_NOT_SEMANTICALLY_APPROVED,NOT_CLEARED,true
lex:A1:august,A1,August,NGSL_1_2_SUPPLEMENT,August,,EXACT_HEADWORD,SOURCE_LEMMA_ONLY_NOT_SENSE_OR_POS,UNREVIEWED_NOT_SEMANTICALLY_APPROVED,NOT_CLEARED,true
lex:A1:aunt,A1,aunt,NGSL_1_2_CORE,aunt,2781,EXACT_HEADWORD,SOURCE_LEMMA_ONLY_NOT_SENSE_OR_POS,UNREVIEWED_NOT_SEMANTICALLY_APPROVED,NOT_CLEARED,true
lex:A1:autumn,A1,autumn,NGSL_1_2_CORE,autumn,2792,EXACT_HEADWORD,SOURCE_LEMMA_ONLY_NOT_SENSE_OR_POS,UNREVIEWED_NOT_SEMANTICALLY_APPROVED,NOT_CLEARED,true
lex:A1:away,A1,away,NGSL_1_2_CORE,away,234,EXACT_HEADWORD,SOURCE_LEMMA_ONLY_NOT_SENSE_OR_POS,UNREVIEWED_NOT_SEMANTICALLY_APPROVED,NOT_CLEARED,true
lex:A1:baby,A1,baby,NGSL_1_2_CORE,baby,871,EXACT_HEADWORD,SOURCE_LEMMA_ONLY_NOT_SENSE_OR_POS,UNREVIEWED_NOT_SEMANTICALLY_APPROVED,NOT_CLEARED,true
lex:A1:back,A1,back,NGSL_1_2_CORE,back,94,EXACT_HEADWORD,SOURCE_LEMMA_ONLY_NOT_SENSE_OR_POS,UNREVIEWED_NOT_SEMANTICALLY_APPROVED,NOT_CLEARED,true
lex:A1:bad,A1,bad,NGSL_1_2_CORE,bad,268,EXACT_HEADWORD,SOURCE_LEMMA_ONLY_NOT_SENSE_OR_POS,UNREVIEWED_NOT_SEMANTICALLY_APPROVED,NOT_CLEARED,true
lex:A1:bag,A1,bag,NGSL_1_2_CORE,bag,1252,EXACT_HEADWORD,SOURCE_LEMMA_ONLY_NOT_SENSE_OR_POS,UNREVIEWED_NOT_SEMANTICALLY_APPROVED,NOT_CLEARED,true
lex:A1:ball,A1,ball,NGSL_1_2_CORE,ball,1201,EXACT_HEADWORD,SOURCE_LEMMA_ONLY_NOT_SENSE_OR_POS,UNREVIEWED_NOT_SEMANTICALLY_APPROVED,NOT_CLEARED,true
lex:A1:banana,A1,banana,NGSL_SFI_31K_EXTENSION,banana,4458,EXACT_HEADWORD,SOURCE_LEMMA_ONLY_NOT_SENSE_OR_POS,UNREVIEWED_NOT_SEMANTICALLY_APPROVED,NOT_CLEARED,true
lex:A1:band,A1,band,NGSL_1_2_CORE,band,1087,EXACT_HEADWORD,SOURCE_LEMMA_ONLY_NOT_SENSE_OR_POS,UNREVIEWED_NOT_SEMANTICALLY_APPROVED,NOT_CLEARED,true
lex:A1:bank-money,A1,bank (money),NGSL_1_2_CORE,bank,627,EXACT_HEADWORD,SOURCE_LEMMA_ONLY_NOT_SENSE_OR_POS,UNREVIEWED_NOT_SEMANTICALLY_APPROVED,NOT_CLEARED,true
lex:A1:bath,A1,bath,NGSL_1_2_CORE,bath,2294,EXACT_HEADWORD,SOURCE_LEMMA_ONLY_NOT_SENSE_OR_POS,UNREVIEWED_NOT_SEMANTICALLY_APPROVED,NOT_CLEARED,true
lex:A1:bathroom,A1,bathroom,NGSL_SFI_31K_EXTENSION,bathroom,2367,EXACT_HEADWORD,SOURCE_LEMMA_ONLY_NOT_SENSE_OR_POS,UNREVIEWED_NOT_SEMANTICALLY_APPROVED,NOT_CLEARED,true
lex:A1:be,A1,be,NGSL_1_2_CORE,be,2,EXACT_HEADWORD,SOURCE_LEMMA_ONLY_NOT_SENSE_OR_POS,UNREVIEWED_NOT_SEMANTICALLY_APPROVED,NOT_CLEARED,true
lex:A1:beach,A1,beach,NGSL_1_2_CORE,beach,1297,EXACT_HEADWORD,SOURCE_LEMMA_ONLY_NOT_SENSE_OR_POS,UNREVIEWED_NOT_SEMANTICALLY_APPROVED,NOT_CLEARED,true
lex:A1:beautiful,A1,beautiful,NGSL_1_2_CORE,beautiful,792,EXACT_HEADWORD,SOURCE_LEMMA_ONLY_NOT_SENSE_OR_POS,UNREVIEWED_NOT_SEMANTICALLY_APPROVED,NOT_CLEARED,true
lex:A1:because,A1,because,NGSL_1_2_CORE,because,62,EXACT_HEADWORD,SOURCE_LEMMA_ONLY_NOT_SENSE_OR_POS,UNREVIEWED_NOT_SEMANTICALLY_APPROVED,NOT_CLEARED,true
lex:A1:become,A1,become,NGSL_1_2_CORE,become,141,EXACT_HEADWORD,SOURCE_LEMMA_ONLY_NOT_SENSE_OR_POS,UNREVIEWED_NOT_SEMANTICALLY_APPROVED,NOT_CLEARED,true
lex:A1:bed,A1,bed,NGSL_1_2_CORE,bed,694,EXACT_HEADWORD,SOURCE_LEMMA_ONLY_NOT_SENSE_OR_POS,UNREVIEWED_NOT_SEMANTICALLY_APPROVED,NOT_CLEARED,true
lex:A1:bedroom,A1,bedroom,NGSL_1_2_CORE,bedroom,1432,EXACT_HEADWORD,SOURCE_LEMMA_ONLY_NOT_SENSE_OR_POS,UNREVIEWED_NOT_SEMANTICALLY_APPROVED,NOT_CLEARED,true
lex:A1:beer,A1,beer,NGSL_1_2_CORE,beer,2062,EXACT_HEADWORD,SOURCE_LEMMA_ONLY_NOT_SENSE_OR_POS,UNREVIEWED_NOT_SEMANTICALLY_APPROVED,NOT_CLEARED,true
lex:A1:before,A1,before,NGSL_1_2_CORE,before,106,EXACT_HEADWORD,SOURCE_LEMMA_ONLY_NOT_SENSE_OR_POS,UNREVIEWED_NOT_SEMANTICALLY_APPROVED,NOT_CLEARED,true
lex:A1:begin,A1,begin,NGSL_1_2_CORE,begin,189,EXACT_HEADWORD,SOURCE_LEMMA_ONLY_NOT_SENSE_OR_POS,UNREVIEWED_NOT_SEMANTICALLY_APPROVED,NOT_CLEARED,true
lex:A1:beginning,A1,beginning,NGSL_1_2_CORE,begin,189,RELATED_LEMMA_ONLY,SOURCE_LEMMA_ONLY_NOT_SENSE_OR_POS,UNREVIEWED_NOT_SEMANTICALLY_APPROVED,NOT_CLEARED,true
lex:A1:behind,A1,behind,NGSL_1_2_CORE,behind,492,EXACT_HEADWORD,SOURCE_LEMMA_ONLY_NOT_SENSE_OR_POS,UNREVIEWED_NOT_SEMANTICALLY_APPROVED,NOT_CLEARED,true
lex:A1:believe,A1,believe,NGSL_1_2_CORE,believe,225,EXACT_HEADWORD,SOURCE_LEMMA_ONLY_NOT_SENSE_OR_POS,UNREVIEWED_NOT_SEMANTICALLY_APPROVED,NOT_CLEARED,true
lex:A1:below,A1,below,NGSL_1_2_CORE,below,761,EXACT_HEADWORD,SOURCE_LEMMA_ONLY_NOT_SENSE_OR_POS,UNREVIEWED_NOT_SEMANTICALLY_APPROVED,NOT_CLEARED,true
lex:A1:best,A1,best,NGSL_SFI_31K_EXTENSION,best,11542,EXACT_HEADWORD,SOURCE_LEMMA_ONLY_NOT_SENSE_OR_POS,UNREVIEWED_NOT_SEMANTICALLY_APPROVED,NOT_CLEARED,true
lex:A1:better,A1,better,NGSL_SFI_31K_EXTENSION,better,7937,EXACT_HEADWORD,SOURCE_LEMMA_ONLY_NOT_SENSE_OR_POS,UNREVIEWED_NOT_SEMANTICALLY_APPROVED,NOT_CLEARED,true
lex:A1:between,A1,between,NGSL_1_2_CORE,between,116,EXACT_HEADWORD,SOURCE_LEMMA_ONLY_NOT_SENSE_OR_POS,UNREVIEWED_NOT_SEMANTICALLY_APPROVED,NOT_CLEARED,true
lex:A1:bicycle,A1,bicycle,NGSL_SFI_31K_EXTENSION,bicycle,2639,EXACT_HEADWORD,SOURCE_LEMMA_ONLY_NOT_SENSE_OR_POS,UNREVIEWED_NOT_SEMANTICALLY_APPROVED,NOT_CLEARED,true
lex:A1:big,A1,big,NGSL_1_2_CORE,big,184,EXACT_HEADWORD,SOURCE_LEMMA_ONLY_NOT_SENSE_OR_POS,UNREVIEWED_NOT_SEMANTICALLY_APPROVED,NOT_CLEARED,true
lex:A1:bike,A1,bike,NGSL_1_2_CORE,bike,1979,EXACT_HEADWORD,SOURCE_LEMMA_ONLY_NOT_SENSE_OR_POS,UNREVIEWED_NOT_SEMANTICALLY_APPROVED,NOT_CLEARED,true
lex:A1:bill,A1,bill,NGSL_1_2_CORE,bill,888,EXACT_HEADWORD,SOURCE_LEMMA_ONLY_NOT_SENSE_OR_POS,UNREVIEWED_NOT_SEMANTICALLY_APPROVED,NOT_CLEARED,true
lex:A1:bird,A1,bird,NGSL_1_2_CORE,bird,1271,EXACT_HEADWORD,SOURCE_LEMMA_ONLY_NOT_SENSE_OR_POS,UNREVIEWED_NOT_SEMANTICALLY_APPROVED,NOT_CLEARED,true
lex:A1:birthday,A1,birthday,NGSL_SFI_31K_EXTENSION,birthday,1529,EXACT_HEADWORD,SOURCE_LEMMA_ONLY_NOT_SENSE_OR_POS,UNREVIEWED_NOT_SEMANTICALLY_APPROVED,NOT_CLEARED,true
lex:A1:black,A1,black,NGSL_1_2_CORE,black,411,EXACT_HEADWORD,SOURCE_LEMMA_ONLY_NOT_SENSE_OR_POS,UNREVIEWED_NOT_SEMANTICALLY_APPROVED,NOT_CLEARED,true
lex:A1:blog,A1,blog,NGSL_1_2_CORE,blog,2808,EXACT_HEADWORD,SOURCE_LEMMA_ONLY_NOT_SENSE_OR_POS,UNREVIEWED_NOT_SEMANTICALLY_APPROVED,NOT_CLEARED,true
lex:A1:blonde,A1,blonde,NGSL_SFI_31K_EXTENSION,blonde,5327,EXACT_HEADWORD,SOURCE_LEMMA_ONLY_NOT_SENSE_OR_POS,UNREVIEWED_NOT_SEMANTICALLY_APPROVED,NOT_CLEARED,true
lex:A1:blue,A1,blue,NGSL_1_2_CORE,blue,858,EXACT_HEADWORD,SOURCE_LEMMA_ONLY_NOT_SENSE_OR_POS,UNREVIEWED_NOT_SEMANTICALLY_APPROVED,NOT_CLEARED,true
lex:A1:boat,A1,boat,NGSL_1_2_CORE,boat,1304,EXACT_HEADWORD,SOURCE_LEMMA_ONLY_NOT_SENSE_OR_POS,UNREVIEWED_NOT_SEMANTICALLY_APPROVED,NOT_CLEARED,true
lex:A1:body,A1,body,NGSL_1_2_CORE,body,401,EXACT_HEADWORD,SOURCE_LEMMA_ONLY_NOT_SENSE_OR_POS,UNREVIEWED_NOT_SEMANTICALLY_APPROVED,NOT_CLEARED,true
lex:A1:book,A1,book,NGSL_1_2_CORE,book,171,EXACT_HEADWORD,SOURCE_LEMMA_ONLY_NOT_SENSE_OR_POS,UNREVIEWED_NOT_SEMANTICALLY_APPROVED,NOT_CLEARED,true
lex:A1:boot,A1,boot,NGSL_1_2_CORE,boot,2282,EXACT_HEADWORD,SOURCE_LEMMA_ONLY_NOT_SENSE_OR_POS,UNREVIEWED_NOT_SEMANTICALLY_APPROVED,NOT_CLEARED,true
lex:A1:bored,A1,bored,NGSL_1_2_CORE,bore,1690,RELATED_LEMMA_ONLY,SOURCE_LEMMA_ONLY_NOT_SENSE_OR_POS,UNREVIEWED_NOT_SEMANTICALLY_APPROVED,NOT_CLEARED,true
lex:A1:boring,A1,boring,NGSL_1_2_CORE,bore,1690,RELATED_LEMMA_ONLY,SOURCE_LEMMA_ONLY_NOT_SENSE_OR_POS,UNREVIEWED_NOT_SEMANTICALLY_APPROVED,NOT_CLEARED,true
lex:A1:born,A1,born,NGSL_1_2_CORE,bear,455,RELATED_LEMMA_ONLY,SOURCE_LEMMA_ONLY_NOT_SENSE_OR_POS,UNREVIEWED_NOT_SEMANTICALLY_APPROVED,NOT_CLEARED,true
lex:A1:both,A1,both,NGSL_1_2_CORE,both,128,EXACT_HEADWORD,SOURCE_LEMMA_ONLY_NOT_SENSE_OR_POS,UNREVIEWED_NOT_SEMANTICALLY_APPROVED,NOT_CLEARED,true
lex:A1:bottle,A1,bottle,NGSL_1_2_CORE,bottle,1614,EXACT_HEADWORD,SOURCE_LEMMA_ONLY_NOT_SENSE_OR_POS,UNREVIEWED_NOT_SEMANTICALLY_APPROVED,NOT_CLEARED,true
lex:A1:box,A1,box,NGSL_1_2_CORE,box,861,EXACT_HEADWORD,SOURCE_LEMMA_ONLY_NOT_SENSE_OR_POS,UNREVIEWED_NOT_SEMANTICALLY_APPROVED,NOT_CLEARED,true
lex:A1:boy,A1,boy,NGSL_1_2_CORE,boy,510,EXACT_HEADWORD,SOURCE_LEMMA_ONLY_NOT_SENSE_OR_POS,UNREVIEWED_NOT_SEMANTICALLY_APPROVED,NOT_CLEARED,true
lex:A1:boyfriend,A1,boyfriend,NGSL_SFI_31K_EXTENSION,boyfriend,3003,EXACT_HEADWORD,SOURCE_LEMMA_ONLY_NOT_SENSE_OR_POS,UNREVIEWED_NOT_SEMANTICALLY_APPROVED,NOT_CLEARED,true
lex:A1:bread,A1,bread,NGSL_1_2_CORE,bread,2262,EXACT_HEADWORD,SOURCE_LEMMA_ONLY_NOT_SENSE_OR_POS,UNREVIEWED_NOT_SEMANTICALLY_APPROVED,NOT_CLEARED,true
lex:A1:break,A1,break,NGSL_1_2_CORE,break,368,EXACT_HEADWORD,SOURCE_LEMMA_ONLY_NOT_SENSE_OR_POS,UNREVIEWED_NOT_SEMANTICALLY_APPROVED,NOT_CLEARED,true
lex:A1:breakfast,A1,breakfast,NGSL_1_2_CORE,breakfast,1819,EXACT_HEADWORD,SOURCE_LEMMA_ONLY_NOT_SENSE_OR_POS,UNREVIEWED_NOT_SEMANTICALLY_APPROVED,NOT_CLEARED,true
lex:A1:bring,A1,bring,NGSL_1_2_CORE,bring,196,EXACT_HEADWORD,SOURCE_LEMMA_ONLY_NOT_SENSE_OR_POS,UNREVIEWED_NOT_SEMANTICALLY_APPROVED,NOT_CLEARED,true
lex:A1:brother,A1,brother,NGSL_1_2_CORE,brother,821,EXACT_HEADWORD,SOURCE_LEMMA_ONLY_NOT_SENSE_OR_POS,UNREVIEWED_NOT_SEMANTICALLY_APPROVED,NOT_CLEARED,true
lex:A1:brown,A1,brown,NGSL_1_2_CORE,brown,1913,EXACT_HEADWORD,SOURCE_LEMMA_ONLY_NOT_SENSE_OR_POS,UNREVIEWED_NOT_SEMANTICALLY_APPROVED,NOT_CLEARED,true
lex:A1:build,A1,build,NGSL_1_2_CORE,build,221,EXACT_HEADWORD,SOURCE_LEMMA_ONLY_NOT_SENSE_OR_POS,UNREVIEWED_NOT_SEMANTICALLY_APPROVED,NOT_CLEARED,true
lex:A1:building,A1,building,NGSL_1_2_CORE,build,221,RELATED_LEMMA_ONLY,SOURCE_LEMMA_ONLY_NOT_SENSE_OR_POS,UNREVIEWED_NOT_SEMANTICALLY_APPROVED,NOT_CLEARED,true
lex:A1:bus,A1,bus,NGSL_1_2_CORE,bus,810,EXACT_HEADWORD,SOURCE_LEMMA_ONLY_NOT_SENSE_OR_POS,UNREVIEWED_NOT_SEMANTICALLY_APPROVED,NOT_CLEARED,true
lex:A1:business,A1,business,NGSL_1_2_CORE,business,211,EXACT_HEADWORD,SOURCE_LEMMA_ONLY_NOT_SENSE_OR_POS,UNREVIEWED_NOT_SEMANTICALLY_APPROVED,NOT_CLEARED,true
lex:A1:busy,A1,busy,NGSL_1_2_CORE,busy,1233,EXACT_HEADWORD,SOURCE_LEMMA_ONLY_NOT_SENSE_OR_POS,UNREVIEWED_NOT_SEMANTICALLY_APPROVED,NOT_CLEARED,true
lex:A1:but,A1,but,NGSL_1_2_CORE,but,25,EXACT_HEADWORD,SOURCE_LEMMA_ONLY_NOT_SENSE_OR_POS,UNREVIEWED_NOT_SEMANTICALLY_APPROVED,NOT_CLEARED,true
lex:A1:butter,A1,butter,NGSL_SFI_31K_EXTENSION,butter,3281,EXACT_HEADWORD,SOURCE_LEMMA_ONLY_NOT_SENSE_OR_POS,UNREVIEWED_NOT_SEMANTICALLY_APPROVED,NOT_CLEARED,true
lex:A1:buy,A1,buy,NGSL_1_2_CORE,buy,242,EXACT_HEADWORD,SOURCE_LEMMA_ONLY_NOT_SENSE_OR_POS,UNREVIEWED_NOT_SEMANTICALLY_APPROVED,NOT_CLEARED,true
lex:A1:by,A1,by,NGSL_1_2_CORE,by,27,EXACT_HEADWORD,SOURCE_LEMMA_ONLY_NOT_SENSE_OR_POS,UNREVIEWED_NOT_SEMANTICALLY_APPROVED,NOT_CLEARED,true
lex:A1:bye,A1,bye,NGSL_SFI_31K_EXTENSION,bye,3234,EXACT_HEADWORD,SOURCE_LEMMA_ONLY_NOT_SENSE_OR_POS,UNREVIEWED_NOT_SEMANTICALLY_APPROVED,NOT_CLEARED,true
lex:A1:cafe,A1,cafe,NGSL_SFI_31K_EXTENSION,café,2315,RELATED_LEMMA_ONLY,SOURCE_LEMMA_ONLY_NOT_SENSE_OR_POS,UNREVIEWED_NOT_SEMANTICALLY_APPROVED,NOT_CLEARED,true
lex:A1:cake,A1,cake,NGSL_1_2_CORE,cake,2173,EXACT_HEADWORD,SOURCE_LEMMA_ONLY_NOT_SENSE_OR_POS,UNREVIEWED_NOT_SEMANTICALLY_APPROVED,NOT_CLEARED,true
lex:A1:call,A1,call,NGSL_1_2_CORE,call,105,EXACT_HEADWORD,SOURCE_LEMMA_ONLY_NOT_SENSE_OR_POS,UNREVIEWED_NOT_SEMANTICALLY_APPROVED,NOT_CLEARED,true
lex:A1:camera,A1,camera,NGSL_1_2_CORE,camera,1390,EXACT_HEADWORD,SOURCE_LEMMA_ONLY_NOT_SENSE_OR_POS,UNREVIEWED_NOT_SEMANTICALLY_APPROVED,NOT_CLEARED,true
lex:A1:can,A1,can¹,NGSL_1_2_CORE,can,38,EXACT_HEADWORD,SOURCE_LEMMA_ONLY_NOT_SENSE_OR_POS,UNREVIEWED_NOT_SEMANTICALLY_APPROVED,NOT_CLEARED,true
lex:A1:cannot,A1,cannot,NGSL_1_2_CORE,can,38,GRAMMATICAL_FORM,SOURCE_LEMMA_ONLY_NOT_SENSE_OR_POS,UNREVIEWED_NOT_SEMANTICALLY_APPROVED,NOT_CLEARED,true
lex:A1:capital,A1,capital,NGSL_1_2_CORE,capital,789,EXACT_HEADWORD,SOURCE_LEMMA_ONLY_NOT_SENSE_OR_POS,UNREVIEWED_NOT_SEMANTICALLY_APPROVED,NOT_CLEARED,true
lex:A1:car,A1,car,NGSL_1_2_CORE,car,260,EXACT_HEADWORD,SOURCE_LEMMA_ONLY_NOT_SENSE_OR_POS,UNREVIEWED_NOT_SEMANTICALLY_APPROVED,NOT_CLEARED,true
lex:A1:card,A1,card,NGSL_1_2_CORE,card,781,EXACT_HEADWORD,SOURCE_LEMMA_ONLY_NOT_SENSE_OR_POS,UNREVIEWED_NOT_SEMANTICALLY_APPROVED,NOT_CLEARED,true
lex:A1:career,A1,career,NGSL_1_2_CORE,career,892,EXACT_HEADWORD,SOURCE_LEMMA_ONLY_NOT_SENSE_OR_POS,UNREVIEWED_NOT_SEMANTICALLY_APPROVED,NOT_CLEARED,true
lex:A1:carrot,A1,carrot,NGSL_SFI_31K_EXTENSION,carrot,5475,EXACT_HEADWORD,SOURCE_LEMMA_ONLY_NOT_SENSE_OR_POS,UNREVIEWED_NOT_SEMANTICALLY_APPROVED,NOT_CLEARED,true
lex:A1:carry,A1,carry,NGSL_1_2_CORE,carry,446,EXACT_HEADWORD,SOURCE_LEMMA_ONLY_NOT_SENSE_OR_POS,UNREVIEWED_NOT_SEMANTICALLY_APPROVED,NOT_CLEARED,true
lex:A1:cat,A1,cat,NGSL_1_2_CORE,cat,1678,EXACT_HEADWORD,SOURCE_LEMMA_ONLY_NOT_SENSE_OR_POS,UNREVIEWED_NOT_SEMANTICALLY_APPROVED,NOT_CLEARED,true
lex:A1:cd,A1,CD,NO_DIRECT_SOURCE_LEMMA,,,NO_SOURCE_MATCH,SOURCE_LEMMA_ONLY_NOT_SENSE_OR_POS,UNREVIEWED_NOT_SEMANTICALLY_APPROVED,NOT_CLEARED,true
lex:A1:cent,A1,cent,NGSL_1_2_CORE,cent,749,EXACT_HEADWORD,SOURCE_LEMMA_ONLY_NOT_SENSE_OR_POS,UNREVIEWED_NOT_SEMANTICALLY_APPROVED,NOT_CLEARED,true
lex:A1:centre,A1,centre,NGSL_1_2_CORE,center,334,BRITISH_US_VARIANT,SOURCE_LEMMA_ONLY_NOT_SENSE_OR_POS,UNREVIEWED_NOT_SEMANTICALLY_APPROVED,NOT_CLEARED,true
lex:A1:century,A1,century,NGSL_1_2_CORE,century,591,EXACT_HEADWORD,SOURCE_LEMMA_ONLY_NOT_SENSE_OR_POS,UNREVIEWED_NOT_SEMANTICALLY_APPROVED,NOT_CLEARED,true
lex:A1:chair,A1,chair,NGSL_1_2_CORE,chair,1060,EXACT_HEADWORD,SOURCE_LEMMA_ONLY_NOT_SENSE_OR_POS,UNREVIEWED_NOT_SEMANTICALLY_APPROVED,NOT_CLEARED,true
lex:A1:change,A1,change,NGSL_1_2_CORE,change,113,EXACT_HEADWORD,SOURCE_LEMMA_ONLY_NOT_SENSE_OR_POS,UNREVIEWED_NOT_SEMANTICALLY_APPROVED,NOT_CLEARED,true
lex:A1:chart,A1,chart,NGSL_1_2_CORE,chart,1741,EXACT_HEADWORD,SOURCE_LEMMA_ONLY_NOT_SENSE_OR_POS,UNREVIEWED_NOT_SEMANTICALLY_APPROVED,NOT_CLEARED,true
lex:A1:cheap,A1,cheap,NGSL_1_2_CORE,cheap,1095,EXACT_HEADWORD,SOURCE_LEMMA_ONLY_NOT_SENSE_OR_POS,UNREVIEWED_NOT_SEMANTICALLY_APPROVED,NOT_CLEARED,true
lex:A1:check,A1,check,NGSL_1_2_CORE,check,580,EXACT_HEADWORD,SOURCE_LEMMA_ONLY_NOT_SENSE_OR_POS,UNREVIEWED_NOT_SEMANTICALLY_APPROVED,NOT_CLEARED,true
lex:A1:cheese,A1,cheese,NGSL_1_2_CORE,cheese,2585,EXACT_HEADWORD,SOURCE_LEMMA_ONLY_NOT_SENSE_OR_POS,UNREVIEWED_NOT_SEMANTICALLY_APPROVED,NOT_CLEARED,true
lex:A1:chicken,A1,chicken,NGSL_1_2_CORE,chicken,2339,EXACT_HEADWORD,SOURCE_LEMMA_ONLY_NOT_SENSE_OR_POS,UNREVIEWED_NOT_SEMANTICALLY_APPROVED,NOT_CLEARED,true
lex:A1:child,A1,child,NGSL_1_2_CORE,child,102,EXACT_HEADWORD,SOURCE_LEMMA_ONLY_NOT_SENSE_OR_POS,UNREVIEWED_NOT_SEMANTICALLY_APPROVED,NOT_CLEARED,true
lex:A1:chocolate,A1,chocolate,NGSL_1_2_CORE,chocolate,2620,EXACT_HEADWORD,SOURCE_LEMMA_ONLY_NOT_SENSE_OR_POS,UNREVIEWED_NOT_SEMANTICALLY_APPROVED,NOT_CLEARED,true
lex:A1:choose,A1,choose,NGSL_1_2_CORE,choose,447,EXACT_HEADWORD,SOURCE_LEMMA_ONLY_NOT_SENSE_OR_POS,UNREVIEWED_NOT_SEMANTICALLY_APPROVED,NOT_CLEARED,true
lex:A1:cinema,A1,cinema,NGSL_SFI_31K_EXTENSION,cinema,2042,EXACT_HEADWORD,SOURCE_LEMMA_ONLY_NOT_SENSE_OR_POS,UNREVIEWED_NOT_SEMANTICALLY_APPROVED,NOT_CLEARED,true
lex:A1:city,A1,city,NGSL_1_2_CORE,city,269,EXACT_HEADWORD,SOURCE_LEMMA_ONLY_NOT_SENSE_OR_POS,UNREVIEWED_NOT_SEMANTICALLY_APPROVED,NOT_CLEARED,true
lex:A1:class,A1,class,NGSL_1_2_CORE,class,362,EXACT_HEADWORD,SOURCE_LEMMA_ONLY_NOT_SENSE_OR_POS,UNREVIEWED_NOT_SEMANTICALLY_APPROVED,NOT_CLEARED,true
lex:A1:classroom,A1,classroom,NGSL_SFI_31K_EXTENSION,classroom,1972,EXACT_HEADWORD,SOURCE_LEMMA_ONLY_NOT_SENSE_OR_POS,UNREVIEWED_NOT_SEMANTICALLY_APPROVED,NOT_CLEARED,true
lex:A1:clean,A1,clean,NGSL_1_2_CORE,clean,842,EXACT_HEADWORD,SOURCE_LEMMA_ONLY_NOT_SENSE_OR_POS,UNREVIEWED_NOT_SEMANTICALLY_APPROVED,NOT_CLEARED,true
lex:A1:climb,A1,climb,NGSL_1_2_CORE,climb,1434,EXACT_HEADWORD,SOURCE_LEMMA_ONLY_NOT_SENSE_OR_POS,UNREVIEWED_NOT_SEMANTICALLY_APPROVED,NOT_CLEARED,true
lex:A1:clock,A1,clock,NGSL_1_2_CORE,clock,932,EXACT_HEADWORD,SOURCE_LEMMA_ONLY_NOT_SENSE_OR_POS,UNREVIEWED_NOT_SEMANTICALLY_APPROVED,NOT_CLEARED,true
lex:A1:close,A1,close¹,NGSL_1_2_CORE,close,239,EXACT_HEADWORD,SOURCE_LEMMA_ONLY_NOT_SENSE_OR_POS,UNREVIEWED_NOT_SEMANTICALLY_APPROVED,NOT_CLEARED,true
lex:A1:clothes,A1,clothes,NGSL_1_2_CORE,clothes,956,EXACT_HEADWORD,SOURCE_LEMMA_ONLY_NOT_SENSE_OR_POS,UNREVIEWED_NOT_SEMANTICALLY_APPROVED,NOT_CLEARED,true
lex:A1:club,A1,club,NGSL_1_2_CORE,club,760,EXACT_HEADWORD,SOURCE_LEMMA_ONLY_NOT_SENSE_OR_POS,UNREVIEWED_NOT_SEMANTICALLY_APPROVED,NOT_CLEARED,true
lex:A1:coat,A1,coat,NGSL_1_2_CORE,coat,1863,EXACT_HEADWORD,SOURCE_LEMMA_ONLY_NOT_SENSE_OR_POS,UNREVIEWED_NOT_SEMANTICALLY_APPROVED,NOT_CLEARED,true
lex:A1:coffee,A1,coffee,NGSL_1_2_CORE,coffee,1395,EXACT_HEADWORD,SOURCE_LEMMA_ONLY_NOT_SENSE_OR_POS,UNREVIEWED_NOT_SEMANTICALLY_APPROVED,NOT_CLEARED,true
lex:A1:cold,A1,cold,NGSL_1_2_CORE,cold,867,EXACT_HEADWORD,SOURCE_LEMMA_ONLY_NOT_SENSE_OR_POS,UNREVIEWED_NOT_SEMANTICALLY_APPROVED,NOT_CLEARED,true
lex:A1:college,A1,college,NGSL_1_2_CORE,college,739,EXACT_HEADWORD,SOURCE_LEMMA_ONLY_NOT_SENSE_OR_POS,UNREVIEWED_NOT_SEMANTICALLY_APPROVED,NOT_CLEARED,true
lex:A1:colour,A1,colour,NGSL_1_2_CORE,color,378,BRITISH_US_VARIANT,SOURCE_LEMMA_ONLY_NOT_SENSE_OR_POS,UNREVIEWED_NOT_SEMANTICALLY_APPROVED,NOT_CLEARED,true
lex:A1:come,A1,come,NGSL_1_2_CORE,come,65,EXACT_HEADWORD,SOURCE_LEMMA_ONLY_NOT_SENSE_OR_POS,UNREVIEWED_NOT_SEMANTICALLY_APPROVED,NOT_CLEARED,true
lex:A1:common,A1,common,NGSL_1_2_CORE,common,567,EXACT_HEADWORD,SOURCE_LEMMA_ONLY_NOT_SENSE_OR_POS,UNREVIEWED_NOT_SEMANTICALLY_APPROVED,NOT_CLEARED,true
lex:A1:company,A1,company,NGSL_1_2_CORE,company,107,EXACT_HEADWORD,SOURCE_LEMMA_ONLY_NOT_SENSE_OR_POS,UNREVIEWED_NOT_SEMANTICALLY_APPROVED,NOT_CLEARED,true
lex:A1:compare,A1,compare,NGSL_1_2_CORE,compare,614,EXACT_HEADWORD,SOURCE_LEMMA_ONLY_NOT_SENSE_OR_POS,UNREVIEWED_NOT_SEMANTICALLY_APPROVED,NOT_CLEARED,true
lex:A1:complete,A1,complete,NGSL_1_2_CORE,complete,581,EXACT_HEADWORD,SOURCE_LEMMA_ONLY_NOT_SENSE_OR_POS,UNREVIEWED_NOT_SEMANTICALLY_APPROVED,NOT_CLEARED,true
lex:A1:computer,A1,computer,NGSL_1_2_CORE,computer,429,EXACT_HEADWORD,SOURCE_LEMMA_ONLY_NOT_SENSE_OR_POS,UNREVIEWED_NOT_SEMANTICALLY_APPROVED,NOT_CLEARED,true
lex:A1:concert,A1,concert,NGSL_1_2_CORE,concert,1382,EXACT_HEADWORD,SOURCE_LEMMA_ONLY_NOT_SENSE_OR_POS,UNREVIEWED_NOT_SEMANTICALLY_APPROVED,NOT_CLEARED,true
lex:A1:conversation,A1,conversation,NGSL_1_2_CORE,conversation,982,EXACT_HEADWORD,SOURCE_LEMMA_ONLY_NOT_SENSE_OR_POS,UNREVIEWED_NOT_SEMANTICALLY_APPROVED,NOT_CLEARED,true
lex:A1:cook,A1,cook,NGSL_1_2_CORE,cook,1196,EXACT_HEADWORD,SOURCE_LEMMA_ONLY_NOT_SENSE_OR_POS,UNREVIEWED_NOT_SEMANTICALLY_APPROVED,NOT_CLEARED,true
lex:A1:cooking,A1,cooking,NGSL_1_2_CORE,cook,1196,RELATED_LEMMA_ONLY,SOURCE_LEMMA_ONLY_NOT_SENSE_OR_POS,UNREVIEWED_NOT_SEMANTICALLY_APPROVED,NOT_CLEARED,true
lex:A1:cool,A1,cool,NGSL_1_2_CORE,cool,1156,EXACT_HEADWORD,SOURCE_LEMMA_ONLY_NOT_SENSE_OR_POS,UNREVIEWED_NOT_SEMANTICALLY_APPROVED,NOT_CLEARED,true
lex:A1:correct,A1,correct,NGSL_1_2_CORE,correct,1032,EXACT_HEADWORD,SOURCE_LEMMA_ONLY_NOT_SENSE_OR_POS,UNREVIEWED_NOT_SEMANTICALLY_APPROVED,NOT_CLEARED,true
lex:A1:cost,A1,cost,NGSL_1_2_CORE,cost,252,EXACT_HEADWORD,SOURCE_LEMMA_ONLY_NOT_SENSE_OR_POS,UNREVIEWED_NOT_SEMANTICALLY_APPROVED,NOT_CLEARED,true
lex:A1:could,A1,could,NGSL_1_2_CORE,could,66,EXACT_HEADWORD,SOURCE_LEMMA_ONLY_NOT_SENSE_OR_POS,UNREVIEWED_NOT_SEMANTICALLY_APPROVED,NOT_CLEARED,true
lex:A1:country,A1,country,NGSL_1_2_CORE,country,143,EXACT_HEADWORD,SOURCE_LEMMA_ONLY_NOT_SENSE_OR_POS,UNREVIEWED_NOT_SEMANTICALLY_APPROVED,NOT_CLEARED,true
lex:A1:course,A1,course,NGSL_1_2_CORE,course,164,EXACT_HEADWORD,SOURCE_LEMMA_ONLY_NOT_SENSE_OR_POS,UNREVIEWED_NOT_SEMANTICALLY_APPROVED,NOT_CLEARED,true
lex:A1:cousin,A1,cousin,NGSL_1_2_CORE,cousin,2361,EXACT_HEADWORD,SOURCE_LEMMA_ONLY_NOT_SENSE_OR_POS,UNREVIEWED_NOT_SEMANTICALLY_APPROVED,NOT_CLEARED,true
lex:A1:cow,A1,cow,NGSL_1_2_CORE,cow,2551,EXACT_HEADWORD,SOURCE_LEMMA_ONLY_NOT_SENSE_OR_POS,UNREVIEWED_NOT_SEMANTICALLY_APPROVED,NOT_CLEARED,true
lex:A1:cream,A1,cream,NGSL_1_2_CORE,cream,2388,EXACT_HEADWORD,SOURCE_LEMMA_ONLY_NOT_SENSE_OR_POS,UNREVIEWED_NOT_SEMANTICALLY_APPROVED,NOT_CLEARED,true
lex:A1:create,A1,create,NGSL_1_2_CORE,create,386,EXACT_HEADWORD,SOURCE_LEMMA_ONLY_NOT_SENSE_OR_POS,UNREVIEWED_NOT_SEMANTICALLY_APPROVED,NOT_CLEARED,true
lex:A1:culture,A1,culture,NGSL_1_2_CORE,culture,568,EXACT_HEADWORD,SOURCE_LEMMA_ONLY_NOT_SENSE_OR_POS,UNREVIEWED_NOT_SEMANTICALLY_APPROVED,NOT_CLEARED,true
lex:A1:cup,A1,cup,NGSL_1_2_CORE,cup,1491,EXACT_HEADWORD,SOURCE_LEMMA_ONLY_NOT_SENSE_OR_POS,UNREVIEWED_NOT_SEMANTICALLY_APPROVED,NOT_CLEARED,true
lex:A1:customer,A1,customer,NGSL_1_2_CORE,customer,487,EXACT_HEADWORD,SOURCE_LEMMA_ONLY_NOT_SENSE_OR_POS,UNREVIEWED_NOT_SEMANTICALLY_APPROVED,NOT_CLEARED,true
lex:A1:cut,A1,cut,NGSL_1_2_CORE,cut,456,EXACT_HEADWORD,SOURCE_LEMMA_ONLY_NOT_SENSE_OR_POS,UNREVIEWED_NOT_SEMANTICALLY_APPROVED,NOT_CLEARED,true
lex:A1:dad,A1,dad,NGSL_1_2_CORE,dad,1632,EXACT_HEADWORD,SOURCE_LEMMA_ONLY_NOT_SENSE_OR_POS,UNREVIEWED_NOT_SEMANTICALLY_APPROVED,NOT_CLEARED,true
lex:A1:dance,A1,dance,NGSL_1_2_CORE,dance,959,EXACT_HEADWORD,SOURCE_LEMMA_ONLY_NOT_SENSE_OR_POS,UNREVIEWED_NOT_SEMANTICALLY_APPROVED,NOT_CLEARED,true
lex:A1:dancer,A1,dancer,NGSL_SFI_31K_EXTENSION,dancer,3938,EXACT_HEADWORD,SOURCE_LEMMA_ONLY_NOT_SENSE_OR_POS,UNREVIEWED_NOT_SEMANTICALLY_APPROVED,NOT_CLEARED,true
lex:A1:dancing,A1,dancing,NGSL_1_2_CORE,dance,959,RELATED_LEMMA_ONLY,SOURCE_LEMMA_ONLY_NOT_SENSE_OR_POS,UNREVIEWED_NOT_SEMANTICALLY_APPROVED,NOT_CLEARED,true
lex:A1:dangerous,A1,dangerous,NGSL_1_2_CORE,dangerous,1419,EXACT_HEADWORD,SOURCE_LEMMA_ONLY_NOT_SENSE_OR_POS,UNREVIEWED_NOT_SEMANTICALLY_APPROVED,NOT_CLEARED,true
lex:A1:dark,A1,dark,NGSL_1_2_CORE,dark,923,EXACT_HEADWORD,SOURCE_LEMMA_ONLY_NOT_SENSE_OR_POS,UNREVIEWED_NOT_SEMANTICALLY_APPROVED,NOT_CLEARED,true
lex:A1:date,A1,date,NGSL_1_2_CORE,date,483,EXACT_HEADWORD,SOURCE_LEMMA_ONLY_NOT_SENSE_OR_POS,UNREVIEWED_NOT_SEMANTICALLY_APPROVED,NOT_CLEARED,true
lex:A1:daughter,A1,daughter,NGSL_1_2_CORE,daughter,927,EXACT_HEADWORD,SOURCE_LEMMA_ONLY_NOT_SENSE_OR_POS,UNREVIEWED_NOT_SEMANTICALLY_APPROVED,NOT_CLEARED,true
lex:A1:day,A1,day,NGSL_1_2_CORE,day,85,EXACT_HEADWORD,SOURCE_LEMMA_ONLY_NOT_SENSE_OR_POS,UNREVIEWED_NOT_SEMANTICALLY_APPROVED,NOT_CLEARED,true
lex:A1:dear,A1,dear,NGSL_1_2_CORE,dear,1401,EXACT_HEADWORD,SOURCE_LEMMA_ONLY_NOT_SENSE_OR_POS,UNREVIEWED_NOT_SEMANTICALLY_APPROVED,NOT_CLEARED,true
lex:A1:december,A1,December,NGSL_1_2_SUPPLEMENT,December,,EXACT_HEADWORD,SOURCE_LEMMA_ONLY_NOT_SENSE_OR_POS,UNREVIEWED_NOT_SEMANTICALLY_APPROVED,NOT_CLEARED,true
lex:A1:decide,A1,decide,NGSL_1_2_CORE,decide,359,EXACT_HEADWORD,SOURCE_LEMMA_ONLY_NOT_SENSE_OR_POS,UNREVIEWED_NOT_SEMANTICALLY_APPROVED,NOT_CLEARED,true
lex:A1:delicious,A1,delicious,NGSL_SFI_31K_EXTENSION,delicious,3477,EXACT_HEADWORD,SOURCE_LEMMA_ONLY_NOT_SENSE_OR_POS,UNREVIEWED_NOT_SEMANTICALLY_APPROVED,NOT_CLEARED,true
lex:A1:describe,A1,describe,NGSL_1_2_CORE,describe,457,EXACT_HEADWORD,SOURCE_LEMMA_ONLY_NOT_SENSE_OR_POS,UNREVIEWED_NOT_SEMANTICALLY_APPROVED,NOT_CLEARED,true
lex:A1:description,A1,description,NGSL_1_2_CORE,description,1492,EXACT_HEADWORD,SOURCE_LEMMA_ONLY_NOT_SENSE_OR_POS,UNREVIEWED_NOT_SEMANTICALLY_APPROVED,NOT_CLEARED,true
lex:A1:design,A1,design,NGSL_1_2_CORE,design,441,EXACT_HEADWORD,SOURCE_LEMMA_ONLY_NOT_SENSE_OR_POS,UNREVIEWED_NOT_SEMANTICALLY_APPROVED,NOT_CLEARED,true
lex:A1:desk,A1,desk,NGSL_1_2_CORE,desk,1588,EXACT_HEADWORD,SOURCE_LEMMA_ONLY_NOT_SENSE_OR_POS,UNREVIEWED_NOT_SEMANTICALLY_APPROVED,NOT_CLEARED,true
lex:A1:detail,A1,detail,NGSL_1_2_CORE,detail,472,EXACT_HEADWORD,SOURCE_LEMMA_ONLY_NOT_SENSE_OR_POS,UNREVIEWED_NOT_SEMANTICALLY_APPROVED,NOT_CLEARED,true
lex:A1:dialogue,A1,dialogue,NGSL_1_2_CORE,dialog,2387,RELATED_LEMMA_ONLY,SOURCE_LEMMA_ONLY_NOT_SENSE_OR_POS,UNREVIEWED_NOT_SEMANTICALLY_APPROVED,NOT_CLEARED,true
lex:A1:dictionary,A1,dictionary,NGSL_SFI_31K_EXTENSION,dictionary,3178,EXACT_HEADWORD,SOURCE_LEMMA_ONLY_NOT_SENSE_OR_POS,UNREVIEWED_NOT_SEMANTICALLY_APPROVED,NOT_CLEARED,true
lex:A1:die,A1,die,NGSL_1_2_CORE,die,454,EXACT_HEADWORD,SOURCE_LEMMA_ONLY_NOT_SENSE_OR_POS,UNREVIEWED_NOT_SEMANTICALLY_APPROVED,NOT_CLEARED,true
lex:A1:diet,A1,diet,NGSL_1_2_CORE,diet,1847,EXACT_HEADWORD,SOURCE_LEMMA_ONLY_NOT_SENSE_OR_POS,UNREVIEWED_NOT_SEMANTICALLY_APPROVED,NOT_CLEARED,true
lex:A1:difference,A1,difference,NGSL_1_2_CORE,difference,473,EXACT_HEADWORD,SOURCE_LEMMA_ONLY_NOT_SENSE_OR_POS,UNREVIEWED_NOT_SEMANTICALLY_APPROVED,NOT_CLEARED,true
lex:A1:different,A1,different,NGSL_1_2_CORE,different,149,EXACT_HEADWORD,SOURCE_LEMMA_ONLY_NOT_SENSE_OR_POS,UNREVIEWED_NOT_SEMANTICALLY_APPROVED,NOT_CLEARED,true
lex:A1:difficult,A1,difficult,NGSL_1_2_CORE,difficult,470,EXACT_HEADWORD,SOURCE_LEMMA_ONLY_NOT_SENSE_OR_POS,UNREVIEWED_NOT_SEMANTICALLY_APPROVED,NOT_CLEARED,true
lex:A1:dinner,A1,dinner,NGSL_1_2_CORE,dinner,1117,EXACT_HEADWORD,SOURCE_LEMMA_ONLY_NOT_SENSE_OR_POS,UNREVIEWED_NOT_SEMANTICALLY_APPROVED,NOT_CLEARED,true
lex:A1:dirty,A1,dirty,NGSL_1_2_CORE,dirty,2255,EXACT_HEADWORD,SOURCE_LEMMA_ONLY_NOT_SENSE_OR_POS,UNREVIEWED_NOT_SEMANTICALLY_APPROVED,NOT_CLEARED,true
lex:A1:discuss,A1,discuss,NGSL_1_2_CORE,discuss,605,EXACT_HEADWORD,SOURCE_LEMMA_ONLY_NOT_SENSE_OR_POS,UNREVIEWED_NOT_SEMANTICALLY_APPROVED,NOT_CLEARED,true
lex:A1:dish,A1,dish,NGSL_1_2_CORE,dish,1882,EXACT_HEADWORD,SOURCE_LEMMA_ONLY_NOT_SENSE_OR_POS,UNREVIEWED_NOT_SEMANTICALLY_APPROVED,NOT_CLEARED,true
lex:A1:do,A1,do¹,NGSL_1_2_CORE,do,21,EXACT_HEADWORD,SOURCE_LEMMA_ONLY_NOT_SENSE_OR_POS,UNREVIEWED_NOT_SEMANTICALLY_APPROVED,NOT_CLEARED,true
lex:A1:doctor,A1,doctor,NGSL_1_2_CORE,doctor,763,EXACT_HEADWORD,SOURCE_LEMMA_ONLY_NOT_SENSE_OR_POS,UNREVIEWED_NOT_SEMANTICALLY_APPROVED,NOT_CLEARED,true
lex:A1:dog,A1,dog,NGSL_1_2_CORE,dog,895,EXACT_HEADWORD,SOURCE_LEMMA_ONLY_NOT_SENSE_OR_POS,UNREVIEWED_NOT_SEMANTICALLY_APPROVED,NOT_CLEARED,true
lex:A1:dollar,A1,dollar,NGSL_1_2_CORE,dollar,971,EXACT_HEADWORD,SOURCE_LEMMA_ONLY_NOT_SENSE_OR_POS,UNREVIEWED_NOT_SEMANTICALLY_APPROVED,NOT_CLEARED,true
lex:A1:door,A1,door,NGSL_1_2_CORE,door,490,EXACT_HEADWORD,SOURCE_LEMMA_ONLY_NOT_SENSE_OR_POS,UNREVIEWED_NOT_SEMANTICALLY_APPROVED,NOT_CLEARED,true
lex:A1:down,A1,down,NGSL_1_2_CORE,down,109,EXACT_HEADWORD,SOURCE_LEMMA_ONLY_NOT_SENSE_OR_POS,UNREVIEWED_NOT_SEMANTICALLY_APPROVED,NOT_CLEARED,true
lex:A1:downstairs,A1,downstairs,NGSL_SFI_31K_EXTENSION,downstairs,3878,EXACT_HEADWORD,SOURCE_LEMMA_ONLY_NOT_SENSE_OR_POS,UNREVIEWED_NOT_SEMANTICALLY_APPROVED,NOT_CLEARED,true
lex:A1:draw,A1,draw,NGSL_1_2_CORE,draw,481,EXACT_HEADWORD,SOURCE_LEMMA_ONLY_NOT_SENSE_OR_POS,UNREVIEWED_NOT_SEMANTICALLY_APPROVED,NOT_CLEARED,true
lex:A1:dress,A1,dress,NGSL_1_2_CORE,dress,899,EXACT_HEADWORD,SOURCE_LEMMA_ONLY_NOT_SENSE_OR_POS,UNREVIEWED_NOT_SEMANTICALLY_APPROVED,NOT_CLEARED,true
lex:A1:drink,A1,drink,NGSL_1_2_CORE,drink,655,EXACT_HEADWORD,SOURCE_LEMMA_ONLY_NOT_SENSE_OR_POS,UNREVIEWED_NOT_SEMANTICALLY_APPROVED,NOT_CLEARED,true
lex:A1:drive,A1,drive,NGSL_1_2_CORE,drive,387,EXACT_HEADWORD,SOURCE_LEMMA_ONLY_NOT_SENSE_OR_POS,UNREVIEWED_NOT_SEMANTICALLY_APPROVED,NOT_CLEARED,true
lex:A1:driver,A1,driver,NGSL_1_2_CORE,driver,1200,EXACT_HEADWORD,SOURCE_LEMMA_ONLY_NOT_SENSE_OR_POS,UNREVIEWED_NOT_SEMANTICALLY_APPROVED,NOT_CLEARED,true
lex:A1:during,A1,during,NGSL_1_2_CORE,during,182,EXACT_HEADWORD,SOURCE_LEMMA_ONLY_NOT_SENSE_OR_POS,UNREVIEWED_NOT_SEMANTICALLY_APPROVED,NOT_CLEARED,true
lex:A1:dvd,A1,DVD,NO_DIRECT_SOURCE_LEMMA,,,NO_SOURCE_MATCH,SOURCE_LEMMA_ONLY_NOT_SENSE_OR_POS,UNREVIEWED_NOT_SEMANTICALLY_APPROVED,NOT_CLEARED,true
lex:A1:each,A1,each,NGSL_1_2_CORE,each,145,EXACT_HEADWORD,SOURCE_LEMMA_ONLY_NOT_SENSE_OR_POS,UNREVIEWED_NOT_SEMANTICALLY_APPROVED,NOT_CLEARED,true
lex:A1:ear,A1,ear,NGSL_1_2_CORE,ear,1664,EXACT_HEADWORD,SOURCE_LEMMA_ONLY_NOT_SENSE_OR_POS,UNREVIEWED_NOT_SEMANTICALLY_APPROVED,NOT_CLEARED,true
lex:A1:early,A1,early,NGSL_1_2_CORE,early,197,EXACT_HEADWORD,SOURCE_LEMMA_ONLY_NOT_SENSE_OR_POS,UNREVIEWED_NOT_SEMANTICALLY_APPROVED,NOT_CLEARED,true
lex:A1:east,A1,east,NGSL_1_2_CORE,east,1749,EXACT_HEADWORD,SOURCE_LEMMA_ONLY_NOT_SENSE_OR_POS,UNREVIEWED_NOT_SEMANTICALLY_APPROVED,NOT_CLEARED,true
lex:A1:easy,A1,easy,NGSL_1_2_CORE,easy,408,EXACT_HEADWORD,SOURCE_LEMMA_ONLY_NOT_SENSE_OR_POS,UNREVIEWED_NOT_SEMANTICALLY_APPROVED,NOT_CLEARED,true
lex:A1:eat,A1,eat,NGSL_1_2_CORE,eat,476,EXACT_HEADWORD,SOURCE_LEMMA_ONLY_NOT_SENSE_OR_POS,UNREVIEWED_NOT_SEMANTICALLY_APPROVED,NOT_CLEARED,true
lex:A1:egg,A1,egg,NGSL_1_2_CORE,egg,1381,EXACT_HEADWORD,SOURCE_LEMMA_ONLY_NOT_SENSE_OR_POS,UNREVIEWED_NOT_SEMANTICALLY_APPROVED,NOT_CLEARED,true
lex:A1:eight,A1,eight,NGSL_1_2_SUPPLEMENT,eight,,EXACT_HEADWORD,SOURCE_LEMMA_ONLY_NOT_SENSE_OR_POS,UNREVIEWED_NOT_SEMANTICALLY_APPROVED,NOT_CLEARED,true
lex:A1:eighteen,A1,eighteen,NGSL_1_2_SUPPLEMENT,eighteen,,EXACT_HEADWORD,SOURCE_LEMMA_ONLY_NOT_SENSE_OR_POS,UNREVIEWED_NOT_SEMANTICALLY_APPROVED,NOT_CLEARED,true
lex:A1:eighty,A1,eighty,NGSL_1_2_SUPPLEMENT,eighty,,EXACT_HEADWORD,SOURCE_LEMMA_ONLY_NOT_SENSE_OR_POS,UNREVIEWED_NOT_SEMANTICALLY_APPROVED,NOT_CLEARED,true
lex:A1:elephant,A1,elephant,NGSL_SFI_31K_EXTENSION,elephant,3648,EXACT_HEADWORD,SOURCE_LEMMA_ONLY_NOT_SENSE_OR_POS,UNREVIEWED_NOT_SEMANTICALLY_APPROVED,NOT_CLEARED,true
lex:A1:eleven,A1,eleven,NGSL_1_2_SUPPLEMENT,eleven,,EXACT_HEADWORD,SOURCE_LEMMA_ONLY_NOT_SENSE_OR_POS,UNREVIEWED_NOT_SEMANTICALLY_APPROVED,NOT_CLEARED,true
lex:A1:else,A1,else,NGSL_1_2_CORE,else,466,EXACT_HEADWORD,SOURCE_LEMMA_ONLY_NOT_SENSE_OR_POS,UNREVIEWED_NOT_SEMANTICALLY_APPROVED,NOT_CLEARED,true
lex:A1:email,A1,email,NGSL_1_2_CORE,email,1169,EXACT_HEADWORD,SOURCE_LEMMA_ONLY_NOT_SENSE_OR_POS,UNREVIEWED_NOT_SEMANTICALLY_APPROVED,NOT_CLEARED,true
lex:A1:end,A1,end,NGSL_1_2_CORE,end,152,EXACT_HEADWORD,SOURCE_LEMMA_ONLY_NOT_SENSE_OR_POS,UNREVIEWED_NOT_SEMANTICALLY_APPROVED,NOT_CLEARED,true
lex:A1:enjoy,A1,enjoy,NGSL_1_2_CORE,enjoy,504,EXACT_HEADWORD,SOURCE_LEMMA_ONLY_NOT_SENSE_OR_POS,UNREVIEWED_NOT_SEMANTICALLY_APPROVED,NOT_CLEARED,true
lex:A1:enough,A1,enough,NGSL_1_2_CORE,enough,267,EXACT_HEADWORD,SOURCE_LEMMA_ONLY_NOT_SENSE_OR_POS,UNREVIEWED_NOT_SEMANTICALLY_APPROVED,NOT_CLEARED,true
lex:A1:euro,A1,euro,NGSL_SFI_31K_EXTENSION,euro,4647,EXACT_HEADWORD,SOURCE_LEMMA_ONLY_NOT_SENSE_OR_POS,UNREVIEWED_NOT_SEMANTICALLY_APPROVED,NOT_CLEARED,true
lex:A1:even,A1,even,NGSL_1_2_CORE,even,96,EXACT_HEADWORD,SOURCE_LEMMA_ONLY_NOT_SENSE_OR_POS,UNREVIEWED_NOT_SEMANTICALLY_APPROVED,NOT_CLEARED,true
lex:A1:evening,A1,evening,NGSL_1_2_CORE,evening,679,EXACT_HEADWORD,SOURCE_LEMMA_ONLY_NOT_SENSE_OR_POS,UNREVIEWED_NOT_SEMANTICALLY_APPROVED,NOT_CLEARED,true
lex:A1:event,A1,event,NGSL_1_2_CORE,event,442,EXACT_HEADWORD,SOURCE_LEMMA_ONLY_NOT_SENSE_OR_POS,UNREVIEWED_NOT_SEMANTICALLY_APPROVED,NOT_CLEARED,true
lex:A1:ever,A1,ever,NGSL_1_2_CORE,ever,317,EXACT_HEADWORD,SOURCE_LEMMA_ONLY_NOT_SENSE_OR_POS,UNREVIEWED_NOT_SEMANTICALLY_APPROVED,NOT_CLEARED,true
lex:A1:every,A1,every,NGSL_1_2_CORE,every,180,EXACT_HEADWORD,SOURCE_LEMMA_ONLY_NOT_SENSE_OR_POS,UNREVIEWED_NOT_SEMANTICALLY_APPROVED,NOT_CLEARED,true
lex:A1:everybody,A1,everybody,NGSL_1_2_CORE,everybody,933,EXACT_HEADWORD,SOURCE_LEMMA_ONLY_NOT_SENSE_OR_POS,UNREVIEWED_NOT_SEMANTICALLY_APPROVED,NOT_CLEARED,true
lex:A1:everyone,A1,everyone,NGSL_1_2_CORE,everyone,650,EXACT_HEADWORD,SOURCE_LEMMA_ONLY_NOT_SENSE_OR_POS,UNREVIEWED_NOT_SEMANTICALLY_APPROVED,NOT_CLEARED,true
lex:A1:everything,A1,everything,NGSL_1_2_CORE,everything,422,EXACT_HEADWORD,SOURCE_LEMMA_ONLY_NOT_SENSE_OR_POS,UNREVIEWED_NOT_SEMANTICALLY_APPROVED,NOT_CLEARED,true
lex:A1:exam,A1,exam,NGSL_1_2_CORE,exam,2244,EXACT_HEADWORD,SOURCE_LEMMA_ONLY_NOT_SENSE_OR_POS,UNREVIEWED_NOT_SEMANTICALLY_APPROVED,NOT_CLEARED,true
lex:A1:example,A1,example,NGSL_1_2_CORE,example,235,EXACT_HEADWORD,SOURCE_LEMMA_ONLY_NOT_SENSE_OR_POS,UNREVIEWED_NOT_SEMANTICALLY_APPROVED,NOT_CLEARED,true
lex:A1:excited,A1,excited,NGSL_1_2_CORE,excite,1142,RELATED_LEMMA_ONLY,SOURCE_LEMMA_ONLY_NOT_SENSE_OR_POS,UNREVIEWED_NOT_SEMANTICALLY_APPROVED,NOT_CLEARED,true
lex:A1:exciting,A1,exciting,NGSL_1_2_CORE,excite,1142,RELATED_LEMMA_ONLY,SOURCE_LEMMA_ONLY_NOT_SENSE_OR_POS,UNREVIEWED_NOT_SEMANTICALLY_APPROVED,NOT_CLEARED,true
lex:A1:exercise,A1,exercise,NGSL_1_2_CORE,exercise,917,EXACT_HEADWORD,SOURCE_LEMMA_ONLY_NOT_SENSE_OR_POS,UNREVIEWED_NOT_SEMANTICALLY_APPROVED,NOT_CLEARED,true
lex:A1:expensive,A1,expensive,NGSL_1_2_CORE,expensive,1061,EXACT_HEADWORD,SOURCE_LEMMA_ONLY_NOT_SENSE_OR_POS,UNREVIEWED_NOT_SEMANTICALLY_APPROVED,NOT_CLEARED,true
lex:A1:explain,A1,explain,NGSL_1_2_CORE,explain,489,EXACT_HEADWORD,SOURCE_LEMMA_ONLY_NOT_SENSE_OR_POS,UNREVIEWED_NOT_SEMANTICALLY_APPROVED,NOT_CLEARED,true
lex:A1:extra,A1,extra,NGSL_1_2_CORE,extra,1058,EXACT_HEADWORD,SOURCE_LEMMA_ONLY_NOT_SENSE_OR_POS,UNREVIEWED_NOT_SEMANTICALLY_APPROVED,NOT_CLEARED,true
lex:A1:eye,A1,eye,NGSL_1_2_CORE,eye,391,EXACT_HEADWORD,SOURCE_LEMMA_ONLY_NOT_SENSE_OR_POS,UNREVIEWED_NOT_SEMANTICALLY_APPROVED,NOT_CLEARED,true
lex:A1:face,A1,face,NGSL_1_2_CORE,face,249,EXACT_HEADWORD,SOURCE_LEMMA_ONLY_NOT_SENSE_OR_POS,UNREVIEWED_NOT_SEMANTICALLY_APPROVED,NOT_CLEARED,true
lex:A1:fact,A1,fact,NGSL_1_2_CORE,fact,202,EXACT_HEADWORD,SOURCE_LEMMA_ONLY_NOT_SENSE_OR_POS,UNREVIEWED_NOT_SEMANTICALLY_APPROVED,NOT_CLEARED,true
lex:A1:fall,A1,fall,NGSL_1_2_CORE,fall,320,EXACT_HEADWORD,SOURCE_LEMMA_ONLY_NOT_SENSE_OR_POS,UNREVIEWED_NOT_SEMANTICALLY_APPROVED,NOT_CLEARED,true
lex:A1:false,A1,false,NGSL_1_2_CORE,FALSE,2098,EXACT_HEADWORD,SOURCE_LEMMA_ONLY_NOT_SENSE_OR_POS,UNREVIEWED_NOT_SEMANTICALLY_APPROVED,NOT_CLEARED,true
lex:A1:family,A1,family,NGSL_1_2_CORE,family,172,EXACT_HEADWORD,SOURCE_LEMMA_ONLY_NOT_SENSE_OR_POS,UNREVIEWED_NOT_SEMANTICALLY_APPROVED,NOT_CLEARED,true
lex:A1:famous,A1,famous,NGSL_1_2_CORE,famous,1017,EXACT_HEADWORD,SOURCE_LEMMA_ONLY_NOT_SENSE_OR_POS,UNREVIEWED_NOT_SEMANTICALLY_APPROVED,NOT_CLEARED,true
lex:A1:fantastic,A1,fantastic,NGSL_1_2_CORE,fantastic,2492,EXACT_HEADWORD,SOURCE_LEMMA_ONLY_NOT_SENSE_OR_POS,UNREVIEWED_NOT_SEMANTICALLY_APPROVED,NOT_CLEARED,true
lex:A1:far,A1,far,NGSL_1_2_CORE,far,245,EXACT_HEADWORD,SOURCE_LEMMA_ONLY_NOT_SENSE_OR_POS,UNREVIEWED_NOT_SEMANTICALLY_APPROVED,NOT_CLEARED,true
lex:A1:farm,A1,farm,NGSL_1_2_CORE,farm,1083,EXACT_HEADWORD,SOURCE_LEMMA_ONLY_NOT_SENSE_OR_POS,UNREVIEWED_NOT_SEMANTICALLY_APPROVED,NOT_CLEARED,true
lex:A1:farmer,A1,farmer,NGSL_1_2_CORE,farmer,1580,EXACT_HEADWORD,SOURCE_LEMMA_ONLY_NOT_SENSE_OR_POS,UNREVIEWED_NOT_SEMANTICALLY_APPROVED,NOT_CLEARED,true
lex:A1:fast,A1,fast,NGSL_1_2_CORE,fast,631,EXACT_HEADWORD,SOURCE_LEMMA_ONLY_NOT_SENSE_OR_POS,UNREVIEWED_NOT_SEMANTICALLY_APPROVED,NOT_CLEARED,true
lex:A1:fat,A1,fat,NGSL_1_2_CORE,fat,1654,EXACT_HEADWORD,SOURCE_LEMMA_ONLY_NOT_SENSE_OR_POS,UNREVIEWED_NOT_SEMANTICALLY_APPROVED,NOT_CLEARED,true
lex:A1:father,A1,father,NGSL_1_2_CORE,father,448,EXACT_HEADWORD,SOURCE_LEMMA_ONLY_NOT_SENSE_OR_POS,UNREVIEWED_NOT_SEMANTICALLY_APPROVED,NOT_CLEARED,true
lex:A1:favourite,A1,favourite,NGSL_1_2_CORE,favorite,1000,BRITISH_US_VARIANT,SOURCE_LEMMA_ONLY_NOT_SENSE_OR_POS,UNREVIEWED_NOT_SEMANTICALLY_APPROVED,NOT_CLEARED,true
lex:A1:february,A1,February,NGSL_1_2_SUPPLEMENT,February,,EXACT_HEADWORD,SOURCE_LEMMA_ONLY_NOT_SENSE_OR_POS,UNREVIEWED_NOT_SEMANTICALLY_APPROVED,NOT_CLEARED,true
lex:A1:feel,A1,feel,NGSL_1_2_CORE,feel,117,EXACT_HEADWORD,SOURCE_LEMMA_ONLY_NOT_SENSE_OR_POS,UNREVIEWED_NOT_SEMANTICALLY_APPROVED,NOT_CLEARED,true
lex:A1:feeling,A1,feeling,NGSL_1_2_CORE,feel,117,RELATED_LEMMA_ONLY,SOURCE_LEMMA_ONLY_NOT_SENSE_OR_POS,UNREVIEWED_NOT_SEMANTICALLY_APPROVED,NOT_CLEARED,true
lex:A1:festival,A1,festival,NGSL_1_2_CORE,festival,2215,EXACT_HEADWORD,SOURCE_LEMMA_ONLY_NOT_SENSE_OR_POS,UNREVIEWED_NOT_SEMANTICALLY_APPROVED,NOT_CLEARED,true
lex:A1:few,A1,few,NGSL_1_2_CORE,few,195,EXACT_HEADWORD,SOURCE_LEMMA_ONLY_NOT_SENSE_OR_POS,UNREVIEWED_NOT_SEMANTICALLY_APPROVED,NOT_CLEARED,true
lex:A1:fifteen,A1,fifteen,NGSL_1_2_SUPPLEMENT,fifteen,,EXACT_HEADWORD,SOURCE_LEMMA_ONLY_NOT_SENSE_OR_POS,UNREVIEWED_NOT_SEMANTICALLY_APPROVED,NOT_CLEARED,true
lex:A1:fifth,A1,fifth,NGSL_1_2_SUPPLEMENT,five,,GRAMMATICAL_FORM,SOURCE_LEMMA_ONLY_NOT_SENSE_OR_POS,UNREVIEWED_NOT_SEMANTICALLY_APPROVED,NOT_CLEARED,true
lex:A1:fifty,A1,fifty,NGSL_1_2_SUPPLEMENT,fifty,,EXACT_HEADWORD,SOURCE_LEMMA_ONLY_NOT_SENSE_OR_POS,UNREVIEWED_NOT_SEMANTICALLY_APPROVED,NOT_CLEARED,true
lex:A1:fill,A1,fill,NGSL_1_2_CORE,fill,845,EXACT_HEADWORD,SOURCE_LEMMA_ONLY_NOT_SENSE_OR_POS,UNREVIEWED_NOT_SEMANTICALLY_APPROVED,NOT_CLEARED,true
lex:A1:film,A1,film,NGSL_1_2_CORE,film,433,EXACT_HEADWORD,SOURCE_LEMMA_ONLY_NOT_SENSE_OR_POS,UNREVIEWED_NOT_SEMANTICALLY_APPROVED,NOT_CLEARED,true
lex:A1:final,A1,final,NGSL_1_2_CORE,final,698,EXACT_HEADWORD,SOURCE_LEMMA_ONLY_NOT_SENSE_OR_POS,UNREVIEWED_NOT_SEMANTICALLY_APPROVED,NOT_CLEARED,true
lex:A1:find,A1,find,NGSL_1_2_CORE,find,81,EXACT_HEADWORD,SOURCE_LEMMA_ONLY_NOT_SENSE_OR_POS,UNREVIEWED_NOT_SEMANTICALLY_APPROVED,NOT_CLEARED,true
lex:A1:fine,A1,fine,NGSL_1_2_CORE,fine,597,EXACT_HEADWORD,SOURCE_LEMMA_ONLY_NOT_SENSE_OR_POS,UNREVIEWED_NOT_SEMANTICALLY_APPROVED,NOT_CLEARED,true
lex:A1:finish,A1,finish,NGSL_1_2_CORE,finish,609,EXACT_HEADWORD,SOURCE_LEMMA_ONLY_NOT_SENSE_OR_POS,UNREVIEWED_NOT_SEMANTICALLY_APPROVED,NOT_CLEARED,true
lex:A1:fire,A1,fire,NGSL_1_2_CORE,fire,613,EXACT_HEADWORD,SOURCE_LEMMA_ONLY_NOT_SENSE_OR_POS,UNREVIEWED_NOT_SEMANTICALLY_APPROVED,NOT_CLEARED,true
lex:A1:first,A1,first,NGSL_1_2_CORE,first,78,EXACT_HEADWORD,SOURCE_LEMMA_ONLY_NOT_SENSE_OR_POS,UNREVIEWED_NOT_SEMANTICALLY_APPROVED,NOT_CLEARED,true
lex:A1:fish,A1,fish,NGSL_1_2_CORE,fish,828,EXACT_HEADWORD,SOURCE_LEMMA_ONLY_NOT_SENSE_OR_POS,UNREVIEWED_NOT_SEMANTICALLY_APPROVED,NOT_CLEARED,true
lex:A1:five,A1,five,NGSL_1_2_SUPPLEMENT,five,,EXACT_HEADWORD,SOURCE_LEMMA_ONLY_NOT_SENSE_OR_POS,UNREVIEWED_NOT_SEMANTICALLY_APPROVED,NOT_CLEARED,true
lex:A1:flat,A1,flat,NGSL_1_2_CORE,flat,1077,EXACT_HEADWORD,SOURCE_LEMMA_ONLY_NOT_SENSE_OR_POS,UNREVIEWED_NOT_SEMANTICALLY_APPROVED,NOT_CLEARED,true
lex:A1:flight,A1,flight,NGSL_1_2_CORE,flight,1219,EXACT_HEADWORD,SOURCE_LEMMA_ONLY_NOT_SENSE_OR_POS,UNREVIEWED_NOT_SEMANTICALLY_APPROVED,NOT_CLEARED,true
lex:A1:floor,A1,floor,NGSL_1_2_CORE,floor,751,EXACT_HEADWORD,SOURCE_LEMMA_ONLY_NOT_SENSE_OR_POS,UNREVIEWED_NOT_SEMANTICALLY_APPROVED,NOT_CLEARED,true
lex:A1:flower,A1,flower,NGSL_1_2_CORE,flower,1301,EXACT_HEADWORD,SOURCE_LEMMA_ONLY_NOT_SENSE_OR_POS,UNREVIEWED_NOT_SEMANTICALLY_APPROVED,NOT_CLEARED,true
lex:A1:fly,A1,fly,NGSL_1_2_CORE,fly,881,EXACT_HEADWORD,SOURCE_LEMMA_ONLY_NOT_SENSE_OR_POS,UNREVIEWED_NOT_SEMANTICALLY_APPROVED,NOT_CLEARED,true
lex:A1:follow,A1,follow,NGSL_1_2_CORE,follow,188,EXACT_HEADWORD,SOURCE_LEMMA_ONLY_NOT_SENSE_OR_POS,UNREVIEWED_NOT_SEMANTICALLY_APPROVED,NOT_CLEARED,true
lex:A1:food,A1,food,NGSL_1_2_CORE,food,367,EXACT_HEADWORD,SOURCE_LEMMA_ONLY_NOT_SENSE_OR_POS,UNREVIEWED_NOT_SEMANTICALLY_APPROVED,NOT_CLEARED,true
lex:A1:foot,A1,foot,NGSL_1_2_CORE,foot,576,EXACT_HEADWORD,SOURCE_LEMMA_ONLY_NOT_SENSE_OR_POS,UNREVIEWED_NOT_SEMANTICALLY_APPROVED,NOT_CLEARED,true
lex:A1:football,A1,football,NGSL_1_2_CORE,football,1217,EXACT_HEADWORD,SOURCE_LEMMA_ONLY_NOT_SENSE_OR_POS,UNREVIEWED_NOT_SEMANTICALLY_APPROVED,NOT_CLEARED,true
lex:A1:for,A1,for,NGSL_1_2_CORE,for,12,EXACT_HEADWORD,SOURCE_LEMMA_ONLY_NOT_SENSE_OR_POS,UNREVIEWED_NOT_SEMANTICALLY_APPROVED,NOT_CLEARED,true
lex:A1:forget,A1,forget,NGSL_1_2_CORE,forget,651,EXACT_HEADWORD,SOURCE_LEMMA_ONLY_NOT_SENSE_OR_POS,UNREVIEWED_NOT_SEMANTICALLY_APPROVED,NOT_CLEARED,true
lex:A1:form,A1,form,NGSL_1_2_CORE,form,257,EXACT_HEADWORD,SOURCE_LEMMA_ONLY_NOT_SENSE_OR_POS,UNREVIEWED_NOT_SEMANTICALLY_APPROVED,NOT_CLEARED,true
lex:A1:forty,A1,forty,NGSL_1_2_SUPPLEMENT,forty,,EXACT_HEADWORD,SOURCE_LEMMA_ONLY_NOT_SENSE_OR_POS,UNREVIEWED_NOT_SEMANTICALLY_APPROVED,NOT_CLEARED,true
lex:A1:four,A1,four,NGSL_1_2_SUPPLEMENT,four,,EXACT_HEADWORD,SOURCE_LEMMA_ONLY_NOT_SENSE_OR_POS,UNREVIEWED_NOT_SEMANTICALLY_APPROVED,NOT_CLEARED,true
lex:A1:fourteen,A1,fourteen,NGSL_1_2_SUPPLEMENT,fourteen,,EXACT_HEADWORD,SOURCE_LEMMA_ONLY_NOT_SENSE_OR_POS,UNREVIEWED_NOT_SEMANTICALLY_APPROVED,NOT_CLEARED,true
lex:A1:fourth,A1,fourth,NGSL_1_2_SUPPLEMENT,four,,GRAMMATICAL_FORM,SOURCE_LEMMA_ONLY_NOT_SENSE_OR_POS,UNREVIEWED_NOT_SEMANTICALLY_APPROVED,NOT_CLEARED,true
lex:A1:free,A1,free,NGSL_1_2_CORE,free,395,EXACT_HEADWORD,SOURCE_LEMMA_ONLY_NOT_SENSE_OR_POS,UNREVIEWED_NOT_SEMANTICALLY_APPROVED,NOT_CLEARED,true
lex:A1:friday,A1,Friday,NGSL_1_2_SUPPLEMENT,Friday,,EXACT_HEADWORD,SOURCE_LEMMA_ONLY_NOT_SENSE_OR_POS,UNREVIEWED_NOT_SEMANTICALLY_APPROVED,NOT_CLEARED,true
lex:A1:friend,A1,friend,NGSL_1_2_CORE,friend,208,EXACT_HEADWORD,SOURCE_LEMMA_ONLY_NOT_SENSE_OR_POS,UNREVIEWED_NOT_SEMANTICALLY_APPROVED,NOT_CLEARED,true
lex:A1:friendly,A1,friendly,NGSL_1_2_CORE,friendly,1538,EXACT_HEADWORD,SOURCE_LEMMA_ONLY_NOT_SENSE_OR_POS,UNREVIEWED_NOT_SEMANTICALLY_APPROVED,NOT_CLEARED,true
lex:A1:from,A1,from,NGSL_1_2_CORE,from,26,EXACT_HEADWORD,SOURCE_LEMMA_ONLY_NOT_SENSE_OR_POS,UNREVIEWED_NOT_SEMANTICALLY_APPROVED,NOT_CLEARED,true
lex:A1:front,A1,front,NGSL_1_2_CORE,front,488,EXACT_HEADWORD,SOURCE_LEMMA_ONLY_NOT_SENSE_OR_POS,UNREVIEWED_NOT_SEMANTICALLY_APPROVED,NOT_CLEARED,true
lex:A1:fruit,A1,fruit,NGSL_1_2_CORE,fruit,1640,EXACT_HEADWORD,SOURCE_LEMMA_ONLY_NOT_SENSE_OR_POS,UNREVIEWED_NOT_SEMANTICALLY_APPROVED,NOT_CLEARED,true
lex:A1:full,A1,full,NGSL_1_2_CORE,full,410,EXACT_HEADWORD,SOURCE_LEMMA_ONLY_NOT_SENSE_OR_POS,UNREVIEWED_NOT_SEMANTICALLY_APPROVED,NOT_CLEARED,true
lex:A1:fun,A1,fun,NGSL_1_2_CORE,fun,902,EXACT_HEADWORD,SOURCE_LEMMA_ONLY_NOT_SENSE_OR_POS,UNREVIEWED_NOT_SEMANTICALLY_APPROVED,NOT_CLEARED,true
lex:A1:funny,A1,funny,NGSL_1_2_CORE,funny,1237,EXACT_HEADWORD,SOURCE_LEMMA_ONLY_NOT_SENSE_OR_POS,UNREVIEWED_NOT_SEMANTICALLY_APPROVED,NOT_CLEARED,true
lex:A1:future,A1,future,NGSL_1_2_CORE,future,370,EXACT_HEADWORD,SOURCE_LEMMA_ONLY_NOT_SENSE_OR_POS,UNREVIEWED_NOT_SEMANTICALLY_APPROVED,NOT_CLEARED,true
lex:A1:game,A1,game,NGSL_1_2_CORE,game,393,EXACT_HEADWORD,SOURCE_LEMMA_ONLY_NOT_SENSE_OR_POS,UNREVIEWED_NOT_SEMANTICALLY_APPROVED,NOT_CLEARED,true
lex:A1:garden,A1,garden,NGSL_1_2_CORE,garden,972,EXACT_HEADWORD,SOURCE_LEMMA_ONLY_NOT_SENSE_OR_POS,UNREVIEWED_NOT_SEMANTICALLY_APPROVED,NOT_CLEARED,true
lex:A1:geography,A1,geography,NGSL_SFI_31K_EXTENSION,geography,4336,EXACT_HEADWORD,SOURCE_LEMMA_ONLY_NOT_SENSE_OR_POS,UNREVIEWED_NOT_SEMANTICALLY_APPROVED,NOT_CLEARED,true
lex:A1:get,A1,get,NGSL_1_2_CORE,get,43,EXACT_HEADWORD,SOURCE_LEMMA_ONLY_NOT_SENSE_OR_POS,UNREVIEWED_NOT_SEMANTICALLY_APPROVED,NOT_CLEARED,true
lex:A1:girl,A1,girl,NGSL_1_2_CORE,girl,463,EXACT_HEADWORD,SOURCE_LEMMA_ONLY_NOT_SENSE_OR_POS,UNREVIEWED_NOT_SEMANTICALLY_APPROVED,NOT_CLEARED,true
lex:A1:girlfriend,A1,girlfriend,NGSL_SFI_31K_EXTENSION,girlfriend,2948,EXACT_HEADWORD,SOURCE_LEMMA_ONLY_NOT_SENSE_OR_POS,UNREVIEWED_NOT_SEMANTICALLY_APPROVED,NOT_CLEARED,true
lex:A1:give,A1,give,NGSL_1_2_CORE,give,77,EXACT_HEADWORD,SOURCE_LEMMA_ONLY_NOT_SENSE_OR_POS,UNREVIEWED_NOT_SEMANTICALLY_APPROVED,NOT_CLEARED,true
lex:A1:glass,A1,glass,NGSL_1_2_CORE,glass,1042,EXACT_HEADWORD,SOURCE_LEMMA_ONLY_NOT_SENSE_OR_POS,UNREVIEWED_NOT_SEMANTICALLY_APPROVED,NOT_CLEARED,true
lex:A1:go,A1,go,NGSL_1_2_CORE,go,31,EXACT_HEADWORD,SOURCE_LEMMA_ONLY_NOT_SENSE_OR_POS,UNREVIEWED_NOT_SEMANTICALLY_APPROVED,NOT_CLEARED,true
lex:A1:good,A1,good,NGSL_1_2_CORE,good,56,EXACT_HEADWORD,SOURCE_LEMMA_ONLY_NOT_SENSE_OR_POS,UNREVIEWED_NOT_SEMANTICALLY_APPROVED,NOT_CLEARED,true
lex:A1:goodbye,A1,goodbye,NGSL_SFI_31K_EXTENSION,goodbye,3806,EXACT_HEADWORD,SOURCE_LEMMA_ONLY_NOT_SENSE_OR_POS,UNREVIEWED_NOT_SEMANTICALLY_APPROVED,NOT_CLEARED,true
lex:A1:grandfather,A1,grandfather,NGSL_SFI_31K_EXTENSION,grandfather,3124,EXACT_HEADWORD,SOURCE_LEMMA_ONLY_NOT_SENSE_OR_POS,UNREVIEWED_NOT_SEMANTICALLY_APPROVED,NOT_CLEARED,true
lex:A1:grandmother,A1,grandmother,NGSL_1_2_CORE,grandmother,2604,EXACT_HEADWORD,SOURCE_LEMMA_ONLY_NOT_SENSE_OR_POS,UNREVIEWED_NOT_SEMANTICALLY_APPROVED,NOT_CLEARED,true
lex:A1:grandparent,A1,grandparent,NGSL_SFI_31K_EXTENSION,grandparent,3669,EXACT_HEADWORD,SOURCE_LEMMA_ONLY_NOT_SENSE_OR_POS,UNREVIEWED_NOT_SEMANTICALLY_APPROVED,NOT_CLEARED,true
lex:A1:great,A1,great,NGSL_1_2_CORE,great,124,EXACT_HEADWORD,SOURCE_LEMMA_ONLY_NOT_SENSE_OR_POS,UNREVIEWED_NOT_SEMANTICALLY_APPROVED,NOT_CLEARED,true
lex:A1:green,A1,green,NGSL_1_2_CORE,green,940,EXACT_HEADWORD,SOURCE_LEMMA_ONLY_NOT_SENSE_OR_POS,UNREVIEWED_NOT_SEMANTICALLY_APPROVED,NOT_CLEARED,true
lex:A1:grey,A1,grey,NGSL_1_2_CORE,gray,1849,BRITISH_US_VARIANT,SOURCE_LEMMA_ONLY_NOT_SENSE_OR_POS,UNREVIEWED_NOT_SEMANTICALLY_APPROVED,NOT_CLEARED,true
lex:A1:group,A1,group,NGSL_1_2_CORE,group,167,EXACT_HEADWORD,SOURCE_LEMMA_ONLY_NOT_SENSE_OR_POS,UNREVIEWED_NOT_SEMANTICALLY_APPROVED,NOT_CLEARED,true
lex:A1:grow,A1,grow,NGSL_1_2_CORE,grow,335,EXACT_HEADWORD,SOURCE_LEMMA_ONLY_NOT_SENSE_OR_POS,UNREVIEWED_NOT_SEMANTICALLY_APPROVED,NOT_CLEARED,true
lex:A1:guess,A1,guess,NGSL_1_2_CORE,guess,901,EXACT_HEADWORD,SOURCE_LEMMA_ONLY_NOT_SENSE_OR_POS,UNREVIEWED_NOT_SEMANTICALLY_APPROVED,NOT_CLEARED,true
lex:A1:guitar,A1,guitar,NGSL_1_2_CORE,guitar,2589,EXACT_HEADWORD,SOURCE_LEMMA_ONLY_NOT_SENSE_OR_POS,UNREVIEWED_NOT_SEMANTICALLY_APPROVED,NOT_CLEARED,true
lex:A1:gym,A1,gym,NGSL_SFI_31K_EXTENSION,gym,3607,EXACT_HEADWORD,SOURCE_LEMMA_ONLY_NOT_SENSE_OR_POS,UNREVIEWED_NOT_SEMANTICALLY_APPROVED,NOT_CLEARED,true
lex:A1:hair,A1,hair,NGSL_1_2_CORE,hair,913,EXACT_HEADWORD,SOURCE_LEMMA_ONLY_NOT_SENSE_OR_POS,UNREVIEWED_NOT_SEMANTICALLY_APPROVED,NOT_CLEARED,true
lex:A1:half,A1,half,NGSL_1_2_CORE,half,365,EXACT_HEADWORD,SOURCE_LEMMA_ONLY_NOT_SENSE_OR_POS,UNREVIEWED_NOT_SEMANTICALLY_APPROVED,NOT_CLEARED,true
lex:A1:hand,A1,hand,NGSL_1_2_CORE,hand,198,EXACT_HEADWORD,SOURCE_LEMMA_ONLY_NOT_SENSE_OR_POS,UNREVIEWED_NOT_SEMANTICALLY_APPROVED,NOT_CLEARED,true
lex:A1:happen,A1,happen,NGSL_1_2_CORE,happen,236,EXACT_HEADWORD,SOURCE_LEMMA_ONLY_NOT_SENSE_OR_POS,UNREVIEWED_NOT_SEMANTICALLY_APPROVED,NOT_CLEARED,true
lex:A1:happy,A1,happy,NGSL_1_2_CORE,happy,513,EXACT_HEADWORD,SOURCE_LEMMA_ONLY_NOT_SENSE_OR_POS,UNREVIEWED_NOT_SEMANTICALLY_APPROVED,NOT_CLEARED,true
lex:A1:hard,A1,hard,NGSL_1_2_CORE,hard,298,EXACT_HEADWORD,SOURCE_LEMMA_ONLY_NOT_SENSE_OR_POS,UNREVIEWED_NOT_SEMANTICALLY_APPROVED,NOT_CLEARED,true
lex:A1:hat,A1,hat,NGSL_1_2_CORE,hat,1750,EXACT_HEADWORD,SOURCE_LEMMA_ONLY_NOT_SENSE_OR_POS,UNREVIEWED_NOT_SEMANTICALLY_APPROVED,NOT_CLEARED,true
lex:A1:hate,A1,hate,NGSL_1_2_CORE,hate,1380,EXACT_HEADWORD,SOURCE_LEMMA_ONLY_NOT_SENSE_OR_POS,UNREVIEWED_NOT_SEMANTICALLY_APPROVED,NOT_CLEARED,true
lex:A1:have,A1,have,NGSL_1_2_CORE,have,8,EXACT_HEADWORD,SOURCE_LEMMA_ONLY_NOT_SENSE_OR_POS,UNREVIEWED_NOT_SEMANTICALLY_APPROVED,NOT_CLEARED,true
lex:A1:have-to,A1,have to,NGSL_1_2_CORE,have,8,PHRASE_COMPONENT_ONLY,SOURCE_LEMMA_ONLY_NOT_SENSE_OR_POS,UNREVIEWED_NOT_SEMANTICALLY_APPROVED,NOT_CLEARED,true
lex:A1:he,A1,he,NGSL_1_2_CORE,he,11,EXACT_HEADWORD,SOURCE_LEMMA_ONLY_NOT_SENSE_OR_POS,UNREVIEWED_NOT_SEMANTICALLY_APPROVED,NOT_CLEARED,true
lex:A1:head,A1,head,NGSL_1_2_CORE,head,259,EXACT_HEADWORD,SOURCE_LEMMA_ONLY_NOT_SENSE_OR_POS,UNREVIEWED_NOT_SEMANTICALLY_APPROVED,NOT_CLEARED,true
lex:A1:health,A1,health,NGSL_1_2_CORE,health,475,EXACT_HEADWORD,SOURCE_LEMMA_ONLY_NOT_SENSE_OR_POS,UNREVIEWED_NOT_SEMANTICALLY_APPROVED,NOT_CLEARED,true
lex:A1:healthy,A1,healthy,NGSL_1_2_CORE,healthy,1362,EXACT_HEADWORD,SOURCE_LEMMA_ONLY_NOT_SENSE_OR_POS,UNREVIEWED_NOT_SEMANTICALLY_APPROVED,NOT_CLEARED,true
lex:A1:hear,A1,hear,NGSL_1_2_CORE,hear,178,EXACT_HEADWORD,SOURCE_LEMMA_ONLY_NOT_SENSE_OR_POS,UNREVIEWED_NOT_SEMANTICALLY_APPROVED,NOT_CLEARED,true
lex:A1:hello,A1,hello,NGSL_1_2_CORE,hello,2803,EXACT_HEADWORD,SOURCE_LEMMA_ONLY_NOT_SENSE_OR_POS,UNREVIEWED_NOT_SEMANTICALLY_APPROVED,NOT_CLEARED,true
lex:A1:help,A1,help,NGSL_1_2_CORE,help,133,EXACT_HEADWORD,SOURCE_LEMMA_ONLY_NOT_SENSE_OR_POS,UNREVIEWED_NOT_SEMANTICALLY_APPROVED,NOT_CLEARED,true
lex:A1:her,A1,her,NGSL_1_2_CORE,she,24,GRAMMATICAL_FORM,SOURCE_LEMMA_ONLY_NOT_SENSE_OR_POS,UNREVIEWED_NOT_SEMANTICALLY_APPROVED,NOT_CLEARED,true
lex:A1:here,A1,here,NGSL_1_2_CORE,here,98,EXACT_HEADWORD,SOURCE_LEMMA_ONLY_NOT_SENSE_OR_POS,UNREVIEWED_NOT_SEMANTICALLY_APPROVED,NOT_CLEARED,true
lex:A1:hey,A1,hey,NGSL_SFI_31K_EXTENSION,hey,2418,EXACT_HEADWORD,SOURCE_LEMMA_ONLY_NOT_SENSE_OR_POS,UNREVIEWED_NOT_SEMANTICALLY_APPROVED,NOT_CLEARED,true
lex:A1:hi,A1,hi,NGSL_1_2_CORE,hi,1826,EXACT_HEADWORD,SOURCE_LEMMA_ONLY_NOT_SENSE_OR_POS,UNREVIEWED_NOT_SEMANTICALLY_APPROVED,NOT_CLEARED,true
lex:A1:high,A1,high,NGSL_1_2_CORE,high,148,EXACT_HEADWORD,SOURCE_LEMMA_ONLY_NOT_SENSE_OR_POS,UNREVIEWED_NOT_SEMANTICALLY_APPROVED,NOT_CLEARED,true
lex:A1:him,A1,him,NGSL_1_2_CORE,he,11,GRAMMATICAL_FORM,SOURCE_LEMMA_ONLY_NOT_SENSE_OR_POS,UNREVIEWED_NOT_SEMANTICALLY_APPROVED,NOT_CLEARED,true
lex:A1:his,A1,his,NGSL_1_2_CORE,he,11,GRAMMATICAL_FORM,SOURCE_LEMMA_ONLY_NOT_SENSE_OR_POS,UNREVIEWED_NOT_SEMANTICALLY_APPROVED,NOT_CLEARED,true
lex:A1:history,A1,history,NGSL_1_2_CORE,history,385,EXACT_HEADWORD,SOURCE_LEMMA_ONLY_NOT_SENSE_OR_POS,UNREVIEWED_NOT_SEMANTICALLY_APPROVED,NOT_CLEARED,true
lex:A1:hobby,A1,hobby,NGSL_SFI_31K_EXTENSION,hobby,3525,EXACT_HEADWORD,SOURCE_LEMMA_ONLY_NOT_SENSE_OR_POS,UNREVIEWED_NOT_SEMANTICALLY_APPROVED,NOT_CLEARED,true
lex:A1:holiday,A1,holiday,NGSL_1_2_CORE,holiday,742,EXACT_HEADWORD,SOURCE_LEMMA_ONLY_NOT_SENSE_OR_POS,UNREVIEWED_NOT_SEMANTICALLY_APPROVED,NOT_CLEARED,true
lex:A1:home,A1,home,NGSL_1_2_CORE,home,161,EXACT_HEADWORD,SOURCE_LEMMA_ONLY_NOT_SENSE_OR_POS,UNREVIEWED_NOT_SEMANTICALLY_APPROVED,NOT_CLEARED,true
lex:A1:homework,A1,homework,NGSL_SFI_31K_EXTENSION,homework,3361,EXACT_HEADWORD,SOURCE_LEMMA_ONLY_NOT_SENSE_OR_POS,UNREVIEWED_NOT_SEMANTICALLY_APPROVED,NOT_CLEARED,true
lex:A1:hope,A1,hope,NGSL_1_2_CORE,hope,250,EXACT_HEADWORD,SOURCE_LEMMA_ONLY_NOT_SENSE_OR_POS,UNREVIEWED_NOT_SEMANTICALLY_APPROVED,NOT_CLEARED,true
lex:A1:horse,A1,horse,NGSL_1_2_CORE,horse,1139,EXACT_HEADWORD,SOURCE_LEMMA_ONLY_NOT_SENSE_OR_POS,UNREVIEWED_NOT_SEMANTICALLY_APPROVED,NOT_CLEARED,true
lex:A1:hospital,A1,hospital,NGSL_1_2_CORE,hospital,782,EXACT_HEADWORD,SOURCE_LEMMA_ONLY_NOT_SENSE_OR_POS,UNREVIEWED_NOT_SEMANTICALLY_APPROVED,NOT_CLEARED,true
lex:A1:hot,A1,hot,NGSL_1_2_CORE,hot,885,EXACT_HEADWORD,SOURCE_LEMMA_ONLY_NOT_SENSE_OR_POS,UNREVIEWED_NOT_SEMANTICALLY_APPROVED,NOT_CLEARED,true
lex:A1:hotel,A1,hotel,NGSL_1_2_CORE,hotel,759,EXACT_HEADWORD,SOURCE_LEMMA_ONLY_NOT_SENSE_OR_POS,UNREVIEWED_NOT_SEMANTICALLY_APPROVED,NOT_CLEARED,true
lex:A1:hour,A1,hour,NGSL_1_2_CORE,hour,247,EXACT_HEADWORD,SOURCE_LEMMA_ONLY_NOT_SENSE_OR_POS,UNREVIEWED_NOT_SEMANTICALLY_APPROVED,NOT_CLEARED,true
lex:A1:house,A1,house,NGSL_1_2_CORE,house,165,EXACT_HEADWORD,SOURCE_LEMMA_ONLY_NOT_SENSE_OR_POS,UNREVIEWED_NOT_SEMANTICALLY_APPROVED,NOT_CLEARED,true
lex:A1:how,A1,how,NGSL_1_2_CORE,how,93,EXACT_HEADWORD,SOURCE_LEMMA_ONLY_NOT_SENSE_OR_POS,UNREVIEWED_NOT_SEMANTICALLY_APPROVED,NOT_CLEARED,true
lex:A1:however,A1,however,NGSL_1_2_CORE,however,203,EXACT_HEADWORD,SOURCE_LEMMA_ONLY_NOT_SENSE_OR_POS,UNREVIEWED_NOT_SEMANTICALLY_APPROVED,NOT_CLEARED,true
lex:A1:hundred,A1,hundred,NGSL_1_2_SUPPLEMENT,hundred,,EXACT_HEADWORD,SOURCE_LEMMA_ONLY_NOT_SENSE_OR_POS,UNREVIEWED_NOT_SEMANTICALLY_APPROVED,NOT_CLEARED,true
lex:A1:hungry,A1,hungry,NGSL_SFI_31K_EXTENSION,hungry,3138,EXACT_HEADWORD,SOURCE_LEMMA_ONLY_NOT_SENSE_OR_POS,UNREVIEWED_NOT_SEMANTICALLY_APPROVED,NOT_CLEARED,true
lex:A1:husband,A1,husband,NGSL_1_2_CORE,husband,801,EXACT_HEADWORD,SOURCE_LEMMA_ONLY_NOT_SENSE_OR_POS,UNREVIEWED_NOT_SEMANTICALLY_APPROVED,NOT_CLEARED,true
lex:A1:i,A1,I,NGSL_1_2_CORE,I,20,EXACT_HEADWORD,SOURCE_LEMMA_ONLY_NOT_SENSE_OR_POS,UNREVIEWED_NOT_SEMANTICALLY_APPROVED,NOT_CLEARED,true
lex:A1:ice,A1,ice,NGSL_1_2_CORE,ice,1554,EXACT_HEADWORD,SOURCE_LEMMA_ONLY_NOT_SENSE_OR_POS,UNREVIEWED_NOT_SEMANTICALLY_APPROVED,NOT_CLEARED,true
lex:A1:ice-cream,A1,ice cream,NGSL_1_2_CORE,ice,1554,PHRASE_COMPONENT_ONLY,SOURCE_LEMMA_ONLY_NOT_SENSE_OR_POS,UNREVIEWED_NOT_SEMANTICALLY_APPROVED,NOT_CLEARED,true
lex:A1:idea,A1,idea,NGSL_1_2_CORE,idea,251,EXACT_HEADWORD,SOURCE_LEMMA_ONLY_NOT_SENSE_OR_POS,UNREVIEWED_NOT_SEMANTICALLY_APPROVED,NOT_CLEARED,true
lex:A1:if,A1,if,NGSL_1_2_CORE,if,34,EXACT_HEADWORD,SOURCE_LEMMA_ONLY_NOT_SENSE_OR_POS,UNREVIEWED_NOT_SEMANTICALLY_APPROVED,NOT_CLEARED,true
lex:A1:imagine,A1,imagine,NGSL_1_2_CORE,imagine,924,EXACT_HEADWORD,SOURCE_LEMMA_ONLY_NOT_SENSE_OR_POS,UNREVIEWED_NOT_SEMANTICALLY_APPROVED,NOT_CLEARED,true
lex:A1:important,A1,important,NGSL_1_2_CORE,important,190,EXACT_HEADWORD,SOURCE_LEMMA_ONLY_NOT_SENSE_OR_POS,UNREVIEWED_NOT_SEMANTICALLY_APPROVED,NOT_CLEARED,true
lex:A1:improve,A1,improve,NGSL_1_2_CORE,improve,508,EXACT_HEADWORD,SOURCE_LEMMA_ONLY_NOT_SENSE_OR_POS,UNREVIEWED_NOT_SEMANTICALLY_APPROVED,NOT_CLEARED,true
lex:A1:in,A1,in,NGSL_1_2_CORE,in,7,EXACT_HEADWORD,SOURCE_LEMMA_ONLY_NOT_SENSE_OR_POS,UNREVIEWED_NOT_SEMANTICALLY_APPROVED,NOT_CLEARED,true
lex:A1:include,A1,include,NGSL_1_2_CORE,include,163,EXACT_HEADWORD,SOURCE_LEMMA_ONLY_NOT_SENSE_OR_POS,UNREVIEWED_NOT_SEMANTICALLY_APPROVED,NOT_CLEARED,true
lex:A1:information,A1,information,NGSL_1_2_CORE,information,213,EXACT_HEADWORD,SOURCE_LEMMA_ONLY_NOT_SENSE_OR_POS,UNREVIEWED_NOT_SEMANTICALLY_APPROVED,NOT_CLEARED,true
lex:A1:interest,A1,interest,NGSL_1_2_CORE,interest,142,EXACT_HEADWORD,SOURCE_LEMMA_ONLY_NOT_SENSE_OR_POS,UNREVIEWED_NOT_SEMANTICALLY_APPROVED,NOT_CLEARED,true
lex:A1:interested,A1,interested,NGSL_1_2_CORE,interest,142,RELATED_LEMMA_ONLY,SOURCE_LEMMA_ONLY_NOT_SENSE_OR_POS,UNREVIEWED_NOT_SEMANTICALLY_APPROVED,NOT_CLEARED,true
lex:A1:interesting,A1,interesting,NGSL_1_2_CORE,interest,142,RELATED_LEMMA_ONLY,SOURCE_LEMMA_ONLY_NOT_SENSE_OR_POS,UNREVIEWED_NOT_SEMANTICALLY_APPROVED,NOT_CLEARED,true
lex:A1:internet,A1,internet,NGSL_SFI_31K_EXTENSION,internet,16474,EXACT_HEADWORD,SOURCE_LEMMA_ONLY_NOT_SENSE_OR_POS,UNREVIEWED_NOT_SEMANTICALLY_APPROVED,NOT_CLEARED,true
lex:A1:interview,A1,interview,NGSL_1_2_CORE,interview,784,EXACT_HEADWORD,SOURCE_LEMMA_ONLY_NOT_SENSE_OR_POS,UNREVIEWED_NOT_SEMANTICALLY_APPROVED,NOT_CLEARED,true
lex:A1:into,A1,into,NGSL_1_2_CORE,into,73,EXACT_HEADWORD,SOURCE_LEMMA_ONLY_NOT_SENSE_OR_POS,UNREVIEWED_NOT_SEMANTICALLY_APPROVED,NOT_CLEARED,true
lex:A1:introduce,A1,introduce,NGSL_1_2_CORE,introduce,772,EXACT_HEADWORD,SOURCE_LEMMA_ONLY_NOT_SENSE_OR_POS,UNREVIEWED_NOT_SEMANTICALLY_APPROVED,NOT_CLEARED,true
lex:A1:island,A1,island,NGSL_1_2_CORE,island,1214,EXACT_HEADWORD,SOURCE_LEMMA_ONLY_NOT_SENSE_OR_POS,UNREVIEWED_NOT_SEMANTICALLY_APPROVED,NOT_CLEARED,true
lex:A1:it,A1,it,NGSL_1_2_CORE,it,9,EXACT_HEADWORD,SOURCE_LEMMA_ONLY_NOT_SENSE_OR_POS,UNREVIEWED_NOT_SEMANTICALLY_APPROVED,NOT_CLEARED,true
lex:A1:its,A1,its,NGSL_1_2_CORE,it,9,GRAMMATICAL_FORM,SOURCE_LEMMA_ONLY_NOT_SENSE_OR_POS,UNREVIEWED_NOT_SEMANTICALLY_APPROVED,NOT_CLEARED,true
lex:A1:jacket,A1,jacket,NGSL_1_2_CORE,jacket,2253,EXACT_HEADWORD,SOURCE_LEMMA_ONLY_NOT_SENSE_OR_POS,UNREVIEWED_NOT_SEMANTICALLY_APPROVED,NOT_CLEARED,true
lex:A1:january,A1,January,NGSL_1_2_SUPPLEMENT,January,,EXACT_HEADWORD,SOURCE_LEMMA_ONLY_NOT_SENSE_OR_POS,UNREVIEWED_NOT_SEMANTICALLY_APPROVED,NOT_CLEARED,true
lex:A1:jeans,A1,jeans,NGSL_SFI_31K_EXTENSION,jeans,2664,EXACT_HEADWORD,SOURCE_LEMMA_ONLY_NOT_SENSE_OR_POS,UNREVIEWED_NOT_SEMANTICALLY_APPROVED,NOT_CLEARED,true
lex:A1:job,A1,job,NGSL_1_2_CORE,job,231,EXACT_HEADWORD,SOURCE_LEMMA_ONLY_NOT_SENSE_OR_POS,UNREVIEWED_NOT_SEMANTICALLY_APPROVED,NOT_CLEARED,true
lex:A1:join,A1,join,NGSL_1_2_CORE,join,469,EXACT_HEADWORD,SOURCE_LEMMA_ONLY_NOT_SENSE_OR_POS,UNREVIEWED_NOT_SEMANTICALLY_APPROVED,NOT_CLEARED,true
lex:A1:journey,A1,journey,NGSL_1_2_CORE,journey,1621,EXACT_HEADWORD,SOURCE_LEMMA_ONLY_NOT_SENSE_OR_POS,UNREVIEWED_NOT_SEMANTICALLY_APPROVED,NOT_CLEARED,true
lex:A1:juice,A1,juice,NGSL_SFI_31K_EXTENSION,juice,3062,EXACT_HEADWORD,SOURCE_LEMMA_ONLY_NOT_SENSE_OR_POS,UNREVIEWED_NOT_SEMANTICALLY_APPROVED,NOT_CLEARED,true
lex:A1:july,A1,July,NGSL_1_2_SUPPLEMENT,July,,EXACT_HEADWORD,SOURCE_LEMMA_ONLY_NOT_SENSE_OR_POS,UNREVIEWED_NOT_SEMANTICALLY_APPROVED,NOT_CLEARED,true
lex:A1:june,A1,June,NGSL_1_2_SUPPLEMENT,June,,EXACT_HEADWORD,SOURCE_LEMMA_ONLY_NOT_SENSE_OR_POS,UNREVIEWED_NOT_SEMANTICALLY_APPROVED,NOT_CLEARED,true
lex:A1:just,A1,just,NGSL_1_2_CORE,just,64,EXACT_HEADWORD,SOURCE_LEMMA_ONLY_NOT_SENSE_OR_POS,UNREVIEWED_NOT_SEMANTICALLY_APPROVED,NOT_CLEARED,true
lex:A1:keep,A1,keep,NGSL_1_2_CORE,keep,177,EXACT_HEADWORD,SOURCE_LEMMA_ONLY_NOT_SENSE_OR_POS,UNREVIEWED_NOT_SEMANTICALLY_APPROVED,NOT_CLEARED,true
lex:A1:key,A1,key,NGSL_1_2_CORE,key,659,EXACT_HEADWORD,SOURCE_LEMMA_ONLY_NOT_SENSE_OR_POS,UNREVIEWED_NOT_SEMANTICALLY_APPROVED,NOT_CLEARED,true
lex:A1:kilometre,A1,kilometre,NGSL_SFI_31K_EXTENSION,kilometer,3270,BRITISH_US_VARIANT,SOURCE_LEMMA_ONLY_NOT_SENSE_OR_POS,UNREVIEWED_NOT_SEMANTICALLY_APPROVED,NOT_CLEARED,true
lex:A1:kind-type,A1,kind (type),NGSL_1_2_CORE,kind,176,EXACT_HEADWORD,SOURCE_LEMMA_ONLY_NOT_SENSE_OR_POS,UNREVIEWED_NOT_SEMANTICALLY_APPROVED,NOT_CLEARED,true
lex:A1:kitchen,A1,kitchen,NGSL_1_2_CORE,kitchen,1307,EXACT_HEADWORD,SOURCE_LEMMA_ONLY_NOT_SENSE_OR_POS,UNREVIEWED_NOT_SEMANTICALLY_APPROVED,NOT_CLEARED,true
lex:A1:know,A1,know,NGSL_1_2_CORE,know,41,EXACT_HEADWORD,SOURCE_LEMMA_ONLY_NOT_SENSE_OR_POS,UNREVIEWED_NOT_SEMANTICALLY_APPROVED,NOT_CLEARED,true
lex:A1:land,A1,land,NGSL_1_2_CORE,land,497,EXACT_HEADWORD,SOURCE_LEMMA_ONLY_NOT_SENSE_OR_POS,UNREVIEWED_NOT_SEMANTICALLY_APPROVED,NOT_CLEARED,true
lex:A1:language,A1,language,NGSL_1_2_CORE,language,360,EXACT_HEADWORD,SOURCE_LEMMA_ONLY_NOT_SENSE_OR_POS,UNREVIEWED_NOT_SEMANTICALLY_APPROVED,NOT_CLEARED,true
lex:A1:large,A1,large,NGSL_1_2_CORE,large,210,EXACT_HEADWORD,SOURCE_LEMMA_ONLY_NOT_SENSE_OR_POS,UNREVIEWED_NOT_SEMANTICALLY_APPROVED,NOT_CLEARED,true
lex:A1:last-final,A1,last¹ (final),NGSL_1_2_CORE,last,101,EXACT_HEADWORD,SOURCE_LEMMA_ONLY_NOT_SENSE_OR_POS,UNREVIEWED_NOT_SEMANTICALLY_APPROVED,NOT_CLEARED,true
lex:A1:late,A1,late,NGSL_1_2_CORE,late,147,EXACT_HEADWORD,SOURCE_LEMMA_ONLY_NOT_SENSE_OR_POS,UNREVIEWED_NOT_SEMANTICALLY_APPROVED,NOT_CLEARED,true
lex:A1:later,A1,later,NGSL_1_2_CORE,late,147,RELATED_LEMMA_ONLY,SOURCE_LEMMA_ONLY_NOT_SENSE_OR_POS,UNREVIEWED_NOT_SEMANTICALLY_APPROVED,NOT_CLEARED,true
lex:A1:laugh,A1,laugh,NGSL_1_2_CORE,laugh,620,EXACT_HEADWORD,SOURCE_LEMMA_ONLY_NOT_SENSE_OR_POS,UNREVIEWED_NOT_SEMANTICALLY_APPROVED,NOT_CLEARED,true
lex:A1:learn,A1,learn,NGSL_1_2_CORE,learn,261,EXACT_HEADWORD,SOURCE_LEMMA_ONLY_NOT_SENSE_OR_POS,UNREVIEWED_NOT_SEMANTICALLY_APPROVED,NOT_CLEARED,true
lex:A1:leave,A1,leave,NGSL_1_2_CORE,leave,126,EXACT_HEADWORD,SOURCE_LEMMA_ONLY_NOT_SENSE_OR_POS,UNREVIEWED_NOT_SEMANTICALLY_APPROVED,NOT_CLEARED,true
lex:A1:left,A1,left,NGSL_1_2_CORE,left,1220,EXACT_HEADWORD,SOURCE_LEMMA_ONLY_NOT_SENSE_OR_POS,UNREVIEWED_NOT_SEMANTICALLY_APPROVED,NOT_CLEARED,true
lex:A1:leg,A1,leg,NGSL_1_2_CORE,leg,1097,EXACT_HEADWORD,SOURCE_LEMMA_ONLY_NOT_SENSE_OR_POS,UNREVIEWED_NOT_SEMANTICALLY_APPROVED,NOT_CLEARED,true
lex:A1:lesson,A1,lesson,NGSL_1_2_CORE,lesson,1234,EXACT_HEADWORD,SOURCE_LEMMA_ONLY_NOT_SENSE_OR_POS,UNREVIEWED_NOT_SEMANTICALLY_APPROVED,NOT_CLEARED,true
lex:A1:let,A1,let,NGSL_1_2_CORE,let,174,EXACT_HEADWORD,SOURCE_LEMMA_ONLY_NOT_SENSE_OR_POS,UNREVIEWED_NOT_SEMANTICALLY_APPROVED,NOT_CLEARED,true
lex:A1:letter,A1,letter,NGSL_1_2_CORE,letter,358,EXACT_HEADWORD,SOURCE_LEMMA_ONLY_NOT_SENSE_OR_POS,UNREVIEWED_NOT_SEMANTICALLY_APPROVED,NOT_CLEARED,true
lex:A1:library,A1,library,NGSL_1_2_CORE,library,1162,EXACT_HEADWORD,SOURCE_LEMMA_ONLY_NOT_SENSE_OR_POS,UNREVIEWED_NOT_SEMANTICALLY_APPROVED,NOT_CLEARED,true
lex:A1:lie,A1,lie¹,NGSL_1_2_CORE,lie,582,EXACT_HEADWORD,SOURCE_LEMMA_ONLY_NOT_SENSE_OR_POS,UNREVIEWED_NOT_SEMANTICALLY_APPROVED,NOT_CLEARED,true
lex:A1:life,A1,life,NGSL_1_2_CORE,life,111,EXACT_HEADWORD,SOURCE_LEMMA_ONLY_NOT_SENSE_OR_POS,UNREVIEWED_NOT_SEMANTICALLY_APPROVED,NOT_CLEARED,true
lex:A1:light-from-the-sun-a-lamp,A1,light (from the sun/a lamp),NGSL_1_2_CORE,light,349,EXACT_HEADWORD,SOURCE_LEMMA_ONLY_NOT_SENSE_OR_POS,UNREVIEWED_NOT_SEMANTICALLY_APPROVED,NOT_CLEARED,true
lex:A1:like-similar,A1,like (similar),NGSL_1_2_CORE,like,45,EXACT_HEADWORD,SOURCE_LEMMA_ONLY_NOT_SENSE_OR_POS,UNREVIEWED_NOT_SEMANTICALLY_APPROVED,NOT_CLEARED,true
lex:A1:like-find-sb-sth-pleasant,A1,like (find sb/sth pleasant),NGSL_1_2_CORE,like,45,EXACT_HEADWORD,SOURCE_LEMMA_ONLY_NOT_SENSE_OR_POS,UNREVIEWED_NOT_SEMANTICALLY_APPROVED,NOT_CLEARED,true
lex:A1:line,A1,line,NGSL_1_2_CORE,line,274,EXACT_HEADWORD,SOURCE_LEMMA_ONLY_NOT_SENSE_OR_POS,UNREVIEWED_NOT_SEMANTICALLY_APPROVED,NOT_CLEARED,true
lex:A1:lion,A1,lion,NGSL_SFI_31K_EXTENSION,lion,3787,EXACT_HEADWORD,SOURCE_LEMMA_ONLY_NOT_SENSE_OR_POS,UNREVIEWED_NOT_SEMANTICALLY_APPROVED,NOT_CLEARED,true
lex:A1:list,A1,list,NGSL_1_2_CORE,list,523,EXACT_HEADWORD,SOURCE_LEMMA_ONLY_NOT_SENSE_OR_POS,UNREVIEWED_NOT_SEMANTICALLY_APPROVED,NOT_CLEARED,true
lex:A1:listen,A1,listen,NGSL_1_2_CORE,listen,573,EXACT_HEADWORD,SOURCE_LEMMA_ONLY_NOT_SENSE_OR_POS,UNREVIEWED_NOT_SEMANTICALLY_APPROVED,NOT_CLEARED,true
lex:A1:little,A1,little,NGSL_1_2_CORE,little,132,EXACT_HEADWORD,SOURCE_LEMMA_ONLY_NOT_SENSE_OR_POS,UNREVIEWED_NOT_SEMANTICALLY_APPROVED,NOT_CLEARED,true
lex:A1:live,A1,live¹,NGSL_1_2_CORE,live,153,EXACT_HEADWORD,SOURCE_LEMMA_ONLY_NOT_SENSE_OR_POS,UNREVIEWED_NOT_SEMANTICALLY_APPROVED,NOT_CLEARED,true
lex:A1:local,A1,local,NGSL_1_2_CORE,local,300,EXACT_HEADWORD,SOURCE_LEMMA_ONLY_NOT_SENSE_OR_POS,UNREVIEWED_NOT_SEMANTICALLY_APPROVED,NOT_CLEARED,true
lex:A1:long,A1,long¹,NGSL_1_2_CORE,long,115,EXACT_HEADWORD,SOURCE_LEMMA_ONLY_NOT_SENSE_OR_POS,UNREVIEWED_NOT_SEMANTICALLY_APPROVED,NOT_CLEARED,true
lex:A1:look,A1,look,NGSL_1_2_CORE,look,75,EXACT_HEADWORD,SOURCE_LEMMA_ONLY_NOT_SENSE_OR_POS,UNREVIEWED_NOT_SEMANTICALLY_APPROVED,NOT_CLEARED,true
lex:A1:lose,A1,lose,NGSL_1_2_CORE,lose,305,EXACT_HEADWORD,SOURCE_LEMMA_ONLY_NOT_SENSE_OR_POS,UNREVIEWED_NOT_SEMANTICALLY_APPROVED,NOT_CLEARED,true
lex:A1:lot,A1,lot,NGSL_1_2_CORE,lot,123,EXACT_HEADWORD,SOURCE_LEMMA_ONLY_NOT_SENSE_OR_POS,UNREVIEWED_NOT_SEMANTICALLY_APPROVED,NOT_CLEARED,true
lex:A1:love,A1,love,NGSL_1_2_CORE,love,229,EXACT_HEADWORD,SOURCE_LEMMA_ONLY_NOT_SENSE_OR_POS,UNREVIEWED_NOT_SEMANTICALLY_APPROVED,NOT_CLEARED,true
lex:A1:lunch,A1,lunch,NGSL_1_2_CORE,lunch,1334,EXACT_HEADWORD,SOURCE_LEMMA_ONLY_NOT_SENSE_OR_POS,UNREVIEWED_NOT_SEMANTICALLY_APPROVED,NOT_CLEARED,true
lex:A1:machine,A1,machine,NGSL_1_2_CORE,machine,745,EXACT_HEADWORD,SOURCE_LEMMA_ONLY_NOT_SENSE_OR_POS,UNREVIEWED_NOT_SEMANTICALLY_APPROVED,NOT_CLEARED,true
lex:A1:magazine,A1,magazine,NGSL_1_2_CORE,magazine,985,EXACT_HEADWORD,SOURCE_LEMMA_ONLY_NOT_SENSE_OR_POS,UNREVIEWED_NOT_SEMANTICALLY_APPROVED,NOT_CLEARED,true
lex:A1:main,A1,main,NGSL_1_2_CORE,main,453,EXACT_HEADWORD,SOURCE_LEMMA_ONLY_NOT_SENSE_OR_POS,UNREVIEWED_NOT_SEMANTICALLY_APPROVED,NOT_CLEARED,true
lex:A1:make,A1,make,NGSL_1_2_CORE,make,48,EXACT_HEADWORD,SOURCE_LEMMA_ONLY_NOT_SENSE_OR_POS,UNREVIEWED_NOT_SEMANTICALLY_APPROVED,NOT_CLEARED,true
lex:A1:man,A1,man,NGSL_1_2_CORE,man,112,EXACT_HEADWORD,SOURCE_LEMMA_ONLY_NOT_SENSE_OR_POS,UNREVIEWED_NOT_SEMANTICALLY_APPROVED,NOT_CLEARED,true
lex:A1:many,A1,many,NGSL_1_2_CORE,many,99,EXACT_HEADWORD,SOURCE_LEMMA_ONLY_NOT_SENSE_OR_POS,UNREVIEWED_NOT_SEMANTICALLY_APPROVED,NOT_CLEARED,true
lex:A1:map,A1,map,NGSL_1_2_CORE,map,1212,EXACT_HEADWORD,SOURCE_LEMMA_ONLY_NOT_SENSE_OR_POS,UNREVIEWED_NOT_SEMANTICALLY_APPROVED,NOT_CLEARED,true
lex:A1:march,A1,March,NGSL_1_2_CORE,march,2453,EXACT_HEADWORD,SOURCE_LEMMA_ONLY_NOT_SENSE_OR_POS,UNREVIEWED_NOT_SEMANTICALLY_APPROVED,NOT_CLEARED,true
lex:A1:market,A1,market,NGSL_1_2_CORE,market,219,EXACT_HEADWORD,SOURCE_LEMMA_ONLY_NOT_SENSE_OR_POS,UNREVIEWED_NOT_SEMANTICALLY_APPROVED,NOT_CLEARED,true
lex:A1:married,A1,married,NGSL_1_2_CORE,marry,775,RELATED_LEMMA_ONLY,SOURCE_LEMMA_ONLY_NOT_SENSE_OR_POS,UNREVIEWED_NOT_SEMANTICALLY_APPROVED,NOT_CLEARED,true
lex:A1:match-contest-correspond,A1,match (contest/correspond),NGSL_1_2_CORE,match,850,EXACT_HEADWORD,SOURCE_LEMMA_ONLY_NOT_SENSE_OR_POS,UNREVIEWED_NOT_SEMANTICALLY_APPROVED,NOT_CLEARED,true
lex:A1:may,A1,May,NGSL_1_2_CORE,may,97,EXACT_HEADWORD,SOURCE_LEMMA_ONLY_NOT_SENSE_OR_POS,UNREVIEWED_NOT_SEMANTICALLY_APPROVED,NOT_CLEARED,true
lex:A1:maybe,A1,maybe,NGSL_1_2_CORE,maybe,464,EXACT_HEADWORD,SOURCE_LEMMA_ONLY_NOT_SENSE_OR_POS,UNREVIEWED_NOT_SEMANTICALLY_APPROVED,NOT_CLEARED,true
lex:A1:me,A1,me,NGSL_1_2_CORE,I,20,GRAMMATICAL_FORM,SOURCE_LEMMA_ONLY_NOT_SENSE_OR_POS,UNREVIEWED_NOT_SEMANTICALLY_APPROVED,NOT_CLEARED,true
lex:A1:meal,A1,meal,NGSL_1_2_CORE,meal,1250,EXACT_HEADWORD,SOURCE_LEMMA_ONLY_NOT_SENSE_OR_POS,UNREVIEWED_NOT_SEMANTICALLY_APPROVED,NOT_CLEARED,true
lex:A1:mean,A1,mean,NGSL_1_2_CORE,mean,95,EXACT_HEADWORD,SOURCE_LEMMA_ONLY_NOT_SENSE_OR_POS,UNREVIEWED_NOT_SEMANTICALLY_APPROVED,NOT_CLEARED,true
lex:A1:meaning,A1,meaning,NGSL_1_2_CORE,mean,95,RELATED_LEMMA_ONLY,SOURCE_LEMMA_ONLY_NOT_SENSE_OR_POS,UNREVIEWED_NOT_SEMANTICALLY_APPROVED,NOT_CLEARED,true
lex:A1:meat,A1,meat,NGSL_1_2_CORE,meat,1869,EXACT_HEADWORD,SOURCE_LEMMA_ONLY_NOT_SENSE_OR_POS,UNREVIEWED_NOT_SEMANTICALLY_APPROVED,NOT_CLEARED,true
lex:A1:meet,A1,meet,NGSL_1_2_CORE,meet,135,EXACT_HEADWORD,SOURCE_LEMMA_ONLY_NOT_SENSE_OR_POS,UNREVIEWED_NOT_SEMANTICALLY_APPROVED,NOT_CLEARED,true
lex:A1:meeting,A1,meeting,NGSL_1_2_CORE,meet,135,RELATED_LEMMA_ONLY,SOURCE_LEMMA_ONLY_NOT_SENSE_OR_POS,UNREVIEWED_NOT_SEMANTICALLY_APPROVED,NOT_CLEARED,true
lex:A1:member,A1,member,NGSL_1_2_CORE,member,266,EXACT_HEADWORD,SOURCE_LEMMA_ONLY_NOT_SENSE_OR_POS,UNREVIEWED_NOT_SEMANTICALLY_APPROVED,NOT_CLEARED,true
lex:A1:menu,A1,menu,NGSL_1_2_CORE,menu,2597,EXACT_HEADWORD,SOURCE_LEMMA_ONLY_NOT_SENSE_OR_POS,UNREVIEWED_NOT_SEMANTICALLY_APPROVED,NOT_CLEARED,true
lex:A1:message,A1,message,NGSL_1_2_CORE,message,863,EXACT_HEADWORD,SOURCE_LEMMA_ONLY_NOT_SENSE_OR_POS,UNREVIEWED_NOT_SEMANTICALLY_APPROVED,NOT_CLEARED,true
lex:A1:metre,A1,metre,NGSL_1_2_CORE,meter,2112,BRITISH_US_VARIANT,SOURCE_LEMMA_ONLY_NOT_SENSE_OR_POS,UNREVIEWED_NOT_SEMANTICALLY_APPROVED,NOT_CLEARED,true
lex:A1:midnight,A1,midnight,NGSL_SFI_31K_EXTENSION,midnight,3337,EXACT_HEADWORD,SOURCE_LEMMA_ONLY_NOT_SENSE_OR_POS,UNREVIEWED_NOT_SEMANTICALLY_APPROVED,NOT_CLEARED,true
lex:A1:mile,A1,mile,NGSL_1_2_CORE,mile,777,EXACT_HEADWORD,SOURCE_LEMMA_ONLY_NOT_SENSE_OR_POS,UNREVIEWED_NOT_SEMANTICALLY_APPROVED,NOT_CLEARED,true
lex:A1:milk,A1,milk,NGSL_1_2_CORE,milk,1789,EXACT_HEADWORD,SOURCE_LEMMA_ONLY_NOT_SENSE_OR_POS,UNREVIEWED_NOT_SEMANTICALLY_APPROVED,NOT_CLEARED,true
lex:A1:million,A1,million,NGSL_1_2_SUPPLEMENT,million,,EXACT_HEADWORD,SOURCE_LEMMA_ONLY_NOT_SENSE_OR_POS,UNREVIEWED_NOT_SEMANTICALLY_APPROVED,NOT_CLEARED,true
lex:A1:minute,A1,minute¹,NGSL_1_2_CORE,minute,366,EXACT_HEADWORD,SOURCE_LEMMA_ONLY_NOT_SENSE_OR_POS,UNREVIEWED_NOT_SEMANTICALLY_APPROVED,NOT_CLEARED,true
lex:A1:miss,A1,miss,NGSL_1_2_CORE,miss,645,EXACT_HEADWORD,SOURCE_LEMMA_ONLY_NOT_SENSE_OR_POS,UNREVIEWED_NOT_SEMANTICALLY_APPROVED,NOT_CLEARED,true
lex:A1:mistake,A1,mistake,NGSL_1_2_CORE,mistake,1152,EXACT_HEADWORD,SOURCE_LEMMA_ONLY_NOT_SENSE_OR_POS,UNREVIEWED_NOT_SEMANTICALLY_APPROVED,NOT_CLEARED,true
lex:A1:model,A1,model,NGSL_1_2_CORE,model,485,EXACT_HEADWORD,SOURCE_LEMMA_ONLY_NOT_SENSE_OR_POS,UNREVIEWED_NOT_SEMANTICALLY_APPROVED,NOT_CLEARED,true
lex:A1:modern,A1,modern,NGSL_1_2_CORE,modern,808,EXACT_HEADWORD,SOURCE_LEMMA_ONLY_NOT_SENSE_OR_POS,UNREVIEWED_NOT_SEMANTICALLY_APPROVED,NOT_CLEARED,true
lex:A1:moment,A1,moment,NGSL_1_2_CORE,moment,397,EXACT_HEADWORD,SOURCE_LEMMA_ONLY_NOT_SENSE_OR_POS,UNREVIEWED_NOT_SEMANTICALLY_APPROVED,NOT_CLEARED,true
lex:A1:monday,A1,Monday,NGSL_1_2_SUPPLEMENT,Monday,,EXACT_HEADWORD,SOURCE_LEMMA_ONLY_NOT_SENSE_OR_POS,UNREVIEWED_NOT_SEMANTICALLY_APPROVED,NOT_CLEARED,true
lex:A1:money,A1,money,NGSL_1_2_CORE,money,201,EXACT_HEADWORD,SOURCE_LEMMA_ONLY_NOT_SENSE_OR_POS,UNREVIEWED_NOT_SEMANTICALLY_APPROVED,NOT_CLEARED,true
lex:A1:month,A1,month,NGSL_1_2_CORE,month,209,EXACT_HEADWORD,SOURCE_LEMMA_ONLY_NOT_SENSE_OR_POS,UNREVIEWED_NOT_SEMANTICALLY_APPROVED,NOT_CLEARED,true
lex:A1:more,A1,more,NGSL_1_2_CORE,more,42,EXACT_HEADWORD,SOURCE_LEMMA_ONLY_NOT_SENSE_OR_POS,UNREVIEWED_NOT_SEMANTICALLY_APPROVED,NOT_CLEARED,true
lex:A1:morning,A1,morning,NGSL_1_2_CORE,morning,434,EXACT_HEADWORD,SOURCE_LEMMA_ONLY_NOT_SENSE_OR_POS,UNREVIEWED_NOT_SEMANTICALLY_APPROVED,NOT_CLEARED,true
lex:A1:most,A1,most,NGSL_1_2_CORE,most,88,EXACT_HEADWORD,SOURCE_LEMMA_ONLY_NOT_SENSE_OR_POS,UNREVIEWED_NOT_SEMANTICALLY_APPROVED,NOT_CLEARED,true
lex:A1:mother,A1,mother,NGSL_1_2_CORE,mother,338,EXACT_HEADWORD,SOURCE_LEMMA_ONLY_NOT_SENSE_OR_POS,UNREVIEWED_NOT_SEMANTICALLY_APPROVED,NOT_CLEARED,true
lex:A1:mountain,A1,mountain,NGSL_1_2_CORE,mountain,1245,EXACT_HEADWORD,SOURCE_LEMMA_ONLY_NOT_SENSE_OR_POS,UNREVIEWED_NOT_SEMANTICALLY_APPROVED,NOT_CLEARED,true
lex:A1:mouse,A1,mouse,NGSL_1_2_CORE,mouse,1926,EXACT_HEADWORD,SOURCE_LEMMA_ONLY_NOT_SENSE_OR_POS,UNREVIEWED_NOT_SEMANTICALLY_APPROVED,NOT_CLEARED,true
lex:A1:mouth,A1,mouth,NGSL_1_2_CORE,mouth,1439,EXACT_HEADWORD,SOURCE_LEMMA_ONLY_NOT_SENSE_OR_POS,UNREVIEWED_NOT_SEMANTICALLY_APPROVED,NOT_CLEARED,true
lex:A1:move,A1,move,NGSL_1_2_CORE,move,200,EXACT_HEADWORD,SOURCE_LEMMA_ONLY_NOT_SENSE_OR_POS,UNREVIEWED_NOT_SEMANTICALLY_APPROVED,NOT_CLEARED,true
lex:A1:movie,A1,movie,NGSL_1_2_CORE,movie,762,EXACT_HEADWORD,SOURCE_LEMMA_ONLY_NOT_SENSE_OR_POS,UNREVIEWED_NOT_SEMANTICALLY_APPROVED,NOT_CLEARED,true
lex:A1:much,A1,much,NGSL_1_2_CORE,much,91,EXACT_HEADWORD,SOURCE_LEMMA_ONLY_NOT_SENSE_OR_POS,UNREVIEWED_NOT_SEMANTICALLY_APPROVED,NOT_CLEARED,true
lex:A1:mum,A1,mum,NGSL_SFI_31K_EXTENSION,mum,2687,EXACT_HEADWORD,SOURCE_LEMMA_ONLY_NOT_SENSE_OR_POS,UNREVIEWED_NOT_SEMANTICALLY_APPROVED,NOT_CLEARED,true
lex:A1:museum,A1,museum,NGSL_1_2_CORE,museum,1397,EXACT_HEADWORD,SOURCE_LEMMA_ONLY_NOT_SENSE_OR_POS,UNREVIEWED_NOT_SEMANTICALLY_APPROVED,NOT_CLEARED,true
lex:A1:music,A1,music,NGSL_1_2_CORE,music,392,EXACT_HEADWORD,SOURCE_LEMMA_ONLY_NOT_SENSE_OR_POS,UNREVIEWED_NOT_SEMANTICALLY_APPROVED,NOT_CLEARED,true
lex:A1:must,A1,must,NGSL_1_2_CORE,must,160,EXACT_HEADWORD,SOURCE_LEMMA_ONLY_NOT_SENSE_OR_POS,UNREVIEWED_NOT_SEMANTICALLY_APPROVED,NOT_CLEARED,true
lex:A1:my,A1,my,NGSL_1_2_CORE,I,20,GRAMMATICAL_FORM,SOURCE_LEMMA_ONLY_NOT_SENSE_OR_POS,UNREVIEWED_NOT_SEMANTICALLY_APPROVED,NOT_CLEARED,true
lex:A1:name,A1,name,NGSL_1_2_CORE,name,206,EXACT_HEADWORD,SOURCE_LEMMA_ONLY_NOT_SENSE_OR_POS,UNREVIEWED_NOT_SEMANTICALLY_APPROVED,NOT_CLEARED,true
lex:A1:natural,A1,natural,NGSL_1_2_CORE,natural,817,EXACT_HEADWORD,SOURCE_LEMMA_ONLY_NOT_SENSE_OR_POS,UNREVIEWED_NOT_SEMANTICALLY_APPROVED,NOT_CLEARED,true
lex:A1:near,A1,near,NGSL_1_2_CORE,near,427,EXACT_HEADWORD,SOURCE_LEMMA_ONLY_NOT_SENSE_OR_POS,UNREVIEWED_NOT_SEMANTICALLY_APPROVED,NOT_CLEARED,true
lex:A1:need,A1,need,NGSL_1_2_CORE,need,90,EXACT_HEADWORD,SOURCE_LEMMA_ONLY_NOT_SENSE_OR_POS,UNREVIEWED_NOT_SEMANTICALLY_APPROVED,NOT_CLEARED,true
lex:A1:negative,A1,negative,NGSL_1_2_CORE,negative,1086,EXACT_HEADWORD,SOURCE_LEMMA_ONLY_NOT_SENSE_OR_POS,UNREVIEWED_NOT_SEMANTICALLY_APPROVED,NOT_CLEARED,true
lex:A1:neighbour,A1,neighbour,NGSL_1_2_CORE,neighbor,1222,BRITISH_US_VARIANT,SOURCE_LEMMA_ONLY_NOT_SENSE_OR_POS,UNREVIEWED_NOT_SEMANTICALLY_APPROVED,NOT_CLEARED,true
lex:A1:never,A1,never,NGSL_1_2_CORE,never,162,EXACT_HEADWORD,SOURCE_LEMMA_ONLY_NOT_SENSE_OR_POS,UNREVIEWED_NOT_SEMANTICALLY_APPROVED,NOT_CLEARED,true
lex:A1:new,A1,new,NGSL_1_2_CORE,new,79,EXACT_HEADWORD,SOURCE_LEMMA_ONLY_NOT_SENSE_OR_POS,UNREVIEWED_NOT_SEMANTICALLY_APPROVED,NOT_CLEARED,true
lex:A1:news,A1,news,NGSL_1_2_CORE,news,546,EXACT_HEADWORD,SOURCE_LEMMA_ONLY_NOT_SENSE_OR_POS,UNREVIEWED_NOT_SEMANTICALLY_APPROVED,NOT_CLEARED,true
lex:A1:newspaper,A1,newspaper,NGSL_1_2_CORE,newspaper,929,EXACT_HEADWORD,SOURCE_LEMMA_ONLY_NOT_SENSE_OR_POS,UNREVIEWED_NOT_SEMANTICALLY_APPROVED,NOT_CLEARED,true
lex:A1:next,A1,next,NGSL_1_2_CORE,next,151,EXACT_HEADWORD,SOURCE_LEMMA_ONLY_NOT_SENSE_OR_POS,UNREVIEWED_NOT_SEMANTICALLY_APPROVED,NOT_CLEARED,true
lex:A1:next-to,A1,next to,NGSL_1_2_CORE,next,151,PHRASE_COMPONENT_ONLY,SOURCE_LEMMA_ONLY_NOT_SENSE_OR_POS,UNREVIEWED_NOT_SEMANTICALLY_APPROVED,NOT_CLEARED,true
lex:A1:nice,A1,nice,NGSL_1_2_CORE,nice,506,EXACT_HEADWORD,SOURCE_LEMMA_ONLY_NOT_SENSE_OR_POS,UNREVIEWED_NOT_SEMANTICALLY_APPROVED,NOT_CLEARED,true
lex:A1:night,A1,night,NGSL_1_2_CORE,night,270,EXACT_HEADWORD,SOURCE_LEMMA_ONLY_NOT_SENSE_OR_POS,UNREVIEWED_NOT_SEMANTICALLY_APPROVED,NOT_CLEARED,true
lex:A1:nine,A1,nine,NGSL_1_2_SUPPLEMENT,nine,,EXACT_HEADWORD,SOURCE_LEMMA_ONLY_NOT_SENSE_OR_POS,UNREVIEWED_NOT_SEMANTICALLY_APPROVED,NOT_CLEARED,true
lex:A1:nineteen,A1,nineteen,NGSL_1_2_SUPPLEMENT,nineteen,,EXACT_HEADWORD,SOURCE_LEMMA_ONLY_NOT_SENSE_OR_POS,UNREVIEWED_NOT_SEMANTICALLY_APPROVED,NOT_CLEARED,true
lex:A1:ninety,A1,ninety,NGSL_1_2_SUPPLEMENT,ninety,,EXACT_HEADWORD,SOURCE_LEMMA_ONLY_NOT_SENSE_OR_POS,UNREVIEWED_NOT_SEMANTICALLY_APPROVED,NOT_CLEARED,true
lex:A1:no,A1,no,NGSL_1_2_CORE,no,60,EXACT_HEADWORD,SOURCE_LEMMA_ONLY_NOT_SENSE_OR_POS,UNREVIEWED_NOT_SEMANTICALLY_APPROVED,NOT_CLEARED,true
lex:A1:no-one,A1,no one,NGSL_1_2_CORE,one,35,PHRASE_COMPONENT_ONLY,SOURCE_LEMMA_ONLY_NOT_SENSE_OR_POS,UNREVIEWED_NOT_SEMANTICALLY_APPROVED,NOT_CLEARED,true
lex:A1:nobody,A1,nobody,NGSL_1_2_CORE,nobody,1103,EXACT_HEADWORD,SOURCE_LEMMA_ONLY_NOT_SENSE_OR_POS,UNREVIEWED_NOT_SEMANTICALLY_APPROVED,NOT_CLEARED,true
lex:A1:north,A1,north,NGSL_1_2_CORE,north,1205,EXACT_HEADWORD,SOURCE_LEMMA_ONLY_NOT_SENSE_OR_POS,UNREVIEWED_NOT_SEMANTICALLY_APPROVED,NOT_CLEARED,true
lex:A1:nose,A1,nose,NGSL_1_2_CORE,nose,2114,EXACT_HEADWORD,SOURCE_LEMMA_ONLY_NOT_SENSE_OR_POS,UNREVIEWED_NOT_SEMANTICALLY_APPROVED,NOT_CLEARED,true
lex:A1:not,A1,not,NGSL_1_2_CORE,not,14,EXACT_HEADWORD,SOURCE_LEMMA_ONLY_NOT_SENSE_OR_POS,UNREVIEWED_NOT_SEMANTICALLY_APPROVED,NOT_CLEARED,true
lex:A1:note,A1,note,NGSL_1_2_CORE,note,384,EXACT_HEADWORD,SOURCE_LEMMA_ONLY_NOT_SENSE_OR_POS,UNREVIEWED_NOT_SEMANTICALLY_APPROVED,NOT_CLEARED,true
lex:A1:nothing,A1,nothing,NGSL_1_2_CORE,nothing,336,EXACT_HEADWORD,SOURCE_LEMMA_ONLY_NOT_SENSE_OR_POS,UNREVIEWED_NOT_SEMANTICALLY_APPROVED,NOT_CLEARED,true
lex:A1:november,A1,November,NGSL_1_2_SUPPLEMENT,November,,EXACT_HEADWORD,SOURCE_LEMMA_ONLY_NOT_SENSE_OR_POS,UNREVIEWED_NOT_SEMANTICALLY_APPROVED,NOT_CLEARED,true
lex:A1:now,A1,now,NGSL_1_2_CORE,now,70,EXACT_HEADWORD,SOURCE_LEMMA_ONLY_NOT_SENSE_OR_POS,UNREVIEWED_NOT_SEMANTICALLY_APPROVED,NOT_CLEARED,true
lex:A1:number,A1,number,NGSL_1_2_CORE,number,127,EXACT_HEADWORD,SOURCE_LEMMA_ONLY_NOT_SENSE_OR_POS,UNREVIEWED_NOT_SEMANTICALLY_APPROVED,NOT_CLEARED,true
lex:A1:nurse,A1,nurse,NGSL_1_2_CORE,nurse,1315,EXACT_HEADWORD,SOURCE_LEMMA_ONLY_NOT_SENSE_OR_POS,UNREVIEWED_NOT_SEMANTICALLY_APPROVED,NOT_CLEARED,true
lex:A1:object,A1,object,NGSL_1_2_CORE,object,942,EXACT_HEADWORD,SOURCE_LEMMA_ONLY_NOT_SENSE_OR_POS,UNREVIEWED_NOT_SEMANTICALLY_APPROVED,NOT_CLEARED,true
lex:A1:o-clock,A1,o’clock,NGSL_1_2_CORE,clock,932,PHRASE_COMPONENT_ONLY,SOURCE_LEMMA_ONLY_NOT_SENSE_OR_POS,UNREVIEWED_NOT_SEMANTICALLY_APPROVED,NOT_CLEARED,true
lex:A1:october,A1,October,NGSL_1_2_SUPPLEMENT,October,,EXACT_HEADWORD,SOURCE_LEMMA_ONLY_NOT_SENSE_OR_POS,UNREVIEWED_NOT_SEMANTICALLY_APPROVED,NOT_CLEARED,true
lex:A1:of,A1,of,NGSL_1_2_CORE,of,4,EXACT_HEADWORD,SOURCE_LEMMA_ONLY_NOT_SENSE_OR_POS,UNREVIEWED_NOT_SEMANTICALLY_APPROVED,NOT_CLEARED,true
lex:A1:off,A1,off,NGSL_1_2_CORE,off,150,EXACT_HEADWORD,SOURCE_LEMMA_ONLY_NOT_SENSE_OR_POS,UNREVIEWED_NOT_SEMANTICALLY_APPROVED,NOT_CLEARED,true
lex:A1:office,A1,office,NGSL_1_2_CORE,office,343,EXACT_HEADWORD,SOURCE_LEMMA_ONLY_NOT_SENSE_OR_POS,UNREVIEWED_NOT_SEMANTICALLY_APPROVED,NOT_CLEARED,true
lex:A1:often,A1,often,NGSL_1_2_CORE,often,288,EXACT_HEADWORD,SOURCE_LEMMA_ONLY_NOT_SENSE_OR_POS,UNREVIEWED_NOT_SEMANTICALLY_APPROVED,NOT_CLEARED,true
lex:A1:oh,A1,oh,NO_DIRECT_SOURCE_LEMMA,,,NO_SOURCE_MATCH,SOURCE_LEMMA_ONLY_NOT_SENSE_OR_POS,UNREVIEWED_NOT_SEMANTICALLY_APPROVED,NOT_CLEARED,true
lex:A1:ok,A1,OK,NGSL_1_2_CORE,okay,925,RELATED_LEMMA_ONLY,SOURCE_LEMMA_ONLY_NOT_SENSE_OR_POS,UNREVIEWED_NOT_SEMANTICALLY_APPROVED,NOT_CLEARED,true
lex:A1:old,A1,old,NGSL_1_2_CORE,old,144,EXACT_HEADWORD,SOURCE_LEMMA_ONLY_NOT_SENSE_OR_POS,UNREVIEWED_NOT_SEMANTICALLY_APPROVED,NOT_CLEARED,true
lex:A1:on,A1,on,NGSL_1_2_CORE,on,17,EXACT_HEADWORD,SOURCE_LEMMA_ONLY_NOT_SENSE_OR_POS,UNREVIEWED_NOT_SEMANTICALLY_APPROVED,NOT_CLEARED,true
lex:A1:once,A1,once,NGSL_1_2_CORE,once,265,EXACT_HEADWORD,SOURCE_LEMMA_ONLY_NOT_SENSE_OR_POS,UNREVIEWED_NOT_SEMANTICALLY_APPROVED,NOT_CLEARED,true
lex:A1:one,A1,one,NGSL_1_2_CORE,one,35,EXACT_HEADWORD,SOURCE_LEMMA_ONLY_NOT_SENSE_OR_POS,UNREVIEWED_NOT_SEMANTICALLY_APPROVED,NOT_CLEARED,true
lex:A1:onion,A1,onion,NGSL_SFI_31K_EXTENSION,onion,4434,EXACT_HEADWORD,SOURCE_LEMMA_ONLY_NOT_SENSE_OR_POS,UNREVIEWED_NOT_SEMANTICALLY_APPROVED,NOT_CLEARED,true
lex:A1:online,A1,online,NGSL_1_2_CORE,online,1794,EXACT_HEADWORD,SOURCE_LEMMA_ONLY_NOT_SENSE_OR_POS,UNREVIEWED_NOT_SEMANTICALLY_APPROVED,NOT_CLEARED,true
lex:A1:only,A1,only,NGSL_1_2_CORE,only,74,EXACT_HEADWORD,SOURCE_LEMMA_ONLY_NOT_SENSE_OR_POS,UNREVIEWED_NOT_SEMANTICALLY_APPROVED,NOT_CLEARED,true
lex:A1:open,A1,open,NGSL_1_2_CORE,open,214,EXACT_HEADWORD,SOURCE_LEMMA_ONLY_NOT_SENSE_OR_POS,UNREVIEWED_NOT_SEMANTICALLY_APPROVED,NOT_CLEARED,true
lex:A1:opinion,A1,opinion,NGSL_1_2_CORE,opinion,656,EXACT_HEADWORD,SOURCE_LEMMA_ONLY_NOT_SENSE_OR_POS,UNREVIEWED_NOT_SEMANTICALLY_APPROVED,NOT_CLEARED,true
lex:A1:opposite,A1,opposite,NGSL_1_2_CORE,opposite,1373,EXACT_HEADWORD,SOURCE_LEMMA_ONLY_NOT_SENSE_OR_POS,UNREVIEWED_NOT_SEMANTICALLY_APPROVED,NOT_CLEARED,true
lex:A1:or,A1,or,NGSL_1_2_CORE,or,29,EXACT_HEADWORD,SOURCE_LEMMA_ONLY_NOT_SENSE_OR_POS,UNREVIEWED_NOT_SEMANTICALLY_APPROVED,NOT_CLEARED,true
lex:A1:orange,A1,orange,NGSL_1_2_CORE,orange,2499,EXACT_HEADWORD,SOURCE_LEMMA_ONLY_NOT_SENSE_OR_POS,UNREVIEWED_NOT_SEMANTICALLY_APPROVED,NOT_CLEARED,true
lex:A1:order,A1,order,NGSL_1_2_CORE,order,215,EXACT_HEADWORD,SOURCE_LEMMA_ONLY_NOT_SENSE_OR_POS,UNREVIEWED_NOT_SEMANTICALLY_APPROVED,NOT_CLEARED,true
lex:A1:other,A1,other,NGSL_1_2_CORE,other,54,EXACT_HEADWORD,SOURCE_LEMMA_ONLY_NOT_SENSE_OR_POS,UNREVIEWED_NOT_SEMANTICALLY_APPROVED,NOT_CLEARED,true
lex:A1:our,A1,our,NGSL_1_2_CORE,we,16,GRAMMATICAL_FORM,SOURCE_LEMMA_ONLY_NOT_SENSE_OR_POS,UNREVIEWED_NOT_SEMANTICALLY_APPROVED,NOT_CLEARED,true
lex:A1:out,A1,out,NGSL_1_2_CORE,out,55,EXACT_HEADWORD,SOURCE_LEMMA_ONLY_NOT_SENSE_OR_POS,UNREVIEWED_NOT_SEMANTICALLY_APPROVED,NOT_CLEARED,true
lex:A1:outside,A1,outside,NGSL_1_2_CORE,outside,491,EXACT_HEADWORD,SOURCE_LEMMA_ONLY_NOT_SENSE_OR_POS,UNREVIEWED_NOT_SEMANTICALLY_APPROVED,NOT_CLEARED,true
lex:A1:over,A1,over,NGSL_1_2_CORE,over,82,EXACT_HEADWORD,SOURCE_LEMMA_ONLY_NOT_SENSE_OR_POS,UNREVIEWED_NOT_SEMANTICALLY_APPROVED,NOT_CLEARED,true
lex:A1:own,A1,own,NGSL_1_2_CORE,own,129,EXACT_HEADWORD,SOURCE_LEMMA_ONLY_NOT_SENSE_OR_POS,UNREVIEWED_NOT_SEMANTICALLY_APPROVED,NOT_CLEARED,true
lex:A1:page,A1,page,NGSL_1_2_CORE,page,652,EXACT_HEADWORD,SOURCE_LEMMA_ONLY_NOT_SENSE_OR_POS,UNREVIEWED_NOT_SEMANTICALLY_APPROVED,NOT_CLEARED,true
lex:A1:paint,A1,paint,NGSL_1_2_CORE,paint,672,EXACT_HEADWORD,SOURCE_LEMMA_ONLY_NOT_SENSE_OR_POS,UNREVIEWED_NOT_SEMANTICALLY_APPROVED,NOT_CLEARED,true
lex:A1:painting,A1,painting,NGSL_1_2_CORE,paint,672,RELATED_LEMMA_ONLY,SOURCE_LEMMA_ONLY_NOT_SENSE_OR_POS,UNREVIEWED_NOT_SEMANTICALLY_APPROVED,NOT_CLEARED,true
lex:A1:pair,A1,pair,NGSL_1_2_CORE,pair,1092,EXACT_HEADWORD,SOURCE_LEMMA_ONLY_NOT_SENSE_OR_POS,UNREVIEWED_NOT_SEMANTICALLY_APPROVED,NOT_CLEARED,true
lex:A1:paper,A1,paper,NGSL_1_2_CORE,paper,425,EXACT_HEADWORD,SOURCE_LEMMA_ONLY_NOT_SENSE_OR_POS,UNREVIEWED_NOT_SEMANTICALLY_APPROVED,NOT_CLEARED,true
lex:A1:paragraph,A1,paragraph,NGSL_1_2_CORE,paragraph,2618,EXACT_HEADWORD,SOURCE_LEMMA_ONLY_NOT_SENSE_OR_POS,UNREVIEWED_NOT_SEMANTICALLY_APPROVED,NOT_CLEARED,true
lex:A1:parent,A1,parent,NGSL_1_2_CORE,parent,297,EXACT_HEADWORD,SOURCE_LEMMA_ONLY_NOT_SENSE_OR_POS,UNREVIEWED_NOT_SEMANTICALLY_APPROVED,NOT_CLEARED,true
lex:A1:park,A1,park,NGSL_1_2_CORE,park,657,EXACT_HEADWORD,SOURCE_LEMMA_ONLY_NOT_SENSE_OR_POS,UNREVIEWED_NOT_SEMANTICALLY_APPROVED,NOT_CLEARED,true
lex:A1:part,A1,part,NGSL_1_2_CORE,part,130,EXACT_HEADWORD,SOURCE_LEMMA_ONLY_NOT_SENSE_OR_POS,UNREVIEWED_NOT_SEMANTICALLY_APPROVED,NOT_CLEARED,true
lex:A1:partner,A1,partner,NGSL_1_2_CORE,partner,1136,EXACT_HEADWORD,SOURCE_LEMMA_ONLY_NOT_SENSE_OR_POS,UNREVIEWED_NOT_SEMANTICALLY_APPROVED,NOT_CLEARED,true
lex:A1:party,A1,party,NGSL_1_2_CORE,party,299,EXACT_HEADWORD,SOURCE_LEMMA_ONLY_NOT_SENSE_OR_POS,UNREVIEWED_NOT_SEMANTICALLY_APPROVED,NOT_CLEARED,true
lex:A1:passport,A1,passport,NGSL_SFI_31K_EXTENSION,passport,4372,EXACT_HEADWORD,SOURCE_LEMMA_ONLY_NOT_SENSE_OR_POS,UNREVIEWED_NOT_SEMANTICALLY_APPROVED,NOT_CLEARED,true
lex:A1:past,A1,past,NGSL_1_2_CORE,past,330,EXACT_HEADWORD,SOURCE_LEMMA_ONLY_NOT_SENSE_OR_POS,UNREVIEWED_NOT_SEMANTICALLY_APPROVED,NOT_CLEARED,true
lex:A1:pay,A1,pay,NGSL_1_2_CORE,pay,220,EXACT_HEADWORD,SOURCE_LEMMA_ONLY_NOT_SENSE_OR_POS,UNREVIEWED_NOT_SEMANTICALLY_APPROVED,NOT_CLEARED,true
lex:A1:pen,A1,pen,NGSL_1_2_CORE,pen,2320,EXACT_HEADWORD,SOURCE_LEMMA_ONLY_NOT_SENSE_OR_POS,UNREVIEWED_NOT_SEMANTICALLY_APPROVED,NOT_CLEARED,true
lex:A1:pencil,A1,pencil,NGSL_SFI_31K_EXTENSION,pencil,2790,EXACT_HEADWORD,SOURCE_LEMMA_ONLY_NOT_SENSE_OR_POS,UNREVIEWED_NOT_SEMANTICALLY_APPROVED,NOT_CLEARED,true
lex:A1:people,A1,people,NGSL_1_2_CORE,people,57,EXACT_HEADWORD,SOURCE_LEMMA_ONLY_NOT_SENSE_OR_POS,UNREVIEWED_NOT_SEMANTICALLY_APPROVED,NOT_CLEARED,true
lex:A1:pepper,A1,pepper,NGSL_SFI_31K_EXTENSION,pepper,4088,EXACT_HEADWORD,SOURCE_LEMMA_ONLY_NOT_SENSE_OR_POS,UNREVIEWED_NOT_SEMANTICALLY_APPROVED,NOT_CLEARED,true
lex:A1:perfect,A1,perfect,NGSL_1_2_CORE,perfect,1111,EXACT_HEADWORD,SOURCE_LEMMA_ONLY_NOT_SENSE_OR_POS,UNREVIEWED_NOT_SEMANTICALLY_APPROVED,NOT_CLEARED,true
lex:A1:period,A1,period,NGSL_1_2_CORE,period,382,EXACT_HEADWORD,SOURCE_LEMMA_ONLY_NOT_SENSE_OR_POS,UNREVIEWED_NOT_SEMANTICALLY_APPROVED,NOT_CLEARED,true
lex:A1:person,A1,person,NGSL_1_2_CORE,person,263,EXACT_HEADWORD,SOURCE_LEMMA_ONLY_NOT_SENSE_OR_POS,UNREVIEWED_NOT_SEMANTICALLY_APPROVED,NOT_CLEARED,true
lex:A1:personal,A1,personal,NGSL_1_2_CORE,personal,585,EXACT_HEADWORD,SOURCE_LEMMA_ONLY_NOT_SENSE_OR_POS,UNREVIEWED_NOT_SEMANTICALLY_APPROVED,NOT_CLEARED,true
lex:A1:phone,A1,phone,NGSL_1_2_CORE,phone,479,EXACT_HEADWORD,SOURCE_LEMMA_ONLY_NOT_SENSE_OR_POS,UNREVIEWED_NOT_SEMANTICALLY_APPROVED,NOT_CLEARED,true
lex:A1:photo,A1,photo,NGSL_1_2_CORE,photo,1208,EXACT_HEADWORD,SOURCE_LEMMA_ONLY_NOT_SENSE_OR_POS,UNREVIEWED_NOT_SEMANTICALLY_APPROVED,NOT_CLEARED,true
lex:A1:photograph,A1,photograph,NGSL_1_2_CORE,photograph,1182,EXACT_HEADWORD,SOURCE_LEMMA_ONLY_NOT_SENSE_OR_POS,UNREVIEWED_NOT_SEMANTICALLY_APPROVED,NOT_CLEARED,true
lex:A1:phrase,A1,phrase,NGSL_1_2_CORE,phrase,1795,EXACT_HEADWORD,SOURCE_LEMMA_ONLY_NOT_SENSE_OR_POS,UNREVIEWED_NOT_SEMANTICALLY_APPROVED,NOT_CLEARED,true
lex:A1:piano,A1,piano,NGSL_1_2_CORE,piano,2591,EXACT_HEADWORD,SOURCE_LEMMA_ONLY_NOT_SENSE_OR_POS,UNREVIEWED_NOT_SEMANTICALLY_APPROVED,NOT_CLEARED,true
lex:A1:picture,A1,picture,NGSL_1_2_CORE,picture,509,EXACT_HEADWORD,SOURCE_LEMMA_ONLY_NOT_SENSE_OR_POS,UNREVIEWED_NOT_SEMANTICALLY_APPROVED,NOT_CLEARED,true
lex:A1:piece,A1,piece,NGSL_1_2_CORE,piece,608,EXACT_HEADWORD,SOURCE_LEMMA_ONLY_NOT_SENSE_OR_POS,UNREVIEWED_NOT_SEMANTICALLY_APPROVED,NOT_CLEARED,true
lex:A1:pig,A1,pig,NGSL_1_2_CORE,pig,2519,EXACT_HEADWORD,SOURCE_LEMMA_ONLY_NOT_SENSE_OR_POS,UNREVIEWED_NOT_SEMANTICALLY_APPROVED,NOT_CLEARED,true
lex:A1:pink,A1,pink,NGSL_1_2_CORE,pink,2238,EXACT_HEADWORD,SOURCE_LEMMA_ONLY_NOT_SENSE_OR_POS,UNREVIEWED_NOT_SEMANTICALLY_APPROVED,NOT_CLEARED,true
lex:A1:place,A1,place,NGSL_1_2_CORE,place,114,EXACT_HEADWORD,SOURCE_LEMMA_ONLY_NOT_SENSE_OR_POS,UNREVIEWED_NOT_SEMANTICALLY_APPROVED,NOT_CLEARED,true
lex:A1:plan,A1,plan,NGSL_1_2_CORE,plan,232,EXACT_HEADWORD,SOURCE_LEMMA_ONLY_NOT_SENSE_OR_POS,UNREVIEWED_NOT_SEMANTICALLY_APPROVED,NOT_CLEARED,true
lex:A1:plane,A1,plane,NGSL_1_2_CORE,plane,1259,EXACT_HEADWORD,SOURCE_LEMMA_ONLY_NOT_SENSE_OR_POS,UNREVIEWED_NOT_SEMANTICALLY_APPROVED,NOT_CLEARED,true
lex:A1:plant,A1,plant,NGSL_1_2_CORE,plant,671,EXACT_HEADWORD,SOURCE_LEMMA_ONLY_NOT_SENSE_OR_POS,UNREVIEWED_NOT_SEMANTICALLY_APPROVED,NOT_CLEARED,true
lex:A1:play,A1,play,NGSL_1_2_CORE,play,158,EXACT_HEADWORD,SOURCE_LEMMA_ONLY_NOT_SENSE_OR_POS,UNREVIEWED_NOT_SEMANTICALLY_APPROVED,NOT_CLEARED,true
lex:A1:player,A1,player,NGSL_1_2_CORE,player,715,EXACT_HEADWORD,SOURCE_LEMMA_ONLY_NOT_SENSE_OR_POS,UNREVIEWED_NOT_SEMANTICALLY_APPROVED,NOT_CLEARED,true
lex:A1:please,A1,please,NGSL_1_2_CORE,please,471,EXACT_HEADWORD,SOURCE_LEMMA_ONLY_NOT_SENSE_OR_POS,UNREVIEWED_NOT_SEMANTICALLY_APPROVED,NOT_CLEARED,true
lex:A1:point,A1,point,NGSL_1_2_CORE,point,131,EXACT_HEADWORD,SOURCE_LEMMA_ONLY_NOT_SENSE_OR_POS,UNREVIEWED_NOT_SEMANTICALLY_APPROVED,NOT_CLEARED,true
lex:A1:police,A1,police,NGSL_1_2_CORE,police,616,EXACT_HEADWORD,SOURCE_LEMMA_ONLY_NOT_SENSE_OR_POS,UNREVIEWED_NOT_SEMANTICALLY_APPROVED,NOT_CLEARED,true
lex:A1:policeman,A1,policeman,NGSL_SFI_31K_EXTENSION,policeman,3049,EXACT_HEADWORD,SOURCE_LEMMA_ONLY_NOT_SENSE_OR_POS,UNREVIEWED_NOT_SEMANTICALLY_APPROVED,NOT_CLEARED,true
lex:A1:pool,A1,pool,NGSL_1_2_CORE,pool,1336,EXACT_HEADWORD,SOURCE_LEMMA_ONLY_NOT_SENSE_OR_POS,UNREVIEWED_NOT_SEMANTICALLY_APPROVED,NOT_CLEARED,true
lex:A1:poor,A1,poor,NGSL_1_2_CORE,poor,618,EXACT_HEADWORD,SOURCE_LEMMA_ONLY_NOT_SENSE_OR_POS,UNREVIEWED_NOT_SEMANTICALLY_APPROVED,NOT_CLEARED,true
lex:A1:popular,A1,popular,NGSL_1_2_CORE,popular,790,EXACT_HEADWORD,SOURCE_LEMMA_ONLY_NOT_SENSE_OR_POS,UNREVIEWED_NOT_SEMANTICALLY_APPROVED,NOT_CLEARED,true
lex:A1:positive,A1,positive,NGSL_1_2_CORE,positive,859,EXACT_HEADWORD,SOURCE_LEMMA_ONLY_NOT_SENSE_OR_POS,UNREVIEWED_NOT_SEMANTICALLY_APPROVED,NOT_CLEARED,true
lex:A1:possible,A1,possible,NGSL_1_2_CORE,possible,290,EXACT_HEADWORD,SOURCE_LEMMA_ONLY_NOT_SENSE_OR_POS,UNREVIEWED_NOT_SEMANTICALLY_APPROVED,NOT_CLEARED,true
lex:A1:post,A1,post,NGSL_1_2_CORE,post,928,EXACT_HEADWORD,SOURCE_LEMMA_ONLY_NOT_SENSE_OR_POS,UNREVIEWED_NOT_SEMANTICALLY_APPROVED,NOT_CLEARED,true
lex:A1:potato,A1,potato,NGSL_1_2_CORE,potato,2623,EXACT_HEADWORD,SOURCE_LEMMA_ONLY_NOT_SENSE_OR_POS,UNREVIEWED_NOT_SEMANTICALLY_APPROVED,NOT_CLEARED,true
lex:A1:pound,A1,pound,NGSL_1_2_CORE,pound,984,EXACT_HEADWORD,SOURCE_LEMMA_ONLY_NOT_SENSE_OR_POS,UNREVIEWED_NOT_SEMANTICALLY_APPROVED,NOT_CLEARED,true
lex:A1:practice,A1,practice,NGSL_1_2_CORE,practice,484,EXACT_HEADWORD,SOURCE_LEMMA_ONLY_NOT_SENSE_OR_POS,UNREVIEWED_NOT_SEMANTICALLY_APPROVED,NOT_CLEARED,true
lex:A1:practise,A1,practise,NGSL_1_2_CORE,practice,484,BRITISH_US_VARIANT,SOURCE_LEMMA_ONLY_NOT_SENSE_OR_POS,UNREVIEWED_NOT_SEMANTICALLY_APPROVED,NOT_CLEARED,true
lex:A1:prefer,A1,prefer,NGSL_1_2_CORE,prefer,949,EXACT_HEADWORD,SOURCE_LEMMA_ONLY_NOT_SENSE_OR_POS,UNREVIEWED_NOT_SEMANTICALLY_APPROVED,NOT_CLEARED,true
lex:A1:prepare,A1,prepare,NGSL_1_2_CORE,prepare,604,EXACT_HEADWORD,SOURCE_LEMMA_ONLY_NOT_SENSE_OR_POS,UNREVIEWED_NOT_SEMANTICALLY_APPROVED,NOT_CLEARED,true
lex:A1:present,A1,present,NGSL_1_2_CORE,present,275,EXACT_HEADWORD,SOURCE_LEMMA_ONLY_NOT_SENSE_OR_POS,UNREVIEWED_NOT_SEMANTICALLY_APPROVED,NOT_CLEARED,true
lex:A1:pretty,A1,pretty,NGSL_1_2_CORE,pretty,637,EXACT_HEADWORD,SOURCE_LEMMA_ONLY_NOT_SENSE_OR_POS,UNREVIEWED_NOT_SEMANTICALLY_APPROVED,NOT_CLEARED,true
lex:A1:price,A1,price,NGSL_1_2_CORE,price,296,EXACT_HEADWORD,SOURCE_LEMMA_ONLY_NOT_SENSE_OR_POS,UNREVIEWED_NOT_SEMANTICALLY_APPROVED,NOT_CLEARED,true
lex:A1:probably,A1,probably,NGSL_1_2_CORE,probably,328,EXACT_HEADWORD,SOURCE_LEMMA_ONLY_NOT_SENSE_OR_POS,UNREVIEWED_NOT_SEMANTICALLY_APPROVED,NOT_CLEARED,true
lex:A1:problem,A1,problem,NGSL_1_2_CORE,problem,120,EXACT_HEADWORD,SOURCE_LEMMA_ONLY_NOT_SENSE_OR_POS,UNREVIEWED_NOT_SEMANTICALLY_APPROVED,NOT_CLEARED,true
lex:A1:product,A1,product,NGSL_1_2_CORE,product,304,EXACT_HEADWORD,SOURCE_LEMMA_ONLY_NOT_SENSE_OR_POS,UNREVIEWED_NOT_SEMANTICALLY_APPROVED,NOT_CLEARED,true
lex:A1:programme,A1,programme,NGSL_1_2_CORE,program,240,BRITISH_US_VARIANT,SOURCE_LEMMA_ONLY_NOT_SENSE_OR_POS,UNREVIEWED_NOT_SEMANTICALLY_APPROVED,NOT_CLEARED,true
lex:A1:project,A1,project,NGSL_1_2_CORE,project,518,EXACT_HEADWORD,SOURCE_LEMMA_ONLY_NOT_SENSE_OR_POS,UNREVIEWED_NOT_SEMANTICALLY_APPROVED,NOT_CLEARED,true
lex:A1:purple,A1,purple,NGSL_SFI_31K_EXTENSION,purple,3935,EXACT_HEADWORD,SOURCE_LEMMA_ONLY_NOT_SENSE_OR_POS,UNREVIEWED_NOT_SEMANTICALLY_APPROVED,NOT_CLEARED,true
lex:A1:put,A1,put,NGSL_1_2_CORE,put,139,EXACT_HEADWORD,SOURCE_LEMMA_ONLY_NOT_SENSE_OR_POS,UNREVIEWED_NOT_SEMANTICALLY_APPROVED,NOT_CLEARED,true
lex:A1:quarter,A1,quarter,NGSL_1_2_CORE,quarter,869,EXACT_HEADWORD,SOURCE_LEMMA_ONLY_NOT_SENSE_OR_POS,UNREVIEWED_NOT_SEMANTICALLY_APPROVED,NOT_CLEARED,true
lex:A1:question,A1,question,NGSL_1_2_CORE,question,181,EXACT_HEADWORD,SOURCE_LEMMA_ONLY_NOT_SENSE_OR_POS,UNREVIEWED_NOT_SEMANTICALLY_APPROVED,NOT_CLEARED,true
lex:A1:quick,A1,quick,NGSL_1_2_CORE,quick,1195,EXACT_HEADWORD,SOURCE_LEMMA_ONLY_NOT_SENSE_OR_POS,UNREVIEWED_NOT_SEMANTICALLY_APPROVED,NOT_CLEARED,true
lex:A1:quickly,A1,quickly,NGSL_1_2_CORE,quickly,783,EXACT_HEADWORD,SOURCE_LEMMA_ONLY_NOT_SENSE_OR_POS,UNREVIEWED_NOT_SEMANTICALLY_APPROVED,NOT_CLEARED,true
lex:A1:quiet,A1,quiet,NGSL_1_2_CORE,quiet,1313,EXACT_HEADWORD,SOURCE_LEMMA_ONLY_NOT_SENSE_OR_POS,UNREVIEWED_NOT_SEMANTICALLY_APPROVED,NOT_CLEARED,true
lex:A1:quite,A1,quite,NGSL_1_2_CORE,quite,277,EXACT_HEADWORD,SOURCE_LEMMA_ONLY_NOT_SENSE_OR_POS,UNREVIEWED_NOT_SEMANTICALLY_APPROVED,NOT_CLEARED,true
lex:A1:radio,A1,radio,NGSL_1_2_CORE,radio,1045,EXACT_HEADWORD,SOURCE_LEMMA_ONLY_NOT_SENSE_OR_POS,UNREVIEWED_NOT_SEMANTICALLY_APPROVED,NOT_CLEARED,true
lex:A1:rain,A1,rain,NGSL_1_2_CORE,rain,1232,EXACT_HEADWORD,SOURCE_LEMMA_ONLY_NOT_SENSE_OR_POS,UNREVIEWED_NOT_SEMANTICALLY_APPROVED,NOT_CLEARED,true
lex:A1:read,A1,read,NGSL_1_2_CORE,read,207,EXACT_HEADWORD,SOURCE_LEMMA_ONLY_NOT_SENSE_OR_POS,UNREVIEWED_NOT_SEMANTICALLY_APPROVED,NOT_CLEARED,true
lex:A1:reader,A1,reader,NGSL_1_2_CORE,reader,1143,EXACT_HEADWORD,SOURCE_LEMMA_ONLY_NOT_SENSE_OR_POS,UNREVIEWED_NOT_SEMANTICALLY_APPROVED,NOT_CLEARED,true
lex:A1:reading,A1,reading,NGSL_1_2_CORE,read,207,RELATED_LEMMA_ONLY,SOURCE_LEMMA_ONLY_NOT_SENSE_OR_POS,UNREVIEWED_NOT_SEMANTICALLY_APPROVED,NOT_CLEARED,true
lex:A1:ready,A1,ready,NGSL_1_2_CORE,ready,774,EXACT_HEADWORD,SOURCE_LEMMA_ONLY_NOT_SENSE_OR_POS,UNREVIEWED_NOT_SEMANTICALLY_APPROVED,NOT_CLEARED,true
lex:A1:real,A1,real,NGSL_1_2_CORE,real,354,EXACT_HEADWORD,SOURCE_LEMMA_ONLY_NOT_SENSE_OR_POS,UNREVIEWED_NOT_SEMANTICALLY_APPROVED,NOT_CLEARED,true
lex:A1:really,A1,really,NGSL_1_2_CORE,really,104,EXACT_HEADWORD,SOURCE_LEMMA_ONLY_NOT_SENSE_OR_POS,UNREVIEWED_NOT_SEMANTICALLY_APPROVED,NOT_CLEARED,true
lex:A1:reason,A1,reason,NGSL_1_2_CORE,reason,256,EXACT_HEADWORD,SOURCE_LEMMA_ONLY_NOT_SENSE_OR_POS,UNREVIEWED_NOT_SEMANTICALLY_APPROVED,NOT_CLEARED,true
lex:A1:red,A1,red,NGSL_1_2_CORE,red,800,EXACT_HEADWORD,SOURCE_LEMMA_ONLY_NOT_SENSE_OR_POS,UNREVIEWED_NOT_SEMANTICALLY_APPROVED,NOT_CLEARED,true
lex:A1:relax,A1,relax,NGSL_1_2_CORE,relax,1485,EXACT_HEADWORD,SOURCE_LEMMA_ONLY_NOT_SENSE_OR_POS,UNREVIEWED_NOT_SEMANTICALLY_APPROVED,NOT_CLEARED,true
lex:A1:remember,A1,remember,NGSL_1_2_CORE,remember,351,EXACT_HEADWORD,SOURCE_LEMMA_ONLY_NOT_SENSE_OR_POS,UNREVIEWED_NOT_SEMANTICALLY_APPROVED,NOT_CLEARED,true
lex:A1:repeat,A1,repeat,NGSL_1_2_CORE,repeat,1253,EXACT_HEADWORD,SOURCE_LEMMA_ONLY_NOT_SENSE_OR_POS,UNREVIEWED_NOT_SEMANTICALLY_APPROVED,NOT_CLEARED,true
lex:A1:report,A1,report,NGSL_1_2_CORE,report,166,EXACT_HEADWORD,SOURCE_LEMMA_ONLY_NOT_SENSE_OR_POS,UNREVIEWED_NOT_SEMANTICALLY_APPROVED,NOT_CLEARED,true
lex:A1:restaurant,A1,restaurant,NGSL_1_2_CORE,restaurant,919,EXACT_HEADWORD,SOURCE_LEMMA_ONLY_NOT_SENSE_OR_POS,UNREVIEWED_NOT_SEMANTICALLY_APPROVED,NOT_CLEARED,true
lex:A1:result,A1,result,NGSL_1_2_CORE,result,233,EXACT_HEADWORD,SOURCE_LEMMA_ONLY_NOT_SENSE_OR_POS,UNREVIEWED_NOT_SEMANTICALLY_APPROVED,NOT_CLEARED,true
lex:A1:return,A1,return,NGSL_1_2_CORE,return,337,EXACT_HEADWORD,SOURCE_LEMMA_ONLY_NOT_SENSE_OR_POS,UNREVIEWED_NOT_SEMANTICALLY_APPROVED,NOT_CLEARED,true
lex:A1:rice,A1,rice,NGSL_1_2_CORE,rice,2695,EXACT_HEADWORD,SOURCE_LEMMA_ONLY_NOT_SENSE_OR_POS,UNREVIEWED_NOT_SEMANTICALLY_APPROVED,NOT_CLEARED,true
lex:A1:rich,A1,rich,NGSL_1_2_CORE,rich,1012,EXACT_HEADWORD,SOURCE_LEMMA_ONLY_NOT_SENSE_OR_POS,UNREVIEWED_NOT_SEMANTICALLY_APPROVED,NOT_CLEARED,true
lex:A1:ride,A1,ride,NGSL_1_2_CORE,ride,1050,EXACT_HEADWORD,SOURCE_LEMMA_ONLY_NOT_SENSE_OR_POS,UNREVIEWED_NOT_SEMANTICALLY_APPROVED,NOT_CLEARED,true
lex:A1:right,A1,right,NGSL_1_2_CORE,right,92,EXACT_HEADWORD,SOURCE_LEMMA_ONLY_NOT_SENSE_OR_POS,UNREVIEWED_NOT_SEMANTICALLY_APPROVED,NOT_CLEARED,true
lex:A1:river,A1,river,NGSL_1_2_CORE,river,1176,EXACT_HEADWORD,SOURCE_LEMMA_ONLY_NOT_SENSE_OR_POS,UNREVIEWED_NOT_SEMANTICALLY_APPROVED,NOT_CLEARED,true
lex:A1:road,A1,road,NGSL_1_2_CORE,road,521,EXACT_HEADWORD,SOURCE_LEMMA_ONLY_NOT_SENSE_OR_POS,UNREVIEWED_NOT_SEMANTICALLY_APPROVED,NOT_CLEARED,true
lex:A1:room,A1,room,NGSL_1_2_CORE,room,254,EXACT_HEADWORD,SOURCE_LEMMA_ONLY_NOT_SENSE_OR_POS,UNREVIEWED_NOT_SEMANTICALLY_APPROVED,NOT_CLEARED,true
lex:A1:routine,A1,routine,NGSL_1_2_CORE,routine,2104,EXACT_HEADWORD,SOURCE_LEMMA_ONLY_NOT_SENSE_OR_POS,UNREVIEWED_NOT_SEMANTICALLY_APPROVED,NOT_CLEARED,true
lex:A1:rule,A1,rule,NGSL_1_2_CORE,rule,415,EXACT_HEADWORD,SOURCE_LEMMA_ONLY_NOT_SENSE_OR_POS,UNREVIEWED_NOT_SEMANTICALLY_APPROVED,NOT_CLEARED,true
lex:A1:run,A1,run,NGSL_1_2_CORE,run,192,EXACT_HEADWORD,SOURCE_LEMMA_ONLY_NOT_SENSE_OR_POS,UNREVIEWED_NOT_SEMANTICALLY_APPROVED,NOT_CLEARED,true
lex:A1:sad,A1,sad,NGSL_1_2_CORE,sad,1710,EXACT_HEADWORD,SOURCE_LEMMA_ONLY_NOT_SENSE_OR_POS,UNREVIEWED_NOT_SEMANTICALLY_APPROVED,NOT_CLEARED,true
lex:A1:salad,A1,salad,NGSL_SFI_31K_EXTENSION,salad,3392,EXACT_HEADWORD,SOURCE_LEMMA_ONLY_NOT_SENSE_OR_POS,UNREVIEWED_NOT_SEMANTICALLY_APPROVED,NOT_CLEARED,true
lex:A1:salt,A1,salt,NGSL_1_2_CORE,salt,2459,EXACT_HEADWORD,SOURCE_LEMMA_ONLY_NOT_SENSE_OR_POS,UNREVIEWED_NOT_SEMANTICALLY_APPROVED,NOT_CLEARED,true
lex:A1:same,A1,same,NGSL_1_2_CORE,same,122,EXACT_HEADWORD,SOURCE_LEMMA_ONLY_NOT_SENSE_OR_POS,UNREVIEWED_NOT_SEMANTICALLY_APPROVED,NOT_CLEARED,true
lex:A1:sandwich,A1,sandwich,NGSL_SFI_31K_EXTENSION,sandwich,3051,EXACT_HEADWORD,SOURCE_LEMMA_ONLY_NOT_SENSE_OR_POS,UNREVIEWED_NOT_SEMANTICALLY_APPROVED,NOT_CLEARED,true
lex:A1:saturday,A1,Saturday,NGSL_1_2_SUPPLEMENT,Saturday,,EXACT_HEADWORD,SOURCE_LEMMA_ONLY_NOT_SENSE_OR_POS,UNREVIEWED_NOT_SEMANTICALLY_APPROVED,NOT_CLEARED,true
lex:A1:say,A1,say,NGSL_1_2_CORE,say,30,EXACT_HEADWORD,SOURCE_LEMMA_ONLY_NOT_SENSE_OR_POS,UNREVIEWED_NOT_SEMANTICALLY_APPROVED,NOT_CLEARED,true
lex:A1:school,A1,school,NGSL_1_2_CORE,school,146,EXACT_HEADWORD,SOURCE_LEMMA_ONLY_NOT_SENSE_OR_POS,UNREVIEWED_NOT_SEMANTICALLY_APPROVED,NOT_CLEARED,true
lex:A1:science,A1,science,NGSL_1_2_CORE,science,905,EXACT_HEADWORD,SOURCE_LEMMA_ONLY_NOT_SENSE_OR_POS,UNREVIEWED_NOT_SEMANTICALLY_APPROVED,NOT_CLEARED,true
lex:A1:scientist,A1,scientist,NGSL_1_2_CORE,scientist,1409,EXACT_HEADWORD,SOURCE_LEMMA_ONLY_NOT_SENSE_OR_POS,UNREVIEWED_NOT_SEMANTICALLY_APPROVED,NOT_CLEARED,true
lex:A1:sea,A1,sea,NGSL_1_2_CORE,sea,987,EXACT_HEADWORD,SOURCE_LEMMA_ONLY_NOT_SENSE_OR_POS,UNREVIEWED_NOT_SEMANTICALLY_APPROVED,NOT_CLEARED,true
lex:A1:second-next-after-the-first,A1,second¹ (next after the first),NGSL_1_2_CORE,second,226,EXACT_HEADWORD,SOURCE_LEMMA_ONLY_NOT_SENSE_OR_POS,UNREVIEWED_NOT_SEMANTICALLY_APPROVED,NOT_CLEARED,true
lex:A1:second-unit-of-time,A1,second¹ (unit of time),NGSL_1_2_CORE,second,226,EXACT_HEADWORD,SOURCE_LEMMA_ONLY_NOT_SENSE_OR_POS,UNREVIEWED_NOT_SEMANTICALLY_APPROVED,NOT_CLEARED,true
lex:A1:section,A1,section,NGSL_1_2_CORE,section,668,EXACT_HEADWORD,SOURCE_LEMMA_ONLY_NOT_SENSE_OR_POS,UNREVIEWED_NOT_SEMANTICALLY_APPROVED,NOT_CLEARED,true
lex:A1:see,A1,see,NGSL_1_2_CORE,see,50,EXACT_HEADWORD,SOURCE_LEMMA_ONLY_NOT_SENSE_OR_POS,UNREVIEWED_NOT_SEMANTICALLY_APPROVED,NOT_CLEARED,true
lex:A1:sell,A1,sell,NGSL_1_2_CORE,sell,418,EXACT_HEADWORD,SOURCE_LEMMA_ONLY_NOT_SENSE_OR_POS,UNREVIEWED_NOT_SEMANTICALLY_APPROVED,NOT_CLEARED,true
lex:A1:send,A1,send,NGSL_1_2_CORE,send,323,EXACT_HEADWORD,SOURCE_LEMMA_ONLY_NOT_SENSE_OR_POS,UNREVIEWED_NOT_SEMANTICALLY_APPROVED,NOT_CLEARED,true
lex:A1:sentence,A1,sentence,NGSL_1_2_CORE,sentence,1099,EXACT_HEADWORD,SOURCE_LEMMA_ONLY_NOT_SENSE_OR_POS,UNREVIEWED_NOT_SEMANTICALLY_APPROVED,NOT_CLEARED,true
lex:A1:september,A1,September,NGSL_1_2_SUPPLEMENT,September,,EXACT_HEADWORD,SOURCE_LEMMA_ONLY_NOT_SENSE_OR_POS,UNREVIEWED_NOT_SEMANTICALLY_APPROVED,NOT_CLEARED,true
lex:A1:seven,A1,seven,NGSL_1_2_SUPPLEMENT,seven,,EXACT_HEADWORD,SOURCE_LEMMA_ONLY_NOT_SENSE_OR_POS,UNREVIEWED_NOT_SEMANTICALLY_APPROVED,NOT_CLEARED,true
lex:A1:seventeen,A1,seventeen,NGSL_1_2_SUPPLEMENT,seventeen,,EXACT_HEADWORD,SOURCE_LEMMA_ONLY_NOT_SENSE_OR_POS,UNREVIEWED_NOT_SEMANTICALLY_APPROVED,NOT_CLEARED,true
lex:A1:seventy,A1,seventy,NGSL_1_2_SUPPLEMENT,seventy,,EXACT_HEADWORD,SOURCE_LEMMA_ONLY_NOT_SENSE_OR_POS,UNREVIEWED_NOT_SEMANTICALLY_APPROVED,NOT_CLEARED,true
lex:A1:share,A1,share,NGSL_1_2_CORE,share,353,EXACT_HEADWORD,SOURCE_LEMMA_ONLY_NOT_SENSE_OR_POS,UNREVIEWED_NOT_SEMANTICALLY_APPROVED,NOT_CLEARED,true
lex:A1:she,A1,she,NGSL_1_2_CORE,she,24,EXACT_HEADWORD,SOURCE_LEMMA_ONLY_NOT_SENSE_OR_POS,UNREVIEWED_NOT_SEMANTICALLY_APPROVED,NOT_CLEARED,true
lex:A1:sheep,A1,sheep,NGSL_1_2_CORE,sheep,2710,EXACT_HEADWORD,SOURCE_LEMMA_ONLY_NOT_SENSE_OR_POS,UNREVIEWED_NOT_SEMANTICALLY_APPROVED,NOT_CLEARED,true
lex:A1:shirt,A1,shirt,NGSL_1_2_CORE,shirt,1907,EXACT_HEADWORD,SOURCE_LEMMA_ONLY_NOT_SENSE_OR_POS,UNREVIEWED_NOT_SEMANTICALLY_APPROVED,NOT_CLEARED,true
lex:A1:shoe,A1,shoe,NGSL_1_2_CORE,shoe,1476,EXACT_HEADWORD,SOURCE_LEMMA_ONLY_NOT_SENSE_OR_POS,UNREVIEWED_NOT_SEMANTICALLY_APPROVED,NOT_CLEARED,true
lex:A1:shop,A1,shop,NGSL_1_2_CORE,shop,437,EXACT_HEADWORD,SOURCE_LEMMA_ONLY_NOT_SENSE_OR_POS,UNREVIEWED_NOT_SEMANTICALLY_APPROVED,NOT_CLEARED,true
lex:A1:shopping,A1,shopping,NGSL_1_2_CORE,shop,437,RELATED_LEMMA_ONLY,SOURCE_LEMMA_ONLY_NOT_SENSE_OR_POS,UNREVIEWED_NOT_SEMANTICALLY_APPROVED,NOT_CLEARED,true
lex:A1:short,A1,short,NGSL_1_2_CORE,short,419,EXACT_HEADWORD,SOURCE_LEMMA_ONLY_NOT_SENSE_OR_POS,UNREVIEWED_NOT_SEMANTICALLY_APPROVED,NOT_CLEARED,true
lex:A1:should,A1,should,NGSL_1_2_CORE,should,89,EXACT_HEADWORD,SOURCE_LEMMA_ONLY_NOT_SENSE_OR_POS,UNREVIEWED_NOT_SEMANTICALLY_APPROVED,NOT_CLEARED,true
lex:A1:show,A1,show,NGSL_1_2_CORE,show,110,EXACT_HEADWORD,SOURCE_LEMMA_ONLY_NOT_SENSE_OR_POS,UNREVIEWED_NOT_SEMANTICALLY_APPROVED,NOT_CLEARED,true
lex:A1:shower,A1,shower,NGSL_1_2_CORE,shower,2352,EXACT_HEADWORD,SOURCE_LEMMA_ONLY_NOT_SENSE_OR_POS,UNREVIEWED_NOT_SEMANTICALLY_APPROVED,NOT_CLEARED,true
lex:A1:sick,A1,sick,NGSL_1_2_CORE,sick,1716,EXACT_HEADWORD,SOURCE_LEMMA_ONLY_NOT_SENSE_OR_POS,UNREVIEWED_NOT_SEMANTICALLY_APPROVED,NOT_CLEARED,true
lex:A1:similar,A1,similar,NGSL_1_2_CORE,similar,594,EXACT_HEADWORD,SOURCE_LEMMA_ONLY_NOT_SENSE_OR_POS,UNREVIEWED_NOT_SEMANTICALLY_APPROVED,NOT_CLEARED,true
lex:A1:sing,A1,sing,NGSL_1_2_CORE,sing,873,EXACT_HEADWORD,SOURCE_LEMMA_ONLY_NOT_SENSE_OR_POS,UNREVIEWED_NOT_SEMANTICALLY_APPROVED,NOT_CLEARED,true
lex:A1:singer,A1,singer,NGSL_1_2_CORE,singer,2182,EXACT_HEADWORD,SOURCE_LEMMA_ONLY_NOT_SENSE_OR_POS,UNREVIEWED_NOT_SEMANTICALLY_APPROVED,NOT_CLEARED,true
lex:A1:sister,A1,sister,NGSL_1_2_CORE,sister,964,EXACT_HEADWORD,SOURCE_LEMMA_ONLY_NOT_SENSE_OR_POS,UNREVIEWED_NOT_SEMANTICALLY_APPROVED,NOT_CLEARED,true
lex:A1:sit,A1,sit,NGSL_1_2_CORE,sit,356,EXACT_HEADWORD,SOURCE_LEMMA_ONLY_NOT_SENSE_OR_POS,UNREVIEWED_NOT_SEMANTICALLY_APPROVED,NOT_CLEARED,true
lex:A1:situation,A1,situation,NGSL_1_2_CORE,situation,430,EXACT_HEADWORD,SOURCE_LEMMA_ONLY_NOT_SENSE_OR_POS,UNREVIEWED_NOT_SEMANTICALLY_APPROVED,NOT_CLEARED,true
lex:A1:six,A1,six,NGSL_1_2_SUPPLEMENT,six,,EXACT_HEADWORD,SOURCE_LEMMA_ONLY_NOT_SENSE_OR_POS,UNREVIEWED_NOT_SEMANTICALLY_APPROVED,NOT_CLEARED,true
lex:A1:sixteen,A1,sixteen,NGSL_1_2_SUPPLEMENT,sixteen,,EXACT_HEADWORD,SOURCE_LEMMA_ONLY_NOT_SENSE_OR_POS,UNREVIEWED_NOT_SEMANTICALLY_APPROVED,NOT_CLEARED,true
lex:A1:sixty,A1,sixty,NGSL_1_2_SUPPLEMENT,sixty,,EXACT_HEADWORD,SOURCE_LEMMA_ONLY_NOT_SENSE_OR_POS,UNREVIEWED_NOT_SEMANTICALLY_APPROVED,NOT_CLEARED,true
lex:A1:skill,A1,skill,NGSL_1_2_CORE,skill,685,EXACT_HEADWORD,SOURCE_LEMMA_ONLY_NOT_SENSE_OR_POS,UNREVIEWED_NOT_SEMANTICALLY_APPROVED,NOT_CLEARED,true
lex:A1:skirt,A1,skirt,NGSL_1_2_CORE,skirt,2451,EXACT_HEADWORD,SOURCE_LEMMA_ONLY_NOT_SENSE_OR_POS,UNREVIEWED_NOT_SEMANTICALLY_APPROVED,NOT_CLEARED,true
lex:A1:sleep,A1,sleep,NGSL_1_2_CORE,sleep,827,EXACT_HEADWORD,SOURCE_LEMMA_ONLY_NOT_SENSE_OR_POS,UNREVIEWED_NOT_SEMANTICALLY_APPROVED,NOT_CLEARED,true
lex:A1:slow,A1,slow,NGSL_1_2_CORE,slow,1118,EXACT_HEADWORD,SOURCE_LEMMA_ONLY_NOT_SENSE_OR_POS,UNREVIEWED_NOT_SEMANTICALLY_APPROVED,NOT_CLEARED,true
lex:A1:small,A1,small,NGSL_1_2_CORE,small,186,EXACT_HEADWORD,SOURCE_LEMMA_ONLY_NOT_SENSE_OR_POS,UNREVIEWED_NOT_SEMANTICALLY_APPROVED,NOT_CLEARED,true
lex:A1:snake,A1,snake,NGSL_SFI_31K_EXTENSION,snake,4040,EXACT_HEADWORD,SOURCE_LEMMA_ONLY_NOT_SENSE_OR_POS,UNREVIEWED_NOT_SEMANTICALLY_APPROVED,NOT_CLEARED,true
lex:A1:snow,A1,snow,NGSL_1_2_CORE,snow,1950,EXACT_HEADWORD,SOURCE_LEMMA_ONLY_NOT_SENSE_OR_POS,UNREVIEWED_NOT_SEMANTICALLY_APPROVED,NOT_CLEARED,true
lex:A1:so,A1,so,NGSL_1_2_CORE,so,32,EXACT_HEADWORD,SOURCE_LEMMA_ONLY_NOT_SENSE_OR_POS,UNREVIEWED_NOT_SEMANTICALLY_APPROVED,NOT_CLEARED,true
lex:A1:some,A1,some,NGSL_1_2_CORE,some,53,EXACT_HEADWORD,SOURCE_LEMMA_ONLY_NOT_SENSE_OR_POS,UNREVIEWED_NOT_SEMANTICALLY_APPROVED,NOT_CLEARED,true
lex:A1:somebody,A1,somebody,NGSL_1_2_CORE,somebody,983,EXACT_HEADWORD,SOURCE_LEMMA_ONLY_NOT_SENSE_OR_POS,UNREVIEWED_NOT_SEMANTICALLY_APPROVED,NOT_CLEARED,true
lex:A1:someone,A1,someone,NGSL_1_2_CORE,someone,439,EXACT_HEADWORD,SOURCE_LEMMA_ONLY_NOT_SENSE_OR_POS,UNREVIEWED_NOT_SEMANTICALLY_APPROVED,NOT_CLEARED,true
lex:A1:something,A1,something,NGSL_1_2_CORE,something,138,EXACT_HEADWORD,SOURCE_LEMMA_ONLY_NOT_SENSE_OR_POS,UNREVIEWED_NOT_SEMANTICALLY_APPROVED,NOT_CLEARED,true
lex:A1:sometimes,A1,sometimes,NGSL_1_2_CORE,sometimes,444,EXACT_HEADWORD,SOURCE_LEMMA_ONLY_NOT_SENSE_OR_POS,UNREVIEWED_NOT_SEMANTICALLY_APPROVED,NOT_CLEARED,true
lex:A1:son,A1,son,NGSL_1_2_CORE,son,687,EXACT_HEADWORD,SOURCE_LEMMA_ONLY_NOT_SENSE_OR_POS,UNREVIEWED_NOT_SEMANTICALLY_APPROVED,NOT_CLEARED,true
lex:A1:song,A1,song,NGSL_1_2_CORE,song,941,EXACT_HEADWORD,SOURCE_LEMMA_ONLY_NOT_SENSE_OR_POS,UNREVIEWED_NOT_SEMANTICALLY_APPROVED,NOT_CLEARED,true
lex:A1:soon,A1,soon,NGSL_1_2_CORE,soon,325,EXACT_HEADWORD,SOURCE_LEMMA_ONLY_NOT_SENSE_OR_POS,UNREVIEWED_NOT_SEMANTICALLY_APPROVED,NOT_CLEARED,true
lex:A1:sorry,A1,sorry,NGSL_1_2_CORE,sorry,765,EXACT_HEADWORD,SOURCE_LEMMA_ONLY_NOT_SENSE_OR_POS,UNREVIEWED_NOT_SEMANTICALLY_APPROVED,NOT_CLEARED,true
lex:A1:sound,A1,sound,NGSL_1_2_CORE,sound,390,EXACT_HEADWORD,SOURCE_LEMMA_ONLY_NOT_SENSE_OR_POS,UNREVIEWED_NOT_SEMANTICALLY_APPROVED,NOT_CLEARED,true
lex:A1:soup,A1,soup,NGSL_SFI_31K_EXTENSION,soup,3723,EXACT_HEADWORD,SOURCE_LEMMA_ONLY_NOT_SENSE_OR_POS,UNREVIEWED_NOT_SEMANTICALLY_APPROVED,NOT_CLEARED,true
lex:A1:south,A1,south,NGSL_1_2_CORE,south,1159,EXACT_HEADWORD,SOURCE_LEMMA_ONLY_NOT_SENSE_OR_POS,UNREVIEWED_NOT_SEMANTICALLY_APPROVED,NOT_CLEARED,true
lex:A1:space,A1,space,NGSL_1_2_CORE,space,552,EXACT_HEADWORD,SOURCE_LEMMA_ONLY_NOT_SENSE_OR_POS,UNREVIEWED_NOT_SEMANTICALLY_APPROVED,NOT_CLEARED,true
lex:A1:speak,A1,speak,NGSL_1_2_CORE,speak,284,EXACT_HEADWORD,SOURCE_LEMMA_ONLY_NOT_SENSE_OR_POS,UNREVIEWED_NOT_SEMANTICALLY_APPROVED,NOT_CLEARED,true
lex:A1:special,A1,special,NGSL_1_2_CORE,special,443,EXACT_HEADWORD,SOURCE_LEMMA_ONLY_NOT_SENSE_OR_POS,UNREVIEWED_NOT_SEMANTICALLY_APPROVED,NOT_CLEARED,true
lex:A1:spell,A1,spell,NGSL_1_2_CORE,spell,1972,EXACT_HEADWORD,SOURCE_LEMMA_ONLY_NOT_SENSE_OR_POS,UNREVIEWED_NOT_SEMANTICALLY_APPROVED,NOT_CLEARED,true
lex:A1:spelling,A1,spelling,NGSL_1_2_CORE,spell,1972,RELATED_LEMMA_ONLY,SOURCE_LEMMA_ONLY_NOT_SENSE_OR_POS,UNREVIEWED_NOT_SEMANTICALLY_APPROVED,NOT_CLEARED,true
lex:A1:spend,A1,spend,NGSL_1_2_CORE,spend,258,EXACT_HEADWORD,SOURCE_LEMMA_ONLY_NOT_SENSE_OR_POS,UNREVIEWED_NOT_SEMANTICALLY_APPROVED,NOT_CLEARED,true
lex:A1:sport,A1,sport,NGSL_1_2_CORE,sport,603,EXACT_HEADWORD,SOURCE_LEMMA_ONLY_NOT_SENSE_OR_POS,UNREVIEWED_NOT_SEMANTICALLY_APPROVED,NOT_CLEARED,true
lex:A1:spring,A1,spring,NGSL_1_2_CORE,spring,1332,EXACT_HEADWORD,SOURCE_LEMMA_ONLY_NOT_SENSE_OR_POS,UNREVIEWED_NOT_SEMANTICALLY_APPROVED,NOT_CLEARED,true
lex:A1:stand,A1,stand,NGSL_1_2_CORE,stand,309,EXACT_HEADWORD,SOURCE_LEMMA_ONLY_NOT_SENSE_OR_POS,UNREVIEWED_NOT_SEMANTICALLY_APPROVED,NOT_CLEARED,true
lex:A1:star,A1,star,NGSL_1_2_CORE,star,846,EXACT_HEADWORD,SOURCE_LEMMA_ONLY_NOT_SENSE_OR_POS,UNREVIEWED_NOT_SEMANTICALLY_APPROVED,NOT_CLEARED,true
lex:A1:start,A1,start,NGSL_1_2_CORE,start,136,EXACT_HEADWORD,SOURCE_LEMMA_ONLY_NOT_SENSE_OR_POS,UNREVIEWED_NOT_SEMANTICALLY_APPROVED,NOT_CLEARED,true
lex:A1:statement,A1,statement,NGSL_1_2_CORE,statement,769,EXACT_HEADWORD,SOURCE_LEMMA_ONLY_NOT_SENSE_OR_POS,UNREVIEWED_NOT_SEMANTICALLY_APPROVED,NOT_CLEARED,true
lex:A1:station,A1,station,NGSL_1_2_CORE,station,709,EXACT_HEADWORD,SOURCE_LEMMA_ONLY_NOT_SENSE_OR_POS,UNREVIEWED_NOT_SEMANTICALLY_APPROVED,NOT_CLEARED,true
lex:A1:stay,A1,stay,NGSL_1_2_CORE,stay,345,EXACT_HEADWORD,SOURCE_LEMMA_ONLY_NOT_SENSE_OR_POS,UNREVIEWED_NOT_SEMANTICALLY_APPROVED,NOT_CLEARED,true
lex:A1:still,A1,still,NGSL_1_2_CORE,still,119,EXACT_HEADWORD,SOURCE_LEMMA_ONLY_NOT_SENSE_OR_POS,UNREVIEWED_NOT_SEMANTICALLY_APPROVED,NOT_CLEARED,true
lex:A1:stop,A1,stop,NGSL_1_2_CORE,stop,347,EXACT_HEADWORD,SOURCE_LEMMA_ONLY_NOT_SENSE_OR_POS,UNREVIEWED_NOT_SEMANTICALLY_APPROVED,NOT_CLEARED,true
lex:A1:story,A1,story,NGSL_1_2_CORE,story,306,EXACT_HEADWORD,SOURCE_LEMMA_ONLY_NOT_SENSE_OR_POS,UNREVIEWED_NOT_SEMANTICALLY_APPROVED,NOT_CLEARED,true
lex:A1:street,A1,street,NGSL_1_2_CORE,street,598,EXACT_HEADWORD,SOURCE_LEMMA_ONLY_NOT_SENSE_OR_POS,UNREVIEWED_NOT_SEMANTICALLY_APPROVED,NOT_CLEARED,true
lex:A1:strong,A1,strong,NGSL_1_2_CORE,strong,461,EXACT_HEADWORD,SOURCE_LEMMA_ONLY_NOT_SENSE_OR_POS,UNREVIEWED_NOT_SEMANTICALLY_APPROVED,NOT_CLEARED,true
lex:A1:student,A1,student,NGSL_1_2_CORE,student,248,EXACT_HEADWORD,SOURCE_LEMMA_ONLY_NOT_SENSE_OR_POS,UNREVIEWED_NOT_SEMANTICALLY_APPROVED,NOT_CLEARED,true
lex:A1:study,A1,study,NGSL_1_2_CORE,study,187,EXACT_HEADWORD,SOURCE_LEMMA_ONLY_NOT_SENSE_OR_POS,UNREVIEWED_NOT_SEMANTICALLY_APPROVED,NOT_CLEARED,true
lex:A1:style,A1,style,NGSL_1_2_CORE,style,865,EXACT_HEADWORD,SOURCE_LEMMA_ONLY_NOT_SENSE_OR_POS,UNREVIEWED_NOT_SEMANTICALLY_APPROVED,NOT_CLEARED,true
lex:A1:subject,A1,subject,NGSL_1_2_CORE,subject,361,EXACT_HEADWORD,SOURCE_LEMMA_ONLY_NOT_SENSE_OR_POS,UNREVIEWED_NOT_SEMANTICALLY_APPROVED,NOT_CLEARED,true
lex:A1:success,A1,success,NGSL_1_2_CORE,success,725,EXACT_HEADWORD,SOURCE_LEMMA_ONLY_NOT_SENSE_OR_POS,UNREVIEWED_NOT_SEMANTICALLY_APPROVED,NOT_CLEARED,true
lex:A1:sugar,A1,sugar,NGSL_1_2_CORE,sugar,2234,EXACT_HEADWORD,SOURCE_LEMMA_ONLY_NOT_SENSE_OR_POS,UNREVIEWED_NOT_SEMANTICALLY_APPROVED,NOT_CLEARED,true
lex:A1:summer,A1,summer,NGSL_1_2_CORE,summer,654,EXACT_HEADWORD,SOURCE_LEMMA_ONLY_NOT_SENSE_OR_POS,UNREVIEWED_NOT_SEMANTICALLY_APPROVED,NOT_CLEARED,true
lex:A1:sun,A1,sun,NGSL_1_2_CORE,sun,1361,EXACT_HEADWORD,SOURCE_LEMMA_ONLY_NOT_SENSE_OR_POS,UNREVIEWED_NOT_SEMANTICALLY_APPROVED,NOT_CLEARED,true
lex:A1:sunday,A1,Sunday,NGSL_1_2_SUPPLEMENT,Sunday,,EXACT_HEADWORD,SOURCE_LEMMA_ONLY_NOT_SENSE_OR_POS,UNREVIEWED_NOT_SEMANTICALLY_APPROVED,NOT_CLEARED,true
lex:A1:supermarket,A1,supermarket,NGSL_SFI_31K_EXTENSION,supermarket,2778,EXACT_HEADWORD,SOURCE_LEMMA_ONLY_NOT_SENSE_OR_POS,UNREVIEWED_NOT_SEMANTICALLY_APPROVED,NOT_CLEARED,true
lex:A1:sure,A1,sure,NGSL_1_2_CORE,sure,279,EXACT_HEADWORD,SOURCE_LEMMA_ONLY_NOT_SENSE_OR_POS,UNREVIEWED_NOT_SEMANTICALLY_APPROVED,NOT_CLEARED,true
lex:A1:sweater,A1,sweater,NGSL_SFI_31K_EXTENSION,sweater,4518,EXACT_HEADWORD,SOURCE_LEMMA_ONLY_NOT_SENSE_OR_POS,UNREVIEWED_NOT_SEMANTICALLY_APPROVED,NOT_CLEARED,true
lex:A1:swim,A1,swim,NGSL_1_2_CORE,swim,1391,EXACT_HEADWORD,SOURCE_LEMMA_ONLY_NOT_SENSE_OR_POS,UNREVIEWED_NOT_SEMANTICALLY_APPROVED,NOT_CLEARED,true
lex:A1:swimming,A1,swimming,NGSL_1_2_CORE,swim,1391,RELATED_LEMMA_ONLY,SOURCE_LEMMA_ONLY_NOT_SENSE_OR_POS,UNREVIEWED_NOT_SEMANTICALLY_APPROVED,NOT_CLEARED,true
lex:A1:table,A1,table,NGSL_1_2_CORE,table,450,EXACT_HEADWORD,SOURCE_LEMMA_ONLY_NOT_SENSE_OR_POS,UNREVIEWED_NOT_SEMANTICALLY_APPROVED,NOT_CLEARED,true
lex:A1:take,A1,take,NGSL_1_2_CORE,take,59,EXACT_HEADWORD,SOURCE_LEMMA_ONLY_NOT_SENSE_OR_POS,UNREVIEWED_NOT_SEMANTICALLY_APPROVED,NOT_CLEARED,true
lex:A1:talk,A1,talk,NGSL_1_2_CORE,talk,137,EXACT_HEADWORD,SOURCE_LEMMA_ONLY_NOT_SENSE_OR_POS,UNREVIEWED_NOT_SEMANTICALLY_APPROVED,NOT_CLEARED,true
lex:A1:tall,A1,tall,NGSL_1_2_CORE,tall,1785,EXACT_HEADWORD,SOURCE_LEMMA_ONLY_NOT_SENSE_OR_POS,UNREVIEWED_NOT_SEMANTICALLY_APPROVED,NOT_CLEARED,true
lex:A1:taxi,A1,taxi,NGSL_1_2_CORE,taxi,1148,EXACT_HEADWORD,SOURCE_LEMMA_ONLY_NOT_SENSE_OR_POS,UNREVIEWED_NOT_SEMANTICALLY_APPROVED,NOT_CLEARED,true
lex:A1:tea,A1,tea,NGSL_1_2_CORE,tea,1599,EXACT_HEADWORD,SOURCE_LEMMA_ONLY_NOT_SENSE_OR_POS,UNREVIEWED_NOT_SEMANTICALLY_APPROVED,NOT_CLEARED,true
lex:A1:teach,A1,teach,NGSL_1_2_CORE,teach,539,EXACT_HEADWORD,SOURCE_LEMMA_ONLY_NOT_SENSE_OR_POS,UNREVIEWED_NOT_SEMANTICALLY_APPROVED,NOT_CLEARED,true
lex:A1:teacher,A1,teacher,NGSL_1_2_CORE,teacher,496,EXACT_HEADWORD,SOURCE_LEMMA_ONLY_NOT_SENSE_OR_POS,UNREVIEWED_NOT_SEMANTICALLY_APPROVED,NOT_CLEARED,true
lex:A1:team,A1,team,NGSL_1_2_CORE,team,407,EXACT_HEADWORD,SOURCE_LEMMA_ONLY_NOT_SENSE_OR_POS,UNREVIEWED_NOT_SEMANTICALLY_APPROVED,NOT_CLEARED,true
lex:A1:teenager,A1,teenager,NGSL_1_2_CORE,teenager,2346,EXACT_HEADWORD,SOURCE_LEMMA_ONLY_NOT_SENSE_OR_POS,UNREVIEWED_NOT_SEMANTICALLY_APPROVED,NOT_CLEARED,true
lex:A1:telephone,A1,telephone,NGSL_1_2_CORE,telephone,1036,EXACT_HEADWORD,SOURCE_LEMMA_ONLY_NOT_SENSE_OR_POS,UNREVIEWED_NOT_SEMANTICALLY_APPROVED,NOT_CLEARED,true
lex:A1:television,A1,television,NGSL_1_2_CORE,television,795,EXACT_HEADWORD,SOURCE_LEMMA_ONLY_NOT_SENSE_OR_POS,UNREVIEWED_NOT_SEMANTICALLY_APPROVED,NOT_CLEARED,true
lex:A1:tell,A1,tell,NGSL_1_2_CORE,tell,103,EXACT_HEADWORD,SOURCE_LEMMA_ONLY_NOT_SENSE_OR_POS,UNREVIEWED_NOT_SEMANTICALLY_APPROVED,NOT_CLEARED,true
lex:A1:ten,A1,ten,NGSL_1_2_SUPPLEMENT,ten,,EXACT_HEADWORD,SOURCE_LEMMA_ONLY_NOT_SENSE_OR_POS,UNREVIEWED_NOT_SEMANTICALLY_APPROVED,NOT_CLEARED,true
lex:A1:tennis,A1,tennis,NGSL_1_2_CORE,tennis,1917,EXACT_HEADWORD,SOURCE_LEMMA_ONLY_NOT_SENSE_OR_POS,UNREVIEWED_NOT_SEMANTICALLY_APPROVED,NOT_CLEARED,true
lex:A1:terrible,A1,terrible,NGSL_1_2_CORE,terrible,1644,EXACT_HEADWORD,SOURCE_LEMMA_ONLY_NOT_SENSE_OR_POS,UNREVIEWED_NOT_SEMANTICALLY_APPROVED,NOT_CLEARED,true
lex:A1:test,A1,test,NGSL_1_2_CORE,test,332,EXACT_HEADWORD,SOURCE_LEMMA_ONLY_NOT_SENSE_OR_POS,UNREVIEWED_NOT_SEMANTICALLY_APPROVED,NOT_CLEARED,true
lex:A1:text,A1,text,NGSL_1_2_CORE,text,1048,EXACT_HEADWORD,SOURCE_LEMMA_ONLY_NOT_SENSE_OR_POS,UNREVIEWED_NOT_SEMANTICALLY_APPROVED,NOT_CLEARED,true
lex:A1:than,A1,than,NGSL_1_2_CORE,than,69,EXACT_HEADWORD,SOURCE_LEMMA_ONLY_NOT_SENSE_OR_POS,UNREVIEWED_NOT_SEMANTICALLY_APPROVED,NOT_CLEARED,true
lex:A1:thank,A1,thank,NGSL_1_2_CORE,thank,244,EXACT_HEADWORD,SOURCE_LEMMA_ONLY_NOT_SENSE_OR_POS,UNREVIEWED_NOT_SEMANTICALLY_APPROVED,NOT_CLEARED,true
lex:A1:thanks,A1,thanks,NGSL_1_2_CORE,thank,244,RELATED_LEMMA_ONLY,SOURCE_LEMMA_ONLY_NOT_SENSE_OR_POS,UNREVIEWED_NOT_SEMANTICALLY_APPROVED,NOT_CLEARED,true
lex:A1:that,A1,that,NGSL_1_2_CORE,that,15,EXACT_HEADWORD,SOURCE_LEMMA_ONLY_NOT_SENSE_OR_POS,UNREVIEWED_NOT_SEMANTICALLY_APPROVED,NOT_CLEARED,true
lex:A1:the,A1,the,NGSL_1_2_CORE,the,1,EXACT_HEADWORD,SOURCE_LEMMA_ONLY_NOT_SENSE_OR_POS,UNREVIEWED_NOT_SEMANTICALLY_APPROVED,NOT_CLEARED,true
lex:A1:theatre,A1,theatre,NGSL_1_2_CORE,theater,1393,BRITISH_US_VARIANT,SOURCE_LEMMA_ONLY_NOT_SENSE_OR_POS,UNREVIEWED_NOT_SEMANTICALLY_APPROVED,NOT_CLEARED,true
lex:A1:their,A1,their,NGSL_1_2_CORE,they,13,GRAMMATICAL_FORM,SOURCE_LEMMA_ONLY_NOT_SENSE_OR_POS,UNREVIEWED_NOT_SEMANTICALLY_APPROVED,NOT_CLEARED,true
lex:A1:them,A1,them,NGSL_1_2_CORE,they,13,GRAMMATICAL_FORM,SOURCE_LEMMA_ONLY_NOT_SENSE_OR_POS,UNREVIEWED_NOT_SEMANTICALLY_APPROVED,NOT_CLEARED,true
lex:A1:then,A1,then,NGSL_1_2_CORE,then,71,EXACT_HEADWORD,SOURCE_LEMMA_ONLY_NOT_SENSE_OR_POS,UNREVIEWED_NOT_SEMANTICALLY_APPROVED,NOT_CLEARED,true
lex:A1:there,A1,there,NGSL_1_2_CORE,there,40,EXACT_HEADWORD,SOURCE_LEMMA_ONLY_NOT_SENSE_OR_POS,UNREVIEWED_NOT_SEMANTICALLY_APPROVED,NOT_CLEARED,true
lex:A1:they,A1,they,NGSL_1_2_CORE,they,13,EXACT_HEADWORD,SOURCE_LEMMA_ONLY_NOT_SENSE_OR_POS,UNREVIEWED_NOT_SEMANTICALLY_APPROVED,NOT_CLEARED,true
lex:A1:thing,A1,thing,NGSL_1_2_CORE,thing,87,EXACT_HEADWORD,SOURCE_LEMMA_ONLY_NOT_SENSE_OR_POS,UNREVIEWED_NOT_SEMANTICALLY_APPROVED,NOT_CLEARED,true
lex:A1:think,A1,think,NGSL_1_2_CORE,think,47,EXACT_HEADWORD,SOURCE_LEMMA_ONLY_NOT_SENSE_OR_POS,UNREVIEWED_NOT_SEMANTICALLY_APPROVED,NOT_CLEARED,true
lex:A1:third,A1,third,NGSL_1_2_SUPPLEMENT,three,,GRAMMATICAL_FORM,SOURCE_LEMMA_ONLY_NOT_SENSE_OR_POS,UNREVIEWED_NOT_SEMANTICALLY_APPROVED,NOT_CLEARED,true
lex:A1:thirsty,A1,thirsty,NGSL_SFI_31K_EXTENSION,thirsty,9161,EXACT_HEADWORD,SOURCE_LEMMA_ONLY_NOT_SENSE_OR_POS,UNREVIEWED_NOT_SEMANTICALLY_APPROVED,NOT_CLEARED,true
lex:A1:thirteen,A1,thirteen,NGSL_1_2_SUPPLEMENT,thirteen,,EXACT_HEADWORD,SOURCE_LEMMA_ONLY_NOT_SENSE_OR_POS,UNREVIEWED_NOT_SEMANTICALLY_APPROVED,NOT_CLEARED,true
lex:A1:thirty,A1,thirty,NGSL_1_2_SUPPLEMENT,thirty,,EXACT_HEADWORD,SOURCE_LEMMA_ONLY_NOT_SENSE_OR_POS,UNREVIEWED_NOT_SEMANTICALLY_APPROVED,NOT_CLEARED,true
lex:A1:this,A1,this,NGSL_1_2_CORE,this,19,EXACT_HEADWORD,SOURCE_LEMMA_ONLY_NOT_SENSE_OR_POS,UNREVIEWED_NOT_SEMANTICALLY_APPROVED,NOT_CLEARED,true
lex:A1:thousand,A1,thousand,NGSL_1_2_SUPPLEMENT,thousand,,EXACT_HEADWORD,SOURCE_LEMMA_ONLY_NOT_SENSE_OR_POS,UNREVIEWED_NOT_SEMANTICALLY_APPROVED,NOT_CLEARED,true
lex:A1:three,A1,three,NGSL_1_2_SUPPLEMENT,three,,EXACT_HEADWORD,SOURCE_LEMMA_ONLY_NOT_SENSE_OR_POS,UNREVIEWED_NOT_SEMANTICALLY_APPROVED,NOT_CLEARED,true
lex:A1:through,A1,through,NGSL_1_2_CORE,through,108,EXACT_HEADWORD,SOURCE_LEMMA_ONLY_NOT_SENSE_OR_POS,UNREVIEWED_NOT_SEMANTICALLY_APPROVED,NOT_CLEARED,true
lex:A1:thursday,A1,Thursday,NGSL_1_2_SUPPLEMENT,Thursday,,EXACT_HEADWORD,SOURCE_LEMMA_ONLY_NOT_SENSE_OR_POS,UNREVIEWED_NOT_SEMANTICALLY_APPROVED,NOT_CLEARED,true
lex:A1:ticket,A1,ticket,NGSL_1_2_CORE,ticket,1249,EXACT_HEADWORD,SOURCE_LEMMA_ONLY_NOT_SENSE_OR_POS,UNREVIEWED_NOT_SEMANTICALLY_APPROVED,NOT_CLEARED,true
lex:A1:time,A1,time,NGSL_1_2_CORE,time,49,EXACT_HEADWORD,SOURCE_LEMMA_ONLY_NOT_SENSE_OR_POS,UNREVIEWED_NOT_SEMANTICALLY_APPROVED,NOT_CLEARED,true
lex:A1:tired,A1,tired,NGSL_1_2_CORE,tire,1331,RELATED_LEMMA_ONLY,SOURCE_LEMMA_ONLY_NOT_SENSE_OR_POS,UNREVIEWED_NOT_SEMANTICALLY_APPROVED,NOT_CLEARED,true
lex:A1:title,A1,title,NGSL_1_2_CORE,title,1057,EXACT_HEADWORD,SOURCE_LEMMA_ONLY_NOT_SENSE_OR_POS,UNREVIEWED_NOT_SEMANTICALLY_APPROVED,NOT_CLEARED,true
lex:A1:to,A1,to,NGSL_1_2_CORE,to,5,EXACT_HEADWORD,SOURCE_LEMMA_ONLY_NOT_SENSE_OR_POS,UNREVIEWED_NOT_SEMANTICALLY_APPROVED,NOT_CLEARED,true
lex:A1:today,A1,today,NGSL_1_2_CORE,today,246,EXACT_HEADWORD,SOURCE_LEMMA_ONLY_NOT_SENSE_OR_POS,UNREVIEWED_NOT_SEMANTICALLY_APPROVED,NOT_CLEARED,true
lex:A1:together,A1,together,NGSL_1_2_CORE,together,294,EXACT_HEADWORD,SOURCE_LEMMA_ONLY_NOT_SENSE_OR_POS,UNREVIEWED_NOT_SEMANTICALLY_APPROVED,NOT_CLEARED,true
lex:A1:toilet,A1,toilet,NGSL_SFI_31K_EXTENSION,toilet,2972,EXACT_HEADWORD,SOURCE_LEMMA_ONLY_NOT_SENSE_OR_POS,UNREVIEWED_NOT_SEMANTICALLY_APPROVED,NOT_CLEARED,true
lex:A1:tomato,A1,tomato,NGSL_SFI_31K_EXTENSION,tomato,3486,EXACT_HEADWORD,SOURCE_LEMMA_ONLY_NOT_SENSE_OR_POS,UNREVIEWED_NOT_SEMANTICALLY_APPROVED,NOT_CLEARED,true
lex:A1:tomorrow,A1,tomorrow,NGSL_1_2_CORE,tomorrow,726,EXACT_HEADWORD,SOURCE_LEMMA_ONLY_NOT_SENSE_OR_POS,UNREVIEWED_NOT_SEMANTICALLY_APPROVED,NOT_CLEARED,true
lex:A1:tonight,A1,tonight,NGSL_1_2_CORE,tonight,1414,EXACT_HEADWORD,SOURCE_LEMMA_ONLY_NOT_SENSE_OR_POS,UNREVIEWED_NOT_SEMANTICALLY_APPROVED,NOT_CLEARED,true
lex:A1:too,A1,too,NGSL_1_2_CORE,too,118,EXACT_HEADWORD,SOURCE_LEMMA_ONLY_NOT_SENSE_OR_POS,UNREVIEWED_NOT_SEMANTICALLY_APPROVED,NOT_CLEARED,true
lex:A1:tooth,A1,tooth,NGSL_1_2_CORE,tooth,2026,EXACT_HEADWORD,SOURCE_LEMMA_ONLY_NOT_SENSE_OR_POS,UNREVIEWED_NOT_SEMANTICALLY_APPROVED,NOT_CLEARED,true
lex:A1:topic,A1,topic,NGSL_1_2_CORE,topic,1296,EXACT_HEADWORD,SOURCE_LEMMA_ONLY_NOT_SENSE_OR_POS,UNREVIEWED_NOT_SEMANTICALLY_APPROVED,NOT_CLEARED,true
lex:A1:tourist,A1,tourist,NGSL_1_2_CORE,tourist,1486,EXACT_HEADWORD,SOURCE_LEMMA_ONLY_NOT_SENSE_OR_POS,UNREVIEWED_NOT_SEMANTICALLY_APPROVED,NOT_CLEARED,true
lex:A1:town,A1,town,NGSL_1_2_CORE,town,364,EXACT_HEADWORD,SOURCE_LEMMA_ONLY_NOT_SENSE_OR_POS,UNREVIEWED_NOT_SEMANTICALLY_APPROVED,NOT_CLEARED,true
lex:A1:traffic,A1,traffic,NGSL_1_2_CORE,traffic,1225,EXACT_HEADWORD,SOURCE_LEMMA_ONLY_NOT_SENSE_OR_POS,UNREVIEWED_NOT_SEMANTICALLY_APPROVED,NOT_CLEARED,true
lex:A1:train,A1,train,NGSL_1_2_CORE,train,289,EXACT_HEADWORD,SOURCE_LEMMA_ONLY_NOT_SENSE_OR_POS,UNREVIEWED_NOT_SEMANTICALLY_APPROVED,NOT_CLEARED,true
lex:A1:travel,A1,travel,NGSL_1_2_CORE,travel,503,EXACT_HEADWORD,SOURCE_LEMMA_ONLY_NOT_SENSE_OR_POS,UNREVIEWED_NOT_SEMANTICALLY_APPROVED,NOT_CLEARED,true
lex:A1:tree,A1,tree,NGSL_1_2_CORE,tree,738,EXACT_HEADWORD,SOURCE_LEMMA_ONLY_NOT_SENSE_OR_POS,UNREVIEWED_NOT_SEMANTICALLY_APPROVED,NOT_CLEARED,true
lex:A1:trip,A1,trip,NGSL_1_2_CORE,trip,825,EXACT_HEADWORD,SOURCE_LEMMA_ONLY_NOT_SENSE_OR_POS,UNREVIEWED_NOT_SEMANTICALLY_APPROVED,NOT_CLEARED,true
lex:A1:trousers,A1,trousers,NGSL_SFI_31K_EXTENSION,trousers,2816,EXACT_HEADWORD,SOURCE_LEMMA_ONLY_NOT_SENSE_OR_POS,UNREVIEWED_NOT_SEMANTICALLY_APPROVED,NOT_CLEARED,true
lex:A1:true,A1,true,NGSL_1_2_CORE,TRUE,478,EXACT_HEADWORD,SOURCE_LEMMA_ONLY_NOT_SENSE_OR_POS,UNREVIEWED_NOT_SEMANTICALLY_APPROVED,NOT_CLEARED,true
lex:A1:try,A1,try,NGSL_1_2_CORE,try,125,EXACT_HEADWORD,SOURCE_LEMMA_ONLY_NOT_SENSE_OR_POS,UNREVIEWED_NOT_SEMANTICALLY_APPROVED,NOT_CLEARED,true
lex:A1:t-shirt,A1,T-shirt,NGSL_1_2_CORE,shirt,1907,PHRASE_COMPONENT_ONLY,SOURCE_LEMMA_ONLY_NOT_SENSE_OR_POS,UNREVIEWED_NOT_SEMANTICALLY_APPROVED,NOT_CLEARED,true
lex:A1:tuesday,A1,Tuesday,NGSL_1_2_SUPPLEMENT,Tuesday,,EXACT_HEADWORD,SOURCE_LEMMA_ONLY_NOT_SENSE_OR_POS,UNREVIEWED_NOT_SEMANTICALLY_APPROVED,NOT_CLEARED,true
lex:A1:turn,A1,turn,NGSL_1_2_CORE,turn,194,EXACT_HEADWORD,SOURCE_LEMMA_ONLY_NOT_SENSE_OR_POS,UNREVIEWED_NOT_SEMANTICALLY_APPROVED,NOT_CLEARED,true
lex:A1:tv,A1,TV,NGSL_SFI_31K_EXTENSION,tv,6548,EXACT_HEADWORD,SOURCE_LEMMA_ONLY_NOT_SENSE_OR_POS,UNREVIEWED_NOT_SEMANTICALLY_APPROVED,NOT_CLEARED,true
lex:A1:twelve,A1,twelve,NGSL_1_2_SUPPLEMENT,twelve,,EXACT_HEADWORD,SOURCE_LEMMA_ONLY_NOT_SENSE_OR_POS,UNREVIEWED_NOT_SEMANTICALLY_APPROVED,NOT_CLEARED,true
lex:A1:twenty,A1,twenty,NGSL_1_2_SUPPLEMENT,twenty,,EXACT_HEADWORD,SOURCE_LEMMA_ONLY_NOT_SENSE_OR_POS,UNREVIEWED_NOT_SEMANTICALLY_APPROVED,NOT_CLEARED,true
lex:A1:twice,A1,twice,NGSL_1_2_CORE,twice,1308,EXACT_HEADWORD,SOURCE_LEMMA_ONLY_NOT_SENSE_OR_POS,UNREVIEWED_NOT_SEMANTICALLY_APPROVED,NOT_CLEARED,true
lex:A1:two,A1,two,NGSL_1_2_SUPPLEMENT,two,,EXACT_HEADWORD,SOURCE_LEMMA_ONLY_NOT_SENSE_OR_POS,UNREVIEWED_NOT_SEMANTICALLY_APPROVED,NOT_CLEARED,true
lex:A1:type,A1,type,NGSL_1_2_CORE,type,389,EXACT_HEADWORD,SOURCE_LEMMA_ONLY_NOT_SENSE_OR_POS,UNREVIEWED_NOT_SEMANTICALLY_APPROVED,NOT_CLEARED,true
lex:A1:umbrella,A1,umbrella,NGSL_SFI_31K_EXTENSION,umbrella,4718,EXACT_HEADWORD,SOURCE_LEMMA_ONLY_NOT_SENSE_OR_POS,UNREVIEWED_NOT_SEMANTICALLY_APPROVED,NOT_CLEARED,true
lex:A1:uncle,A1,uncle,NGSL_1_2_CORE,uncle,2694,EXACT_HEADWORD,SOURCE_LEMMA_ONLY_NOT_SENSE_OR_POS,UNREVIEWED_NOT_SEMANTICALLY_APPROVED,NOT_CLEARED,true
lex:A1:under,A1,under,NGSL_1_2_CORE,under,193,EXACT_HEADWORD,SOURCE_LEMMA_ONLY_NOT_SENSE_OR_POS,UNREVIEWED_NOT_SEMANTICALLY_APPROVED,NOT_CLEARED,true
lex:A1:understand,A1,understand,NGSL_1_2_CORE,understand,243,EXACT_HEADWORD,SOURCE_LEMMA_ONLY_NOT_SENSE_OR_POS,UNREVIEWED_NOT_SEMANTICALLY_APPROVED,NOT_CLEARED,true
lex:A1:university,A1,university,NGSL_1_2_CORE,university,968,EXACT_HEADWORD,SOURCE_LEMMA_ONLY_NOT_SENSE_OR_POS,UNREVIEWED_NOT_SEMANTICALLY_APPROVED,NOT_CLEARED,true
lex:A1:until,A1,until,NGSL_1_2_CORE,until,255,EXACT_HEADWORD,SOURCE_LEMMA_ONLY_NOT_SENSE_OR_POS,UNREVIEWED_NOT_SEMANTICALLY_APPROVED,NOT_CLEARED,true
lex:A1:up,A1,up,NGSL_1_2_CORE,up,52,EXACT_HEADWORD,SOURCE_LEMMA_ONLY_NOT_SENSE_OR_POS,UNREVIEWED_NOT_SEMANTICALLY_APPROVED,NOT_CLEARED,true
lex:A1:upstairs,A1,upstairs,NGSL_SFI_31K_EXTENSION,upstairs,3052,EXACT_HEADWORD,SOURCE_LEMMA_ONLY_NOT_SENSE_OR_POS,UNREVIEWED_NOT_SEMANTICALLY_APPROVED,NOT_CLEARED,true
lex:A1:us,A1,us,NGSL_1_2_CORE,we,16,GRAMMATICAL_FORM,SOURCE_LEMMA_ONLY_NOT_SENSE_OR_POS,UNREVIEWED_NOT_SEMANTICALLY_APPROVED,NOT_CLEARED,true
lex:A1:use,A1,use,NGSL_1_2_CORE,use,68,EXACT_HEADWORD,SOURCE_LEMMA_ONLY_NOT_SENSE_OR_POS,UNREVIEWED_NOT_SEMANTICALLY_APPROVED,NOT_CLEARED,true
lex:A1:useful,A1,useful,NGSL_1_2_CORE,useful,918,EXACT_HEADWORD,SOURCE_LEMMA_ONLY_NOT_SENSE_OR_POS,UNREVIEWED_NOT_SEMANTICALLY_APPROVED,NOT_CLEARED,true
lex:A1:usually,A1,usually,NGSL_1_2_CORE,usually,555,EXACT_HEADWORD,SOURCE_LEMMA_ONLY_NOT_SENSE_OR_POS,UNREVIEWED_NOT_SEMANTICALLY_APPROVED,NOT_CLEARED,true
lex:A1:vacation,A1,vacation,NGSL_SFI_31K_EXTENSION,vacation,2784,EXACT_HEADWORD,SOURCE_LEMMA_ONLY_NOT_SENSE_OR_POS,UNREVIEWED_NOT_SEMANTICALLY_APPROVED,NOT_CLEARED,true
lex:A1:vegetable,A1,vegetable,NGSL_1_2_CORE,vegetable,2216,EXACT_HEADWORD,SOURCE_LEMMA_ONLY_NOT_SENSE_OR_POS,UNREVIEWED_NOT_SEMANTICALLY_APPROVED,NOT_CLEARED,true
lex:A1:very,A1,very,NGSL_1_2_CORE,very,63,EXACT_HEADWORD,SOURCE_LEMMA_ONLY_NOT_SENSE_OR_POS,UNREVIEWED_NOT_SEMANTICALLY_APPROVED,NOT_CLEARED,true
lex:A1:video,A1,video,NGSL_1_2_CORE,video,1065,EXACT_HEADWORD,SOURCE_LEMMA_ONLY_NOT_SENSE_OR_POS,UNREVIEWED_NOT_SEMANTICALLY_APPROVED,NOT_CLEARED,true
lex:A1:village,A1,village,NGSL_1_2_CORE,village,815,EXACT_HEADWORD,SOURCE_LEMMA_ONLY_NOT_SENSE_OR_POS,UNREVIEWED_NOT_SEMANTICALLY_APPROVED,NOT_CLEARED,true
lex:A1:visit,A1,visit,NGSL_1_2_CORE,visit,333,EXACT_HEADWORD,SOURCE_LEMMA_ONLY_NOT_SENSE_OR_POS,UNREVIEWED_NOT_SEMANTICALLY_APPROVED,NOT_CLEARED,true
lex:A1:visitor,A1,visitor,NGSL_1_2_CORE,visitor,1398,EXACT_HEADWORD,SOURCE_LEMMA_ONLY_NOT_SENSE_OR_POS,UNREVIEWED_NOT_SEMANTICALLY_APPROVED,NOT_CLEARED,true
lex:A1:wait,A1,wait,NGSL_1_2_CORE,wait,403,EXACT_HEADWORD,SOURCE_LEMMA_ONLY_NOT_SENSE_OR_POS,UNREVIEWED_NOT_SEMANTICALLY_APPROVED,NOT_CLEARED,true
lex:A1:waiter,A1,waiter,NGSL_SFI_31K_EXTENSION,waiter,4555,EXACT_HEADWORD,SOURCE_LEMMA_ONLY_NOT_SENSE_OR_POS,UNREVIEWED_NOT_SEMANTICALLY_APPROVED,NOT_CLEARED,true
lex:A1:wake,A1,wake,NGSL_1_2_CORE,wake,1508,EXACT_HEADWORD,SOURCE_LEMMA_ONLY_NOT_SENSE_OR_POS,UNREVIEWED_NOT_SEMANTICALLY_APPROVED,NOT_CLEARED,true
lex:A1:walk,A1,walk,NGSL_1_2_CORE,walk,339,EXACT_HEADWORD,SOURCE_LEMMA_ONLY_NOT_SENSE_OR_POS,UNREVIEWED_NOT_SEMANTICALLY_APPROVED,NOT_CLEARED,true
lex:A1:wall,A1,wall,NGSL_1_2_CORE,wall,722,EXACT_HEADWORD,SOURCE_LEMMA_ONLY_NOT_SENSE_OR_POS,UNREVIEWED_NOT_SEMANTICALLY_APPROVED,NOT_CLEARED,true
lex:A1:want,A1,want,NGSL_1_2_CORE,want,76,EXACT_HEADWORD,SOURCE_LEMMA_ONLY_NOT_SENSE_OR_POS,UNREVIEWED_NOT_SEMANTICALLY_APPROVED,NOT_CLEARED,true
lex:A1:warm,A1,warm,NGSL_1_2_CORE,warm,1021,EXACT_HEADWORD,SOURCE_LEMMA_ONLY_NOT_SENSE_OR_POS,UNREVIEWED_NOT_SEMANTICALLY_APPROVED,NOT_CLEARED,true
lex:A1:wash,A1,wash,NGSL_1_2_CORE,wash,1368,EXACT_HEADWORD,SOURCE_LEMMA_ONLY_NOT_SENSE_OR_POS,UNREVIEWED_NOT_SEMANTICALLY_APPROVED,NOT_CLEARED,true
lex:A1:watch,A1,watch,NGSL_1_2_CORE,watch,326,EXACT_HEADWORD,SOURCE_LEMMA_ONLY_NOT_SENSE_OR_POS,UNREVIEWED_NOT_SEMANTICALLY_APPROVED,NOT_CLEARED,true
lex:A1:water,A1,water,NGSL_1_2_CORE,water,322,EXACT_HEADWORD,SOURCE_LEMMA_ONLY_NOT_SENSE_OR_POS,UNREVIEWED_NOT_SEMANTICALLY_APPROVED,NOT_CLEARED,true
lex:A1:way,A1,way,NGSL_1_2_CORE,way,80,EXACT_HEADWORD,SOURCE_LEMMA_ONLY_NOT_SENSE_OR_POS,UNREVIEWED_NOT_SEMANTICALLY_APPROVED,NOT_CLEARED,true
lex:A1:we,A1,we,NGSL_1_2_CORE,we,16,EXACT_HEADWORD,SOURCE_LEMMA_ONLY_NOT_SENSE_OR_POS,UNREVIEWED_NOT_SEMANTICALLY_APPROVED,NOT_CLEARED,true
lex:A1:wear,A1,wear,NGSL_1_2_CORE,wear,526,EXACT_HEADWORD,SOURCE_LEMMA_ONLY_NOT_SENSE_OR_POS,UNREVIEWED_NOT_SEMANTICALLY_APPROVED,NOT_CLEARED,true
lex:A1:weather,A1,weather,NGSL_1_2_CORE,weather,1068,EXACT_HEADWORD,SOURCE_LEMMA_ONLY_NOT_SENSE_OR_POS,UNREVIEWED_NOT_SEMANTICALLY_APPROVED,NOT_CLEARED,true
lex:A1:website,A1,website,NGSL_1_2_CORE,website,2764,EXACT_HEADWORD,SOURCE_LEMMA_ONLY_NOT_SENSE_OR_POS,UNREVIEWED_NOT_SEMANTICALLY_APPROVED,NOT_CLEARED,true
lex:A1:wednesday,A1,Wednesday,NGSL_1_2_SUPPLEMENT,Wednesday,,EXACT_HEADWORD,SOURCE_LEMMA_ONLY_NOT_SENSE_OR_POS,UNREVIEWED_NOT_SEMANTICALLY_APPROVED,NOT_CLEARED,true
lex:A1:week,A1,week,NGSL_1_2_CORE,week,157,EXACT_HEADWORD,SOURCE_LEMMA_ONLY_NOT_SENSE_OR_POS,UNREVIEWED_NOT_SEMANTICALLY_APPROVED,NOT_CLEARED,true
lex:A1:weekend,A1,weekend,NGSL_1_2_CORE,weekend,934,EXACT_HEADWORD,SOURCE_LEMMA_ONLY_NOT_SENSE_OR_POS,UNREVIEWED_NOT_SEMANTICALLY_APPROVED,NOT_CLEARED,true
lex:A1:welcome,A1,welcome,NGSL_1_2_CORE,welcome,989,EXACT_HEADWORD,SOURCE_LEMMA_ONLY_NOT_SENSE_OR_POS,UNREVIEWED_NOT_SEMANTICALLY_APPROVED,NOT_CLEARED,true
lex:A1:well,A1,well,NGSL_1_2_CORE,well,61,EXACT_HEADWORD,SOURCE_LEMMA_ONLY_NOT_SENSE_OR_POS,UNREVIEWED_NOT_SEMANTICALLY_APPROVED,NOT_CLEARED,true
lex:A1:west,A1,west,NGSL_1_2_CORE,west,1537,EXACT_HEADWORD,SOURCE_LEMMA_ONLY_NOT_SENSE_OR_POS,UNREVIEWED_NOT_SEMANTICALLY_APPROVED,NOT_CLEARED,true
lex:A1:what,A1,what,NGSL_1_2_CORE,what,51,EXACT_HEADWORD,SOURCE_LEMMA_ONLY_NOT_SENSE_OR_POS,UNREVIEWED_NOT_SEMANTICALLY_APPROVED,NOT_CLEARED,true
lex:A1:when,A1,when,NGSL_1_2_CORE,when,46,EXACT_HEADWORD,SOURCE_LEMMA_ONLY_NOT_SENSE_OR_POS,UNREVIEWED_NOT_SEMANTICALLY_APPROVED,NOT_CLEARED,true
lex:A1:where,A1,where,NGSL_1_2_CORE,where,86,EXACT_HEADWORD,SOURCE_LEMMA_ONLY_NOT_SENSE_OR_POS,UNREVIEWED_NOT_SEMANTICALLY_APPROVED,NOT_CLEARED,true
lex:A1:which,A1,which,NGSL_1_2_CORE,which,39,EXACT_HEADWORD,SOURCE_LEMMA_ONLY_NOT_SENSE_OR_POS,UNREVIEWED_NOT_SEMANTICALLY_APPROVED,NOT_CLEARED,true
lex:A1:white,A1,white,NGSL_1_2_CORE,white,482,EXACT_HEADWORD,SOURCE_LEMMA_ONLY_NOT_SENSE_OR_POS,UNREVIEWED_NOT_SEMANTICALLY_APPROVED,NOT_CLEARED,true
lex:A1:who,A1,who,NGSL_1_2_CORE,who,44,EXACT_HEADWORD,SOURCE_LEMMA_ONLY_NOT_SENSE_OR_POS,UNREVIEWED_NOT_SEMANTICALLY_APPROVED,NOT_CLEARED,true
lex:A1:why,A1,why,NGSL_1_2_CORE,why,154,EXACT_HEADWORD,SOURCE_LEMMA_ONLY_NOT_SENSE_OR_POS,UNREVIEWED_NOT_SEMANTICALLY_APPROVED,NOT_CLEARED,true
lex:A1:wife,A1,wife,NGSL_1_2_CORE,wife,602,EXACT_HEADWORD,SOURCE_LEMMA_ONLY_NOT_SENSE_OR_POS,UNREVIEWED_NOT_SEMANTICALLY_APPROVED,NOT_CLEARED,true
lex:A1:will,A1,will,NGSL_1_2_CORE,will,28,EXACT_HEADWORD,SOURCE_LEMMA_ONLY_NOT_SENSE_OR_POS,UNREVIEWED_NOT_SEMANTICALLY_APPROVED,NOT_CLEARED,true
lex:A1:win,A1,win,NGSL_1_2_CORE,win,377,EXACT_HEADWORD,SOURCE_LEMMA_ONLY_NOT_SENSE_OR_POS,UNREVIEWED_NOT_SEMANTICALLY_APPROVED,NOT_CLEARED,true
lex:A1:window,A1,window,NGSL_1_2_CORE,window,734,EXACT_HEADWORD,SOURCE_LEMMA_ONLY_NOT_SENSE_OR_POS,UNREVIEWED_NOT_SEMANTICALLY_APPROVED,NOT_CLEARED,true
lex:A1:wine,A1,wine,NGSL_1_2_CORE,wine,1389,EXACT_HEADWORD,SOURCE_LEMMA_ONLY_NOT_SENSE_OR_POS,UNREVIEWED_NOT_SEMANTICALLY_APPROVED,NOT_CLEARED,true
lex:A1:winter,A1,winter,NGSL_1_2_CORE,winter,1328,EXACT_HEADWORD,SOURCE_LEMMA_ONLY_NOT_SENSE_OR_POS,UNREVIEWED_NOT_SEMANTICALLY_APPROVED,NOT_CLEARED,true
lex:A1:with,A1,with,NGSL_1_2_CORE,with,18,EXACT_HEADWORD,SOURCE_LEMMA_ONLY_NOT_SENSE_OR_POS,UNREVIEWED_NOT_SEMANTICALLY_APPROVED,NOT_CLEARED,true
lex:A1:without,A1,without,NGSL_1_2_CORE,without,212,EXACT_HEADWORD,SOURCE_LEMMA_ONLY_NOT_SENSE_OR_POS,UNREVIEWED_NOT_SEMANTICALLY_APPROVED,NOT_CLEARED,true
lex:A1:woman,A1,woman,NGSL_1_2_CORE,woman,169,EXACT_HEADWORD,SOURCE_LEMMA_ONLY_NOT_SENSE_OR_POS,UNREVIEWED_NOT_SEMANTICALLY_APPROVED,NOT_CLEARED,true
lex:A1:wonderful,A1,wonderful,NGSL_1_2_CORE,wonderful,1076,EXACT_HEADWORD,SOURCE_LEMMA_ONLY_NOT_SENSE_OR_POS,UNREVIEWED_NOT_SEMANTICALLY_APPROVED,NOT_CLEARED,true
lex:A1:word,A1,word,NGSL_1_2_CORE,word,217,EXACT_HEADWORD,SOURCE_LEMMA_ONLY_NOT_SENSE_OR_POS,UNREVIEWED_NOT_SEMANTICALLY_APPROVED,NOT_CLEARED,true
lex:A1:work,A1,work,NGSL_1_2_CORE,work,67,EXACT_HEADWORD,SOURCE_LEMMA_ONLY_NOT_SENSE_OR_POS,UNREVIEWED_NOT_SEMANTICALLY_APPROVED,NOT_CLEARED,true
lex:A1:worker,A1,worker,NGSL_1_2_CORE,worker,673,EXACT_HEADWORD,SOURCE_LEMMA_ONLY_NOT_SENSE_OR_POS,UNREVIEWED_NOT_SEMANTICALLY_APPROVED,NOT_CLEARED,true
lex:A1:world,A1,world,NGSL_1_2_CORE,world,156,EXACT_HEADWORD,SOURCE_LEMMA_ONLY_NOT_SENSE_OR_POS,UNREVIEWED_NOT_SEMANTICALLY_APPROVED,NOT_CLEARED,true
lex:A1:would,A1,would,NGSL_1_2_CORE,would,36,EXACT_HEADWORD,SOURCE_LEMMA_ONLY_NOT_SENSE_OR_POS,UNREVIEWED_NOT_SEMANTICALLY_APPROVED,NOT_CLEARED,true
lex:A1:write,A1,write,NGSL_1_2_CORE,write,121,EXACT_HEADWORD,SOURCE_LEMMA_ONLY_NOT_SENSE_OR_POS,UNREVIEWED_NOT_SEMANTICALLY_APPROVED,NOT_CLEARED,true
lex:A1:writer,A1,writer,NGSL_1_2_CORE,writer,1024,EXACT_HEADWORD,SOURCE_LEMMA_ONLY_NOT_SENSE_OR_POS,UNREVIEWED_NOT_SEMANTICALLY_APPROVED,NOT_CLEARED,true
lex:A1:writing,A1,writing,NGSL_1_2_CORE,write,121,RELATED_LEMMA_ONLY,SOURCE_LEMMA_ONLY_NOT_SENSE_OR_POS,UNREVIEWED_NOT_SEMANTICALLY_APPROVED,NOT_CLEARED,true
lex:A1:wrong,A1,wrong,NGSL_1_2_CORE,wrong,575,EXACT_HEADWORD,SOURCE_LEMMA_ONLY_NOT_SENSE_OR_POS,UNREVIEWED_NOT_SEMANTICALLY_APPROVED,NOT_CLEARED,true
lex:A1:yeah,A1,yeah,NGSL_1_2_CORE,yeah,976,EXACT_HEADWORD,SOURCE_LEMMA_ONLY_NOT_SENSE_OR_POS,UNREVIEWED_NOT_SEMANTICALLY_APPROVED,NOT_CLEARED,true
lex:A1:year,A1,year,NGSL_1_2_CORE,year,58,EXACT_HEADWORD,SOURCE_LEMMA_ONLY_NOT_SENSE_OR_POS,UNREVIEWED_NOT_SEMANTICALLY_APPROVED,NOT_CLEARED,true
lex:A1:yellow,A1,yellow,NGSL_1_2_CORE,yellow,1827,EXACT_HEADWORD,SOURCE_LEMMA_ONLY_NOT_SENSE_OR_POS,UNREVIEWED_NOT_SEMANTICALLY_APPROVED,NOT_CLEARED,true
lex:A1:yes,A1,yes,NGSL_1_2_CORE,yes,228,EXACT_HEADWORD,SOURCE_LEMMA_ONLY_NOT_SENSE_OR_POS,UNREVIEWED_NOT_SEMANTICALLY_APPROVED,NOT_CLEARED,true
lex:A1:yesterday,A1,yesterday,NGSL_1_2_CORE,yesterday,703,EXACT_HEADWORD,SOURCE_LEMMA_ONLY_NOT_SENSE_OR_POS,UNREVIEWED_NOT_SEMANTICALLY_APPROVED,NOT_CLEARED,true
lex:A1:you,A1,you,NGSL_1_2_CORE,you,10,EXACT_HEADWORD,SOURCE_LEMMA_ONLY_NOT_SENSE_OR_POS,UNREVIEWED_NOT_SEMANTICALLY_APPROVED,NOT_CLEARED,true
lex:A1:young,A1,young,NGSL_1_2_CORE,young,238,EXACT_HEADWORD,SOURCE_LEMMA_ONLY_NOT_SENSE_OR_POS,UNREVIEWED_NOT_SEMANTICALLY_APPROVED,NOT_CLEARED,true
lex:A1:your,A1,your,NGSL_1_2_CORE,you,10,GRAMMATICAL_FORM,SOURCE_LEMMA_ONLY_NOT_SENSE_OR_POS,UNREVIEWED_NOT_SEMANTICALLY_APPROVED,NOT_CLEARED,true
lex:A1:yourself,A1,yourself,NGSL_1_2_CORE,yourself,813,EXACT_HEADWORD,SOURCE_LEMMA_ONLY_NOT_SENSE_OR_POS,UNREVIEWED_NOT_SEMANTICALLY_APPROVED,NOT_CLEARED,true
lex:A2:ability,A2,ability,NGSL_1_2_CORE,ability,779,EXACT_HEADWORD_FORM_ONLY,SOURCE_LEMMA_ONLY_NOT_SENSE_OR_POS,UNREVIEWED_NOT_SEMANTICALLY_APPROVED,NOT_CLEARED,true
lex:A2:able,A2,able,NGSL_1_2_CORE,able,271,EXACT_HEADWORD_FORM_ONLY,SOURCE_LEMMA_ONLY_NOT_SENSE_OR_POS,UNREVIEWED_NOT_SEMANTICALLY_APPROVED,NOT_CLEARED,true
lex:A2:abroad,A2,abroad,NGSL_1_2_CORE,abroad,1883,EXACT_HEADWORD_FORM_ONLY,SOURCE_LEMMA_ONLY_NOT_SENSE_OR_POS,UNREVIEWED_NOT_SEMANTICALLY_APPROVED,NOT_CLEARED,true
lex:A2:accept,A2,accept,NGSL_1_2_CORE,accept,561,EXACT_HEADWORD_FORM_ONLY,SOURCE_LEMMA_ONLY_NOT_SENSE_OR_POS,UNREVIEWED_NOT_SEMANTICALLY_APPROVED,NOT_CLEARED,true
lex:A2:accident,A2,accident,NGSL_1_2_CORE,accident,1349,EXACT_HEADWORD_FORM_ONLY,SOURCE_LEMMA_ONLY_NOT_SENSE_OR_POS,UNREVIEWED_NOT_SEMANTICALLY_APPROVED,NOT_CLEARED,true
lex:A2:according-to,A2,according to,NO_DIRECT_SOURCE_LEMMA,,,NO_DIRECT_MATCH,SOURCE_LEMMA_ONLY_NOT_SENSE_OR_POS,UNREVIEWED_NOT_SEMANTICALLY_APPROVED,NOT_CLEARED,true
lex:A2:achieve,A2,achieve,NGSL_1_2_CORE,achieve,746,EXACT_HEADWORD_FORM_ONLY,SOURCE_LEMMA_ONLY_NOT_SENSE_OR_POS,UNREVIEWED_NOT_SEMANTICALLY_APPROVED,NOT_CLEARED,true
lex:A2:act,A2,act,NGSL_1_2_CORE,act,515,EXACT_HEADWORD_FORM_ONLY,SOURCE_LEMMA_ONLY_NOT_SENSE_OR_POS,UNREVIEWED_NOT_SEMANTICALLY_APPROVED,NOT_CLEARED,true
lex:A2:active,A2,active,NGSL_1_2_CORE,active,1354,EXACT_HEADWORD_FORM_ONLY,SOURCE_LEMMA_ONLY_NOT_SENSE_OR_POS,UNREVIEWED_NOT_SEMANTICALLY_APPROVED,NOT_CLEARED,true
lex:A2:actually,A2,actually,NGSL_1_2_CORE,actually,291,EXACT_HEADWORD_FORM_ONLY,SOURCE_LEMMA_ONLY_NOT_SENSE_OR_POS,UNREVIEWED_NOT_SEMANTICALLY_APPROVED,NOT_CLEARED,true
lex:A2:adult,A2,adult,NGSL_1_2_CORE,adult,880,EXACT_HEADWORD_FORM_ONLY,SOURCE_LEMMA_ONLY_NOT_SENSE_OR_POS,UNREVIEWED_NOT_SEMANTICALLY_APPROVED,NOT_CLEARED,true
lex:A2:advantage,A2,advantage,NGSL_1_2_CORE,advantage,773,EXACT_HEADWORD_FORM_ONLY,SOURCE_LEMMA_ONLY_NOT_SENSE_OR_POS,UNREVIEWED_NOT_SEMANTICALLY_APPROVED,NOT_CLEARED,true
lex:A2:adventure,A2,adventure,NGSL_1_2_CORE,adventure,2667,EXACT_HEADWORD_FORM_ONLY,SOURCE_LEMMA_ONLY_NOT_SENSE_OR_POS,UNREVIEWED_NOT_SEMANTICALLY_APPROVED,NOT_CLEARED,true
lex:A2:advertise,A2,advertise,NGSL_1_2_CORE,advertise,1172,EXACT_HEADWORD_FORM_ONLY,SOURCE_LEMMA_ONLY_NOT_SENSE_OR_POS,UNREVIEWED_NOT_SEMANTICALLY_APPROVED,NOT_CLEARED,true
lex:A2:advertisement,A2,advertisement,NGSL_1_2_CORE,advertisement,1941,EXACT_HEADWORD_FORM_ONLY,SOURCE_LEMMA_ONLY_NOT_SENSE_OR_POS,UNREVIEWED_NOT_SEMANTICALLY_APPROVED,NOT_CLEARED,true
lex:A2:advertising,A2,advertising,NO_DIRECT_SOURCE_LEMMA,,,NO_DIRECT_MATCH,SOURCE_LEMMA_ONLY_NOT_SENSE_OR_POS,UNREVIEWED_NOT_SEMANTICALLY_APPROVED,NOT_CLEARED,true
lex:A2:affect,A2,affect,NGSL_1_2_CORE,affect,639,EXACT_HEADWORD_FORM_ONLY,SOURCE_LEMMA_ONLY_NOT_SENSE_OR_POS,UNREVIEWED_NOT_SEMANTICALLY_APPROVED,NOT_CLEARED,true
lex:A2:after,A2,after,NGSL_1_2_CORE,after,84,EXACT_HEADWORD_FORM_ONLY,SOURCE_LEMMA_ONLY_NOT_SENSE_OR_POS,UNREVIEWED_NOT_SEMANTICALLY_APPROVED,NOT_CLEARED,true
lex:A2:against,A2,against,NGSL_1_2_CORE,against,224,EXACT_HEADWORD_FORM_ONLY,SOURCE_LEMMA_ONLY_NOT_SENSE_OR_POS,UNREVIEWED_NOT_SEMANTICALLY_APPROVED,NOT_CLEARED,true
lex:A2:ah,A2,ah,NO_DIRECT_SOURCE_LEMMA,,,NO_DIRECT_MATCH,SOURCE_LEMMA_ONLY_NOT_SENSE_OR_POS,UNREVIEWED_NOT_SEMANTICALLY_APPROVED,NOT_CLEARED,true
lex:A2:airline,A2,airline,NGSL_1_2_CORE,airline,2602,EXACT_HEADWORD_FORM_ONLY,SOURCE_LEMMA_ONLY_NOT_SENSE_OR_POS,UNREVIEWED_NOT_SEMANTICALLY_APPROVED,NOT_CLEARED,true
lex:A2:alive,A2,alive,NGSL_1_2_CORE,alive,1774,EXACT_HEADWORD_FORM_ONLY,SOURCE_LEMMA_ONLY_NOT_SENSE_OR_POS,UNREVIEWED_NOT_SEMANTICALLY_APPROVED,NOT_CLEARED,true
lex:A2:all,A2,all,NGSL_1_2_CORE,all,33,EXACT_HEADWORD_FORM_ONLY,SOURCE_LEMMA_ONLY_NOT_SENSE_OR_POS,UNREVIEWED_NOT_SEMANTICALLY_APPROVED,NOT_CLEARED,true
lex:A2:all-right,A2,all right,NO_DIRECT_SOURCE_LEMMA,,,NO_DIRECT_MATCH,SOURCE_LEMMA_ONLY_NOT_SENSE_OR_POS,UNREVIEWED_NOT_SEMANTICALLY_APPROVED,NOT_CLEARED,true
lex:A2:allow,A2,allow,NGSL_1_2_CORE,allow,324,EXACT_HEADWORD_FORM_ONLY,SOURCE_LEMMA_ONLY_NOT_SENSE_OR_POS,UNREVIEWED_NOT_SEMANTICALLY_APPROVED,NOT_CLEARED,true
lex:A2:almost,A2,almost,NGSL_1_2_CORE,almost,307,EXACT_HEADWORD_FORM_ONLY,SOURCE_LEMMA_ONLY_NOT_SENSE_OR_POS,UNREVIEWED_NOT_SEMANTICALLY_APPROVED,NOT_CLEARED,true
lex:A2:alone,A2,alone,NGSL_1_2_CORE,alone,719,EXACT_HEADWORD_FORM_ONLY,SOURCE_LEMMA_ONLY_NOT_SENSE_OR_POS,UNREVIEWED_NOT_SEMANTICALLY_APPROVED,NOT_CLEARED,true
lex:A2:along,A2,along,NGSL_1_2_CORE,along,388,EXACT_HEADWORD_FORM_ONLY,SOURCE_LEMMA_ONLY_NOT_SENSE_OR_POS,UNREVIEWED_NOT_SEMANTICALLY_APPROVED,NOT_CLEARED,true
lex:A2:already,A2,already,NGSL_1_2_CORE,already,302,EXACT_HEADWORD_FORM_ONLY,SOURCE_LEMMA_ONLY_NOT_SENSE_OR_POS,UNREVIEWED_NOT_SEMANTICALLY_APPROVED,NOT_CLEARED,true
lex:A2:alternative,A2,alternative,NGSL_1_2_CORE,alternative,1090,EXACT_HEADWORD_FORM_ONLY,SOURCE_LEMMA_ONLY_NOT_SENSE_OR_POS,UNREVIEWED_NOT_SEMANTICALLY_APPROVED,NOT_CLEARED,true
lex:A2:although,A2,although,NGSL_1_2_CORE,although,278,EXACT_HEADWORD_FORM_ONLY,SOURCE_LEMMA_ONLY_NOT_SENSE_OR_POS,UNREVIEWED_NOT_SEMANTICALLY_APPROVED,NOT_CLEARED,true
lex:A2:among,A2,among,NGSL_1_2_CORE,among,376,EXACT_HEADWORD_FORM_ONLY,SOURCE_LEMMA_ONLY_NOT_SENSE_OR_POS,UNREVIEWED_NOT_SEMANTICALLY_APPROVED,NOT_CLEARED,true
lex:A2:amount,A2,amount,NGSL_1_2_CORE,amount,507,EXACT_HEADWORD_FORM_ONLY,SOURCE_LEMMA_ONLY_NOT_SENSE_OR_POS,UNREVIEWED_NOT_SEMANTICALLY_APPROVED,NOT_CLEARED,true
lex:A2:ancient,A2,ancient,NGSL_1_2_CORE,ancient,1727,EXACT_HEADWORD_FORM_ONLY,SOURCE_LEMMA_ONLY_NOT_SENSE_OR_POS,UNREVIEWED_NOT_SEMANTICALLY_APPROVED,NOT_CLEARED,true
lex:A2:ankle,A2,ankle,NGSL_SFI_31K_EXTENSION,ankle,4694,EXACT_HEADWORD_FORM_ONLY,SOURCE_LEMMA_ONLY_NOT_SENSE_OR_POS,UNREVIEWED_NOT_SEMANTICALLY_APPROVED,NOT_CLEARED,true
lex:A2:any,A2,any,NGSL_1_2_CORE,any,83,EXACT_HEADWORD_FORM_ONLY,SOURCE_LEMMA_ONLY_NOT_SENSE_OR_POS,UNREVIEWED_NOT_SEMANTICALLY_APPROVED,NOT_CLEARED,true
lex:A2:anybody,A2,anybody,NGSL_1_2_CORE,anybody,1431,EXACT_HEADWORD_FORM_ONLY,SOURCE_LEMMA_ONLY_NOT_SENSE_OR_POS,UNREVIEWED_NOT_SEMANTICALLY_APPROVED,NOT_CLEARED,true
lex:A2:any-more,A2,any more,NO_DIRECT_SOURCE_LEMMA,,,NO_DIRECT_MATCH,SOURCE_LEMMA_ONLY_NOT_SENSE_OR_POS,UNREVIEWED_NOT_SEMANTICALLY_APPROVED,NOT_CLEARED,true
lex:A2:anyway,A2,anyway,NGSL_1_2_CORE,anyway,893,EXACT_HEADWORD_FORM_ONLY,SOURCE_LEMMA_ONLY_NOT_SENSE_OR_POS,UNREVIEWED_NOT_SEMANTICALLY_APPROVED,NOT_CLEARED,true
lex:A2:anywhere,A2,anywhere,NGSL_1_2_CORE,anywhere,1648,EXACT_HEADWORD_FORM_ONLY,SOURCE_LEMMA_ONLY_NOT_SENSE_OR_POS,UNREVIEWED_NOT_SEMANTICALLY_APPROVED,NOT_CLEARED,true
lex:A2:app,A2,app,NO_DIRECT_SOURCE_LEMMA,,,NO_DIRECT_MATCH,SOURCE_LEMMA_ONLY_NOT_SENSE_OR_POS,UNREVIEWED_NOT_SEMANTICALLY_APPROVED,NOT_CLEARED,true
lex:A2:appear,A2,appear,NGSL_1_2_CORE,appear,405,EXACT_HEADWORD_FORM_ONLY,SOURCE_LEMMA_ONLY_NOT_SENSE_OR_POS,UNREVIEWED_NOT_SEMANTICALLY_APPROVED,NOT_CLEARED,true
lex:A2:appearance,A2,appearance,NGSL_1_2_CORE,appearance,1568,EXACT_HEADWORD_FORM_ONLY,SOURCE_LEMMA_ONLY_NOT_SENSE_OR_POS,UNREVIEWED_NOT_SEMANTICALLY_APPROVED,NOT_CLEARED,true
lex:A2:apply,A2,apply,NGSL_1_2_CORE,apply,611,EXACT_HEADWORD_FORM_ONLY,SOURCE_LEMMA_ONLY_NOT_SENSE_OR_POS,UNREVIEWED_NOT_SEMANTICALLY_APPROVED,NOT_CLEARED,true
lex:A2:architect,A2,architect,NGSL_SFI_31K_EXTENSION,architect,2905,EXACT_HEADWORD_FORM_ONLY,SOURCE_LEMMA_ONLY_NOT_SENSE_OR_POS,UNREVIEWED_NOT_SEMANTICALLY_APPROVED,NOT_CLEARED,true
lex:A2:architecture,A2,architecture,NGSL_1_2_CORE,architecture,2427,EXACT_HEADWORD_FORM_ONLY,SOURCE_LEMMA_ONLY_NOT_SENSE_OR_POS,UNREVIEWED_NOT_SEMANTICALLY_APPROVED,NOT_CLEARED,true
lex:A2:argue,A2,argue,NGSL_1_2_CORE,argue,740,EXACT_HEADWORD_FORM_ONLY,SOURCE_LEMMA_ONLY_NOT_SENSE_OR_POS,UNREVIEWED_NOT_SEMANTICALLY_APPROVED,NOT_CLEARED,true
lex:A2:argument,A2,argument,NGSL_1_2_CORE,argument,879,EXACT_HEADWORD_FORM_ONLY,SOURCE_LEMMA_ONLY_NOT_SENSE_OR_POS,UNREVIEWED_NOT_SEMANTICALLY_APPROVED,NOT_CLEARED,true
lex:A2:army,A2,army,NGSL_1_2_CORE,army,1418,EXACT_HEADWORD_FORM_ONLY,SOURCE_LEMMA_ONLY_NOT_SENSE_OR_POS,UNREVIEWED_NOT_SEMANTICALLY_APPROVED,NOT_CLEARED,true
lex:A2:arrange,A2,arrange,NGSL_1_2_CORE,arrange,1266,EXACT_HEADWORD_FORM_ONLY,SOURCE_LEMMA_ONLY_NOT_SENSE_OR_POS,UNREVIEWED_NOT_SEMANTICALLY_APPROVED,NOT_CLEARED,true
lex:A2:arrangement,A2,arrangement,NGSL_1_2_CORE,arrangement,1460,EXACT_HEADWORD_FORM_ONLY,SOURCE_LEMMA_ONLY_NOT_SENSE_OR_POS,UNREVIEWED_NOT_SEMANTICALLY_APPROVED,NOT_CLEARED,true
lex:A2:as,A2,as,NGSL_1_2_CORE,as,22,EXACT_HEADWORD_FORM_ONLY,SOURCE_LEMMA_ONLY_NOT_SENSE_OR_POS,UNREVIEWED_NOT_SEMANTICALLY_APPROVED,NOT_CLEARED,true
lex:A2:asleep,A2,asleep,NGSL_SFI_31K_EXTENSION,asleep,3179,EXACT_HEADWORD_FORM_ONLY,SOURCE_LEMMA_ONLY_NOT_SENSE_OR_POS,UNREVIEWED_NOT_SEMANTICALLY_APPROVED,NOT_CLEARED,true
lex:A2:assistant,A2,assistant,NGSL_1_2_CORE,assistant,1739,EXACT_HEADWORD_FORM_ONLY,SOURCE_LEMMA_ONLY_NOT_SENSE_OR_POS,UNREVIEWED_NOT_SEMANTICALLY_APPROVED,NOT_CLEARED,true
lex:A2:athlete,A2,athlete,NGSL_1_2_CORE,athlete,2759,EXACT_HEADWORD_FORM_ONLY,SOURCE_LEMMA_ONLY_NOT_SENSE_OR_POS,UNREVIEWED_NOT_SEMANTICALLY_APPROVED,NOT_CLEARED,true
lex:A2:attack,A2,attack,NGSL_1_2_CORE,attack,632,EXACT_HEADWORD_FORM_ONLY,SOURCE_LEMMA_ONLY_NOT_SENSE_OR_POS,UNREVIEWED_NOT_SEMANTICALLY_APPROVED,NOT_CLEARED,true
lex:A2:attend,A2,attend,NGSL_1_2_CORE,attend,820,EXACT_HEADWORD_FORM_ONLY,SOURCE_LEMMA_ONLY_NOT_SENSE_OR_POS,UNREVIEWED_NOT_SEMANTICALLY_APPROVED,NOT_CLEARED,true
lex:A2:attention,A2,attention,NGSL_1_2_CORE,attention,578,EXACT_HEADWORD_FORM_ONLY,SOURCE_LEMMA_ONLY_NOT_SENSE_OR_POS,UNREVIEWED_NOT_SEMANTICALLY_APPROVED,NOT_CLEARED,true
lex:A2:attractive,A2,attractive,NGSL_1_2_CORE,attractive,1715,EXACT_HEADWORD_FORM_ONLY,SOURCE_LEMMA_ONLY_NOT_SENSE_OR_POS,UNREVIEWED_NOT_SEMANTICALLY_APPROVED,NOT_CLEARED,true
lex:A2:audience,A2,audience,NGSL_1_2_CORE,audience,1166,EXACT_HEADWORD_FORM_ONLY,SOURCE_LEMMA_ONLY_NOT_SENSE_OR_POS,UNREVIEWED_NOT_SEMANTICALLY_APPROVED,NOT_CLEARED,true
lex:A2:author,A2,author,NGSL_1_2_CORE,author,910,EXACT_HEADWORD_FORM_ONLY,SOURCE_LEMMA_ONLY_NOT_SENSE_OR_POS,UNREVIEWED_NOT_SEMANTICALLY_APPROVED,NOT_CLEARED,true
lex:A2:available,A2,available,NGSL_1_2_CORE,available,459,EXACT_HEADWORD_FORM_ONLY,SOURCE_LEMMA_ONLY_NOT_SENSE_OR_POS,UNREVIEWED_NOT_SEMANTICALLY_APPROVED,NOT_CLEARED,true
lex:A2:average,A2,average,NGSL_1_2_CORE,average,690,EXACT_HEADWORD_FORM_ONLY,SOURCE_LEMMA_ONLY_NOT_SENSE_OR_POS,UNREVIEWED_NOT_SEMANTICALLY_APPROVED,NOT_CLEARED,true
lex:A2:avoid,A2,avoid,NGSL_1_2_CORE,avoid,851,EXACT_HEADWORD_FORM_ONLY,SOURCE_LEMMA_ONLY_NOT_SENSE_OR_POS,UNREVIEWED_NOT_SEMANTICALLY_APPROVED,NOT_CLEARED,true
lex:A2:award,A2,award,NGSL_1_2_CORE,award,1341,EXACT_HEADWORD_FORM_ONLY,SOURCE_LEMMA_ONLY_NOT_SENSE_OR_POS,UNREVIEWED_NOT_SEMANTICALLY_APPROVED,NOT_CLEARED,true
lex:A2:awful,A2,awful,NGSL_1_2_CORE,awful,2206,EXACT_HEADWORD_FORM_ONLY,SOURCE_LEMMA_ONLY_NOT_SENSE_OR_POS,UNREVIEWED_NOT_SEMANTICALLY_APPROVED,NOT_CLEARED,true
lex:A2:back,A2,back,NGSL_1_2_CORE,back,94,EXACT_HEADWORD_FORM_ONLY,SOURCE_LEMMA_ONLY_NOT_SENSE_OR_POS,UNREVIEWED_NOT_SEMANTICALLY_APPROVED,NOT_CLEARED,true
lex:A2:background,A2,background,NGSL_1_2_CORE,background,1223,EXACT_HEADWORD_FORM_ONLY,SOURCE_LEMMA_ONLY_NOT_SENSE_OR_POS,UNREVIEWED_NOT_SEMANTICALLY_APPROVED,NOT_CLEARED,true
lex:A2:badly,A2,badly,NGSL_1_2_CORE,badly,2157,EXACT_HEADWORD_FORM_ONLY,SOURCE_LEMMA_ONLY_NOT_SENSE_OR_POS,UNREVIEWED_NOT_SEMANTICALLY_APPROVED,NOT_CLEARED,true
lex:A2:bar,A2,bar,NGSL_1_2_CORE,bar,837,EXACT_HEADWORD_FORM_ONLY,SOURCE_LEMMA_ONLY_NOT_SENSE_OR_POS,UNREVIEWED_NOT_SEMANTICALLY_APPROVED,NOT_CLEARED,true
lex:A2:baseball,A2,baseball,NGSL_SFI_31K_EXTENSION,baseball,2549,EXACT_HEADWORD_FORM_ONLY,SOURCE_LEMMA_ONLY_NOT_SENSE_OR_POS,UNREVIEWED_NOT_SEMANTICALLY_APPROVED,NOT_CLEARED,true
lex:A2:based,A2,based,NO_DIRECT_SOURCE_LEMMA,,,NO_DIRECT_MATCH,SOURCE_LEMMA_ONLY_NOT_SENSE_OR_POS,UNREVIEWED_NOT_SEMANTICALLY_APPROVED,NOT_CLEARED,true
lex:A2:basketball,A2,basketball,NGSL_SFI_31K_EXTENSION,basketball,2557,EXACT_HEADWORD_FORM_ONLY,SOURCE_LEMMA_ONLY_NOT_SENSE_OR_POS,UNREVIEWED_NOT_SEMANTICALLY_APPROVED,NOT_CLEARED,true
lex:A2:bean,A2,bean,NGSL_SFI_31K_EXTENSION,bean,3369,EXACT_HEADWORD_FORM_ONLY,SOURCE_LEMMA_ONLY_NOT_SENSE_OR_POS,UNREVIEWED_NOT_SEMANTICALLY_APPROVED,NOT_CLEARED,true
lex:A2:bear-animal,A2,bear (animal),NGSL_1_2_CORE,bear,455,HEADWORD_NORMALIZED_REQUIRES_REVIEW,SOURCE_LEMMA_ONLY_NOT_SENSE_OR_POS,UNREVIEWED_NOT_SEMANTICALLY_APPROVED,NOT_CLEARED,true
lex:A2:beat,A2,beat,NGSL_1_2_CORE,beat,1035,EXACT_HEADWORD_FORM_ONLY,SOURCE_LEMMA_ONLY_NOT_SENSE_OR_POS,UNREVIEWED_NOT_SEMANTICALLY_APPROVED,NOT_CLEARED,true
lex:A2:beef,A2,beef,NGSL_SFI_31K_EXTENSION,beef,3470,EXACT_HEADWORD_FORM_ONLY,SOURCE_LEMMA_ONLY_NOT_SENSE_OR_POS,UNREVIEWED_NOT_SEMANTICALLY_APPROVED,NOT_CLEARED,true
lex:A2:before,A2,before,NGSL_1_2_CORE,before,106,EXACT_HEADWORD_FORM_ONLY,SOURCE_LEMMA_ONLY_NOT_SENSE_OR_POS,UNREVIEWED_NOT_SEMANTICALLY_APPROVED,NOT_CLEARED,true
lex:A2:behave,A2,behave,NGSL_1_2_CORE,behave,2248,EXACT_HEADWORD_FORM_ONLY,SOURCE_LEMMA_ONLY_NOT_SENSE_OR_POS,UNREVIEWED_NOT_SEMANTICALLY_APPROVED,NOT_CLEARED,true
lex:A2:behaviour,A2,behaviour,NO_DIRECT_SOURCE_LEMMA,,,NO_DIRECT_MATCH,SOURCE_LEMMA_ONLY_NOT_SENSE_OR_POS,UNREVIEWED_NOT_SEMANTICALLY_APPROVED,NOT_CLEARED,true
lex:A2:belong,A2,belong,NGSL_1_2_CORE,belong,1412,EXACT_HEADWORD_FORM_ONLY,SOURCE_LEMMA_ONLY_NOT_SENSE_OR_POS,UNREVIEWED_NOT_SEMANTICALLY_APPROVED,NOT_CLEARED,true
lex:A2:belt,A2,belt,NGSL_1_2_CORE,belt,2622,EXACT_HEADWORD_FORM_ONLY,SOURCE_LEMMA_ONLY_NOT_SENSE_OR_POS,UNREVIEWED_NOT_SEMANTICALLY_APPROVED,NOT_CLEARED,true
lex:A2:benefit,A2,benefit,NGSL_1_2_CORE,benefit,543,EXACT_HEADWORD_FORM_ONLY,SOURCE_LEMMA_ONLY_NOT_SENSE_OR_POS,UNREVIEWED_NOT_SEMANTICALLY_APPROVED,NOT_CLEARED,true
lex:A2:best,A2,best,NGSL_SFI_31K_EXTENSION,best,11542,EXACT_HEADWORD_FORM_ONLY,SOURCE_LEMMA_ONLY_NOT_SENSE_OR_POS,UNREVIEWED_NOT_SEMANTICALLY_APPROVED,NOT_CLEARED,true
lex:A2:better,A2,better,NGSL_SFI_31K_EXTENSION,better,7937,EXACT_HEADWORD_FORM_ONLY,SOURCE_LEMMA_ONLY_NOT_SENSE_OR_POS,UNREVIEWED_NOT_SEMANTICALLY_APPROVED,NOT_CLEARED,true
lex:A2:between,A2,between,NGSL_1_2_CORE,between,116,EXACT_HEADWORD_FORM_ONLY,SOURCE_LEMMA_ONLY_NOT_SENSE_OR_POS,UNREVIEWED_NOT_SEMANTICALLY_APPROVED,NOT_CLEARED,true
lex:A2:billion,A2,billion,NGSL_1_2_SUPPLEMENT,billion,,EXACT_HEADWORD_FORM_ONLY,SOURCE_LEMMA_ONLY_NOT_SENSE_OR_POS,UNREVIEWED_NOT_SEMANTICALLY_APPROVED,NOT_CLEARED,true
lex:A2:bin,A2,bin,NGSL_1_2_CORE,bin,2556,EXACT_HEADWORD_FORM_ONLY,SOURCE_LEMMA_ONLY_NOT_SENSE_OR_POS,UNREVIEWED_NOT_SEMANTICALLY_APPROVED,NOT_CLEARED,true
lex:A2:biology,A2,biology,NGSL_SFI_31K_EXTENSION,biology,3904,EXACT_HEADWORD_FORM_ONLY,SOURCE_LEMMA_ONLY_NOT_SENSE_OR_POS,UNREVIEWED_NOT_SEMANTICALLY_APPROVED,NOT_CLEARED,true
lex:A2:birth,A2,birth,NGSL_1_2_CORE,birth,1526,EXACT_HEADWORD_FORM_ONLY,SOURCE_LEMMA_ONLY_NOT_SENSE_OR_POS,UNREVIEWED_NOT_SEMANTICALLY_APPROVED,NOT_CLEARED,true
lex:A2:biscuit,A2,biscuit,NGSL_SFI_31K_EXTENSION,biscuit,4957,EXACT_HEADWORD_FORM_ONLY,SOURCE_LEMMA_ONLY_NOT_SENSE_OR_POS,UNREVIEWED_NOT_SEMANTICALLY_APPROVED,NOT_CLEARED,true
lex:A2:bit,A2,bit,NGSL_1_2_CORE,bit,352,EXACT_HEADWORD_FORM_ONLY,SOURCE_LEMMA_ONLY_NOT_SENSE_OR_POS,UNREVIEWED_NOT_SEMANTICALLY_APPROVED,NOT_CLEARED,true
lex:A2:blank,A2,blank,NGSL_SFI_31K_EXTENSION,blank,3238,EXACT_HEADWORD_FORM_ONLY,SOURCE_LEMMA_ONLY_NOT_SENSE_OR_POS,UNREVIEWED_NOT_SEMANTICALLY_APPROVED,NOT_CLEARED,true
lex:A2:blood,A2,blood,NGSL_1_2_CORE,blood,1018,EXACT_HEADWORD_FORM_ONLY,SOURCE_LEMMA_ONLY_NOT_SENSE_OR_POS,UNREVIEWED_NOT_SEMANTICALLY_APPROVED,NOT_CLEARED,true
lex:A2:blow,A2,blow,NGSL_1_2_CORE,blow,1363,EXACT_HEADWORD_FORM_ONLY,SOURCE_LEMMA_ONLY_NOT_SENSE_OR_POS,UNREVIEWED_NOT_SEMANTICALLY_APPROVED,NOT_CLEARED,true
lex:A2:board,A2,board,NGSL_1_2_CORE,board,741,EXACT_HEADWORD_FORM_ONLY,SOURCE_LEMMA_ONLY_NOT_SENSE_OR_POS,UNREVIEWED_NOT_SEMANTICALLY_APPROVED,NOT_CLEARED,true
lex:A2:boil,A2,boil,NGSL_SFI_31K_EXTENSION,boil,3061,EXACT_HEADWORD_FORM_ONLY,SOURCE_LEMMA_ONLY_NOT_SENSE_OR_POS,UNREVIEWED_NOT_SEMANTICALLY_APPROVED,NOT_CLEARED,true
lex:A2:bone,A2,bone,NGSL_1_2_CORE,bone,1836,EXACT_HEADWORD_FORM_ONLY,SOURCE_LEMMA_ONLY_NOT_SENSE_OR_POS,UNREVIEWED_NOT_SEMANTICALLY_APPROVED,NOT_CLEARED,true
lex:A2:book,A2,book,NGSL_1_2_CORE,book,171,EXACT_HEADWORD_FORM_ONLY,SOURCE_LEMMA_ONLY_NOT_SENSE_OR_POS,UNREVIEWED_NOT_SEMANTICALLY_APPROVED,NOT_CLEARED,true
lex:A2:borrow,A2,borrow,NGSL_1_2_CORE,borrow,1880,EXACT_HEADWORD_FORM_ONLY,SOURCE_LEMMA_ONLY_NOT_SENSE_OR_POS,UNREVIEWED_NOT_SEMANTICALLY_APPROVED,NOT_CLEARED,true
lex:A2:boss,A2,boss,NGSL_1_2_CORE,boss,1854,EXACT_HEADWORD_FORM_ONLY,SOURCE_LEMMA_ONLY_NOT_SENSE_OR_POS,UNREVIEWED_NOT_SEMANTICALLY_APPROVED,NOT_CLEARED,true
lex:A2:bottom,A2,bottom,NGSL_1_2_CORE,bottom,1242,EXACT_HEADWORD_FORM_ONLY,SOURCE_LEMMA_ONLY_NOT_SENSE_OR_POS,UNREVIEWED_NOT_SEMANTICALLY_APPROVED,NOT_CLEARED,true
lex:A2:bowl,A2,bowl,NGSL_1_2_CORE,bowl,2291,EXACT_HEADWORD_FORM_ONLY,SOURCE_LEMMA_ONLY_NOT_SENSE_OR_POS,UNREVIEWED_NOT_SEMANTICALLY_APPROVED,NOT_CLEARED,true
lex:A2:brain,A2,brain,NGSL_1_2_CORE,brain,1235,EXACT_HEADWORD_FORM_ONLY,SOURCE_LEMMA_ONLY_NOT_SENSE_OR_POS,UNREVIEWED_NOT_SEMANTICALLY_APPROVED,NOT_CLEARED,true
lex:A2:bridge,A2,bridge,NGSL_1_2_CORE,bridge,1546,EXACT_HEADWORD_FORM_ONLY,SOURCE_LEMMA_ONLY_NOT_SENSE_OR_POS,UNREVIEWED_NOT_SEMANTICALLY_APPROVED,NOT_CLEARED,true
lex:A2:bright,A2,bright,NGSL_1_2_CORE,bright,1510,EXACT_HEADWORD_FORM_ONLY,SOURCE_LEMMA_ONLY_NOT_SENSE_OR_POS,UNREVIEWED_NOT_SEMANTICALLY_APPROVED,NOT_CLEARED,true
lex:A2:brilliant,A2,brilliant,NGSL_1_2_CORE,brilliant,2200,EXACT_HEADWORD_FORM_ONLY,SOURCE_LEMMA_ONLY_NOT_SENSE_OR_POS,UNREVIEWED_NOT_SEMANTICALLY_APPROVED,NOT_CLEARED,true
lex:A2:broken,A2,broken,NO_DIRECT_SOURCE_LEMMA,,,NO_DIRECT_MATCH,SOURCE_LEMMA_ONLY_NOT_SENSE_OR_POS,UNREVIEWED_NOT_SEMANTICALLY_APPROVED,NOT_CLEARED,true
lex:A2:brush,A2,brush,NGSL_1_2_CORE,brush,2463,EXACT_HEADWORD_FORM_ONLY,SOURCE_LEMMA_ONLY_NOT_SENSE_OR_POS,UNREVIEWED_NOT_SEMANTICALLY_APPROVED,NOT_CLEARED,true
lex:A2:burn,A2,burn,NGSL_1_2_CORE,burn,1280,EXACT_HEADWORD_FORM_ONLY,SOURCE_LEMMA_ONLY_NOT_SENSE_OR_POS,UNREVIEWED_NOT_SEMANTICALLY_APPROVED,NOT_CLEARED,true
lex:A2:businessman,A2,businessman,NGSL_SFI_31K_EXTENSION,businessman,3401,EXACT_HEADWORD_FORM_ONLY,SOURCE_LEMMA_ONLY_NOT_SENSE_OR_POS,UNREVIEWED_NOT_SEMANTICALLY_APPROVED,NOT_CLEARED,true
lex:A2:button,A2,button,NGSL_1_2_CORE,button,2285,EXACT_HEADWORD_FORM_ONLY,SOURCE_LEMMA_ONLY_NOT_SENSE_OR_POS,UNREVIEWED_NOT_SEMANTICALLY_APPROVED,NOT_CLEARED,true
lex:A2:camp,A2,camp,NGSL_1_2_CORE,camp,1165,EXACT_HEADWORD_FORM_ONLY,SOURCE_LEMMA_ONLY_NOT_SENSE_OR_POS,UNREVIEWED_NOT_SEMANTICALLY_APPROVED,NOT_CLEARED,true
lex:A2:camping,A2,camping,NO_DIRECT_SOURCE_LEMMA,,,NO_DIRECT_MATCH,SOURCE_LEMMA_ONLY_NOT_SENSE_OR_POS,UNREVIEWED_NOT_SEMANTICALLY_APPROVED,NOT_CLEARED,true
lex:A2:can,A2,can²,NGSL_1_2_CORE,can,38,HEADWORD_NORMALIZED_REQUIRES_REVIEW,SOURCE_LEMMA_ONLY_NOT_SENSE_OR_POS,UNREVIEWED_NOT_SEMANTICALLY_APPROVED,NOT_CLEARED,true
lex:A2:care,A2,care,NGSL_1_2_CORE,care,313,EXACT_HEADWORD_FORM_ONLY,SOURCE_LEMMA_ONLY_NOT_SENSE_OR_POS,UNREVIEWED_NOT_SEMANTICALLY_APPROVED,NOT_CLEARED,true
lex:A2:careful,A2,careful,NGSL_1_2_CORE,careful,1637,EXACT_HEADWORD_FORM_ONLY,SOURCE_LEMMA_ONLY_NOT_SENSE_OR_POS,UNREVIEWED_NOT_SEMANTICALLY_APPROVED,NOT_CLEARED,true
lex:A2:carefully,A2,carefully,NGSL_1_2_CORE,carefully,1386,EXACT_HEADWORD_FORM_ONLY,SOURCE_LEMMA_ONLY_NOT_SENSE_OR_POS,UNREVIEWED_NOT_SEMANTICALLY_APPROVED,NOT_CLEARED,true
lex:A2:carpet,A2,carpet,NGSL_1_2_CORE,carpet,2680,EXACT_HEADWORD_FORM_ONLY,SOURCE_LEMMA_ONLY_NOT_SENSE_OR_POS,UNREVIEWED_NOT_SEMANTICALLY_APPROVED,NOT_CLEARED,true
lex:A2:cartoon,A2,cartoon,NGSL_SFI_31K_EXTENSION,cartoon,4005,EXACT_HEADWORD_FORM_ONLY,SOURCE_LEMMA_ONLY_NOT_SENSE_OR_POS,UNREVIEWED_NOT_SEMANTICALLY_APPROVED,NOT_CLEARED,true
lex:A2:case,A2,case,NGSL_1_2_CORE,case,168,EXACT_HEADWORD_FORM_ONLY,SOURCE_LEMMA_ONLY_NOT_SENSE_OR_POS,UNREVIEWED_NOT_SEMANTICALLY_APPROVED,NOT_CLEARED,true
lex:A2:cash,A2,cash,NGSL_1_2_CORE,cash,1339,EXACT_HEADWORD_FORM_ONLY,SOURCE_LEMMA_ONLY_NOT_SENSE_OR_POS,UNREVIEWED_NOT_SEMANTICALLY_APPROVED,NOT_CLEARED,true
lex:A2:castle,A2,castle,NGSL_1_2_CORE,castle,2673,EXACT_HEADWORD_FORM_ONLY,SOURCE_LEMMA_ONLY_NOT_SENSE_OR_POS,UNREVIEWED_NOT_SEMANTICALLY_APPROVED,NOT_CLEARED,true
lex:A2:catch,A2,catch,NGSL_1_2_CORE,catch,683,EXACT_HEADWORD_FORM_ONLY,SOURCE_LEMMA_ONLY_NOT_SENSE_OR_POS,UNREVIEWED_NOT_SEMANTICALLY_APPROVED,NOT_CLEARED,true
lex:A2:cause,A2,cause,NGSL_1_2_CORE,cause,319,EXACT_HEADWORD_FORM_ONLY,SOURCE_LEMMA_ONLY_NOT_SENSE_OR_POS,UNREVIEWED_NOT_SEMANTICALLY_APPROVED,NOT_CLEARED,true
lex:A2:celebrate,A2,celebrate,NGSL_1_2_CORE,celebrate,1608,EXACT_HEADWORD_FORM_ONLY,SOURCE_LEMMA_ONLY_NOT_SENSE_OR_POS,UNREVIEWED_NOT_SEMANTICALLY_APPROVED,NOT_CLEARED,true
lex:A2:celebrity,A2,celebrity,NGSL_SFI_31K_EXTENSION,celebrity,3143,EXACT_HEADWORD_FORM_ONLY,SOURCE_LEMMA_ONLY_NOT_SENSE_OR_POS,UNREVIEWED_NOT_SEMANTICALLY_APPROVED,NOT_CLEARED,true
lex:A2:certain,A2,certain,NGSL_1_2_CORE,certain,451,EXACT_HEADWORD_FORM_ONLY,SOURCE_LEMMA_ONLY_NOT_SENSE_OR_POS,UNREVIEWED_NOT_SEMANTICALLY_APPROVED,NOT_CLEARED,true
lex:A2:certainly,A2,certainly,NGSL_1_2_CORE,certainly,536,EXACT_HEADWORD_FORM_ONLY,SOURCE_LEMMA_ONLY_NOT_SENSE_OR_POS,UNREVIEWED_NOT_SEMANTICALLY_APPROVED,NOT_CLEARED,true
lex:A2:chance,A2,chance,NGSL_1_2_CORE,chance,560,EXACT_HEADWORD_FORM_ONLY,SOURCE_LEMMA_ONLY_NOT_SENSE_OR_POS,UNREVIEWED_NOT_SEMANTICALLY_APPROVED,NOT_CLEARED,true
lex:A2:character,A2,character,NGSL_1_2_CORE,character,693,EXACT_HEADWORD_FORM_ONLY,SOURCE_LEMMA_ONLY_NOT_SENSE_OR_POS,UNREVIEWED_NOT_SEMANTICALLY_APPROVED,NOT_CLEARED,true
lex:A2:charity,A2,charity,NGSL_1_2_CORE,charity,2354,EXACT_HEADWORD_FORM_ONLY,SOURCE_LEMMA_ONLY_NOT_SENSE_OR_POS,UNREVIEWED_NOT_SEMANTICALLY_APPROVED,NOT_CLEARED,true
lex:A2:chat,A2,chat,NGSL_1_2_CORE,chat,2534,EXACT_HEADWORD_FORM_ONLY,SOURCE_LEMMA_ONLY_NOT_SENSE_OR_POS,UNREVIEWED_NOT_SEMANTICALLY_APPROVED,NOT_CLEARED,true
lex:A2:check,A2,check,NGSL_1_2_CORE,check,580,EXACT_HEADWORD_FORM_ONLY,SOURCE_LEMMA_ONLY_NOT_SENSE_OR_POS,UNREVIEWED_NOT_SEMANTICALLY_APPROVED,NOT_CLEARED,true
lex:A2:chef,A2,chef,NGSL_SFI_31K_EXTENSION,chef,3887,EXACT_HEADWORD_FORM_ONLY,SOURCE_LEMMA_ONLY_NOT_SENSE_OR_POS,UNREVIEWED_NOT_SEMANTICALLY_APPROVED,NOT_CLEARED,true
lex:A2:chemistry,A2,chemistry,NGSL_SFI_31K_EXTENSION,chemistry,3713,EXACT_HEADWORD_FORM_ONLY,SOURCE_LEMMA_ONLY_NOT_SENSE_OR_POS,UNREVIEWED_NOT_SEMANTICALLY_APPROVED,NOT_CLEARED,true
lex:A2:chip,A2,chip,NGSL_1_2_CORE,chip,1910,EXACT_HEADWORD_FORM_ONLY,SOURCE_LEMMA_ONLY_NOT_SENSE_OR_POS,UNREVIEWED_NOT_SEMANTICALLY_APPROVED,NOT_CLEARED,true
lex:A2:choice,A2,choice,NGSL_1_2_CORE,choice,565,EXACT_HEADWORD_FORM_ONLY,SOURCE_LEMMA_ONLY_NOT_SENSE_OR_POS,UNREVIEWED_NOT_SEMANTICALLY_APPROVED,NOT_CLEARED,true
lex:A2:church,A2,church,NGSL_1_2_CORE,church,744,EXACT_HEADWORD_FORM_ONLY,SOURCE_LEMMA_ONLY_NOT_SENSE_OR_POS,UNREVIEWED_NOT_SEMANTICALLY_APPROVED,NOT_CLEARED,true
lex:A2:cigarette,A2,cigarette,NGSL_1_2_CORE,cigarette,2356,EXACT_HEADWORD_FORM_ONLY,SOURCE_LEMMA_ONLY_NOT_SENSE_OR_POS,UNREVIEWED_NOT_SEMANTICALLY_APPROVED,NOT_CLEARED,true
lex:A2:circle,A2,circle,NGSL_1_2_CORE,circle,1712,EXACT_HEADWORD_FORM_ONLY,SOURCE_LEMMA_ONLY_NOT_SENSE_OR_POS,UNREVIEWED_NOT_SEMANTICALLY_APPROVED,NOT_CLEARED,true
lex:A2:classical,A2,classical,NGSL_1_2_CORE,classical,2480,EXACT_HEADWORD_FORM_ONLY,SOURCE_LEMMA_ONLY_NOT_SENSE_OR_POS,UNREVIEWED_NOT_SEMANTICALLY_APPROVED,NOT_CLEARED,true
lex:A2:clear,A2,clear,NGSL_1_2_CORE,clear,369,EXACT_HEADWORD_FORM_ONLY,SOURCE_LEMMA_ONLY_NOT_SENSE_OR_POS,UNREVIEWED_NOT_SEMANTICALLY_APPROVED,NOT_CLEARED,true
lex:A2:clearly,A2,clearly,NGSL_1_2_CORE,clearly,728,EXACT_HEADWORD_FORM_ONLY,SOURCE_LEMMA_ONLY_NOT_SENSE_OR_POS,UNREVIEWED_NOT_SEMANTICALLY_APPROVED,NOT_CLEARED,true
lex:A2:clever,A2,clever,NGSL_SFI_31K_EXTENSION,clever,2961,EXACT_HEADWORD_FORM_ONLY,SOURCE_LEMMA_ONLY_NOT_SENSE_OR_POS,UNREVIEWED_NOT_SEMANTICALLY_APPROVED,NOT_CLEARED,true
lex:A2:climate,A2,climate,NGSL_1_2_CORE,climate,1906,EXACT_HEADWORD_FORM_ONLY,SOURCE_LEMMA_ONLY_NOT_SENSE_OR_POS,UNREVIEWED_NOT_SEMANTICALLY_APPROVED,NOT_CLEARED,true
lex:A2:close,A2,close²,NGSL_1_2_CORE,close,239,HEADWORD_NORMALIZED_REQUIRES_REVIEW,SOURCE_LEMMA_ONLY_NOT_SENSE_OR_POS,UNREVIEWED_NOT_SEMANTICALLY_APPROVED,NOT_CLEARED,true
lex:A2:closed,A2,closed,NO_DIRECT_SOURCE_LEMMA,,,NO_DIRECT_MATCH,SOURCE_LEMMA_ONLY_NOT_SENSE_OR_POS,UNREVIEWED_NOT_SEMANTICALLY_APPROVED,NOT_CLEARED,true
lex:A2:clothing,A2,clothing,NGSL_1_2_CORE,clothing,2535,EXACT_HEADWORD_FORM_ONLY,SOURCE_LEMMA_ONLY_NOT_SENSE_OR_POS,UNREVIEWED_NOT_SEMANTICALLY_APPROVED,NOT_CLEARED,true
lex:A2:cloud,A2,cloud,NGSL_1_2_CORE,cloud,2090,EXACT_HEADWORD_FORM_ONLY,SOURCE_LEMMA_ONLY_NOT_SENSE_OR_POS,UNREVIEWED_NOT_SEMANTICALLY_APPROVED,NOT_CLEARED,true
lex:A2:coach,A2,coach,NGSL_1_2_CORE,coach,1342,EXACT_HEADWORD_FORM_ONLY,SOURCE_LEMMA_ONLY_NOT_SENSE_OR_POS,UNREVIEWED_NOT_SEMANTICALLY_APPROVED,NOT_CLEARED,true
lex:A2:coast,A2,coast,NGSL_1_2_CORE,coast,1728,EXACT_HEADWORD_FORM_ONLY,SOURCE_LEMMA_ONLY_NOT_SENSE_OR_POS,UNREVIEWED_NOT_SEMANTICALLY_APPROVED,NOT_CLEARED,true
lex:A2:code,A2,code,NGSL_1_2_CORE,code,1346,EXACT_HEADWORD_FORM_ONLY,SOURCE_LEMMA_ONLY_NOT_SENSE_OR_POS,UNREVIEWED_NOT_SEMANTICALLY_APPROVED,NOT_CLEARED,true
lex:A2:colleague,A2,colleague,NGSL_1_2_CORE,colleague,1251,EXACT_HEADWORD_FORM_ONLY,SOURCE_LEMMA_ONLY_NOT_SENSE_OR_POS,UNREVIEWED_NOT_SEMANTICALLY_APPROVED,NOT_CLEARED,true
lex:A2:collect,A2,collect,NGSL_1_2_CORE,collect,1069,EXACT_HEADWORD_FORM_ONLY,SOURCE_LEMMA_ONLY_NOT_SENSE_OR_POS,UNREVIEWED_NOT_SEMANTICALLY_APPROVED,NOT_CLEARED,true
lex:A2:column,A2,column,NGSL_1_2_CORE,column,1721,EXACT_HEADWORD_FORM_ONLY,SOURCE_LEMMA_ONLY_NOT_SENSE_OR_POS,UNREVIEWED_NOT_SEMANTICALLY_APPROVED,NOT_CLEARED,true
lex:A2:comedy,A2,comedy,NGSL_1_2_CORE,comedy,2705,EXACT_HEADWORD_FORM_ONLY,SOURCE_LEMMA_ONLY_NOT_SENSE_OR_POS,UNREVIEWED_NOT_SEMANTICALLY_APPROVED,NOT_CLEARED,true
lex:A2:comfortable,A2,comfortable,NGSL_1_2_CORE,comfortable,1384,EXACT_HEADWORD_FORM_ONLY,SOURCE_LEMMA_ONLY_NOT_SENSE_OR_POS,UNREVIEWED_NOT_SEMANTICALLY_APPROVED,NOT_CLEARED,true
lex:A2:comment,A2,comment,NGSL_1_2_CORE,comment,716,EXACT_HEADWORD_FORM_ONLY,SOURCE_LEMMA_ONLY_NOT_SENSE_OR_POS,UNREVIEWED_NOT_SEMANTICALLY_APPROVED,NOT_CLEARED,true
lex:A2:communicate,A2,communicate,NGSL_1_2_CORE,communicate,1800,EXACT_HEADWORD_FORM_ONLY,SOURCE_LEMMA_ONLY_NOT_SENSE_OR_POS,UNREVIEWED_NOT_SEMANTICALLY_APPROVED,NOT_CLEARED,true
lex:A2:community,A2,community,NGSL_1_2_CORE,community,465,EXACT_HEADWORD_FORM_ONLY,SOURCE_LEMMA_ONLY_NOT_SENSE_OR_POS,UNREVIEWED_NOT_SEMANTICALLY_APPROVED,NOT_CLEARED,true
lex:A2:compete,A2,compete,NGSL_1_2_CORE,compete,1683,EXACT_HEADWORD_FORM_ONLY,SOURCE_LEMMA_ONLY_NOT_SENSE_OR_POS,UNREVIEWED_NOT_SEMANTICALLY_APPROVED,NOT_CLEARED,true
lex:A2:competition,A2,competition,NGSL_1_2_CORE,competition,875,EXACT_HEADWORD_FORM_ONLY,SOURCE_LEMMA_ONLY_NOT_SENSE_OR_POS,UNREVIEWED_NOT_SEMANTICALLY_APPROVED,NOT_CLEARED,true
lex:A2:complain,A2,complain,NGSL_1_2_CORE,complain,1495,EXACT_HEADWORD_FORM_ONLY,SOURCE_LEMMA_ONLY_NOT_SENSE_OR_POS,UNREVIEWED_NOT_SEMANTICALLY_APPROVED,NOT_CLEARED,true
lex:A2:completely,A2,completely,NGSL_1_2_CORE,completely,960,EXACT_HEADWORD_FORM_ONLY,SOURCE_LEMMA_ONLY_NOT_SENSE_OR_POS,UNREVIEWED_NOT_SEMANTICALLY_APPROVED,NOT_CLEARED,true
lex:A2:condition,A2,condition,NGSL_1_2_CORE,condition,445,EXACT_HEADWORD_FORM_ONLY,SOURCE_LEMMA_ONLY_NOT_SENSE_OR_POS,UNREVIEWED_NOT_SEMANTICALLY_APPROVED,NOT_CLEARED,true
lex:A2:conference,A2,conference,NGSL_1_2_CORE,conference,812,EXACT_HEADWORD_FORM_ONLY,SOURCE_LEMMA_ONLY_NOT_SENSE_OR_POS,UNREVIEWED_NOT_SEMANTICALLY_APPROVED,NOT_CLEARED,true
lex:A2:connect,A2,connect,NGSL_1_2_CORE,connect,1264,EXACT_HEADWORD_FORM_ONLY,SOURCE_LEMMA_ONLY_NOT_SENSE_OR_POS,UNREVIEWED_NOT_SEMANTICALLY_APPROVED,NOT_CLEARED,true
lex:A2:connected,A2,connected,NO_DIRECT_SOURCE_LEMMA,,,NO_DIRECT_MATCH,SOURCE_LEMMA_ONLY_NOT_SENSE_OR_POS,UNREVIEWED_NOT_SEMANTICALLY_APPROVED,NOT_CLEARED,true
lex:A2:consider,A2,consider,NGSL_1_2_CORE,consider,295,EXACT_HEADWORD_FORM_ONLY,SOURCE_LEMMA_ONLY_NOT_SENSE_OR_POS,UNREVIEWED_NOT_SEMANTICALLY_APPROVED,NOT_CLEARED,true
lex:A2:contain,A2,contain,NGSL_1_2_CORE,contain,663,EXACT_HEADWORD_FORM_ONLY,SOURCE_LEMMA_ONLY_NOT_SENSE_OR_POS,UNREVIEWED_NOT_SEMANTICALLY_APPROVED,NOT_CLEARED,true
lex:A2:context,A2,context,NGSL_1_2_CORE,context,1049,EXACT_HEADWORD_FORM_ONLY,SOURCE_LEMMA_ONLY_NOT_SENSE_OR_POS,UNREVIEWED_NOT_SEMANTICALLY_APPROVED,NOT_CLEARED,true
lex:A2:continent,A2,continent,NGSL_SFI_31K_EXTENSION,continent,3258,EXACT_HEADWORD_FORM_ONLY,SOURCE_LEMMA_ONLY_NOT_SENSE_OR_POS,UNREVIEWED_NOT_SEMANTICALLY_APPROVED,NOT_CLEARED,true
lex:A2:continue,A2,continue,NGSL_1_2_CORE,continue,308,EXACT_HEADWORD_FORM_ONLY,SOURCE_LEMMA_ONLY_NOT_SENSE_OR_POS,UNREVIEWED_NOT_SEMANTICALLY_APPROVED,NOT_CLEARED,true
lex:A2:control,A2,control,NGSL_1_2_CORE,control,301,EXACT_HEADWORD_FORM_ONLY,SOURCE_LEMMA_ONLY_NOT_SENSE_OR_POS,UNREVIEWED_NOT_SEMANTICALLY_APPROVED,NOT_CLEARED,true
lex:A2:cook,A2,cook,NGSL_1_2_CORE,cook,1196,EXACT_HEADWORD_FORM_ONLY,SOURCE_LEMMA_ONLY_NOT_SENSE_OR_POS,UNREVIEWED_NOT_SEMANTICALLY_APPROVED,NOT_CLEARED,true
lex:A2:cooker,A2,cooker,NGSL_SFI_31K_EXTENSION,cooker,5020,EXACT_HEADWORD_FORM_ONLY,SOURCE_LEMMA_ONLY_NOT_SENSE_OR_POS,UNREVIEWED_NOT_SEMANTICALLY_APPROVED,NOT_CLEARED,true
lex:A2:copy,A2,copy,NGSL_1_2_CORE,copy,1037,EXACT_HEADWORD_FORM_ONLY,SOURCE_LEMMA_ONLY_NOT_SENSE_OR_POS,UNREVIEWED_NOT_SEMANTICALLY_APPROVED,NOT_CLEARED,true
lex:A2:corner,A2,corner,NGSL_1_2_CORE,corner,1188,EXACT_HEADWORD_FORM_ONLY,SOURCE_LEMMA_ONLY_NOT_SENSE_OR_POS,UNREVIEWED_NOT_SEMANTICALLY_APPROVED,NOT_CLEARED,true
lex:A2:correctly,A2,correctly,NGSL_SFI_31K_EXTENSION,correctly,2944,EXACT_HEADWORD_FORM_ONLY,SOURCE_LEMMA_ONLY_NOT_SENSE_OR_POS,UNREVIEWED_NOT_SEMANTICALLY_APPROVED,NOT_CLEARED,true
lex:A2:count,A2,count,NGSL_1_2_CORE,count,1022,EXACT_HEADWORD_FORM_ONLY,SOURCE_LEMMA_ONLY_NOT_SENSE_OR_POS,UNREVIEWED_NOT_SEMANTICALLY_APPROVED,NOT_CLEARED,true
lex:A2:couple,A2,couple,NGSL_1_2_CORE,couple,514,EXACT_HEADWORD_FORM_ONLY,SOURCE_LEMMA_ONLY_NOT_SENSE_OR_POS,UNREVIEWED_NOT_SEMANTICALLY_APPROVED,NOT_CLEARED,true
lex:A2:cover,A2,cover,NGSL_1_2_CORE,cover,424,EXACT_HEADWORD_FORM_ONLY,SOURCE_LEMMA_ONLY_NOT_SENSE_OR_POS,UNREVIEWED_NOT_SEMANTICALLY_APPROVED,NOT_CLEARED,true
lex:A2:crazy,A2,crazy,NGSL_1_2_CORE,crazy,2276,EXACT_HEADWORD_FORM_ONLY,SOURCE_LEMMA_ONLY_NOT_SENSE_OR_POS,UNREVIEWED_NOT_SEMANTICALLY_APPROVED,NOT_CLEARED,true
lex:A2:creative,A2,creative,NGSL_1_2_CORE,creative,2209,EXACT_HEADWORD_FORM_ONLY,SOURCE_LEMMA_ONLY_NOT_SENSE_OR_POS,UNREVIEWED_NOT_SEMANTICALLY_APPROVED,NOT_CLEARED,true
lex:A2:credit,A2,credit,NGSL_1_2_CORE,credit,944,EXACT_HEADWORD_FORM_ONLY,SOURCE_LEMMA_ONLY_NOT_SENSE_OR_POS,UNREVIEWED_NOT_SEMANTICALLY_APPROVED,NOT_CLEARED,true
lex:A2:crime,A2,crime,NGSL_1_2_CORE,crime,1128,EXACT_HEADWORD_FORM_ONLY,SOURCE_LEMMA_ONLY_NOT_SENSE_OR_POS,UNREVIEWED_NOT_SEMANTICALLY_APPROVED,NOT_CLEARED,true
lex:A2:criminal,A2,criminal,NGSL_1_2_CORE,criminal,1724,EXACT_HEADWORD_FORM_ONLY,SOURCE_LEMMA_ONLY_NOT_SENSE_OR_POS,UNREVIEWED_NOT_SEMANTICALLY_APPROVED,NOT_CLEARED,true
lex:A2:cross,A2,cross,NGSL_1_2_CORE,cross,975,EXACT_HEADWORD_FORM_ONLY,SOURCE_LEMMA_ONLY_NOT_SENSE_OR_POS,UNREVIEWED_NOT_SEMANTICALLY_APPROVED,NOT_CLEARED,true
lex:A2:crowd,A2,crowd,NGSL_1_2_CORE,crowd,1187,EXACT_HEADWORD_FORM_ONLY,SOURCE_LEMMA_ONLY_NOT_SENSE_OR_POS,UNREVIEWED_NOT_SEMANTICALLY_APPROVED,NOT_CLEARED,true
lex:A2:crowded,A2,crowded,NO_DIRECT_SOURCE_LEMMA,,,NO_DIRECT_MATCH,SOURCE_LEMMA_ONLY_NOT_SENSE_OR_POS,UNREVIEWED_NOT_SEMANTICALLY_APPROVED,NOT_CLEARED,true
lex:A2:cry,A2,cry,NGSL_1_2_CORE,cry,1202,EXACT_HEADWORD_FORM_ONLY,SOURCE_LEMMA_ONLY_NOT_SENSE_OR_POS,UNREVIEWED_NOT_SEMANTICALLY_APPROVED,NOT_CLEARED,true
lex:A2:cupboard,A2,cupboard,NGSL_SFI_31K_EXTENSION,cupboard,4333,EXACT_HEADWORD_FORM_ONLY,SOURCE_LEMMA_ONLY_NOT_SENSE_OR_POS,UNREVIEWED_NOT_SEMANTICALLY_APPROVED,NOT_CLEARED,true
lex:A2:curly,A2,curly,NGSL_SFI_31K_EXTENSION,curly,7877,EXACT_HEADWORD_FORM_ONLY,SOURCE_LEMMA_ONLY_NOT_SENSE_OR_POS,UNREVIEWED_NOT_SEMANTICALLY_APPROVED,NOT_CLEARED,true
lex:A2:cycle,A2,cycle,NGSL_1_2_CORE,cycle,1394,EXACT_HEADWORD_FORM_ONLY,SOURCE_LEMMA_ONLY_NOT_SENSE_OR_POS,UNREVIEWED_NOT_SEMANTICALLY_APPROVED,NOT_CLEARED,true
lex:A2:daily,A2,daily,NGSL_1_2_CORE,daily,955,EXACT_HEADWORD_FORM_ONLY,SOURCE_LEMMA_ONLY_NOT_SENSE_OR_POS,UNREVIEWED_NOT_SEMANTICALLY_APPROVED,NOT_CLEARED,true
lex:A2:danger,A2,danger,NGSL_1_2_CORE,danger,1416,EXACT_HEADWORD_FORM_ONLY,SOURCE_LEMMA_ONLY_NOT_SENSE_OR_POS,UNREVIEWED_NOT_SEMANTICALLY_APPROVED,NOT_CLEARED,true
lex:A2:dark,A2,dark,NGSL_1_2_CORE,dark,923,EXACT_HEADWORD_FORM_ONLY,SOURCE_LEMMA_ONLY_NOT_SENSE_OR_POS,UNREVIEWED_NOT_SEMANTICALLY_APPROVED,NOT_CLEARED,true
lex:A2:data,A2,data,NGSL_1_2_CORE,data,556,EXACT_HEADWORD_FORM_ONLY,SOURCE_LEMMA_ONLY_NOT_SENSE_OR_POS,UNREVIEWED_NOT_SEMANTICALLY_APPROVED,NOT_CLEARED,true
lex:A2:dead,A2,dead,NGSL_1_2_CORE,dead,947,EXACT_HEADWORD_FORM_ONLY,SOURCE_LEMMA_ONLY_NOT_SENSE_OR_POS,UNREVIEWED_NOT_SEMANTICALLY_APPROVED,NOT_CLEARED,true
lex:A2:deal,A2,deal,NGSL_1_2_CORE,deal,321,EXACT_HEADWORD_FORM_ONLY,SOURCE_LEMMA_ONLY_NOT_SENSE_OR_POS,UNREVIEWED_NOT_SEMANTICALLY_APPROVED,NOT_CLEARED,true
lex:A2:dear,A2,dear,NGSL_1_2_CORE,dear,1401,EXACT_HEADWORD_FORM_ONLY,SOURCE_LEMMA_ONLY_NOT_SENSE_OR_POS,UNREVIEWED_NOT_SEMANTICALLY_APPROVED,NOT_CLEARED,true
lex:A2:death,A2,death,NGSL_1_2_CORE,death,505,EXACT_HEADWORD_FORM_ONLY,SOURCE_LEMMA_ONLY_NOT_SENSE_OR_POS,UNREVIEWED_NOT_SEMANTICALLY_APPROVED,NOT_CLEARED,true
lex:A2:decision,A2,decision,NGSL_1_2_CORE,decision,449,EXACT_HEADWORD_FORM_ONLY,SOURCE_LEMMA_ONLY_NOT_SENSE_OR_POS,UNREVIEWED_NOT_SEMANTICALLY_APPROVED,NOT_CLEARED,true
lex:A2:deep,A2,deep,NGSL_1_2_CORE,deep,840,EXACT_HEADWORD_FORM_ONLY,SOURCE_LEMMA_ONLY_NOT_SENSE_OR_POS,UNREVIEWED_NOT_SEMANTICALLY_APPROVED,NOT_CLEARED,true
lex:A2:definitely,A2,definitely,NGSL_1_2_CORE,definitely,1557,EXACT_HEADWORD_FORM_ONLY,SOURCE_LEMMA_ONLY_NOT_SENSE_OR_POS,UNREVIEWED_NOT_SEMANTICALLY_APPROVED,NOT_CLEARED,true
lex:A2:degree,A2,degree,NGSL_1_2_CORE,degree,798,EXACT_HEADWORD_FORM_ONLY,SOURCE_LEMMA_ONLY_NOT_SENSE_OR_POS,UNREVIEWED_NOT_SEMANTICALLY_APPROVED,NOT_CLEARED,true
lex:A2:dentist,A2,dentist,NGSL_SFI_31K_EXTENSION,dentist,4560,EXACT_HEADWORD_FORM_ONLY,SOURCE_LEMMA_ONLY_NOT_SENSE_OR_POS,UNREVIEWED_NOT_SEMANTICALLY_APPROVED,NOT_CLEARED,true
lex:A2:department,A2,department,NGSL_1_2_CORE,department,736,EXACT_HEADWORD_FORM_ONLY,SOURCE_LEMMA_ONLY_NOT_SENSE_OR_POS,UNREVIEWED_NOT_SEMANTICALLY_APPROVED,NOT_CLEARED,true
lex:A2:depend,A2,depend,NGSL_1_2_CORE,depend,731,EXACT_HEADWORD_FORM_ONLY,SOURCE_LEMMA_ONLY_NOT_SENSE_OR_POS,UNREVIEWED_NOT_SEMANTICALLY_APPROVED,NOT_CLEARED,true
lex:A2:desert,A2,desert,NGSL_1_2_CORE,desert,2287,EXACT_HEADWORD_FORM_ONLY,SOURCE_LEMMA_ONLY_NOT_SENSE_OR_POS,UNREVIEWED_NOT_SEMANTICALLY_APPROVED,NOT_CLEARED,true
lex:A2:designer,A2,designer,NGSL_1_2_CORE,designer,2178,EXACT_HEADWORD_FORM_ONLY,SOURCE_LEMMA_ONLY_NOT_SENSE_OR_POS,UNREVIEWED_NOT_SEMANTICALLY_APPROVED,NOT_CLEARED,true
lex:A2:destroy,A2,destroy,NGSL_1_2_CORE,destroy,1447,EXACT_HEADWORD_FORM_ONLY,SOURCE_LEMMA_ONLY_NOT_SENSE_OR_POS,UNREVIEWED_NOT_SEMANTICALLY_APPROVED,NOT_CLEARED,true
lex:A2:detective,A2,detective,NGSL_SFI_31K_EXTENSION,detective,3630,EXACT_HEADWORD_FORM_ONLY,SOURCE_LEMMA_ONLY_NOT_SENSE_OR_POS,UNREVIEWED_NOT_SEMANTICALLY_APPROVED,NOT_CLEARED,true
lex:A2:develop,A2,develop,NGSL_1_2_CORE,develop,350,EXACT_HEADWORD_FORM_ONLY,SOURCE_LEMMA_ONLY_NOT_SENSE_OR_POS,UNREVIEWED_NOT_SEMANTICALLY_APPROVED,NOT_CLEARED,true
lex:A2:device,A2,device,NGSL_1_2_CORE,device,1525,EXACT_HEADWORD_FORM_ONLY,SOURCE_LEMMA_ONLY_NOT_SENSE_OR_POS,UNREVIEWED_NOT_SEMANTICALLY_APPROVED,NOT_CLEARED,true
lex:A2:diary,A2,diary,NGSL_SFI_31K_EXTENSION,diary,2399,EXACT_HEADWORD_FORM_ONLY,SOURCE_LEMMA_ONLY_NOT_SENSE_OR_POS,UNREVIEWED_NOT_SEMANTICALLY_APPROVED,NOT_CLEARED,true
lex:A2:differently,A2,differently,NGSL_1_2_CORE,differently,2650,EXACT_HEADWORD_FORM_ONLY,SOURCE_LEMMA_ONLY_NOT_SENSE_OR_POS,UNREVIEWED_NOT_SEMANTICALLY_APPROVED,NOT_CLEARED,true
lex:A2:digital,A2,digital,NGSL_1_2_CORE,digital,2309,EXACT_HEADWORD_FORM_ONLY,SOURCE_LEMMA_ONLY_NOT_SENSE_OR_POS,UNREVIEWED_NOT_SEMANTICALLY_APPROVED,NOT_CLEARED,true
lex:A2:direct,A2,direct,NGSL_1_2_CORE,direct,724,EXACT_HEADWORD_FORM_ONLY,SOURCE_LEMMA_ONLY_NOT_SENSE_OR_POS,UNREVIEWED_NOT_SEMANTICALLY_APPROVED,NOT_CLEARED,true
lex:A2:direction,A2,direction,NGSL_1_2_CORE,direction,952,EXACT_HEADWORD_FORM_ONLY,SOURCE_LEMMA_ONLY_NOT_SENSE_OR_POS,UNREVIEWED_NOT_SEMANTICALLY_APPROVED,NOT_CLEARED,true
lex:A2:director,A2,director,NGSL_1_2_CORE,director,727,EXACT_HEADWORD_FORM_ONLY,SOURCE_LEMMA_ONLY_NOT_SENSE_OR_POS,UNREVIEWED_NOT_SEMANTICALLY_APPROVED,NOT_CLEARED,true
lex:A2:disagree,A2,disagree,NGSL_1_2_CORE,disagree,2503,EXACT_HEADWORD_FORM_ONLY,SOURCE_LEMMA_ONLY_NOT_SENSE_OR_POS,UNREVIEWED_NOT_SEMANTICALLY_APPROVED,NOT_CLEARED,true
lex:A2:disappear,A2,disappear,NGSL_1_2_CORE,disappear,1665,EXACT_HEADWORD_FORM_ONLY,SOURCE_LEMMA_ONLY_NOT_SENSE_OR_POS,UNREVIEWED_NOT_SEMANTICALLY_APPROVED,NOT_CLEARED,true
lex:A2:disaster,A2,disaster,NGSL_1_2_CORE,disaster,2117,EXACT_HEADWORD_FORM_ONLY,SOURCE_LEMMA_ONLY_NOT_SENSE_OR_POS,UNREVIEWED_NOT_SEMANTICALLY_APPROVED,NOT_CLEARED,true
lex:A2:discover,A2,discover,NGSL_1_2_CORE,discover,946,EXACT_HEADWORD_FORM_ONLY,SOURCE_LEMMA_ONLY_NOT_SENSE_OR_POS,UNREVIEWED_NOT_SEMANTICALLY_APPROVED,NOT_CLEARED,true
lex:A2:discovery,A2,discovery,NGSL_1_2_CORE,discovery,2292,EXACT_HEADWORD_FORM_ONLY,SOURCE_LEMMA_ONLY_NOT_SENSE_OR_POS,UNREVIEWED_NOT_SEMANTICALLY_APPROVED,NOT_CLEARED,true
lex:A2:discussion,A2,discussion,NGSL_1_2_CORE,discussion,764,EXACT_HEADWORD_FORM_ONLY,SOURCE_LEMMA_ONLY_NOT_SENSE_OR_POS,UNREVIEWED_NOT_SEMANTICALLY_APPROVED,NOT_CLEARED,true
lex:A2:disease,A2,disease,NGSL_1_2_CORE,disease,906,EXACT_HEADWORD_FORM_ONLY,SOURCE_LEMMA_ONLY_NOT_SENSE_OR_POS,UNREVIEWED_NOT_SEMANTICALLY_APPROVED,NOT_CLEARED,true
lex:A2:distance,A2,distance,NGSL_1_2_CORE,distance,1145,EXACT_HEADWORD_FORM_ONLY,SOURCE_LEMMA_ONLY_NOT_SENSE_OR_POS,UNREVIEWED_NOT_SEMANTICALLY_APPROVED,NOT_CLEARED,true
lex:A2:divorced,A2,divorced,NO_DIRECT_SOURCE_LEMMA,,,NO_DIRECT_MATCH,SOURCE_LEMMA_ONLY_NOT_SENSE_OR_POS,UNREVIEWED_NOT_SEMANTICALLY_APPROVED,NOT_CLEARED,true
lex:A2:document,A2,document,NGSL_1_2_CORE,document,882,EXACT_HEADWORD_FORM_ONLY,SOURCE_LEMMA_ONLY_NOT_SENSE_OR_POS,UNREVIEWED_NOT_SEMANTICALLY_APPROVED,NOT_CLEARED,true
lex:A2:double,A2,double,NGSL_1_2_CORE,double,1096,EXACT_HEADWORD_FORM_ONLY,SOURCE_LEMMA_ONLY_NOT_SENSE_OR_POS,UNREVIEWED_NOT_SEMANTICALLY_APPROVED,NOT_CLEARED,true
lex:A2:download,A2,download,NGSL_SFI_31K_EXTENSION,download,4466,EXACT_HEADWORD_FORM_ONLY,SOURCE_LEMMA_ONLY_NOT_SENSE_OR_POS,UNREVIEWED_NOT_SEMANTICALLY_APPROVED,NOT_CLEARED,true
lex:A2:downstairs,A2,downstairs,NGSL_SFI_31K_EXTENSION,downstairs,3878,EXACT_HEADWORD_FORM_ONLY,SOURCE_LEMMA_ONLY_NOT_SENSE_OR_POS,UNREVIEWED_NOT_SEMANTICALLY_APPROVED,NOT_CLEARED,true
lex:A2:drama,A2,drama,NGSL_1_2_CORE,drama,1991,EXACT_HEADWORD_FORM_ONLY,SOURCE_LEMMA_ONLY_NOT_SENSE_OR_POS,UNREVIEWED_NOT_SEMANTICALLY_APPROVED,NOT_CLEARED,true
lex:A2:drawing,A2,drawing,NO_DIRECT_SOURCE_LEMMA,,,NO_DIRECT_MATCH,SOURCE_LEMMA_ONLY_NOT_SENSE_OR_POS,UNREVIEWED_NOT_SEMANTICALLY_APPROVED,NOT_CLEARED,true
lex:A2:dream,A2,dream,NGSL_1_2_CORE,dream,966,EXACT_HEADWORD_FORM_ONLY,SOURCE_LEMMA_ONLY_NOT_SENSE_OR_POS,UNREVIEWED_NOT_SEMANTICALLY_APPROVED,NOT_CLEARED,true
lex:A2:drive,A2,drive,NGSL_1_2_CORE,drive,387,EXACT_HEADWORD_FORM_ONLY,SOURCE_LEMMA_ONLY_NOT_SENSE_OR_POS,UNREVIEWED_NOT_SEMANTICALLY_APPROVED,NOT_CLEARED,true
lex:A2:driving,A2,driving,NO_DIRECT_SOURCE_LEMMA,,,NO_DIRECT_MATCH,SOURCE_LEMMA_ONLY_NOT_SENSE_OR_POS,UNREVIEWED_NOT_SEMANTICALLY_APPROVED,NOT_CLEARED,true
lex:A2:drop,A2,drop,NGSL_1_2_CORE,drop,640,EXACT_HEADWORD_FORM_ONLY,SOURCE_LEMMA_ONLY_NOT_SENSE_OR_POS,UNREVIEWED_NOT_SEMANTICALLY_APPROVED,NOT_CLEARED,true
lex:A2:drug,A2,drug,NGSL_1_2_CORE,drug,721,EXACT_HEADWORD_FORM_ONLY,SOURCE_LEMMA_ONLY_NOT_SENSE_OR_POS,UNREVIEWED_NOT_SEMANTICALLY_APPROVED,NOT_CLEARED,true
lex:A2:dry,A2,dry,NGSL_1_2_CORE,dry,1135,EXACT_HEADWORD_FORM_ONLY,SOURCE_LEMMA_ONLY_NOT_SENSE_OR_POS,UNREVIEWED_NOT_SEMANTICALLY_APPROVED,NOT_CLEARED,true
lex:A2:earn,A2,earn,NGSL_1_2_CORE,earn,926,EXACT_HEADWORD_FORM_ONLY,SOURCE_LEMMA_ONLY_NOT_SENSE_OR_POS,UNREVIEWED_NOT_SEMANTICALLY_APPROVED,NOT_CLEARED,true
lex:A2:earth,A2,earth,NGSL_1_2_CORE,earth,1288,EXACT_HEADWORD_FORM_ONLY,SOURCE_LEMMA_ONLY_NOT_SENSE_OR_POS,UNREVIEWED_NOT_SEMANTICALLY_APPROVED,NOT_CLEARED,true
lex:A2:easily,A2,easily,NGSL_1_2_CORE,easily,969,EXACT_HEADWORD_FORM_ONLY,SOURCE_LEMMA_ONLY_NOT_SENSE_OR_POS,UNREVIEWED_NOT_SEMANTICALLY_APPROVED,NOT_CLEARED,true
lex:A2:education,A2,education,NGSL_1_2_CORE,education,531,EXACT_HEADWORD_FORM_ONLY,SOURCE_LEMMA_ONLY_NOT_SENSE_OR_POS,UNREVIEWED_NOT_SEMANTICALLY_APPROVED,NOT_CLEARED,true
lex:A2:effect,A2,effect,NGSL_1_2_CORE,effect,315,EXACT_HEADWORD_FORM_ONLY,SOURCE_LEMMA_ONLY_NOT_SENSE_OR_POS,UNREVIEWED_NOT_SEMANTICALLY_APPROVED,NOT_CLEARED,true
lex:A2:either,A2,either,NGSL_1_2_CORE,either,371,EXACT_HEADWORD_FORM_ONLY,SOURCE_LEMMA_ONLY_NOT_SENSE_OR_POS,UNREVIEWED_NOT_SEMANTICALLY_APPROVED,NOT_CLEARED,true
lex:A2:electric,A2,electric,NGSL_1_2_CORE,electric,2420,EXACT_HEADWORD_FORM_ONLY,SOURCE_LEMMA_ONLY_NOT_SENSE_OR_POS,UNREVIEWED_NOT_SEMANTICALLY_APPROVED,NOT_CLEARED,true
lex:A2:electrical,A2,electrical,NGSL_SFI_31K_EXTENSION,electrical,3007,EXACT_HEADWORD_FORM_ONLY,SOURCE_LEMMA_ONLY_NOT_SENSE_OR_POS,UNREVIEWED_NOT_SEMANTICALLY_APPROVED,NOT_CLEARED,true
lex:A2:electricity,A2,electricity,NGSL_1_2_CORE,electricity,2014,EXACT_HEADWORD_FORM_ONLY,SOURCE_LEMMA_ONLY_NOT_SENSE_OR_POS,UNREVIEWED_NOT_SEMANTICALLY_APPROVED,NOT_CLEARED,true
lex:A2:electronic,A2,electronic,NGSL_1_2_CORE,electronic,1722,EXACT_HEADWORD_FORM_ONLY,SOURCE_LEMMA_ONLY_NOT_SENSE_OR_POS,UNREVIEWED_NOT_SEMANTICALLY_APPROVED,NOT_CLEARED,true
lex:A2:employ,A2,employ,NGSL_1_2_CORE,employ,1294,EXACT_HEADWORD_FORM_ONLY,SOURCE_LEMMA_ONLY_NOT_SENSE_OR_POS,UNREVIEWED_NOT_SEMANTICALLY_APPROVED,NOT_CLEARED,true
lex:A2:employee,A2,employee,NGSL_1_2_CORE,employee,624,EXACT_HEADWORD_FORM_ONLY,SOURCE_LEMMA_ONLY_NOT_SENSE_OR_POS,UNREVIEWED_NOT_SEMANTICALLY_APPROVED,NOT_CLEARED,true
lex:A2:employer,A2,employer,NGSL_1_2_CORE,employer,1702,EXACT_HEADWORD_FORM_ONLY,SOURCE_LEMMA_ONLY_NOT_SENSE_OR_POS,UNREVIEWED_NOT_SEMANTICALLY_APPROVED,NOT_CLEARED,true
lex:A2:empty,A2,empty,NGSL_1_2_CORE,empty,1592,EXACT_HEADWORD_FORM_ONLY,SOURCE_LEMMA_ONLY_NOT_SENSE_OR_POS,UNREVIEWED_NOT_SEMANTICALLY_APPROVED,NOT_CLEARED,true
lex:A2:ending,A2,ending,NO_DIRECT_SOURCE_LEMMA,,,NO_DIRECT_MATCH,SOURCE_LEMMA_ONLY_NOT_SENSE_OR_POS,UNREVIEWED_NOT_SEMANTICALLY_APPROVED,NOT_CLEARED,true
lex:A2:energy,A2,energy,NGSL_1_2_CORE,energy,831,EXACT_HEADWORD_FORM_ONLY,SOURCE_LEMMA_ONLY_NOT_SENSE_OR_POS,UNREVIEWED_NOT_SEMANTICALLY_APPROVED,NOT_CLEARED,true
lex:A2:engine,A2,engine,NGSL_1_2_CORE,engine,1617,EXACT_HEADWORD_FORM_ONLY,SOURCE_LEMMA_ONLY_NOT_SENSE_OR_POS,UNREVIEWED_NOT_SEMANTICALLY_APPROVED,NOT_CLEARED,true
lex:A2:engineer,A2,engineer,NGSL_1_2_CORE,engineer,1312,EXACT_HEADWORD_FORM_ONLY,SOURCE_LEMMA_ONLY_NOT_SENSE_OR_POS,UNREVIEWED_NOT_SEMANTICALLY_APPROVED,NOT_CLEARED,true
lex:A2:enormous,A2,enormous,NGSL_1_2_CORE,enormous,1780,EXACT_HEADWORD_FORM_ONLY,SOURCE_LEMMA_ONLY_NOT_SENSE_OR_POS,UNREVIEWED_NOT_SEMANTICALLY_APPROVED,NOT_CLEARED,true
lex:A2:enter,A2,enter,NGSL_1_2_CORE,enter,717,EXACT_HEADWORD_FORM_ONLY,SOURCE_LEMMA_ONLY_NOT_SENSE_OR_POS,UNREVIEWED_NOT_SEMANTICALLY_APPROVED,NOT_CLEARED,true
lex:A2:environment,A2,environment,NGSL_1_2_CORE,environment,712,EXACT_HEADWORD_FORM_ONLY,SOURCE_LEMMA_ONLY_NOT_SENSE_OR_POS,UNREVIEWED_NOT_SEMANTICALLY_APPROVED,NOT_CLEARED,true
lex:A2:equipment,A2,equipment,NGSL_1_2_CORE,equipment,1055,EXACT_HEADWORD_FORM_ONLY,SOURCE_LEMMA_ONLY_NOT_SENSE_OR_POS,UNREVIEWED_NOT_SEMANTICALLY_APPROVED,NOT_CLEARED,true
lex:A2:error,A2,error,NGSL_1_2_CORE,error,1497,EXACT_HEADWORD_FORM_ONLY,SOURCE_LEMMA_ONLY_NOT_SENSE_OR_POS,UNREVIEWED_NOT_SEMANTICALLY_APPROVED,NOT_CLEARED,true
lex:A2:especially,A2,especially,NGSL_1_2_CORE,especially,460,EXACT_HEADWORD_FORM_ONLY,SOURCE_LEMMA_ONLY_NOT_SENSE_OR_POS,UNREVIEWED_NOT_SEMANTICALLY_APPROVED,NOT_CLEARED,true
lex:A2:essay,A2,essay,NGSL_1_2_CORE,essay,2161,EXACT_HEADWORD_FORM_ONLY,SOURCE_LEMMA_ONLY_NOT_SENSE_OR_POS,UNREVIEWED_NOT_SEMANTICALLY_APPROVED,NOT_CLEARED,true
lex:A2:everyday,A2,everyday,NGSL_1_2_CORE,everyday,2158,EXACT_HEADWORD_FORM_ONLY,SOURCE_LEMMA_ONLY_NOT_SENSE_OR_POS,UNREVIEWED_NOT_SEMANTICALLY_APPROVED,NOT_CLEARED,true
lex:A2:everywhere,A2,everywhere,NGSL_1_2_CORE,everywhere,1744,EXACT_HEADWORD_FORM_ONLY,SOURCE_LEMMA_ONLY_NOT_SENSE_OR_POS,UNREVIEWED_NOT_SEMANTICALLY_APPROVED,NOT_CLEARED,true
lex:A2:evidence,A2,evidence,NGSL_1_2_CORE,evidence,592,EXACT_HEADWORD_FORM_ONLY,SOURCE_LEMMA_ONLY_NOT_SENSE_OR_POS,UNREVIEWED_NOT_SEMANTICALLY_APPROVED,NOT_CLEARED,true
lex:A2:exact,A2,exact,NGSL_1_2_CORE,exact,2327,EXACT_HEADWORD_FORM_ONLY,SOURCE_LEMMA_ONLY_NOT_SENSE_OR_POS,UNREVIEWED_NOT_SEMANTICALLY_APPROVED,NOT_CLEARED,true
lex:A2:exactly,A2,exactly,NGSL_1_2_CORE,exactly,670,EXACT_HEADWORD_FORM_ONLY,SOURCE_LEMMA_ONLY_NOT_SENSE_OR_POS,UNREVIEWED_NOT_SEMANTICALLY_APPROVED,NOT_CLEARED,true
lex:A2:excellent,A2,excellent,NGSL_1_2_CORE,excellent,1163,EXACT_HEADWORD_FORM_ONLY,SOURCE_LEMMA_ONLY_NOT_SENSE_OR_POS,UNREVIEWED_NOT_SEMANTICALLY_APPROVED,NOT_CLEARED,true
lex:A2:except,A2,except,NGSL_1_2_CORE,except,841,EXACT_HEADWORD_FORM_ONLY,SOURCE_LEMMA_ONLY_NOT_SENSE_OR_POS,UNREVIEWED_NOT_SEMANTICALLY_APPROVED,NOT_CLEARED,true
lex:A2:exist,A2,exist,NGSL_1_2_CORE,exist,593,EXACT_HEADWORD_FORM_ONLY,SOURCE_LEMMA_ONLY_NOT_SENSE_OR_POS,UNREVIEWED_NOT_SEMANTICALLY_APPROVED,NOT_CLEARED,true
lex:A2:expect,A2,expect,NGSL_1_2_CORE,expect,314,EXACT_HEADWORD_FORM_ONLY,SOURCE_LEMMA_ONLY_NOT_SENSE_OR_POS,UNREVIEWED_NOT_SEMANTICALLY_APPROVED,NOT_CLEARED,true
lex:A2:experience,A2,experience,NGSL_1_2_CORE,experience,264,EXACT_HEADWORD_FORM_ONLY,SOURCE_LEMMA_ONLY_NOT_SENSE_OR_POS,UNREVIEWED_NOT_SEMANTICALLY_APPROVED,NOT_CLEARED,true
lex:A2:experiment,A2,experiment,NGSL_1_2_CORE,experiment,1343,EXACT_HEADWORD_FORM_ONLY,SOURCE_LEMMA_ONLY_NOT_SENSE_OR_POS,UNREVIEWED_NOT_SEMANTICALLY_APPROVED,NOT_CLEARED,true
lex:A2:expert,A2,expert,NGSL_1_2_CORE,expert,1157,EXACT_HEADWORD_FORM_ONLY,SOURCE_LEMMA_ONLY_NOT_SENSE_OR_POS,UNREVIEWED_NOT_SEMANTICALLY_APPROVED,NOT_CLEARED,true
lex:A2:explanation,A2,explanation,NGSL_1_2_CORE,explanation,1628,EXACT_HEADWORD_FORM_ONLY,SOURCE_LEMMA_ONLY_NOT_SENSE_OR_POS,UNREVIEWED_NOT_SEMANTICALLY_APPROVED,NOT_CLEARED,true
lex:A2:express,A2,express,NGSL_1_2_CORE,express,818,EXACT_HEADWORD_FORM_ONLY,SOURCE_LEMMA_ONLY_NOT_SENSE_OR_POS,UNREVIEWED_NOT_SEMANTICALLY_APPROVED,NOT_CLEARED,true
lex:A2:expression,A2,expression,NGSL_1_2_CORE,expression,1255,EXACT_HEADWORD_FORM_ONLY,SOURCE_LEMMA_ONLY_NOT_SENSE_OR_POS,UNREVIEWED_NOT_SEMANTICALLY_APPROVED,NOT_CLEARED,true
lex:A2:extreme,A2,extreme,NGSL_1_2_CORE,extreme,1857,EXACT_HEADWORD_FORM_ONLY,SOURCE_LEMMA_ONLY_NOT_SENSE_OR_POS,UNREVIEWED_NOT_SEMANTICALLY_APPROVED,NOT_CLEARED,true
lex:A2:extremely,A2,extremely,NGSL_1_2_CORE,extremely,1257,EXACT_HEADWORD_FORM_ONLY,SOURCE_LEMMA_ONLY_NOT_SENSE_OR_POS,UNREVIEWED_NOT_SEMANTICALLY_APPROVED,NOT_CLEARED,true
lex:A2:factor,A2,factor,NGSL_1_2_CORE,factor,636,EXACT_HEADWORD_FORM_ONLY,SOURCE_LEMMA_ONLY_NOT_SENSE_OR_POS,UNREVIEWED_NOT_SEMANTICALLY_APPROVED,NOT_CLEARED,true
lex:A2:factory,A2,factory,NGSL_1_2_CORE,factory,1530,EXACT_HEADWORD_FORM_ONLY,SOURCE_LEMMA_ONLY_NOT_SENSE_OR_POS,UNREVIEWED_NOT_SEMANTICALLY_APPROVED,NOT_CLEARED,true
lex:A2:fail,A2,fail,NGSL_1_2_CORE,fail,711,EXACT_HEADWORD_FORM_ONLY,SOURCE_LEMMA_ONLY_NOT_SENSE_OR_POS,UNREVIEWED_NOT_SEMANTICALLY_APPROVED,NOT_CLEARED,true
lex:A2:fair,A2,fair,NGSL_1_2_CORE,fair,1080,EXACT_HEADWORD_FORM_ONLY,SOURCE_LEMMA_ONLY_NOT_SENSE_OR_POS,UNREVIEWED_NOT_SEMANTICALLY_APPROVED,NOT_CLEARED,true
lex:A2:fall,A2,fall,NGSL_1_2_CORE,fall,320,EXACT_HEADWORD_FORM_ONLY,SOURCE_LEMMA_ONLY_NOT_SENSE_OR_POS,UNREVIEWED_NOT_SEMANTICALLY_APPROVED,NOT_CLEARED,true
lex:A2:fan,A2,fan,NGSL_1_2_CORE,fan,1306,EXACT_HEADWORD_FORM_ONLY,SOURCE_LEMMA_ONLY_NOT_SENSE_OR_POS,UNREVIEWED_NOT_SEMANTICALLY_APPROVED,NOT_CLEARED,true
lex:A2:farm,A2,farm,NGSL_1_2_CORE,farm,1083,EXACT_HEADWORD_FORM_ONLY,SOURCE_LEMMA_ONLY_NOT_SENSE_OR_POS,UNREVIEWED_NOT_SEMANTICALLY_APPROVED,NOT_CLEARED,true
lex:A2:farming,A2,farming,NO_DIRECT_SOURCE_LEMMA,,,NO_DIRECT_MATCH,SOURCE_LEMMA_ONLY_NOT_SENSE_OR_POS,UNREVIEWED_NOT_SEMANTICALLY_APPROVED,NOT_CLEARED,true
lex:A2:fashion,A2,fashion,NGSL_1_2_CORE,fashion,1415,EXACT_HEADWORD_FORM_ONLY,SOURCE_LEMMA_ONLY_NOT_SENSE_OR_POS,UNREVIEWED_NOT_SEMANTICALLY_APPROVED,NOT_CLEARED,true
lex:A2:fat,A2,fat,NGSL_1_2_CORE,fat,1654,EXACT_HEADWORD_FORM_ONLY,SOURCE_LEMMA_ONLY_NOT_SENSE_OR_POS,UNREVIEWED_NOT_SEMANTICALLY_APPROVED,NOT_CLEARED,true
lex:A2:fear,A2,fear,NGSL_1_2_CORE,fear,793,EXACT_HEADWORD_FORM_ONLY,SOURCE_LEMMA_ONLY_NOT_SENSE_OR_POS,UNREVIEWED_NOT_SEMANTICALLY_APPROVED,NOT_CLEARED,true
lex:A2:feature,A2,feature,NGSL_1_2_CORE,feature,635,EXACT_HEADWORD_FORM_ONLY,SOURCE_LEMMA_ONLY_NOT_SENSE_OR_POS,UNREVIEWED_NOT_SEMANTICALLY_APPROVED,NOT_CLEARED,true
lex:A2:feed,A2,feed,NGSL_1_2_CORE,feed,1149,EXACT_HEADWORD_FORM_ONLY,SOURCE_LEMMA_ONLY_NOT_SENSE_OR_POS,UNREVIEWED_NOT_SEMANTICALLY_APPROVED,NOT_CLEARED,true
lex:A2:female,A2,female,NGSL_1_2_CORE,female,961,EXACT_HEADWORD_FORM_ONLY,SOURCE_LEMMA_ONLY_NOT_SENSE_OR_POS,UNREVIEWED_NOT_SEMANTICALLY_APPROVED,NOT_CLEARED,true
lex:A2:fiction,A2,fiction,NGSL_1_2_CORE,fiction,2679,EXACT_HEADWORD_FORM_ONLY,SOURCE_LEMMA_ONLY_NOT_SENSE_OR_POS,UNREVIEWED_NOT_SEMANTICALLY_APPROVED,NOT_CLEARED,true
lex:A2:field,A2,field,NGSL_1_2_CORE,field,540,EXACT_HEADWORD_FORM_ONLY,SOURCE_LEMMA_ONLY_NOT_SENSE_OR_POS,UNREVIEWED_NOT_SEMANTICALLY_APPROVED,NOT_CLEARED,true
lex:A2:fight,A2,fight,NGSL_1_2_CORE,fight,595,EXACT_HEADWORD_FORM_ONLY,SOURCE_LEMMA_ONLY_NOT_SENSE_OR_POS,UNREVIEWED_NOT_SEMANTICALLY_APPROVED,NOT_CLEARED,true
lex:A2:figure,A2,figure,NGSL_1_2_CORE,figure,357,EXACT_HEADWORD_FORM_ONLY,SOURCE_LEMMA_ONLY_NOT_SENSE_OR_POS,UNREVIEWED_NOT_SEMANTICALLY_APPROVED,NOT_CLEARED,true
lex:A2:film,A2,film,NGSL_1_2_CORE,film,433,EXACT_HEADWORD_FORM_ONLY,SOURCE_LEMMA_ONLY_NOT_SENSE_OR_POS,UNREVIEWED_NOT_SEMANTICALLY_APPROVED,NOT_CLEARED,true
lex:A2:final,A2,final,NGSL_1_2_CORE,final,698,EXACT_HEADWORD_FORM_ONLY,SOURCE_LEMMA_ONLY_NOT_SENSE_OR_POS,UNREVIEWED_NOT_SEMANTICALLY_APPROVED,NOT_CLEARED,true
lex:A2:finally,A2,finally,NGSL_1_2_CORE,finally,499,EXACT_HEADWORD_FORM_ONLY,SOURCE_LEMMA_ONLY_NOT_SENSE_OR_POS,UNREVIEWED_NOT_SEMANTICALLY_APPROVED,NOT_CLEARED,true
lex:A2:finger,A2,finger,NGSL_1_2_CORE,finger,1503,EXACT_HEADWORD_FORM_ONLY,SOURCE_LEMMA_ONLY_NOT_SENSE_OR_POS,UNREVIEWED_NOT_SEMANTICALLY_APPROVED,NOT_CLEARED,true
lex:A2:finish,A2,finish,NGSL_1_2_CORE,finish,609,EXACT_HEADWORD_FORM_ONLY,SOURCE_LEMMA_ONLY_NOT_SENSE_OR_POS,UNREVIEWED_NOT_SEMANTICALLY_APPROVED,NOT_CLEARED,true
lex:A2:first,A2,first,NGSL_1_2_CORE,first,78,EXACT_HEADWORD_FORM_ONLY,SOURCE_LEMMA_ONLY_NOT_SENSE_OR_POS,UNREVIEWED_NOT_SEMANTICALLY_APPROVED,NOT_CLEARED,true
lex:A2:firstly,A2,firstly,NGSL_1_2_CORE,firstly,2665,EXACT_HEADWORD_FORM_ONLY,SOURCE_LEMMA_ONLY_NOT_SENSE_OR_POS,UNREVIEWED_NOT_SEMANTICALLY_APPROVED,NOT_CLEARED,true
lex:A2:fish,A2,fish,NGSL_1_2_CORE,fish,828,EXACT_HEADWORD_FORM_ONLY,SOURCE_LEMMA_ONLY_NOT_SENSE_OR_POS,UNREVIEWED_NOT_SEMANTICALLY_APPROVED,NOT_CLEARED,true
lex:A2:fishing,A2,fishing,NO_DIRECT_SOURCE_LEMMA,,,NO_DIRECT_MATCH,SOURCE_LEMMA_ONLY_NOT_SENSE_OR_POS,UNREVIEWED_NOT_SEMANTICALLY_APPROVED,NOT_CLEARED,true
lex:A2:fit,A2,fit,NGSL_1_2_CORE,fit,700,EXACT_HEADWORD_FORM_ONLY,SOURCE_LEMMA_ONLY_NOT_SENSE_OR_POS,UNREVIEWED_NOT_SEMANTICALLY_APPROVED,NOT_CLEARED,true
lex:A2:fix,A2,fix,NGSL_1_2_CORE,fix,973,EXACT_HEADWORD_FORM_ONLY,SOURCE_LEMMA_ONLY_NOT_SENSE_OR_POS,UNREVIEWED_NOT_SEMANTICALLY_APPROVED,NOT_CLEARED,true
lex:A2:flat,A2,flat,NGSL_1_2_CORE,flat,1077,EXACT_HEADWORD_FORM_ONLY,SOURCE_LEMMA_ONLY_NOT_SENSE_OR_POS,UNREVIEWED_NOT_SEMANTICALLY_APPROVED,NOT_CLEARED,true
lex:A2:flu,A2,flu,NGSL_SFI_31K_EXTENSION,flu,4444,EXACT_HEADWORD_FORM_ONLY,SOURCE_LEMMA_ONLY_NOT_SENSE_OR_POS,UNREVIEWED_NOT_SEMANTICALLY_APPROVED,NOT_CLEARED,true
lex:A2:fly,A2,fly,NGSL_1_2_CORE,fly,881,EXACT_HEADWORD_FORM_ONLY,SOURCE_LEMMA_ONLY_NOT_SENSE_OR_POS,UNREVIEWED_NOT_SEMANTICALLY_APPROVED,NOT_CLEARED,true
lex:A2:flying,A2,flying,NO_DIRECT_SOURCE_LEMMA,,,NO_DIRECT_MATCH,SOURCE_LEMMA_ONLY_NOT_SENSE_OR_POS,UNREVIEWED_NOT_SEMANTICALLY_APPROVED,NOT_CLEARED,true
lex:A2:focus,A2,focus,NGSL_1_2_CORE,focus,550,EXACT_HEADWORD_FORM_ONLY,SOURCE_LEMMA_ONLY_NOT_SENSE_OR_POS,UNREVIEWED_NOT_SEMANTICALLY_APPROVED,NOT_CLEARED,true
lex:A2:following,A2,following,NO_DIRECT_SOURCE_LEMMA,,,NO_DIRECT_MATCH,SOURCE_LEMMA_ONLY_NOT_SENSE_OR_POS,UNREVIEWED_NOT_SEMANTICALLY_APPROVED,NOT_CLEARED,true
lex:A2:foreign,A2,foreign,NGSL_1_2_CORE,foreign,633,EXACT_HEADWORD_FORM_ONLY,SOURCE_LEMMA_ONLY_NOT_SENSE_OR_POS,UNREVIEWED_NOT_SEMANTICALLY_APPROVED,NOT_CLEARED,true
lex:A2:forest,A2,forest,NGSL_1_2_CORE,forest,1527,EXACT_HEADWORD_FORM_ONLY,SOURCE_LEMMA_ONLY_NOT_SENSE_OR_POS,UNREVIEWED_NOT_SEMANTICALLY_APPROVED,NOT_CLEARED,true
lex:A2:fork,A2,fork,NGSL_SFI_31K_EXTENSION,fork,4138,EXACT_HEADWORD_FORM_ONLY,SOURCE_LEMMA_ONLY_NOT_SENSE_OR_POS,UNREVIEWED_NOT_SEMANTICALLY_APPROVED,NOT_CLEARED,true
lex:A2:formal,A2,formal,NGSL_1_2_CORE,formal,1700,EXACT_HEADWORD_FORM_ONLY,SOURCE_LEMMA_ONLY_NOT_SENSE_OR_POS,UNREVIEWED_NOT_SEMANTICALLY_APPROVED,NOT_CLEARED,true
lex:A2:fortunately,A2,fortunately,NGSL_SFI_31K_EXTENSION,fortunately,3028,EXACT_HEADWORD_FORM_ONLY,SOURCE_LEMMA_ONLY_NOT_SENSE_OR_POS,UNREVIEWED_NOT_SEMANTICALLY_APPROVED,NOT_CLEARED,true
lex:A2:forward,A2,forward,NGSL_1_2_CORE,forward,452,EXACT_HEADWORD_FORM_ONLY,SOURCE_LEMMA_ONLY_NOT_SENSE_OR_POS,UNREVIEWED_NOT_SEMANTICALLY_APPROVED,NOT_CLEARED,true
lex:A2:free,A2,free,NGSL_1_2_CORE,free,395,EXACT_HEADWORD_FORM_ONLY,SOURCE_LEMMA_ONLY_NOT_SENSE_OR_POS,UNREVIEWED_NOT_SEMANTICALLY_APPROVED,NOT_CLEARED,true
lex:A2:fresh,A2,fresh,NGSL_1_2_CORE,fresh,1309,EXACT_HEADWORD_FORM_ONLY,SOURCE_LEMMA_ONLY_NOT_SENSE_OR_POS,UNREVIEWED_NOT_SEMANTICALLY_APPROVED,NOT_CLEARED,true
lex:A2:fridge,A2,fridge,NGSL_SFI_31K_EXTENSION,fridge,4340,EXACT_HEADWORD_FORM_ONLY,SOURCE_LEMMA_ONLY_NOT_SENSE_OR_POS,UNREVIEWED_NOT_SEMANTICALLY_APPROVED,NOT_CLEARED,true
lex:A2:frog,A2,frog,NGSL_SFI_31K_EXTENSION,frog,5129,EXACT_HEADWORD_FORM_ONLY,SOURCE_LEMMA_ONLY_NOT_SENSE_OR_POS,UNREVIEWED_NOT_SEMANTICALLY_APPROVED,NOT_CLEARED,true
lex:A2:fun,A2,fun,NGSL_1_2_CORE,fun,902,EXACT_HEADWORD_FORM_ONLY,SOURCE_LEMMA_ONLY_NOT_SENSE_OR_POS,UNREVIEWED_NOT_SEMANTICALLY_APPROVED,NOT_CLEARED,true
lex:A2:furniture,A2,furniture,NGSL_1_2_CORE,furniture,2166,EXACT_HEADWORD_FORM_ONLY,SOURCE_LEMMA_ONLY_NOT_SENSE_OR_POS,UNREVIEWED_NOT_SEMANTICALLY_APPROVED,NOT_CLEARED,true
lex:A2:further,A2,further,NGSL_1_2_CORE,further,400,EXACT_HEADWORD_FORM_ONLY,SOURCE_LEMMA_ONLY_NOT_SENSE_OR_POS,UNREVIEWED_NOT_SEMANTICALLY_APPROVED,NOT_CLEARED,true
lex:A2:future,A2,future,NGSL_1_2_CORE,future,370,EXACT_HEADWORD_FORM_ONLY,SOURCE_LEMMA_ONLY_NOT_SENSE_OR_POS,UNREVIEWED_NOT_SEMANTICALLY_APPROVED,NOT_CLEARED,true
lex:A2:gallery,A2,gallery,NGSL_1_2_CORE,gallery,2465,EXACT_HEADWORD_FORM_ONLY,SOURCE_LEMMA_ONLY_NOT_SENSE_OR_POS,UNREVIEWED_NOT_SEMANTICALLY_APPROVED,NOT_CLEARED,true
lex:A2:gap,A2,gap,NGSL_1_2_CORE,gap,1767,EXACT_HEADWORD_FORM_ONLY,SOURCE_LEMMA_ONLY_NOT_SENSE_OR_POS,UNREVIEWED_NOT_SEMANTICALLY_APPROVED,NOT_CLEARED,true
lex:A2:gas,A2,gas,NGSL_1_2_CORE,gas,1189,EXACT_HEADWORD_FORM_ONLY,SOURCE_LEMMA_ONLY_NOT_SENSE_OR_POS,UNREVIEWED_NOT_SEMANTICALLY_APPROVED,NOT_CLEARED,true
lex:A2:gate,A2,gate,NGSL_1_2_CORE,gate,2060,EXACT_HEADWORD_FORM_ONLY,SOURCE_LEMMA_ONLY_NOT_SENSE_OR_POS,UNREVIEWED_NOT_SEMANTICALLY_APPROVED,NOT_CLEARED,true
lex:A2:general,A2,general,NGSL_1_2_CORE,general,404,EXACT_HEADWORD_FORM_ONLY,SOURCE_LEMMA_ONLY_NOT_SENSE_OR_POS,UNREVIEWED_NOT_SEMANTICALLY_APPROVED,NOT_CLEARED,true
lex:A2:gift,A2,gift,NGSL_1_2_CORE,gift,1427,EXACT_HEADWORD_FORM_ONLY,SOURCE_LEMMA_ONLY_NOT_SENSE_OR_POS,UNREVIEWED_NOT_SEMANTICALLY_APPROVED,NOT_CLEARED,true
lex:A2:goal,A2,goal,NGSL_1_2_CORE,goal,856,EXACT_HEADWORD_FORM_ONLY,SOURCE_LEMMA_ONLY_NOT_SENSE_OR_POS,UNREVIEWED_NOT_SEMANTICALLY_APPROVED,NOT_CLEARED,true
lex:A2:god,A2,god,NGSL_1_2_CORE,god,2228,EXACT_HEADWORD_FORM_ONLY,SOURCE_LEMMA_ONLY_NOT_SENSE_OR_POS,UNREVIEWED_NOT_SEMANTICALLY_APPROVED,NOT_CLEARED,true
lex:A2:gold,A2,gold,NGSL_1_2_CORE,gold,1453,EXACT_HEADWORD_FORM_ONLY,SOURCE_LEMMA_ONLY_NOT_SENSE_OR_POS,UNREVIEWED_NOT_SEMANTICALLY_APPROVED,NOT_CLEARED,true
lex:A2:golf,A2,golf,NGSL_1_2_CORE,golf,2478,EXACT_HEADWORD_FORM_ONLY,SOURCE_LEMMA_ONLY_NOT_SENSE_OR_POS,UNREVIEWED_NOT_SEMANTICALLY_APPROVED,NOT_CLEARED,true
lex:A2:good,A2,good,NGSL_1_2_CORE,good,56,EXACT_HEADWORD_FORM_ONLY,SOURCE_LEMMA_ONLY_NOT_SENSE_OR_POS,UNREVIEWED_NOT_SEMANTICALLY_APPROVED,NOT_CLEARED,true
lex:A2:government,A2,government,NGSL_1_2_CORE,government,216,EXACT_HEADWORD_FORM_ONLY,SOURCE_LEMMA_ONLY_NOT_SENSE_OR_POS,UNREVIEWED_NOT_SEMANTICALLY_APPROVED,NOT_CLEARED,true
lex:A2:grass,A2,grass,NGSL_1_2_CORE,grass,2193,EXACT_HEADWORD_FORM_ONLY,SOURCE_LEMMA_ONLY_NOT_SENSE_OR_POS,UNREVIEWED_NOT_SEMANTICALLY_APPROVED,NOT_CLEARED,true
lex:A2:greet,A2,greet,NGSL_1_2_CORE,greet,2614,EXACT_HEADWORD_FORM_ONLY,SOURCE_LEMMA_ONLY_NOT_SENSE_OR_POS,UNREVIEWED_NOT_SEMANTICALLY_APPROVED,NOT_CLEARED,true
lex:A2:ground,A2,ground,NGSL_1_2_CORE,ground,586,EXACT_HEADWORD_FORM_ONLY,SOURCE_LEMMA_ONLY_NOT_SENSE_OR_POS,UNREVIEWED_NOT_SEMANTICALLY_APPROVED,NOT_CLEARED,true
lex:A2:guest,A2,guest,NGSL_1_2_CORE,guest,1430,EXACT_HEADWORD_FORM_ONLY,SOURCE_LEMMA_ONLY_NOT_SENSE_OR_POS,UNREVIEWED_NOT_SEMANTICALLY_APPROVED,NOT_CLEARED,true
lex:A2:guide,A2,guide,NGSL_1_2_CORE,guide,1146,EXACT_HEADWORD_FORM_ONLY,SOURCE_LEMMA_ONLY_NOT_SENSE_OR_POS,UNREVIEWED_NOT_SEMANTICALLY_APPROVED,NOT_CLEARED,true
lex:A2:gun,A2,gun,NGSL_1_2_CORE,gun,1442,EXACT_HEADWORD_FORM_ONLY,SOURCE_LEMMA_ONLY_NOT_SENSE_OR_POS,UNREVIEWED_NOT_SEMANTICALLY_APPROVED,NOT_CLEARED,true
lex:A2:guy,A2,guy,NGSL_1_2_CORE,guy,701,EXACT_HEADWORD_FORM_ONLY,SOURCE_LEMMA_ONLY_NOT_SENSE_OR_POS,UNREVIEWED_NOT_SEMANTICALLY_APPROVED,NOT_CLEARED,true
lex:A2:habit,A2,habit,NGSL_1_2_CORE,habit,1828,EXACT_HEADWORD_FORM_ONLY,SOURCE_LEMMA_ONLY_NOT_SENSE_OR_POS,UNREVIEWED_NOT_SEMANTICALLY_APPROVED,NOT_CLEARED,true
lex:A2:half,A2,half,NGSL_1_2_CORE,half,365,EXACT_HEADWORD_FORM_ONLY,SOURCE_LEMMA_ONLY_NOT_SENSE_OR_POS,UNREVIEWED_NOT_SEMANTICALLY_APPROVED,NOT_CLEARED,true
lex:A2:hall,A2,hall,NGSL_1_2_CORE,hall,1480,EXACT_HEADWORD_FORM_ONLY,SOURCE_LEMMA_ONLY_NOT_SENSE_OR_POS,UNREVIEWED_NOT_SEMANTICALLY_APPROVED,NOT_CLEARED,true
lex:A2:happily,A2,happily,NGSL_SFI_31K_EXTENSION,happily,3600,EXACT_HEADWORD_FORM_ONLY,SOURCE_LEMMA_ONLY_NOT_SENSE_OR_POS,UNREVIEWED_NOT_SEMANTICALLY_APPROVED,NOT_CLEARED,true
lex:A2:have,A2,have,NGSL_1_2_CORE,have,8,EXACT_HEADWORD_FORM_ONLY,SOURCE_LEMMA_ONLY_NOT_SENSE_OR_POS,UNREVIEWED_NOT_SEMANTICALLY_APPROVED,NOT_CLEARED,true
lex:A2:headache,A2,headache,NGSL_SFI_31K_EXTENSION,headache,3963,EXACT_HEADWORD_FORM_ONLY,SOURCE_LEMMA_ONLY_NOT_SENSE_OR_POS,UNREVIEWED_NOT_SEMANTICALLY_APPROVED,NOT_CLEARED,true
lex:A2:heart,A2,heart,NGSL_1_2_CORE,heart,622,EXACT_HEADWORD_FORM_ONLY,SOURCE_LEMMA_ONLY_NOT_SENSE_OR_POS,UNREVIEWED_NOT_SEMANTICALLY_APPROVED,NOT_CLEARED,true
lex:A2:heat,A2,heat,NGSL_1_2_CORE,heat,1141,EXACT_HEADWORD_FORM_ONLY,SOURCE_LEMMA_ONLY_NOT_SENSE_OR_POS,UNREVIEWED_NOT_SEMANTICALLY_APPROVED,NOT_CLEARED,true
lex:A2:heavy,A2,heavy,NGSL_1_2_CORE,heavy,1052,EXACT_HEADWORD_FORM_ONLY,SOURCE_LEMMA_ONLY_NOT_SENSE_OR_POS,UNREVIEWED_NOT_SEMANTICALLY_APPROVED,NOT_CLEARED,true
lex:A2:height,A2,height,NGSL_1_2_CORE,height,2150,EXACT_HEADWORD_FORM_ONLY,SOURCE_LEMMA_ONLY_NOT_SENSE_OR_POS,UNREVIEWED_NOT_SEMANTICALLY_APPROVED,NOT_CLEARED,true
lex:A2:helpful,A2,helpful,NGSL_1_2_CORE,helpful,1713,EXACT_HEADWORD_FORM_ONLY,SOURCE_LEMMA_ONLY_NOT_SENSE_OR_POS,UNREVIEWED_NOT_SEMANTICALLY_APPROVED,NOT_CLEARED,true
lex:A2:hero,A2,hero,NGSL_1_2_CORE,hero,2108,EXACT_HEADWORD_FORM_ONLY,SOURCE_LEMMA_ONLY_NOT_SENSE_OR_POS,UNREVIEWED_NOT_SEMANTICALLY_APPROVED,NOT_CLEARED,true
lex:A2:hers,A2,hers,NO_DIRECT_SOURCE_LEMMA,,,NO_DIRECT_MATCH,SOURCE_LEMMA_ONLY_NOT_SENSE_OR_POS,UNREVIEWED_NOT_SEMANTICALLY_APPROVED,NOT_CLEARED,true
lex:A2:herself,A2,herself,NGSL_1_2_CORE,herself,996,EXACT_HEADWORD_FORM_ONLY,SOURCE_LEMMA_ONLY_NOT_SENSE_OR_POS,UNREVIEWED_NOT_SEMANTICALLY_APPROVED,NOT_CLEARED,true
lex:A2:hide,A2,hide,NGSL_1_2_CORE,hide,1247,EXACT_HEADWORD_FORM_ONLY,SOURCE_LEMMA_ONLY_NOT_SENSE_OR_POS,UNREVIEWED_NOT_SEMANTICALLY_APPROVED,NOT_CLEARED,true
lex:A2:high,A2,high,NGSL_1_2_CORE,high,148,EXACT_HEADWORD_FORM_ONLY,SOURCE_LEMMA_ONLY_NOT_SENSE_OR_POS,UNREVIEWED_NOT_SEMANTICALLY_APPROVED,NOT_CLEARED,true
lex:A2:hill,A2,hill,NGSL_1_2_CORE,hill,1670,EXACT_HEADWORD_FORM_ONLY,SOURCE_LEMMA_ONLY_NOT_SENSE_OR_POS,UNREVIEWED_NOT_SEMANTICALLY_APPROVED,NOT_CLEARED,true
lex:A2:himself,A2,himself,NGSL_1_2_CORE,himself,458,EXACT_HEADWORD_FORM_ONLY,SOURCE_LEMMA_ONLY_NOT_SENSE_OR_POS,UNREVIEWED_NOT_SEMANTICALLY_APPROVED,NOT_CLEARED,true
lex:A2:his,A2,his,NO_DIRECT_SOURCE_LEMMA,,,NO_DIRECT_MATCH,SOURCE_LEMMA_ONLY_NOT_SENSE_OR_POS,UNREVIEWED_NOT_SEMANTICALLY_APPROVED,NOT_CLEARED,true
lex:A2:hit,A2,hit,NGSL_1_2_CORE,hit,695,EXACT_HEADWORD_FORM_ONLY,SOURCE_LEMMA_ONLY_NOT_SENSE_OR_POS,UNREVIEWED_NOT_SEMANTICALLY_APPROVED,NOT_CLEARED,true
lex:A2:hockey,A2,hockey,NGSL_SFI_31K_EXTENSION,hockey,4723,EXACT_HEADWORD_FORM_ONLY,SOURCE_LEMMA_ONLY_NOT_SENSE_OR_POS,UNREVIEWED_NOT_SEMANTICALLY_APPROVED,NOT_CLEARED,true
lex:A2:hold,A2,hold,NGSL_1_2_CORE,hold,222,EXACT_HEADWORD_FORM_ONLY,SOURCE_LEMMA_ONLY_NOT_SENSE_OR_POS,UNREVIEWED_NOT_SEMANTICALLY_APPROVED,NOT_CLEARED,true
lex:A2:hole,A2,hole,NGSL_1_2_CORE,hole,1515,EXACT_HEADWORD_FORM_ONLY,SOURCE_LEMMA_ONLY_NOT_SENSE_OR_POS,UNREVIEWED_NOT_SEMANTICALLY_APPROVED,NOT_CLEARED,true
lex:A2:home,A2,home,NGSL_1_2_CORE,home,161,EXACT_HEADWORD_FORM_ONLY,SOURCE_LEMMA_ONLY_NOT_SENSE_OR_POS,UNREVIEWED_NOT_SEMANTICALLY_APPROVED,NOT_CLEARED,true
lex:A2:hope,A2,hope,NGSL_1_2_CORE,hope,250,EXACT_HEADWORD_FORM_ONLY,SOURCE_LEMMA_ONLY_NOT_SENSE_OR_POS,UNREVIEWED_NOT_SEMANTICALLY_APPROVED,NOT_CLEARED,true
lex:A2:huge,A2,huge,NGSL_1_2_CORE,huge,862,EXACT_HEADWORD_FORM_ONLY,SOURCE_LEMMA_ONLY_NOT_SENSE_OR_POS,UNREVIEWED_NOT_SEMANTICALLY_APPROVED,NOT_CLEARED,true
lex:A2:human,A2,human,NGSL_1_2_CORE,human,428,EXACT_HEADWORD_FORM_ONLY,SOURCE_LEMMA_ONLY_NOT_SENSE_OR_POS,UNREVIEWED_NOT_SEMANTICALLY_APPROVED,NOT_CLEARED,true
lex:A2:hurt,A2,hurt,NGSL_1_2_CORE,hurt,1421,EXACT_HEADWORD_FORM_ONLY,SOURCE_LEMMA_ONLY_NOT_SENSE_OR_POS,UNREVIEWED_NOT_SEMANTICALLY_APPROVED,NOT_CLEARED,true
lex:A2:ideal,A2,ideal,NGSL_1_2_CORE,ideal,1674,EXACT_HEADWORD_FORM_ONLY,SOURCE_LEMMA_ONLY_NOT_SENSE_OR_POS,UNREVIEWED_NOT_SEMANTICALLY_APPROVED,NOT_CLEARED,true
lex:A2:identify,A2,identify,NGSL_1_2_CORE,identify,805,EXACT_HEADWORD_FORM_ONLY,SOURCE_LEMMA_ONLY_NOT_SENSE_OR_POS,UNREVIEWED_NOT_SEMANTICALLY_APPROVED,NOT_CLEARED,true
lex:A2:ill,A2,ill,NGSL_1_2_CORE,ill,1729,EXACT_HEADWORD_FORM_ONLY,SOURCE_LEMMA_ONLY_NOT_SENSE_OR_POS,UNREVIEWED_NOT_SEMANTICALLY_APPROVED,NOT_CLEARED,true
lex:A2:illness,A2,illness,NGSL_1_2_CORE,illness,1938,EXACT_HEADWORD_FORM_ONLY,SOURCE_LEMMA_ONLY_NOT_SENSE_OR_POS,UNREVIEWED_NOT_SEMANTICALLY_APPROVED,NOT_CLEARED,true
lex:A2:image,A2,image,NGSL_1_2_CORE,image,704,EXACT_HEADWORD_FORM_ONLY,SOURCE_LEMMA_ONLY_NOT_SENSE_OR_POS,UNREVIEWED_NOT_SEMANTICALLY_APPROVED,NOT_CLEARED,true
lex:A2:immediately,A2,immediately,NGSL_1_2_CORE,immediately,988,EXACT_HEADWORD_FORM_ONLY,SOURCE_LEMMA_ONLY_NOT_SENSE_OR_POS,UNREVIEWED_NOT_SEMANTICALLY_APPROVED,NOT_CLEARED,true
lex:A2:impossible,A2,impossible,NGSL_1_2_CORE,impossible,1350,EXACT_HEADWORD_FORM_ONLY,SOURCE_LEMMA_ONLY_NOT_SENSE_OR_POS,UNREVIEWED_NOT_SEMANTICALLY_APPROVED,NOT_CLEARED,true
lex:A2:included,A2,included,NO_DIRECT_SOURCE_LEMMA,,,NO_DIRECT_MATCH,SOURCE_LEMMA_ONLY_NOT_SENSE_OR_POS,UNREVIEWED_NOT_SEMANTICALLY_APPROVED,NOT_CLEARED,true
lex:A2:including,A2,including,NO_DIRECT_SOURCE_LEMMA,,,NO_DIRECT_MATCH,SOURCE_LEMMA_ONLY_NOT_SENSE_OR_POS,UNREVIEWED_NOT_SEMANTICALLY_APPROVED,NOT_CLEARED,true
lex:A2:increase,A2,increase,NGSL_1_2_CORE,increase,230,EXACT_HEADWORD_FORM_ONLY,SOURCE_LEMMA_ONLY_NOT_SENSE_OR_POS,UNREVIEWED_NOT_SEMANTICALLY_APPROVED,NOT_CLEARED,true
lex:A2:incredible,A2,incredible,NGSL_SFI_31K_EXTENSION,incredible,2777,EXACT_HEADWORD_FORM_ONLY,SOURCE_LEMMA_ONLY_NOT_SENSE_OR_POS,UNREVIEWED_NOT_SEMANTICALLY_APPROVED,NOT_CLEARED,true
lex:A2:independent,A2,independent,NGSL_1_2_CORE,independent,1006,EXACT_HEADWORD_FORM_ONLY,SOURCE_LEMMA_ONLY_NOT_SENSE_OR_POS,UNREVIEWED_NOT_SEMANTICALLY_APPROVED,NOT_CLEARED,true
lex:A2:individual,A2,individual,NGSL_1_2_CORE,individual,409,EXACT_HEADWORD_FORM_ONLY,SOURCE_LEMMA_ONLY_NOT_SENSE_OR_POS,UNREVIEWED_NOT_SEMANTICALLY_APPROVED,NOT_CLEARED,true
lex:A2:industry,A2,industry,NGSL_1_2_CORE,industry,530,EXACT_HEADWORD_FORM_ONLY,SOURCE_LEMMA_ONLY_NOT_SENSE_OR_POS,UNREVIEWED_NOT_SEMANTICALLY_APPROVED,NOT_CLEARED,true
lex:A2:informal,A2,informal,NGSL_SFI_31K_EXTENSION,informal,3328,EXACT_HEADWORD_FORM_ONLY,SOURCE_LEMMA_ONLY_NOT_SENSE_OR_POS,UNREVIEWED_NOT_SEMANTICALLY_APPROVED,NOT_CLEARED,true
lex:A2:injury,A2,injury,NGSL_1_2_CORE,injury,1801,EXACT_HEADWORD_FORM_ONLY,SOURCE_LEMMA_ONLY_NOT_SENSE_OR_POS,UNREVIEWED_NOT_SEMANTICALLY_APPROVED,NOT_CLEARED,true
lex:A2:insect,A2,insect,NGSL_SFI_31K_EXTENSION,insect,3530,EXACT_HEADWORD_FORM_ONLY,SOURCE_LEMMA_ONLY_NOT_SENSE_OR_POS,UNREVIEWED_NOT_SEMANTICALLY_APPROVED,NOT_CLEARED,true
lex:A2:inside,A2,inside,NGSL_1_2_CORE,inside,660,EXACT_HEADWORD_FORM_ONLY,SOURCE_LEMMA_ONLY_NOT_SENSE_OR_POS,UNREVIEWED_NOT_SEMANTICALLY_APPROVED,NOT_CLEARED,true
lex:A2:instead,A2,instead,NGSL_1_2_CORE,instead,553,EXACT_HEADWORD_FORM_ONLY,SOURCE_LEMMA_ONLY_NOT_SENSE_OR_POS,UNREVIEWED_NOT_SEMANTICALLY_APPROVED,NOT_CLEARED,true
lex:A2:instruction,A2,instruction,NGSL_1_2_CORE,instruction,1672,EXACT_HEADWORD_FORM_ONLY,SOURCE_LEMMA_ONLY_NOT_SENSE_OR_POS,UNREVIEWED_NOT_SEMANTICALLY_APPROVED,NOT_CLEARED,true
lex:A2:instructor,A2,instructor,NGSL_SFI_31K_EXTENSION,instructor,4585,EXACT_HEADWORD_FORM_ONLY,SOURCE_LEMMA_ONLY_NOT_SENSE_OR_POS,UNREVIEWED_NOT_SEMANTICALLY_APPROVED,NOT_CLEARED,true
lex:A2:instrument,A2,instrument,NGSL_1_2_CORE,instrument,1596,EXACT_HEADWORD_FORM_ONLY,SOURCE_LEMMA_ONLY_NOT_SENSE_OR_POS,UNREVIEWED_NOT_SEMANTICALLY_APPROVED,NOT_CLEARED,true
lex:A2:intelligent,A2,intelligent,NGSL_SFI_31K_EXTENSION,intelligent,2941,EXACT_HEADWORD_FORM_ONLY,SOURCE_LEMMA_ONLY_NOT_SENSE_OR_POS,UNREVIEWED_NOT_SEMANTICALLY_APPROVED,NOT_CLEARED,true
lex:A2:international,A2,international,NGSL_1_2_CORE,international,662,EXACT_HEADWORD_FORM_ONLY,SOURCE_LEMMA_ONLY_NOT_SENSE_OR_POS,UNREVIEWED_NOT_SEMANTICALLY_APPROVED,NOT_CLEARED,true
lex:A2:introduction,A2,introduction,NGSL_1_2_CORE,introduction,1203,EXACT_HEADWORD_FORM_ONLY,SOURCE_LEMMA_ONLY_NOT_SENSE_OR_POS,UNREVIEWED_NOT_SEMANTICALLY_APPROVED,NOT_CLEARED,true
lex:A2:invent,A2,invent,NGSL_1_2_CORE,invent,2627,EXACT_HEADWORD_FORM_ONLY,SOURCE_LEMMA_ONLY_NOT_SENSE_OR_POS,UNREVIEWED_NOT_SEMANTICALLY_APPROVED,NOT_CLEARED,true
lex:A2:invention,A2,invention,NGSL_SFI_31K_EXTENSION,invention,3413,EXACT_HEADWORD_FORM_ONLY,SOURCE_LEMMA_ONLY_NOT_SENSE_OR_POS,UNREVIEWED_NOT_SEMANTICALLY_APPROVED,NOT_CLEARED,true
lex:A2:invitation,A2,invitation,NGSL_1_2_CORE,invitation,2194,EXACT_HEADWORD_FORM_ONLY,SOURCE_LEMMA_ONLY_NOT_SENSE_OR_POS,UNREVIEWED_NOT_SEMANTICALLY_APPROVED,NOT_CLEARED,true
lex:A2:invite,A2,invite,NGSL_1_2_CORE,invite,1028,EXACT_HEADWORD_FORM_ONLY,SOURCE_LEMMA_ONLY_NOT_SENSE_OR_POS,UNREVIEWED_NOT_SEMANTICALLY_APPROVED,NOT_CLEARED,true
lex:A2:involve,A2,involve,NGSL_1_2_CORE,involve,379,EXACT_HEADWORD_FORM_ONLY,SOURCE_LEMMA_ONLY_NOT_SENSE_OR_POS,UNREVIEWED_NOT_SEMANTICALLY_APPROVED,NOT_CLEARED,true
lex:A2:item,A2,item,NGSL_1_2_CORE,item,747,EXACT_HEADWORD_FORM_ONLY,SOURCE_LEMMA_ONLY_NOT_SENSE_OR_POS,UNREVIEWED_NOT_SEMANTICALLY_APPROVED,NOT_CLEARED,true
lex:A2:itself,A2,itself,NGSL_1_2_CORE,itself,538,EXACT_HEADWORD_FORM_ONLY,SOURCE_LEMMA_ONLY_NOT_SENSE_OR_POS,UNREVIEWED_NOT_SEMANTICALLY_APPROVED,NOT_CLEARED,true
lex:A2:jam,A2,jam,NGSL_SFI_31K_EXTENSION,jam,3144,EXACT_HEADWORD_FORM_ONLY,SOURCE_LEMMA_ONLY_NOT_SENSE_OR_POS,UNREVIEWED_NOT_SEMANTICALLY_APPROVED,NOT_CLEARED,true
lex:A2:jazz,A2,jazz,NGSL_SFI_31K_EXTENSION,jazz,2496,EXACT_HEADWORD_FORM_ONLY,SOURCE_LEMMA_ONLY_NOT_SENSE_OR_POS,UNREVIEWED_NOT_SEMANTICALLY_APPROVED,NOT_CLEARED,true
lex:A2:jewellery,A2,jewellery,NO_DIRECT_SOURCE_LEMMA,,,NO_DIRECT_MATCH,SOURCE_LEMMA_ONLY_NOT_SENSE_OR_POS,UNREVIEWED_NOT_SEMANTICALLY_APPROVED,NOT_CLEARED,true
lex:A2:joke,A2,joke,NGSL_1_2_CORE,joke,1719,EXACT_HEADWORD_FORM_ONLY,SOURCE_LEMMA_ONLY_NOT_SENSE_OR_POS,UNREVIEWED_NOT_SEMANTICALLY_APPROVED,NOT_CLEARED,true
lex:A2:journalist,A2,journalist,NGSL_1_2_CORE,journalist,1939,EXACT_HEADWORD_FORM_ONLY,SOURCE_LEMMA_ONLY_NOT_SENSE_OR_POS,UNREVIEWED_NOT_SEMANTICALLY_APPROVED,NOT_CLEARED,true
lex:A2:jump,A2,jump,NGSL_1_2_CORE,jump,1324,EXACT_HEADWORD_FORM_ONLY,SOURCE_LEMMA_ONLY_NOT_SENSE_OR_POS,UNREVIEWED_NOT_SEMANTICALLY_APPROVED,NOT_CLEARED,true
lex:A2:kid,A2,kid,NGSL_1_2_CORE,kid,529,EXACT_HEADWORD_FORM_ONLY,SOURCE_LEMMA_ONLY_NOT_SENSE_OR_POS,UNREVIEWED_NOT_SEMANTICALLY_APPROVED,NOT_CLEARED,true
lex:A2:kill,A2,kill,NGSL_1_2_CORE,kill,533,EXACT_HEADWORD_FORM_ONLY,SOURCE_LEMMA_ONLY_NOT_SENSE_OR_POS,UNREVIEWED_NOT_SEMANTICALLY_APPROVED,NOT_CLEARED,true
lex:A2:king,A2,king,NGSL_1_2_CORE,king,1876,EXACT_HEADWORD_FORM_ONLY,SOURCE_LEMMA_ONLY_NOT_SENSE_OR_POS,UNREVIEWED_NOT_SEMANTICALLY_APPROVED,NOT_CLEARED,true
lex:A2:knee,A2,knee,NGSL_1_2_CORE,knee,2221,EXACT_HEADWORD_FORM_ONLY,SOURCE_LEMMA_ONLY_NOT_SENSE_OR_POS,UNREVIEWED_NOT_SEMANTICALLY_APPROVED,NOT_CLEARED,true
lex:A2:knife,A2,knife,NGSL_1_2_CORE,knife,2657,EXACT_HEADWORD_FORM_ONLY,SOURCE_LEMMA_ONLY_NOT_SENSE_OR_POS,UNREVIEWED_NOT_SEMANTICALLY_APPROVED,NOT_CLEARED,true
lex:A2:knock,A2,knock,NGSL_1_2_CORE,knock,1814,EXACT_HEADWORD_FORM_ONLY,SOURCE_LEMMA_ONLY_NOT_SENSE_OR_POS,UNREVIEWED_NOT_SEMANTICALLY_APPROVED,NOT_CLEARED,true
lex:A2:knowledge,A2,knowledge,NGSL_1_2_CORE,knowledge,619,EXACT_HEADWORD_FORM_ONLY,SOURCE_LEMMA_ONLY_NOT_SENSE_OR_POS,UNREVIEWED_NOT_SEMANTICALLY_APPROVED,NOT_CLEARED,true
lex:A2:lab,A2,lab,NGSL_SFI_31K_EXTENSION,lab,3206,EXACT_HEADWORD_FORM_ONLY,SOURCE_LEMMA_ONLY_NOT_SENSE_OR_POS,UNREVIEWED_NOT_SEMANTICALLY_APPROVED,NOT_CLEARED,true
lex:A2:lady,A2,lady,NGSL_1_2_CORE,lady,1261,EXACT_HEADWORD_FORM_ONLY,SOURCE_LEMMA_ONLY_NOT_SENSE_OR_POS,UNREVIEWED_NOT_SEMANTICALLY_APPROVED,NOT_CLEARED,true
lex:A2:lake,A2,lake,NGSL_1_2_CORE,lake,1822,EXACT_HEADWORD_FORM_ONLY,SOURCE_LEMMA_ONLY_NOT_SENSE_OR_POS,UNREVIEWED_NOT_SEMANTICALLY_APPROVED,NOT_CLEARED,true
lex:A2:lamp,A2,lamp,NGSL_SFI_31K_EXTENSION,lamp,3208,EXACT_HEADWORD_FORM_ONLY,SOURCE_LEMMA_ONLY_NOT_SENSE_OR_POS,UNREVIEWED_NOT_SEMANTICALLY_APPROVED,NOT_CLEARED,true
lex:A2:land,A2,land,NGSL_1_2_CORE,land,497,EXACT_HEADWORD_FORM_ONLY,SOURCE_LEMMA_ONLY_NOT_SENSE_OR_POS,UNREVIEWED_NOT_SEMANTICALLY_APPROVED,NOT_CLEARED,true
lex:A2:laptop,A2,laptop,NGSL_SFI_31K_EXTENSION,laptop,4678,EXACT_HEADWORD_FORM_ONLY,SOURCE_LEMMA_ONLY_NOT_SENSE_OR_POS,UNREVIEWED_NOT_SEMANTICALLY_APPROVED,NOT_CLEARED,true
lex:A2:last-final,A2,last¹ (final),NGSL_1_2_CORE,last,101,HEADWORD_NORMALIZED_REQUIRES_REVIEW,SOURCE_LEMMA_ONLY_NOT_SENSE_OR_POS,UNREVIEWED_NOT_SEMANTICALLY_APPROVED,NOT_CLEARED,true
lex:A2:last-taking-time,A2,last¹ (taking time),NGSL_1_2_CORE,last,101,HEADWORD_NORMALIZED_REQUIRES_REVIEW,SOURCE_LEMMA_ONLY_NOT_SENSE_OR_POS,UNREVIEWED_NOT_SEMANTICALLY_APPROVED,NOT_CLEARED,true
lex:A2:later,A2,later,NO_DIRECT_SOURCE_LEMMA,,,NO_DIRECT_MATCH,SOURCE_LEMMA_ONLY_NOT_SENSE_OR_POS,UNREVIEWED_NOT_SEMANTICALLY_APPROVED,NOT_CLEARED,true
lex:A2:laughter,A2,laughter,NGSL_1_2_CORE,laughter,2011,EXACT_HEADWORD_FORM_ONLY,SOURCE_LEMMA_ONLY_NOT_SENSE_OR_POS,UNREVIEWED_NOT_SEMANTICALLY_APPROVED,NOT_CLEARED,true
lex:A2:law,A2,law,NGSL_1_2_CORE,law,421,EXACT_HEADWORD_FORM_ONLY,SOURCE_LEMMA_ONLY_NOT_SENSE_OR_POS,UNREVIEWED_NOT_SEMANTICALLY_APPROVED,NOT_CLEARED,true
lex:A2:lawyer,A2,lawyer,NGSL_1_2_CORE,lawyer,1489,EXACT_HEADWORD_FORM_ONLY,SOURCE_LEMMA_ONLY_NOT_SENSE_OR_POS,UNREVIEWED_NOT_SEMANTICALLY_APPROVED,NOT_CLEARED,true
lex:A2:lazy,A2,lazy,NGSL_1_2_CORE,lazy,2802,EXACT_HEADWORD_FORM_ONLY,SOURCE_LEMMA_ONLY_NOT_SENSE_OR_POS,UNREVIEWED_NOT_SEMANTICALLY_APPROVED,NOT_CLEARED,true
lex:A2:lead,A2,lead¹,NGSL_1_2_CORE,lead,241,HEADWORD_NORMALIZED_REQUIRES_REVIEW,SOURCE_LEMMA_ONLY_NOT_SENSE_OR_POS,UNREVIEWED_NOT_SEMANTICALLY_APPROVED,NOT_CLEARED,true
lex:A2:leader,A2,leader,NGSL_1_2_CORE,leader,596,EXACT_HEADWORD_FORM_ONLY,SOURCE_LEMMA_ONLY_NOT_SENSE_OR_POS,UNREVIEWED_NOT_SEMANTICALLY_APPROVED,NOT_CLEARED,true
lex:A2:learning,A2,learning,NO_DIRECT_SOURCE_LEMMA,,,NO_DIRECT_MATCH,SOURCE_LEMMA_ONLY_NOT_SENSE_OR_POS,UNREVIEWED_NOT_SEMANTICALLY_APPROVED,NOT_CLEARED,true
lex:A2:least,A2,least,NGSL_1_2_CORE,least,281,EXACT_HEADWORD_FORM_ONLY,SOURCE_LEMMA_ONLY_NOT_SENSE_OR_POS,UNREVIEWED_NOT_SEMANTICALLY_APPROVED,NOT_CLEARED,true
lex:A2:lecture,A2,lecture,NGSL_1_2_CORE,lecture,2378,EXACT_HEADWORD_FORM_ONLY,SOURCE_LEMMA_ONLY_NOT_SENSE_OR_POS,UNREVIEWED_NOT_SEMANTICALLY_APPROVED,NOT_CLEARED,true
lex:A2:lemon,A2,lemon,NGSL_SFI_31K_EXTENSION,lemon,4909,EXACT_HEADWORD_FORM_ONLY,SOURCE_LEMMA_ONLY_NOT_SENSE_OR_POS,UNREVIEWED_NOT_SEMANTICALLY_APPROVED,NOT_CLEARED,true
lex:A2:lend,A2,lend,NGSL_1_2_CORE,lend,2305,EXACT_HEADWORD_FORM_ONLY,SOURCE_LEMMA_ONLY_NOT_SENSE_OR_POS,UNREVIEWED_NOT_SEMANTICALLY_APPROVED,NOT_CLEARED,true
lex:A2:less,A2,less,NGSL_1_2_CORE,less,253,EXACT_HEADWORD_FORM_ONLY,SOURCE_LEMMA_ONLY_NOT_SENSE_OR_POS,UNREVIEWED_NOT_SEMANTICALLY_APPROVED,NOT_CLEARED,true
lex:A2:level,A2,level,NGSL_1_2_CORE,level,262,EXACT_HEADWORD_FORM_ONLY,SOURCE_LEMMA_ONLY_NOT_SENSE_OR_POS,UNREVIEWED_NOT_SEMANTICALLY_APPROVED,NOT_CLEARED,true
lex:A2:lifestyle,A2,lifestyle,NGSL_SFI_31K_EXTENSION,lifestyle,2734,EXACT_HEADWORD_FORM_ONLY,SOURCE_LEMMA_ONLY_NOT_SENSE_OR_POS,UNREVIEWED_NOT_SEMANTICALLY_APPROVED,NOT_CLEARED,true
lex:A2:lift,A2,lift,NGSL_1_2_CORE,lift,1167,EXACT_HEADWORD_FORM_ONLY,SOURCE_LEMMA_ONLY_NOT_SENSE_OR_POS,UNREVIEWED_NOT_SEMANTICALLY_APPROVED,NOT_CLEARED,true
lex:A2:light-from-the-sun-a-lamp,A2,light (make burn or shine),NGSL_1_2_CORE,light,349,HEADWORD_NORMALIZED_REQUIRES_REVIEW,SOURCE_LEMMA_ONLY_NOT_SENSE_OR_POS,UNREVIEWED_NOT_SEMANTICALLY_APPROVED,NOT_CLEARED,true
lex:A2:light-not-heavy,A2,light (not heavy),NGSL_1_2_CORE,light,349,HEADWORD_NORMALIZED_REQUIRES_REVIEW,SOURCE_LEMMA_ONLY_NOT_SENSE_OR_POS,UNREVIEWED_NOT_SEMANTICALLY_APPROVED,NOT_CLEARED,true
lex:A2:likely,A2,likely,NGSL_1_2_CORE,likely,535,EXACT_HEADWORD_FORM_ONLY,SOURCE_LEMMA_ONLY_NOT_SENSE_OR_POS,UNREVIEWED_NOT_SEMANTICALLY_APPROVED,NOT_CLEARED,true
lex:A2:link,A2,link,NGSL_1_2_CORE,link,770,EXACT_HEADWORD_FORM_ONLY,SOURCE_LEMMA_ONLY_NOT_SENSE_OR_POS,UNREVIEWED_NOT_SEMANTICALLY_APPROVED,NOT_CLEARED,true
lex:A2:listener,A2,listener,NGSL_1_2_CORE,listener,2785,EXACT_HEADWORD_FORM_ONLY,SOURCE_LEMMA_ONLY_NOT_SENSE_OR_POS,UNREVIEWED_NOT_SEMANTICALLY_APPROVED,NOT_CLEARED,true
lex:A2:little,A2,little,NGSL_1_2_CORE,little,132,EXACT_HEADWORD_FORM_ONLY,SOURCE_LEMMA_ONLY_NOT_SENSE_OR_POS,UNREVIEWED_NOT_SEMANTICALLY_APPROVED,NOT_CLEARED,true
lex:A2:lock,A2,lock,NGSL_1_2_CORE,lock,1604,EXACT_HEADWORD_FORM_ONLY,SOURCE_LEMMA_ONLY_NOT_SENSE_OR_POS,UNREVIEWED_NOT_SEMANTICALLY_APPROVED,NOT_CLEARED,true
lex:A2:look,A2,look,NGSL_1_2_CORE,look,75,EXACT_HEADWORD_FORM_ONLY,SOURCE_LEMMA_ONLY_NOT_SENSE_OR_POS,UNREVIEWED_NOT_SEMANTICALLY_APPROVED,NOT_CLEARED,true
lex:A2:lorry,A2,lorry,NGSL_SFI_31K_EXTENSION,lorry,4872,EXACT_HEADWORD_FORM_ONLY,SOURCE_LEMMA_ONLY_NOT_SENSE_OR_POS,UNREVIEWED_NOT_SEMANTICALLY_APPROVED,NOT_CLEARED,true
lex:A2:lost,A2,lost,NO_DIRECT_SOURCE_LEMMA,,,NO_DIRECT_MATCH,SOURCE_LEMMA_ONLY_NOT_SENSE_OR_POS,UNREVIEWED_NOT_SEMANTICALLY_APPROVED,NOT_CLEARED,true
lex:A2:loud,A2,loud,NGSL_1_2_CORE,loud,2249,EXACT_HEADWORD_FORM_ONLY,SOURCE_LEMMA_ONLY_NOT_SENSE_OR_POS,UNREVIEWED_NOT_SEMANTICALLY_APPROVED,NOT_CLEARED,true
lex:A2:loudly,A2,loudly,NGSL_SFI_31K_EXTENSION,loudly,5463,EXACT_HEADWORD_FORM_ONLY,SOURCE_LEMMA_ONLY_NOT_SENSE_OR_POS,UNREVIEWED_NOT_SEMANTICALLY_APPROVED,NOT_CLEARED,true
lex:A2:lovely,A2,lovely,NGSL_1_2_CORE,lovely,1600,EXACT_HEADWORD_FORM_ONLY,SOURCE_LEMMA_ONLY_NOT_SENSE_OR_POS,UNREVIEWED_NOT_SEMANTICALLY_APPROVED,NOT_CLEARED,true
lex:A2:low,A2,low,NGSL_1_2_CORE,low,283,EXACT_HEADWORD_FORM_ONLY,SOURCE_LEMMA_ONLY_NOT_SENSE_OR_POS,UNREVIEWED_NOT_SEMANTICALLY_APPROVED,NOT_CLEARED,true
lex:A2:luck,A2,luck,NGSL_1_2_CORE,luck,1934,EXACT_HEADWORD_FORM_ONLY,SOURCE_LEMMA_ONLY_NOT_SENSE_OR_POS,UNREVIEWED_NOT_SEMANTICALLY_APPROVED,NOT_CLEARED,true
lex:A2:lucky,A2,lucky,NGSL_1_2_CORE,lucky,1866,EXACT_HEADWORD_FORM_ONLY,SOURCE_LEMMA_ONLY_NOT_SENSE_OR_POS,UNREVIEWED_NOT_SEMANTICALLY_APPROVED,NOT_CLEARED,true
lex:A2:mail,A2,mail,NGSL_1_2_CORE,mail,1643,EXACT_HEADWORD_FORM_ONLY,SOURCE_LEMMA_ONLY_NOT_SENSE_OR_POS,UNREVIEWED_NOT_SEMANTICALLY_APPROVED,NOT_CLEARED,true
lex:A2:major,A2,major,NGSL_1_2_CORE,major,438,EXACT_HEADWORD_FORM_ONLY,SOURCE_LEMMA_ONLY_NOT_SENSE_OR_POS,UNREVIEWED_NOT_SEMANTICALLY_APPROVED,NOT_CLEARED,true
lex:A2:male,A2,male,NGSL_1_2_CORE,male,914,EXACT_HEADWORD_FORM_ONLY,SOURCE_LEMMA_ONLY_NOT_SENSE_OR_POS,UNREVIEWED_NOT_SEMANTICALLY_APPROVED,NOT_CLEARED,true
lex:A2:manage,A2,manage,NGSL_1_2_CORE,manage,625,EXACT_HEADWORD_FORM_ONLY,SOURCE_LEMMA_ONLY_NOT_SENSE_OR_POS,UNREVIEWED_NOT_SEMANTICALLY_APPROVED,NOT_CLEARED,true
lex:A2:manager,A2,manager,NGSL_1_2_CORE,manager,661,EXACT_HEADWORD_FORM_ONLY,SOURCE_LEMMA_ONLY_NOT_SENSE_OR_POS,UNREVIEWED_NOT_SEMANTICALLY_APPROVED,NOT_CLEARED,true
lex:A2:manner,A2,manner,NGSL_1_2_CORE,manner,1441,EXACT_HEADWORD_FORM_ONLY,SOURCE_LEMMA_ONLY_NOT_SENSE_OR_POS,UNREVIEWED_NOT_SEMANTICALLY_APPROVED,NOT_CLEARED,true
lex:A2:mark,A2,mark,NGSL_1_2_CORE,mark,743,EXACT_HEADWORD_FORM_ONLY,SOURCE_LEMMA_ONLY_NOT_SENSE_OR_POS,UNREVIEWED_NOT_SEMANTICALLY_APPROVED,NOT_CLEARED,true
lex:A2:marry,A2,marry,NGSL_1_2_CORE,marry,775,EXACT_HEADWORD_FORM_ONLY,SOURCE_LEMMA_ONLY_NOT_SENSE_OR_POS,UNREVIEWED_NOT_SEMANTICALLY_APPROVED,NOT_CLEARED,true
lex:A2:material,A2,material,NGSL_1_2_CORE,material,571,EXACT_HEADWORD_FORM_ONLY,SOURCE_LEMMA_ONLY_NOT_SENSE_OR_POS,UNREVIEWED_NOT_SEMANTICALLY_APPROVED,NOT_CLEARED,true
lex:A2:mathematics,A2,mathematics,NGSL_1_2_CORE,mathematics,1927,EXACT_HEADWORD_FORM_ONLY,SOURCE_LEMMA_ONLY_NOT_SENSE_OR_POS,UNREVIEWED_NOT_SEMANTICALLY_APPROVED,NOT_CLEARED,true
lex:A2:maths,A2,maths,NO_DIRECT_SOURCE_LEMMA,,,NO_DIRECT_MATCH,SOURCE_LEMMA_ONLY_NOT_SENSE_OR_POS,UNREVIEWED_NOT_SEMANTICALLY_APPROVED,NOT_CLEARED,true
lex:A2:matter,A2,matter,NGSL_1_2_CORE,matter,340,EXACT_HEADWORD_FORM_ONLY,SOURCE_LEMMA_ONLY_NOT_SENSE_OR_POS,UNREVIEWED_NOT_SEMANTICALLY_APPROVED,NOT_CLEARED,true
lex:A2:may,A2,may,NGSL_1_2_CORE,may,97,EXACT_HEADWORD_FORM_ONLY,SOURCE_LEMMA_ONLY_NOT_SENSE_OR_POS,UNREVIEWED_NOT_SEMANTICALLY_APPROVED,NOT_CLEARED,true
lex:A2:media,A2,media,NGSL_SFI_31K_EXTENSION,media,5359,EXACT_HEADWORD_FORM_ONLY,SOURCE_LEMMA_ONLY_NOT_SENSE_OR_POS,UNREVIEWED_NOT_SEMANTICALLY_APPROVED,NOT_CLEARED,true
lex:A2:medical,A2,medical,NGSL_1_2_CORE,medical,1033,EXACT_HEADWORD_FORM_ONLY,SOURCE_LEMMA_ONLY_NOT_SENSE_OR_POS,UNREVIEWED_NOT_SEMANTICALLY_APPROVED,NOT_CLEARED,true
lex:A2:medicine,A2,medicine,NGSL_1_2_CORE,medicine,1761,EXACT_HEADWORD_FORM_ONLY,SOURCE_LEMMA_ONLY_NOT_SENSE_OR_POS,UNREVIEWED_NOT_SEMANTICALLY_APPROVED,NOT_CLEARED,true
lex:A2:memory,A2,memory,NGSL_1_2_CORE,memory,939,EXACT_HEADWORD_FORM_ONLY,SOURCE_LEMMA_ONLY_NOT_SENSE_OR_POS,UNREVIEWED_NOT_SEMANTICALLY_APPROVED,NOT_CLEARED,true
lex:A2:mention,A2,mention,NGSL_1_2_CORE,mention,564,EXACT_HEADWORD_FORM_ONLY,SOURCE_LEMMA_ONLY_NOT_SENSE_OR_POS,UNREVIEWED_NOT_SEMANTICALLY_APPROVED,NOT_CLEARED,true
lex:A2:metal,A2,metal,NGSL_1_2_CORE,metal,1834,EXACT_HEADWORD_FORM_ONLY,SOURCE_LEMMA_ONLY_NOT_SENSE_OR_POS,UNREVIEWED_NOT_SEMANTICALLY_APPROVED,NOT_CLEARED,true
lex:A2:method,A2,method,NGSL_1_2_CORE,method,755,EXACT_HEADWORD_FORM_ONLY,SOURCE_LEMMA_ONLY_NOT_SENSE_OR_POS,UNREVIEWED_NOT_SEMANTICALLY_APPROVED,NOT_CLEARED,true
lex:A2:middle,A2,middle,NGSL_1_2_CORE,middle,836,EXACT_HEADWORD_FORM_ONLY,SOURCE_LEMMA_ONLY_NOT_SENSE_OR_POS,UNREVIEWED_NOT_SEMANTICALLY_APPROVED,NOT_CLEARED,true
lex:A2:might,A2,might,NGSL_1_2_CORE,might,159,EXACT_HEADWORD_FORM_ONLY,SOURCE_LEMMA_ONLY_NOT_SENSE_OR_POS,UNREVIEWED_NOT_SEMANTICALLY_APPROVED,NOT_CLEARED,true
lex:A2:mind,A2,mind,NGSL_1_2_CORE,mind,341,EXACT_HEADWORD_FORM_ONLY,SOURCE_LEMMA_ONLY_NOT_SENSE_OR_POS,UNREVIEWED_NOT_SEMANTICALLY_APPROVED,NOT_CLEARED,true
lex:A2:mine-belongs-to-me,A2,mine (belongs to me),NGSL_1_2_CORE,mine,937,HEADWORD_NORMALIZED_REQUIRES_REVIEW,SOURCE_LEMMA_ONLY_NOT_SENSE_OR_POS,UNREVIEWED_NOT_SEMANTICALLY_APPROVED,NOT_CLEARED,true
lex:A2:mirror,A2,mirror,NGSL_1_2_CORE,mirror,2205,EXACT_HEADWORD_FORM_ONLY,SOURCE_LEMMA_ONLY_NOT_SENSE_OR_POS,UNREVIEWED_NOT_SEMANTICALLY_APPROVED,NOT_CLEARED,true
lex:A2:missing,A2,missing,NO_DIRECT_SOURCE_LEMMA,,,NO_DIRECT_MATCH,SOURCE_LEMMA_ONLY_NOT_SENSE_OR_POS,UNREVIEWED_NOT_SEMANTICALLY_APPROVED,NOT_CLEARED,true
lex:A2:mobile,A2,mobile,NGSL_1_2_CORE,mobile,1738,EXACT_HEADWORD_FORM_ONLY,SOURCE_LEMMA_ONLY_NOT_SENSE_OR_POS,UNREVIEWED_NOT_SEMANTICALLY_APPROVED,NOT_CLEARED,true
lex:A2:monkey,A2,monkey,NGSL_SFI_31K_EXTENSION,monkey,3779,EXACT_HEADWORD_FORM_ONLY,SOURCE_LEMMA_ONLY_NOT_SENSE_OR_POS,UNREVIEWED_NOT_SEMANTICALLY_APPROVED,NOT_CLEARED,true
lex:A2:moon,A2,moon,NGSL_1_2_CORE,moon,2599,EXACT_HEADWORD_FORM_ONLY,SOURCE_LEMMA_ONLY_NOT_SENSE_OR_POS,UNREVIEWED_NOT_SEMANTICALLY_APPROVED,NOT_CLEARED,true
lex:A2:mostly,A2,mostly,NGSL_1_2_CORE,mostly,1287,EXACT_HEADWORD_FORM_ONLY,SOURCE_LEMMA_ONLY_NOT_SENSE_OR_POS,UNREVIEWED_NOT_SEMANTICALLY_APPROVED,NOT_CLEARED,true
lex:A2:motorcycle,A2,motorcycle,NGSL_SFI_31K_EXTENSION,motorcycle,5725,EXACT_HEADWORD_FORM_ONLY,SOURCE_LEMMA_ONLY_NOT_SENSE_OR_POS,UNREVIEWED_NOT_SEMANTICALLY_APPROVED,NOT_CLEARED,true
lex:A2:movement,A2,movement,NGSL_1_2_CORE,movement,803,EXACT_HEADWORD_FORM_ONLY,SOURCE_LEMMA_ONLY_NOT_SENSE_OR_POS,UNREVIEWED_NOT_SEMANTICALLY_APPROVED,NOT_CLEARED,true
lex:A2:musical,A2,musical,NGSL_1_2_CORE,musical,1630,EXACT_HEADWORD_FORM_ONLY,SOURCE_LEMMA_ONLY_NOT_SENSE_OR_POS,UNREVIEWED_NOT_SEMANTICALLY_APPROVED,NOT_CLEARED,true
lex:A2:musician,A2,musician,NGSL_1_2_CORE,musician,2350,EXACT_HEADWORD_FORM_ONLY,SOURCE_LEMMA_ONLY_NOT_SENSE_OR_POS,UNREVIEWED_NOT_SEMANTICALLY_APPROVED,NOT_CLEARED,true
lex:A2:myself,A2,myself,NGSL_1_2_CORE,myself,669,EXACT_HEADWORD_FORM_ONLY,SOURCE_LEMMA_ONLY_NOT_SENSE_OR_POS,UNREVIEWED_NOT_SEMANTICALLY_APPROVED,NOT_CLEARED,true
lex:A2:narrow,A2,narrow,NGSL_1_2_CORE,narrow,1585,EXACT_HEADWORD_FORM_ONLY,SOURCE_LEMMA_ONLY_NOT_SENSE_OR_POS,UNREVIEWED_NOT_SEMANTICALLY_APPROVED,NOT_CLEARED,true
lex:A2:national,A2,national,NGSL_1_2_CORE,national,537,EXACT_HEADWORD_FORM_ONLY,SOURCE_LEMMA_ONLY_NOT_SENSE_OR_POS,UNREVIEWED_NOT_SEMANTICALLY_APPROVED,NOT_CLEARED,true
lex:A2:nature,A2,nature,NGSL_1_2_CORE,nature,666,EXACT_HEADWORD_FORM_ONLY,SOURCE_LEMMA_ONLY_NOT_SENSE_OR_POS,UNREVIEWED_NOT_SEMANTICALLY_APPROVED,NOT_CLEARED,true
lex:A2:nearly,A2,nearly,NGSL_1_2_CORE,nearly,768,EXACT_HEADWORD_FORM_ONLY,SOURCE_LEMMA_ONLY_NOT_SENSE_OR_POS,UNREVIEWED_NOT_SEMANTICALLY_APPROVED,NOT_CLEARED,true
lex:A2:necessary,A2,necessary,NGSL_1_2_CORE,necessary,676,EXACT_HEADWORD_FORM_ONLY,SOURCE_LEMMA_ONLY_NOT_SENSE_OR_POS,UNREVIEWED_NOT_SEMANTICALLY_APPROVED,NOT_CLEARED,true
lex:A2:neck,A2,neck,NGSL_1_2_CORE,neck,1952,EXACT_HEADWORD_FORM_ONLY,SOURCE_LEMMA_ONLY_NOT_SENSE_OR_POS,UNREVIEWED_NOT_SEMANTICALLY_APPROVED,NOT_CLEARED,true
lex:A2:need,A2,need,NGSL_1_2_CORE,need,90,EXACT_HEADWORD_FORM_ONLY,SOURCE_LEMMA_ONLY_NOT_SENSE_OR_POS,UNREVIEWED_NOT_SEMANTICALLY_APPROVED,NOT_CLEARED,true
lex:A2:neither,A2,neither,NGSL_1_2_CORE,neither,1216,EXACT_HEADWORD_FORM_ONLY,SOURCE_LEMMA_ONLY_NOT_SENSE_OR_POS,UNREVIEWED_NOT_SEMANTICALLY_APPROVED,NOT_CLEARED,true
lex:A2:nervous,A2,nervous,NGSL_1_2_CORE,nervous,2078,EXACT_HEADWORD_FORM_ONLY,SOURCE_LEMMA_ONLY_NOT_SENSE_OR_POS,UNREVIEWED_NOT_SEMANTICALLY_APPROVED,NOT_CLEARED,true
lex:A2:network,A2,network,NGSL_1_2_CORE,network,847,EXACT_HEADWORD_FORM_ONLY,SOURCE_LEMMA_ONLY_NOT_SENSE_OR_POS,UNREVIEWED_NOT_SEMANTICALLY_APPROVED,NOT_CLEARED,true
lex:A2:noise,A2,noise,NGSL_1_2_CORE,noise,1440,EXACT_HEADWORD_FORM_ONLY,SOURCE_LEMMA_ONLY_NOT_SENSE_OR_POS,UNREVIEWED_NOT_SEMANTICALLY_APPROVED,NOT_CLEARED,true
lex:A2:noisy,A2,noisy,NGSL_SFI_31K_EXTENSION,noisy,4012,EXACT_HEADWORD_FORM_ONLY,SOURCE_LEMMA_ONLY_NOT_SENSE_OR_POS,UNREVIEWED_NOT_SEMANTICALLY_APPROVED,NOT_CLEARED,true
lex:A2:none,A2,none,NGSL_1_2_CORE,none,1014,EXACT_HEADWORD_FORM_ONLY,SOURCE_LEMMA_ONLY_NOT_SENSE_OR_POS,UNREVIEWED_NOT_SEMANTICALLY_APPROVED,NOT_CLEARED,true
lex:A2:normal,A2,normal,NGSL_1_2_CORE,normal,855,EXACT_HEADWORD_FORM_ONLY,SOURCE_LEMMA_ONLY_NOT_SENSE_OR_POS,UNREVIEWED_NOT_SEMANTICALLY_APPROVED,NOT_CLEARED,true
lex:A2:normally,A2,normally,NGSL_1_2_CORE,normally,1424,EXACT_HEADWORD_FORM_ONLY,SOURCE_LEMMA_ONLY_NOT_SENSE_OR_POS,UNREVIEWED_NOT_SEMANTICALLY_APPROVED,NOT_CLEARED,true
lex:A2:notice,A2,notice,NGSL_1_2_CORE,notice,664,EXACT_HEADWORD_FORM_ONLY,SOURCE_LEMMA_ONLY_NOT_SENSE_OR_POS,UNREVIEWED_NOT_SEMANTICALLY_APPROVED,NOT_CLEARED,true
lex:A2:novel,A2,novel,NGSL_1_2_CORE,novel,1278,EXACT_HEADWORD_FORM_ONLY,SOURCE_LEMMA_ONLY_NOT_SENSE_OR_POS,UNREVIEWED_NOT_SEMANTICALLY_APPROVED,NOT_CLEARED,true
lex:A2:nowhere,A2,nowhere,NGSL_1_2_CORE,nowhere,2638,EXACT_HEADWORD_FORM_ONLY,SOURCE_LEMMA_ONLY_NOT_SENSE_OR_POS,UNREVIEWED_NOT_SEMANTICALLY_APPROVED,NOT_CLEARED,true
lex:A2:number,A2,number,NGSL_1_2_CORE,number,127,EXACT_HEADWORD_FORM_ONLY,SOURCE_LEMMA_ONLY_NOT_SENSE_OR_POS,UNREVIEWED_NOT_SEMANTICALLY_APPROVED,NOT_CLEARED,true
lex:A2:nut,A2,nut,NGSL_SFI_31K_EXTENSION,nut,3584,EXACT_HEADWORD_FORM_ONLY,SOURCE_LEMMA_ONLY_NOT_SENSE_OR_POS,UNREVIEWED_NOT_SEMANTICALLY_APPROVED,NOT_CLEARED,true
lex:A2:ocean,A2,ocean,NGSL_1_2_CORE,ocean,2671,EXACT_HEADWORD_FORM_ONLY,SOURCE_LEMMA_ONLY_NOT_SENSE_OR_POS,UNREVIEWED_NOT_SEMANTICALLY_APPROVED,NOT_CLEARED,true
lex:A2:offer,A2,offer,NGSL_1_2_CORE,offer,237,EXACT_HEADWORD_FORM_ONLY,SOURCE_LEMMA_ONLY_NOT_SENSE_OR_POS,UNREVIEWED_NOT_SEMANTICALLY_APPROVED,NOT_CLEARED,true
lex:A2:officer,A2,officer,NGSL_1_2_CORE,officer,896,EXACT_HEADWORD_FORM_ONLY,SOURCE_LEMMA_ONLY_NOT_SENSE_OR_POS,UNREVIEWED_NOT_SEMANTICALLY_APPROVED,NOT_CLEARED,true
lex:A2:oil,A2,oil,NGSL_1_2_CORE,oil,898,EXACT_HEADWORD_FORM_ONLY,SOURCE_LEMMA_ONLY_NOT_SENSE_OR_POS,UNREVIEWED_NOT_SEMANTICALLY_APPROVED,NOT_CLEARED,true
lex:A2:onto,A2,onto,NGSL_1_2_CORE,onto,1404,EXACT_HEADWORD_FORM_ONLY,SOURCE_LEMMA_ONLY_NOT_SENSE_OR_POS,UNREVIEWED_NOT_SEMANTICALLY_APPROVED,NOT_CLEARED,true
lex:A2:opportunity,A2,opportunity,NGSL_1_2_CORE,opportunity,520,EXACT_HEADWORD_FORM_ONLY,SOURCE_LEMMA_ONLY_NOT_SENSE_OR_POS,UNREVIEWED_NOT_SEMANTICALLY_APPROVED,NOT_CLEARED,true
lex:A2:option,A2,option,NGSL_1_2_CORE,option,860,EXACT_HEADWORD_FORM_ONLY,SOURCE_LEMMA_ONLY_NOT_SENSE_OR_POS,UNREVIEWED_NOT_SEMANTICALLY_APPROVED,NOT_CLEARED,true
lex:A2:ordinary,A2,ordinary,NGSL_1_2_CORE,ordinary,1646,EXACT_HEADWORD_FORM_ONLY,SOURCE_LEMMA_ONLY_NOT_SENSE_OR_POS,UNREVIEWED_NOT_SEMANTICALLY_APPROVED,NOT_CLEARED,true
lex:A2:organization,A2,organization,NGSL_1_2_CORE,organization,512,EXACT_HEADWORD_FORM_ONLY,SOURCE_LEMMA_ONLY_NOT_SENSE_OR_POS,UNREVIEWED_NOT_SEMANTICALLY_APPROVED,NOT_CLEARED,true
lex:A2:organize,A2,organize,NGSL_1_2_CORE,organize,824,EXACT_HEADWORD_FORM_ONLY,SOURCE_LEMMA_ONLY_NOT_SENSE_OR_POS,UNREVIEWED_NOT_SEMANTICALLY_APPROVED,NOT_CLEARED,true
lex:A2:original,A2,original,NGSL_1_2_CORE,original,963,EXACT_HEADWORD_FORM_ONLY,SOURCE_LEMMA_ONLY_NOT_SENSE_OR_POS,UNREVIEWED_NOT_SEMANTICALLY_APPROVED,NOT_CLEARED,true
lex:A2:ourselves,A2,ourselves,NGSL_1_2_CORE,ourselves,1615,EXACT_HEADWORD_FORM_ONLY,SOURCE_LEMMA_ONLY_NOT_SENSE_OR_POS,UNREVIEWED_NOT_SEMANTICALLY_APPROVED,NOT_CLEARED,true
lex:A2:outside,A2,outside,NGSL_1_2_CORE,outside,491,EXACT_HEADWORD_FORM_ONLY,SOURCE_LEMMA_ONLY_NOT_SENSE_OR_POS,UNREVIEWED_NOT_SEMANTICALLY_APPROVED,NOT_CLEARED,true
lex:A2:oven,A2,oven,NGSL_SFI_31K_EXTENSION,oven,3699,EXACT_HEADWORD_FORM_ONLY,SOURCE_LEMMA_ONLY_NOT_SENSE_OR_POS,UNREVIEWED_NOT_SEMANTICALLY_APPROVED,NOT_CLEARED,true
lex:A2:own,A2,own,NGSL_1_2_CORE,own,129,EXACT_HEADWORD_FORM_ONLY,SOURCE_LEMMA_ONLY_NOT_SENSE_OR_POS,UNREVIEWED_NOT_SEMANTICALLY_APPROVED,NOT_CLEARED,true
lex:A2:owner,A2,owner,NGSL_1_2_CORE,owner,1258,EXACT_HEADWORD_FORM_ONLY,SOURCE_LEMMA_ONLY_NOT_SENSE_OR_POS,UNREVIEWED_NOT_SEMANTICALLY_APPROVED,NOT_CLEARED,true
lex:A2:pack,A2,pack,NGSL_1_2_CORE,pack,1387,EXACT_HEADWORD_FORM_ONLY,SOURCE_LEMMA_ONLY_NOT_SENSE_OR_POS,UNREVIEWED_NOT_SEMANTICALLY_APPROVED,NOT_CLEARED,true
lex:A2:pain,A2,pain,NGSL_1_2_CORE,pain,1150,EXACT_HEADWORD_FORM_ONLY,SOURCE_LEMMA_ONLY_NOT_SENSE_OR_POS,UNREVIEWED_NOT_SEMANTICALLY_APPROVED,NOT_CLEARED,true
lex:A2:painter,A2,painter,NGSL_SFI_31K_EXTENSION,painter,3533,EXACT_HEADWORD_FORM_ONLY,SOURCE_LEMMA_ONLY_NOT_SENSE_OR_POS,UNREVIEWED_NOT_SEMANTICALLY_APPROVED,NOT_CLEARED,true
lex:A2:palace,A2,palace,NGSL_SFI_31K_EXTENSION,palace,3110,EXACT_HEADWORD_FORM_ONLY,SOURCE_LEMMA_ONLY_NOT_SENSE_OR_POS,UNREVIEWED_NOT_SEMANTICALLY_APPROVED,NOT_CLEARED,true
lex:A2:pants,A2,pants,NO_DIRECT_SOURCE_LEMMA,,,NO_DIRECT_MATCH,SOURCE_LEMMA_ONLY_NOT_SENSE_OR_POS,UNREVIEWED_NOT_SEMANTICALLY_APPROVED,NOT_CLEARED,true
lex:A2:parking,A2,parking,NO_DIRECT_SOURCE_LEMMA,,,NO_DIRECT_MATCH,SOURCE_LEMMA_ONLY_NOT_SENSE_OR_POS,UNREVIEWED_NOT_SEMANTICALLY_APPROVED,NOT_CLEARED,true
lex:A2:particular,A2,particular,NGSL_1_2_CORE,particular,467,EXACT_HEADWORD_FORM_ONLY,SOURCE_LEMMA_ONLY_NOT_SENSE_OR_POS,UNREVIEWED_NOT_SEMANTICALLY_APPROVED,NOT_CLEARED,true
lex:A2:pass,A2,pass,NGSL_1_2_CORE,pass,416,EXACT_HEADWORD_FORM_ONLY,SOURCE_LEMMA_ONLY_NOT_SENSE_OR_POS,UNREVIEWED_NOT_SEMANTICALLY_APPROVED,NOT_CLEARED,true
lex:A2:passenger,A2,passenger,NGSL_1_2_CORE,passenger,1695,EXACT_HEADWORD_FORM_ONLY,SOURCE_LEMMA_ONLY_NOT_SENSE_OR_POS,UNREVIEWED_NOT_SEMANTICALLY_APPROVED,NOT_CLEARED,true
lex:A2:past,A2,past,NGSL_1_2_CORE,past,330,EXACT_HEADWORD_FORM_ONLY,SOURCE_LEMMA_ONLY_NOT_SENSE_OR_POS,UNREVIEWED_NOT_SEMANTICALLY_APPROVED,NOT_CLEARED,true
lex:A2:patient,A2,patient,NGSL_1_2_CORE,patient,589,EXACT_HEADWORD_FORM_ONLY,SOURCE_LEMMA_ONLY_NOT_SENSE_OR_POS,UNREVIEWED_NOT_SEMANTICALLY_APPROVED,NOT_CLEARED,true
lex:A2:pattern,A2,pattern,NGSL_1_2_CORE,pattern,883,EXACT_HEADWORD_FORM_ONLY,SOURCE_LEMMA_ONLY_NOT_SENSE_OR_POS,UNREVIEWED_NOT_SEMANTICALLY_APPROVED,NOT_CLEARED,true
lex:A2:pay,A2,pay,NGSL_1_2_CORE,pay,220,EXACT_HEADWORD_FORM_ONLY,SOURCE_LEMMA_ONLY_NOT_SENSE_OR_POS,UNREVIEWED_NOT_SEMANTICALLY_APPROVED,NOT_CLEARED,true
lex:A2:peace,A2,peace,NGSL_1_2_CORE,peace,1126,EXACT_HEADWORD_FORM_ONLY,SOURCE_LEMMA_ONLY_NOT_SENSE_OR_POS,UNREVIEWED_NOT_SEMANTICALLY_APPROVED,NOT_CLEARED,true
lex:A2:penny,A2,penny,NGSL_SFI_31K_EXTENSION,penny,4181,EXACT_HEADWORD_FORM_ONLY,SOURCE_LEMMA_ONLY_NOT_SENSE_OR_POS,UNREVIEWED_NOT_SEMANTICALLY_APPROVED,NOT_CLEARED,true
lex:A2:per,A2,per,NGSL_1_2_CORE,per,373,EXACT_HEADWORD_FORM_ONLY,SOURCE_LEMMA_ONLY_NOT_SENSE_OR_POS,UNREVIEWED_NOT_SEMANTICALLY_APPROVED,NOT_CLEARED,true
lex:A2:per-cent,A2,per cent,NO_DIRECT_SOURCE_LEMMA,,,NO_DIRECT_MATCH,SOURCE_LEMMA_ONLY_NOT_SENSE_OR_POS,UNREVIEWED_NOT_SEMANTICALLY_APPROVED,NOT_CLEARED,true
lex:A2:perform,A2,perform,NGSL_1_2_CORE,perform,935,EXACT_HEADWORD_FORM_ONLY,SOURCE_LEMMA_ONLY_NOT_SENSE_OR_POS,UNREVIEWED_NOT_SEMANTICALLY_APPROVED,NOT_CLEARED,true
lex:A2:perhaps,A2,perhaps,NGSL_1_2_CORE,perhaps,413,EXACT_HEADWORD_FORM_ONLY,SOURCE_LEMMA_ONLY_NOT_SENSE_OR_POS,UNREVIEWED_NOT_SEMANTICALLY_APPROVED,NOT_CLEARED,true
lex:A2:permission,A2,permission,NGSL_1_2_CORE,permission,2414,EXACT_HEADWORD_FORM_ONLY,SOURCE_LEMMA_ONLY_NOT_SENSE_OR_POS,UNREVIEWED_NOT_SEMANTICALLY_APPROVED,NOT_CLEARED,true
lex:A2:personality,A2,personality,NGSL_1_2_CORE,personality,1652,EXACT_HEADWORD_FORM_ONLY,SOURCE_LEMMA_ONLY_NOT_SENSE_OR_POS,UNREVIEWED_NOT_SEMANTICALLY_APPROVED,NOT_CLEARED,true
lex:A2:pet,A2,pet,NGSL_SFI_31K_EXTENSION,pet,2899,EXACT_HEADWORD_FORM_ONLY,SOURCE_LEMMA_ONLY_NOT_SENSE_OR_POS,UNREVIEWED_NOT_SEMANTICALLY_APPROVED,NOT_CLEARED,true
lex:A2:petrol,A2,petrol,NGSL_SFI_31K_EXTENSION,petrol,3544,EXACT_HEADWORD_FORM_ONLY,SOURCE_LEMMA_ONLY_NOT_SENSE_OR_POS,UNREVIEWED_NOT_SEMANTICALLY_APPROVED,NOT_CLEARED,true
lex:A2:photograph,A2,photograph,NGSL_1_2_CORE,photograph,1182,EXACT_HEADWORD_FORM_ONLY,SOURCE_LEMMA_ONLY_NOT_SENSE_OR_POS,UNREVIEWED_NOT_SEMANTICALLY_APPROVED,NOT_CLEARED,true
lex:A2:physical,A2,physical,NGSL_1_2_CORE,physical,1120,EXACT_HEADWORD_FORM_ONLY,SOURCE_LEMMA_ONLY_NOT_SENSE_OR_POS,UNREVIEWED_NOT_SEMANTICALLY_APPROVED,NOT_CLEARED,true
lex:A2:physics,A2,physics,NGSL_SFI_31K_EXTENSION,physics,4958,EXACT_HEADWORD_FORM_ONLY,SOURCE_LEMMA_ONLY_NOT_SENSE_OR_POS,UNREVIEWED_NOT_SEMANTICALLY_APPROVED,NOT_CLEARED,true
lex:A2:pick,A2,pick,NGSL_1_2_CORE,pick,583,EXACT_HEADWORD_FORM_ONLY,SOURCE_LEMMA_ONLY_NOT_SENSE_OR_POS,UNREVIEWED_NOT_SEMANTICALLY_APPROVED,NOT_CLEARED,true
lex:A2:pilot,A2,pilot,NGSL_1_2_CORE,pilot,1796,EXACT_HEADWORD_FORM_ONLY,SOURCE_LEMMA_ONLY_NOT_SENSE_OR_POS,UNREVIEWED_NOT_SEMANTICALLY_APPROVED,NOT_CLEARED,true
lex:A2:planet,A2,planet,NGSL_1_2_CORE,planet,2219,EXACT_HEADWORD_FORM_ONLY,SOURCE_LEMMA_ONLY_NOT_SENSE_OR_POS,UNREVIEWED_NOT_SEMANTICALLY_APPROVED,NOT_CLEARED,true
lex:A2:plant,A2,plant,NGSL_1_2_CORE,plant,671,EXACT_HEADWORD_FORM_ONLY,SOURCE_LEMMA_ONLY_NOT_SENSE_OR_POS,UNREVIEWED_NOT_SEMANTICALLY_APPROVED,NOT_CLEARED,true
lex:A2:plastic,A2,plastic,NGSL_1_2_CORE,plastic,1850,EXACT_HEADWORD_FORM_ONLY,SOURCE_LEMMA_ONLY_NOT_SENSE_OR_POS,UNREVIEWED_NOT_SEMANTICALLY_APPROVED,NOT_CLEARED,true
lex:A2:plate,A2,plate,NGSL_1_2_CORE,plate,1705,EXACT_HEADWORD_FORM_ONLY,SOURCE_LEMMA_ONLY_NOT_SENSE_OR_POS,UNREVIEWED_NOT_SEMANTICALLY_APPROVED,NOT_CLEARED,true
lex:A2:platform,A2,platform,NGSL_1_2_CORE,platform,2171,EXACT_HEADWORD_FORM_ONLY,SOURCE_LEMMA_ONLY_NOT_SENSE_OR_POS,UNREVIEWED_NOT_SEMANTICALLY_APPROVED,NOT_CLEARED,true
lex:A2:please,A2,please,NGSL_1_2_CORE,please,471,EXACT_HEADWORD_FORM_ONLY,SOURCE_LEMMA_ONLY_NOT_SENSE_OR_POS,UNREVIEWED_NOT_SEMANTICALLY_APPROVED,NOT_CLEARED,true
lex:A2:pleased,A2,pleased,NO_DIRECT_SOURCE_LEMMA,,,NO_DIRECT_MATCH,SOURCE_LEMMA_ONLY_NOT_SENSE_OR_POS,UNREVIEWED_NOT_SEMANTICALLY_APPROVED,NOT_CLEARED,true
lex:A2:pocket,A2,pocket,NGSL_1_2_CORE,pocket,1865,EXACT_HEADWORD_FORM_ONLY,SOURCE_LEMMA_ONLY_NOT_SENSE_OR_POS,UNREVIEWED_NOT_SEMANTICALLY_APPROVED,NOT_CLEARED,true
lex:A2:polite,A2,polite,NGSL_SFI_31K_EXTENSION,polite,3931,EXACT_HEADWORD_FORM_ONLY,SOURCE_LEMMA_ONLY_NOT_SENSE_OR_POS,UNREVIEWED_NOT_SEMANTICALLY_APPROVED,NOT_CLEARED,true
lex:A2:pollution,A2,pollution,NGSL_1_2_CORE,pollution,2164,EXACT_HEADWORD_FORM_ONLY,SOURCE_LEMMA_ONLY_NOT_SENSE_OR_POS,UNREVIEWED_NOT_SEMANTICALLY_APPROVED,NOT_CLEARED,true
lex:A2:pop,A2,pop,NGSL_1_2_CORE,pop,1289,EXACT_HEADWORD_FORM_ONLY,SOURCE_LEMMA_ONLY_NOT_SENSE_OR_POS,UNREVIEWED_NOT_SEMANTICALLY_APPROVED,NOT_CLEARED,true
lex:A2:population,A2,population,NGSL_1_2_CORE,population,710,EXACT_HEADWORD_FORM_ONLY,SOURCE_LEMMA_ONLY_NOT_SENSE_OR_POS,UNREVIEWED_NOT_SEMANTICALLY_APPROVED,NOT_CLEARED,true
lex:A2:position,A2,position,NGSL_1_2_CORE,position,426,EXACT_HEADWORD_FORM_ONLY,SOURCE_LEMMA_ONLY_NOT_SENSE_OR_POS,UNREVIEWED_NOT_SEMANTICALLY_APPROVED,NOT_CLEARED,true
lex:A2:possession,A2,possession,NGSL_1_2_CORE,possession,2541,EXACT_HEADWORD_FORM_ONLY,SOURCE_LEMMA_ONLY_NOT_SENSE_OR_POS,UNREVIEWED_NOT_SEMANTICALLY_APPROVED,NOT_CLEARED,true
lex:A2:possibility,A2,possibility,NGSL_1_2_CORE,possibility,951,EXACT_HEADWORD_FORM_ONLY,SOURCE_LEMMA_ONLY_NOT_SENSE_OR_POS,UNREVIEWED_NOT_SEMANTICALLY_APPROVED,NOT_CLEARED,true
lex:A2:poster,A2,poster,NGSL_SFI_31K_EXTENSION,poster,3438,EXACT_HEADWORD_FORM_ONLY,SOURCE_LEMMA_ONLY_NOT_SENSE_OR_POS,UNREVIEWED_NOT_SEMANTICALLY_APPROVED,NOT_CLEARED,true
lex:A2:power,A2,power,NGSL_1_2_CORE,power,331,EXACT_HEADWORD_FORM_ONLY,SOURCE_LEMMA_ONLY_NOT_SENSE_OR_POS,UNREVIEWED_NOT_SEMANTICALLY_APPROVED,NOT_CLEARED,true
lex:A2:predict,A2,predict,NGSL_1_2_CORE,predict,1561,EXACT_HEADWORD_FORM_ONLY,SOURCE_LEMMA_ONLY_NOT_SENSE_OR_POS,UNREVIEWED_NOT_SEMANTICALLY_APPROVED,NOT_CLEARED,true
lex:A2:present,A2,present,NGSL_1_2_CORE,present,275,EXACT_HEADWORD_FORM_ONLY,SOURCE_LEMMA_ONLY_NOT_SENSE_OR_POS,UNREVIEWED_NOT_SEMANTICALLY_APPROVED,NOT_CLEARED,true
lex:A2:president,A2,president,NGSL_1_2_CORE,president,612,EXACT_HEADWORD_FORM_ONLY,SOURCE_LEMMA_ONLY_NOT_SENSE_OR_POS,UNREVIEWED_NOT_SEMANTICALLY_APPROVED,NOT_CLEARED,true
lex:A2:prevent,A2,prevent,NGSL_1_2_CORE,prevent,1026,EXACT_HEADWORD_FORM_ONLY,SOURCE_LEMMA_ONLY_NOT_SENSE_OR_POS,UNREVIEWED_NOT_SEMANTICALLY_APPROVED,NOT_CLEARED,true
lex:A2:print,A2,print,NGSL_1_2_CORE,print,1100,EXACT_HEADWORD_FORM_ONLY,SOURCE_LEMMA_ONLY_NOT_SENSE_OR_POS,UNREVIEWED_NOT_SEMANTICALLY_APPROVED,NOT_CLEARED,true
lex:A2:printer,A2,printer,NGSL_1_2_CORE,printer,2664,EXACT_HEADWORD_FORM_ONLY,SOURCE_LEMMA_ONLY_NOT_SENSE_OR_POS,UNREVIEWED_NOT_SEMANTICALLY_APPROVED,NOT_CLEARED,true
lex:A2:prison,A2,prison,NGSL_1_2_CORE,prison,1462,EXACT_HEADWORD_FORM_ONLY,SOURCE_LEMMA_ONLY_NOT_SENSE_OR_POS,UNREVIEWED_NOT_SEMANTICALLY_APPROVED,NOT_CLEARED,true
lex:A2:prize,A2,prize,NGSL_1_2_CORE,prize,2005,EXACT_HEADWORD_FORM_ONLY,SOURCE_LEMMA_ONLY_NOT_SENSE_OR_POS,UNREVIEWED_NOT_SEMANTICALLY_APPROVED,NOT_CLEARED,true
lex:A2:process,A2,process,NGSL_1_2_CORE,process,286,EXACT_HEADWORD_FORM_ONLY,SOURCE_LEMMA_ONLY_NOT_SENSE_OR_POS,UNREVIEWED_NOT_SEMANTICALLY_APPROVED,NOT_CLEARED,true
lex:A2:produce,A2,produce,NGSL_1_2_CORE,produce,417,EXACT_HEADWORD_FORM_ONLY,SOURCE_LEMMA_ONLY_NOT_SENSE_OR_POS,UNREVIEWED_NOT_SEMANTICALLY_APPROVED,NOT_CLEARED,true
lex:A2:professional,A2,professional,NGSL_1_2_CORE,professional,936,EXACT_HEADWORD_FORM_ONLY,SOURCE_LEMMA_ONLY_NOT_SENSE_OR_POS,UNREVIEWED_NOT_SEMANTICALLY_APPROVED,NOT_CLEARED,true
lex:A2:professor,A2,professor,NGSL_1_2_CORE,professor,1762,EXACT_HEADWORD_FORM_ONLY,SOURCE_LEMMA_ONLY_NOT_SENSE_OR_POS,UNREVIEWED_NOT_SEMANTICALLY_APPROVED,NOT_CLEARED,true
lex:A2:profile,A2,profile,NGSL_1_2_CORE,profile,2065,EXACT_HEADWORD_FORM_ONLY,SOURCE_LEMMA_ONLY_NOT_SENSE_OR_POS,UNREVIEWED_NOT_SEMANTICALLY_APPROVED,NOT_CLEARED,true
lex:A2:program,A2,program,NGSL_1_2_CORE,program,240,EXACT_HEADWORD_FORM_ONLY,SOURCE_LEMMA_ONLY_NOT_SENSE_OR_POS,UNREVIEWED_NOT_SEMANTICALLY_APPROVED,NOT_CLEARED,true
lex:A2:progress,A2,progress,NGSL_1_2_CORE,progress,1101,EXACT_HEADWORD_FORM_ONLY,SOURCE_LEMMA_ONLY_NOT_SENSE_OR_POS,UNREVIEWED_NOT_SEMANTICALLY_APPROVED,NOT_CLEARED,true
lex:A2:promise,A2,promise,NGSL_1_2_CORE,promise,829,EXACT_HEADWORD_FORM_ONLY,SOURCE_LEMMA_ONLY_NOT_SENSE_OR_POS,UNREVIEWED_NOT_SEMANTICALLY_APPROVED,NOT_CLEARED,true
lex:A2:pronounce,A2,pronounce,NGSL_SFI_31K_EXTENSION,pronounce,3230,EXACT_HEADWORD_FORM_ONLY,SOURCE_LEMMA_ONLY_NOT_SENSE_OR_POS,UNREVIEWED_NOT_SEMANTICALLY_APPROVED,NOT_CLEARED,true
lex:A2:protect,A2,protect,NGSL_1_2_CORE,protect,903,EXACT_HEADWORD_FORM_ONLY,SOURCE_LEMMA_ONLY_NOT_SENSE_OR_POS,UNREVIEWED_NOT_SEMANTICALLY_APPROVED,NOT_CLEARED,true
lex:A2:provide,A2,provide,NGSL_1_2_CORE,provide,205,EXACT_HEADWORD_FORM_ONLY,SOURCE_LEMMA_ONLY_NOT_SENSE_OR_POS,UNREVIEWED_NOT_SEMANTICALLY_APPROVED,NOT_CLEARED,true
lex:A2:pub,A2,pub,NGSL_1_2_CORE,pub,2141,EXACT_HEADWORD_FORM_ONLY,SOURCE_LEMMA_ONLY_NOT_SENSE_OR_POS,UNREVIEWED_NOT_SEMANTICALLY_APPROVED,NOT_CLEARED,true
lex:A2:public,A2,public,NGSL_1_2_CORE,public,287,EXACT_HEADWORD_FORM_ONLY,SOURCE_LEMMA_ONLY_NOT_SENSE_OR_POS,UNREVIEWED_NOT_SEMANTICALLY_APPROVED,NOT_CLEARED,true
lex:A2:publish,A2,publish,NGSL_SFI_31K_EXTENSION,publish,793,EXACT_HEADWORD_FORM_ONLY,SOURCE_LEMMA_ONLY_NOT_SENSE_OR_POS,UNREVIEWED_NOT_SEMANTICALLY_APPROVED,NOT_CLEARED,true
lex:A2:pull,A2,pull,NGSL_1_2_CORE,pull,799,EXACT_HEADWORD_FORM_ONLY,SOURCE_LEMMA_ONLY_NOT_SENSE_OR_POS,UNREVIEWED_NOT_SEMANTICALLY_APPROVED,NOT_CLEARED,true
lex:A2:purpose,A2,purpose,NGSL_1_2_CORE,purpose,735,EXACT_HEADWORD_FORM_ONLY,SOURCE_LEMMA_ONLY_NOT_SENSE_OR_POS,UNREVIEWED_NOT_SEMANTICALLY_APPROVED,NOT_CLEARED,true
lex:A2:push,A2,push,NGSL_1_2_CORE,push,868,EXACT_HEADWORD_FORM_ONLY,SOURCE_LEMMA_ONLY_NOT_SENSE_OR_POS,UNREVIEWED_NOT_SEMANTICALLY_APPROVED,NOT_CLEARED,true
lex:A2:quality,A2,quality,NGSL_1_2_CORE,quality,517,EXACT_HEADWORD_FORM_ONLY,SOURCE_LEMMA_ONLY_NOT_SENSE_OR_POS,UNREVIEWED_NOT_SEMANTICALLY_APPROVED,NOT_CLEARED,true
lex:A2:quantity,A2,quantity,NGSL_1_2_CORE,quantity,2267,EXACT_HEADWORD_FORM_ONLY,SOURCE_LEMMA_ONLY_NOT_SENSE_OR_POS,UNREVIEWED_NOT_SEMANTICALLY_APPROVED,NOT_CLEARED,true
lex:A2:queen,A2,queen,NGSL_SFI_31K_EXTENSION,queen,3840,EXACT_HEADWORD_FORM_ONLY,SOURCE_LEMMA_ONLY_NOT_SENSE_OR_POS,UNREVIEWED_NOT_SEMANTICALLY_APPROVED,NOT_CLEARED,true
lex:A2:question,A2,question,NGSL_1_2_CORE,question,181,EXACT_HEADWORD_FORM_ONLY,SOURCE_LEMMA_ONLY_NOT_SENSE_OR_POS,UNREVIEWED_NOT_SEMANTICALLY_APPROVED,NOT_CLEARED,true
lex:A2:quietly,A2,quietly,NGSL_1_2_CORE,quietly,2672,EXACT_HEADWORD_FORM_ONLY,SOURCE_LEMMA_ONLY_NOT_SENSE_OR_POS,UNREVIEWED_NOT_SEMANTICALLY_APPROVED,NOT_CLEARED,true
lex:A2:race-competition,A2,race (competition),NGSL_1_2_CORE,race,732,HEADWORD_NORMALIZED_REQUIRES_REVIEW,SOURCE_LEMMA_ONLY_NOT_SENSE_OR_POS,UNREVIEWED_NOT_SEMANTICALLY_APPROVED,NOT_CLEARED,true
lex:A2:railway,A2,railway,NGSL_SFI_31K_EXTENSION,railway,2328,EXACT_HEADWORD_FORM_ONLY,SOURCE_LEMMA_ONLY_NOT_SENSE_OR_POS,UNREVIEWED_NOT_SEMANTICALLY_APPROVED,NOT_CLEARED,true
lex:A2:raise,A2,raise,NGSL_1_2_CORE,raise,486,EXACT_HEADWORD_FORM_ONLY,SOURCE_LEMMA_ONLY_NOT_SENSE_OR_POS,UNREVIEWED_NOT_SEMANTICALLY_APPROVED,NOT_CLEARED,true
lex:A2:rate,A2,rate,NGSL_1_2_CORE,rate,312,EXACT_HEADWORD_FORM_ONLY,SOURCE_LEMMA_ONLY_NOT_SENSE_OR_POS,UNREVIEWED_NOT_SEMANTICALLY_APPROVED,NOT_CLEARED,true
lex:A2:rather,A2,rather,NGSL_1_2_CORE,rather,292,EXACT_HEADWORD_FORM_ONLY,SOURCE_LEMMA_ONLY_NOT_SENSE_OR_POS,UNREVIEWED_NOT_SEMANTICALLY_APPROVED,NOT_CLEARED,true
lex:A2:reach,A2,reach,NGSL_1_2_CORE,reach,380,EXACT_HEADWORD_FORM_ONLY,SOURCE_LEMMA_ONLY_NOT_SENSE_OR_POS,UNREVIEWED_NOT_SEMANTICALLY_APPROVED,NOT_CLEARED,true
lex:A2:react,A2,react,NGSL_1_2_CORE,react,2377,EXACT_HEADWORD_FORM_ONLY,SOURCE_LEMMA_ONLY_NOT_SENSE_OR_POS,UNREVIEWED_NOT_SEMANTICALLY_APPROVED,NOT_CLEARED,true
lex:A2:realize,A2,realize,NGSL_1_2_CORE,realize,554,EXACT_HEADWORD_FORM_ONLY,SOURCE_LEMMA_ONLY_NOT_SENSE_OR_POS,UNREVIEWED_NOT_SEMANTICALLY_APPROVED,NOT_CLEARED,true
lex:A2:receive,A2,receive,NGSL_1_2_CORE,receive,396,EXACT_HEADWORD_FORM_ONLY,SOURCE_LEMMA_ONLY_NOT_SENSE_OR_POS,UNREVIEWED_NOT_SEMANTICALLY_APPROVED,NOT_CLEARED,true
lex:A2:recent,A2,recent,NGSL_1_2_CORE,recent,641,EXACT_HEADWORD_FORM_ONLY,SOURCE_LEMMA_ONLY_NOT_SENSE_OR_POS,UNREVIEWED_NOT_SEMANTICALLY_APPROVED,NOT_CLEARED,true
lex:A2:recently,A2,recently,NGSL_1_2_CORE,recently,638,EXACT_HEADWORD_FORM_ONLY,SOURCE_LEMMA_ONLY_NOT_SENSE_OR_POS,UNREVIEWED_NOT_SEMANTICALLY_APPROVED,NOT_CLEARED,true
lex:A2:reception,A2,reception,NGSL_SFI_31K_EXTENSION,reception,2669,EXACT_HEADWORD_FORM_ONLY,SOURCE_LEMMA_ONLY_NOT_SENSE_OR_POS,UNREVIEWED_NOT_SEMANTICALLY_APPROVED,NOT_CLEARED,true
lex:A2:recipe,A2,recipe,NGSL_SFI_31K_EXTENSION,recipe,3380,EXACT_HEADWORD_FORM_ONLY,SOURCE_LEMMA_ONLY_NOT_SENSE_OR_POS,UNREVIEWED_NOT_SEMANTICALLY_APPROVED,NOT_CLEARED,true
lex:A2:recognize,A2,recognize,NGSL_1_2_CORE,recognize,733,EXACT_HEADWORD_FORM_ONLY,SOURCE_LEMMA_ONLY_NOT_SENSE_OR_POS,UNREVIEWED_NOT_SEMANTICALLY_APPROVED,NOT_CLEARED,true
lex:A2:recommend,A2,recommend,NGSL_1_2_CORE,recommend,1007,EXACT_HEADWORD_FORM_ONLY,SOURCE_LEMMA_ONLY_NOT_SENSE_OR_POS,UNREVIEWED_NOT_SEMANTICALLY_APPROVED,NOT_CLEARED,true
lex:A2:record,A2,record,NGSL_1_2_CORE,record,344,EXACT_HEADWORD_FORM_ONLY,SOURCE_LEMMA_ONLY_NOT_SENSE_OR_POS,UNREVIEWED_NOT_SEMANTICALLY_APPROVED,NOT_CLEARED,true
lex:A2:recording,A2,recording,NO_DIRECT_SOURCE_LEMMA,,,NO_DIRECT_MATCH,SOURCE_LEMMA_ONLY_NOT_SENSE_OR_POS,UNREVIEWED_NOT_SEMANTICALLY_APPROVED,NOT_CLEARED,true
lex:A2:recycle,A2,recycle,NGSL_SFI_31K_EXTENSION,recycle,3108,EXACT_HEADWORD_FORM_ONLY,SOURCE_LEMMA_ONLY_NOT_SENSE_OR_POS,UNREVIEWED_NOT_SEMANTICALLY_APPROVED,NOT_CLEARED,true
lex:A2:reduce,A2,reduce,NGSL_1_2_CORE,reduce,584,EXACT_HEADWORD_FORM_ONLY,SOURCE_LEMMA_ONLY_NOT_SENSE_OR_POS,UNREVIEWED_NOT_SEMANTICALLY_APPROVED,NOT_CLEARED,true
lex:A2:refer,A2,refer,NGSL_1_2_CORE,refer,866,EXACT_HEADWORD_FORM_ONLY,SOURCE_LEMMA_ONLY_NOT_SENSE_OR_POS,UNREVIEWED_NOT_SEMANTICALLY_APPROVED,NOT_CLEARED,true
lex:A2:refuse,A2,refuse¹,NGSL_1_2_CORE,refuse,1209,HEADWORD_NORMALIZED_REQUIRES_REVIEW,SOURCE_LEMMA_ONLY_NOT_SENSE_OR_POS,UNREVIEWED_NOT_SEMANTICALLY_APPROVED,NOT_CLEARED,true
lex:A2:region,A2,region,NGSL_1_2_CORE,region,677,EXACT_HEADWORD_FORM_ONLY,SOURCE_LEMMA_ONLY_NOT_SENSE_OR_POS,UNREVIEWED_NOT_SEMANTICALLY_APPROVED,NOT_CLEARED,true
lex:A2:regular,A2,regular,NGSL_1_2_CORE,regular,1119,EXACT_HEADWORD_FORM_ONLY,SOURCE_LEMMA_ONLY_NOT_SENSE_OR_POS,UNREVIEWED_NOT_SEMANTICALLY_APPROVED,NOT_CLEARED,true
lex:A2:relationship,A2,relationship,NGSL_1_2_CORE,relationship,502,EXACT_HEADWORD_FORM_ONLY,SOURCE_LEMMA_ONLY_NOT_SENSE_OR_POS,UNREVIEWED_NOT_SEMANTICALLY_APPROVED,NOT_CLEARED,true
lex:A2:remove,A2,remove,NGSL_1_2_CORE,remove,1053,EXACT_HEADWORD_FORM_ONLY,SOURCE_LEMMA_ONLY_NOT_SENSE_OR_POS,UNREVIEWED_NOT_SEMANTICALLY_APPROVED,NOT_CLEARED,true
lex:A2:repair,A2,repair,NGSL_1_2_CORE,repair,1878,EXACT_HEADWORD_FORM_ONLY,SOURCE_LEMMA_ONLY_NOT_SENSE_OR_POS,UNREVIEWED_NOT_SEMANTICALLY_APPROVED,NOT_CLEARED,true
lex:A2:replace,A2,replace,NGSL_1_2_CORE,replace,994,EXACT_HEADWORD_FORM_ONLY,SOURCE_LEMMA_ONLY_NOT_SENSE_OR_POS,UNREVIEWED_NOT_SEMANTICALLY_APPROVED,NOT_CLEARED,true
lex:A2:reply,A2,reply,NGSL_1_2_CORE,reply,1108,EXACT_HEADWORD_FORM_ONLY,SOURCE_LEMMA_ONLY_NOT_SENSE_OR_POS,UNREVIEWED_NOT_SEMANTICALLY_APPROVED,NOT_CLEARED,true
lex:A2:report,A2,report,NGSL_1_2_CORE,report,166,EXACT_HEADWORD_FORM_ONLY,SOURCE_LEMMA_ONLY_NOT_SENSE_OR_POS,UNREVIEWED_NOT_SEMANTICALLY_APPROVED,NOT_CLEARED,true
lex:A2:reporter,A2,reporter,NGSL_1_2_CORE,reporter,1905,EXACT_HEADWORD_FORM_ONLY,SOURCE_LEMMA_ONLY_NOT_SENSE_OR_POS,UNREVIEWED_NOT_SEMANTICALLY_APPROVED,NOT_CLEARED,true
lex:A2:request,A2,request,NGSL_1_2_CORE,request,1011,EXACT_HEADWORD_FORM_ONLY,SOURCE_LEMMA_ONLY_NOT_SENSE_OR_POS,UNREVIEWED_NOT_SEMANTICALLY_APPROVED,NOT_CLEARED,true
lex:A2:research,A2,research,NGSL_1_2_CORE,research,423,EXACT_HEADWORD_FORM_ONLY,SOURCE_LEMMA_ONLY_NOT_SENSE_OR_POS,UNREVIEWED_NOT_SEMANTICALLY_APPROVED,NOT_CLEARED,true
lex:A2:researcher,A2,researcher,NGSL_1_2_CORE,researcher,1645,EXACT_HEADWORD_FORM_ONLY,SOURCE_LEMMA_ONLY_NOT_SENSE_OR_POS,UNREVIEWED_NOT_SEMANTICALLY_APPROVED,NOT_CLEARED,true
lex:A2:respond,A2,respond,NGSL_1_2_CORE,respond,1116,EXACT_HEADWORD_FORM_ONLY,SOURCE_LEMMA_ONLY_NOT_SENSE_OR_POS,UNREVIEWED_NOT_SEMANTICALLY_APPROVED,NOT_CLEARED,true
lex:A2:response,A2,response,NGSL_1_2_CORE,response,606,EXACT_HEADWORD_FORM_ONLY,SOURCE_LEMMA_ONLY_NOT_SENSE_OR_POS,UNREVIEWED_NOT_SEMANTICALLY_APPROVED,NOT_CLEARED,true
lex:A2:rest-remaining-part,A2,rest (remaining part),NGSL_1_2_CORE,rest,528,HEADWORD_NORMALIZED_REQUIRES_REVIEW,SOURCE_LEMMA_ONLY_NOT_SENSE_OR_POS,UNREVIEWED_NOT_SEMANTICALLY_APPROVED,NOT_CLEARED,true
lex:A2:rest-sleep-relax,A2,rest (sleep/relax),NGSL_1_2_CORE,rest,528,HEADWORD_NORMALIZED_REQUIRES_REVIEW,SOURCE_LEMMA_ONLY_NOT_SENSE_OR_POS,UNREVIEWED_NOT_SEMANTICALLY_APPROVED,NOT_CLEARED,true
lex:A2:review,A2,review,NGSL_1_2_CORE,review,730,EXACT_HEADWORD_FORM_ONLY,SOURCE_LEMMA_ONLY_NOT_SENSE_OR_POS,UNREVIEWED_NOT_SEMANTICALLY_APPROVED,NOT_CLEARED,true
lex:A2:ride,A2,ride,NGSL_1_2_CORE,ride,1050,EXACT_HEADWORD_FORM_ONLY,SOURCE_LEMMA_ONLY_NOT_SENSE_OR_POS,UNREVIEWED_NOT_SEMANTICALLY_APPROVED,NOT_CLEARED,true
lex:A2:ring,A2,ring¹,NGSL_1_2_CORE,ring,945,HEADWORD_NORMALIZED_REQUIRES_REVIEW,SOURCE_LEMMA_ONLY_NOT_SENSE_OR_POS,UNREVIEWED_NOT_SEMANTICALLY_APPROVED,NOT_CLEARED,true
lex:A2:ring-2,A2,ring²,NGSL_1_2_CORE,ring,945,HEADWORD_NORMALIZED_REQUIRES_REVIEW,SOURCE_LEMMA_ONLY_NOT_SENSE_OR_POS,UNREVIEWED_NOT_SEMANTICALLY_APPROVED,NOT_CLEARED,true
lex:A2:rise,A2,rise,NGSL_1_2_CORE,rise,462,EXACT_HEADWORD_FORM_ONLY,SOURCE_LEMMA_ONLY_NOT_SENSE_OR_POS,UNREVIEWED_NOT_SEMANTICALLY_APPROVED,NOT_CLEARED,true
lex:A2:rock-stone,A2,rock (stone),NGSL_1_2_CORE,rock,965,HEADWORD_NORMALIZED_REQUIRES_REVIEW,SOURCE_LEMMA_ONLY_NOT_SENSE_OR_POS,UNREVIEWED_NOT_SEMANTICALLY_APPROVED,NOT_CLEARED,true
lex:A2:rock-music,A2,rock (music),NGSL_1_2_CORE,rock,965,HEADWORD_NORMALIZED_REQUIRES_REVIEW,SOURCE_LEMMA_ONLY_NOT_SENSE_OR_POS,UNREVIEWED_NOT_SEMANTICALLY_APPROVED,NOT_CLEARED,true
lex:A2:role,A2,role,NGSL_1_2_CORE,role,468,EXACT_HEADWORD_FORM_ONLY,SOURCE_LEMMA_ONLY_NOT_SENSE_OR_POS,UNREVIEWED_NOT_SEMANTICALLY_APPROVED,NOT_CLEARED,true
lex:A2:roof,A2,roof,NGSL_1_2_CORE,roof,2016,EXACT_HEADWORD_FORM_ONLY,SOURCE_LEMMA_ONLY_NOT_SENSE_OR_POS,UNREVIEWED_NOT_SEMANTICALLY_APPROVED,NOT_CLEARED,true
lex:A2:round,A2,round,NGSL_1_2_CORE,round,519,EXACT_HEADWORD_FORM_ONLY,SOURCE_LEMMA_ONLY_NOT_SENSE_OR_POS,UNREVIEWED_NOT_SEMANTICALLY_APPROVED,NOT_CLEARED,true
lex:A2:route,A2,route,NGSL_1_2_CORE,route,1410,EXACT_HEADWORD_FORM_ONLY,SOURCE_LEMMA_ONLY_NOT_SENSE_OR_POS,UNREVIEWED_NOT_SEMANTICALLY_APPROVED,NOT_CLEARED,true
lex:A2:rubbish,A2,rubbish,NGSL_SFI_31K_EXTENSION,rubbish,3637,EXACT_HEADWORD_FORM_ONLY,SOURCE_LEMMA_ONLY_NOT_SENSE_OR_POS,UNREVIEWED_NOT_SEMANTICALLY_APPROVED,NOT_CLEARED,true
lex:A2:rude,A2,rude,NGSL_SFI_31K_EXTENSION,rude,4379,EXACT_HEADWORD_FORM_ONLY,SOURCE_LEMMA_ONLY_NOT_SENSE_OR_POS,UNREVIEWED_NOT_SEMANTICALLY_APPROVED,NOT_CLEARED,true
lex:A2:run,A2,run,NGSL_1_2_CORE,run,192,EXACT_HEADWORD_FORM_ONLY,SOURCE_LEMMA_ONLY_NOT_SENSE_OR_POS,UNREVIEWED_NOT_SEMANTICALLY_APPROVED,NOT_CLEARED,true
lex:A2:runner,A2,runner,NGSL_SFI_31K_EXTENSION,runner,4265,EXACT_HEADWORD_FORM_ONLY,SOURCE_LEMMA_ONLY_NOT_SENSE_OR_POS,UNREVIEWED_NOT_SEMANTICALLY_APPROVED,NOT_CLEARED,true
lex:A2:running,A2,running,NO_DIRECT_SOURCE_LEMMA,,,NO_DIRECT_MATCH,SOURCE_LEMMA_ONLY_NOT_SENSE_OR_POS,UNREVIEWED_NOT_SEMANTICALLY_APPROVED,NOT_CLEARED,true
lex:A2:sadly,A2,sadly,NGSL_SFI_31K_EXTENSION,sadly,3710,EXACT_HEADWORD_FORM_ONLY,SOURCE_LEMMA_ONLY_NOT_SENSE_OR_POS,UNREVIEWED_NOT_SEMANTICALLY_APPROVED,NOT_CLEARED,true
lex:A2:safe,A2,safe,NGSL_1_2_CORE,safe,1027,EXACT_HEADWORD_FORM_ONLY,SOURCE_LEMMA_ONLY_NOT_SENSE_OR_POS,UNREVIEWED_NOT_SEMANTICALLY_APPROVED,NOT_CLEARED,true
lex:A2:sail,A2,sail,NGSL_1_2_CORE,sail,2116,EXACT_HEADWORD_FORM_ONLY,SOURCE_LEMMA_ONLY_NOT_SENSE_OR_POS,UNREVIEWED_NOT_SEMANTICALLY_APPROVED,NOT_CLEARED,true
lex:A2:sailing,A2,sailing,NO_DIRECT_SOURCE_LEMMA,,,NO_DIRECT_MATCH,SOURCE_LEMMA_ONLY_NOT_SENSE_OR_POS,UNREVIEWED_NOT_SEMANTICALLY_APPROVED,NOT_CLEARED,true
lex:A2:salary,A2,salary,NGSL_1_2_CORE,salary,1816,EXACT_HEADWORD_FORM_ONLY,SOURCE_LEMMA_ONLY_NOT_SENSE_OR_POS,UNREVIEWED_NOT_SEMANTICALLY_APPROVED,NOT_CLEARED,true
lex:A2:sale,A2,sale,NGSL_1_2_CORE,sale,398,EXACT_HEADWORD_FORM_ONLY,SOURCE_LEMMA_ONLY_NOT_SENSE_OR_POS,UNREVIEWED_NOT_SEMANTICALLY_APPROVED,NOT_CLEARED,true
lex:A2:sauce,A2,sauce,NGSL_SFI_31K_EXTENSION,sauce,3883,EXACT_HEADWORD_FORM_ONLY,SOURCE_LEMMA_ONLY_NOT_SENSE_OR_POS,UNREVIEWED_NOT_SEMANTICALLY_APPROVED,NOT_CLEARED,true
lex:A2:save,A2,save,NGSL_1_2_CORE,save,566,EXACT_HEADWORD_FORM_ONLY,SOURCE_LEMMA_ONLY_NOT_SENSE_OR_POS,UNREVIEWED_NOT_SEMANTICALLY_APPROVED,NOT_CLEARED,true
lex:A2:scared,A2,scared,NO_DIRECT_SOURCE_LEMMA,,,NO_DIRECT_MATCH,SOURCE_LEMMA_ONLY_NOT_SENSE_OR_POS,UNREVIEWED_NOT_SEMANTICALLY_APPROVED,NOT_CLEARED,true
lex:A2:scary,A2,scary,NGSL_SFI_31K_EXTENSION,scary,3948,EXACT_HEADWORD_FORM_ONLY,SOURCE_LEMMA_ONLY_NOT_SENSE_OR_POS,UNREVIEWED_NOT_SEMANTICALLY_APPROVED,NOT_CLEARED,true
lex:A2:scene,A2,scene,NGSL_1_2_CORE,scene,1023,EXACT_HEADWORD_FORM_ONLY,SOURCE_LEMMA_ONLY_NOT_SENSE_OR_POS,UNREVIEWED_NOT_SEMANTICALLY_APPROVED,NOT_CLEARED,true
lex:A2:schedule,A2,schedule,NGSL_1_2_CORE,schedule,1240,EXACT_HEADWORD_FORM_ONLY,SOURCE_LEMMA_ONLY_NOT_SENSE_OR_POS,UNREVIEWED_NOT_SEMANTICALLY_APPROVED,NOT_CLEARED,true
lex:A2:score,A2,score,NGSL_1_2_CORE,score,823,EXACT_HEADWORD_FORM_ONLY,SOURCE_LEMMA_ONLY_NOT_SENSE_OR_POS,UNREVIEWED_NOT_SEMANTICALLY_APPROVED,NOT_CLEARED,true
lex:A2:screen,A2,screen,NGSL_1_2_CORE,screen,957,EXACT_HEADWORD_FORM_ONLY,SOURCE_LEMMA_ONLY_NOT_SENSE_OR_POS,UNREVIEWED_NOT_SEMANTICALLY_APPROVED,NOT_CLEARED,true
lex:A2:search,A2,search,NGSL_1_2_CORE,search,889,EXACT_HEADWORD_FORM_ONLY,SOURCE_LEMMA_ONLY_NOT_SENSE_OR_POS,UNREVIEWED_NOT_SEMANTICALLY_APPROVED,NOT_CLEARED,true
lex:A2:season,A2,season,NGSL_1_2_CORE,season,750,EXACT_HEADWORD_FORM_ONLY,SOURCE_LEMMA_ONLY_NOT_SENSE_OR_POS,UNREVIEWED_NOT_SEMANTICALLY_APPROVED,NOT_CLEARED,true
lex:A2:seat,A2,seat,NGSL_1_2_CORE,seat,852,EXACT_HEADWORD_FORM_ONLY,SOURCE_LEMMA_ONLY_NOT_SENSE_OR_POS,UNREVIEWED_NOT_SEMANTICALLY_APPROVED,NOT_CLEARED,true
lex:A2:second-next-after-the-first,A2,second¹ (next after the first),NGSL_1_2_CORE,second,226,HEADWORD_NORMALIZED_REQUIRES_REVIEW,SOURCE_LEMMA_ONLY_NOT_SENSE_OR_POS,UNREVIEWED_NOT_SEMANTICALLY_APPROVED,NOT_CLEARED,true
lex:A2:secondly,A2,secondly,NGSL_1_2_CORE,secondly,1946,EXACT_HEADWORD_FORM_ONLY,SOURCE_LEMMA_ONLY_NOT_SENSE_OR_POS,UNREVIEWED_NOT_SEMANTICALLY_APPROVED,NOT_CLEARED,true
lex:A2:secret,A2,secret,NGSL_1_2_CORE,secret,1276,EXACT_HEADWORD_FORM_ONLY,SOURCE_LEMMA_ONLY_NOT_SENSE_OR_POS,UNREVIEWED_NOT_SEMANTICALLY_APPROVED,NOT_CLEARED,true
lex:A2:secretary,A2,secretary,NGSL_1_2_CORE,secretary,1193,EXACT_HEADWORD_FORM_ONLY,SOURCE_LEMMA_ONLY_NOT_SENSE_OR_POS,UNREVIEWED_NOT_SEMANTICALLY_APPROVED,NOT_CLEARED,true
lex:A2:seem,A2,seem,NGSL_1_2_CORE,seem,173,EXACT_HEADWORD_FORM_ONLY,SOURCE_LEMMA_ONLY_NOT_SENSE_OR_POS,UNREVIEWED_NOT_SEMANTICALLY_APPROVED,NOT_CLEARED,true
lex:A2:sense,A2,sense,NGSL_1_2_CORE,sense,412,EXACT_HEADWORD_FORM_ONLY,SOURCE_LEMMA_ONLY_NOT_SENSE_OR_POS,UNREVIEWED_NOT_SEMANTICALLY_APPROVED,NOT_CLEARED,true
lex:A2:separate,A2,separate,NGSL_1_2_CORE,separate,890,EXACT_HEADWORD_FORM_ONLY,SOURCE_LEMMA_ONLY_NOT_SENSE_OR_POS,UNREVIEWED_NOT_SEMANTICALLY_APPROVED,NOT_CLEARED,true
lex:A2:series,A2,series,NGSL_1_2_CORE,series,723,EXACT_HEADWORD_FORM_ONLY,SOURCE_LEMMA_ONLY_NOT_SENSE_OR_POS,UNREVIEWED_NOT_SEMANTICALLY_APPROVED,NOT_CLEARED,true
lex:A2:serious,A2,serious,NGSL_1_2_CORE,serious,796,EXACT_HEADWORD_FORM_ONLY,SOURCE_LEMMA_ONLY_NOT_SENSE_OR_POS,UNREVIEWED_NOT_SEMANTICALLY_APPROVED,NOT_CLEARED,true
lex:A2:serve,A2,serve,NGSL_1_2_CORE,serve,534,EXACT_HEADWORD_FORM_ONLY,SOURCE_LEMMA_ONLY_NOT_SENSE_OR_POS,UNREVIEWED_NOT_SEMANTICALLY_APPROVED,NOT_CLEARED,true
lex:A2:service,A2,service,NGSL_1_2_CORE,service,223,EXACT_HEADWORD_FORM_ONLY,SOURCE_LEMMA_ONLY_NOT_SENSE_OR_POS,UNREVIEWED_NOT_SEMANTICALLY_APPROVED,NOT_CLEARED,true
lex:A2:several,A2,several,NGSL_1_2_CORE,several,348,EXACT_HEADWORD_FORM_ONLY,SOURCE_LEMMA_ONLY_NOT_SENSE_OR_POS,UNREVIEWED_NOT_SEMANTICALLY_APPROVED,NOT_CLEARED,true
lex:A2:shake,A2,shake,NGSL_1_2_CORE,shake,1474,EXACT_HEADWORD_FORM_ONLY,SOURCE_LEMMA_ONLY_NOT_SENSE_OR_POS,UNREVIEWED_NOT_SEMANTICALLY_APPROVED,NOT_CLEARED,true
lex:A2:shall,A2,shall,NGSL_1_2_CORE,shall,807,EXACT_HEADWORD_FORM_ONLY,SOURCE_LEMMA_ONLY_NOT_SENSE_OR_POS,UNREVIEWED_NOT_SEMANTICALLY_APPROVED,NOT_CLEARED,true
lex:A2:shape,A2,shape,NGSL_1_2_CORE,shape,986,EXACT_HEADWORD_FORM_ONLY,SOURCE_LEMMA_ONLY_NOT_SENSE_OR_POS,UNREVIEWED_NOT_SEMANTICALLY_APPROVED,NOT_CLEARED,true
lex:A2:sheet,A2,sheet,NGSL_1_2_CORE,sheet,1616,EXACT_HEADWORD_FORM_ONLY,SOURCE_LEMMA_ONLY_NOT_SENSE_OR_POS,UNREVIEWED_NOT_SEMANTICALLY_APPROVED,NOT_CLEARED,true
lex:A2:ship,A2,ship,NGSL_1_2_CORE,ship,1093,EXACT_HEADWORD_FORM_ONLY,SOURCE_LEMMA_ONLY_NOT_SENSE_OR_POS,UNREVIEWED_NOT_SEMANTICALLY_APPROVED,NOT_CLEARED,true
lex:A2:shoulder,A2,shoulder,NGSL_1_2_CORE,shoulder,1610,EXACT_HEADWORD_FORM_ONLY,SOURCE_LEMMA_ONLY_NOT_SENSE_OR_POS,UNREVIEWED_NOT_SEMANTICALLY_APPROVED,NOT_CLEARED,true
lex:A2:shout,A2,shout,NGSL_1_2_CORE,shout,1666,EXACT_HEADWORD_FORM_ONLY,SOURCE_LEMMA_ONLY_NOT_SENSE_OR_POS,UNREVIEWED_NOT_SEMANTICALLY_APPROVED,NOT_CLEARED,true
lex:A2:shut,A2,shut,NGSL_1_2_CORE,shut,1775,EXACT_HEADWORD_FORM_ONLY,SOURCE_LEMMA_ONLY_NOT_SENSE_OR_POS,UNREVIEWED_NOT_SEMANTICALLY_APPROVED,NOT_CLEARED,true
lex:A2:side,A2,side,NGSL_1_2_CORE,side,276,EXACT_HEADWORD_FORM_ONLY,SOURCE_LEMMA_ONLY_NOT_SENSE_OR_POS,UNREVIEWED_NOT_SEMANTICALLY_APPROVED,NOT_CLEARED,true
lex:A2:sign,A2,sign,NGSL_1_2_CORE,sign,500,EXACT_HEADWORD_FORM_ONLY,SOURCE_LEMMA_ONLY_NOT_SENSE_OR_POS,UNREVIEWED_NOT_SEMANTICALLY_APPROVED,NOT_CLEARED,true
lex:A2:silver,A2,silver,NGSL_1_2_CORE,silver,2033,EXACT_HEADWORD_FORM_ONLY,SOURCE_LEMMA_ONLY_NOT_SENSE_OR_POS,UNREVIEWED_NOT_SEMANTICALLY_APPROVED,NOT_CLEARED,true
lex:A2:simple,A2,simple,NGSL_1_2_CORE,simple,688,EXACT_HEADWORD_FORM_ONLY,SOURCE_LEMMA_ONLY_NOT_SENSE_OR_POS,UNREVIEWED_NOT_SEMANTICALLY_APPROVED,NOT_CLEARED,true
lex:A2:since,A2,since,NGSL_1_2_CORE,since,191,EXACT_HEADWORD_FORM_ONLY,SOURCE_LEMMA_ONLY_NOT_SENSE_OR_POS,UNREVIEWED_NOT_SEMANTICALLY_APPROVED,NOT_CLEARED,true
lex:A2:singing,A2,singing,NO_DIRECT_SOURCE_LEMMA,,,NO_DIRECT_MATCH,SOURCE_LEMMA_ONLY_NOT_SENSE_OR_POS,UNREVIEWED_NOT_SEMANTICALLY_APPROVED,NOT_CLEARED,true
lex:A2:single,A2,single,NGSL_1_2_CORE,single,557,EXACT_HEADWORD_FORM_ONLY,SOURCE_LEMMA_ONLY_NOT_SENSE_OR_POS,UNREVIEWED_NOT_SEMANTICALLY_APPROVED,NOT_CLEARED,true
lex:A2:sir,A2,sir,NGSL_1_2_CORE,sir,2138,EXACT_HEADWORD_FORM_ONLY,SOURCE_LEMMA_ONLY_NOT_SENSE_OR_POS,UNREVIEWED_NOT_SEMANTICALLY_APPROVED,NOT_CLEARED,true
lex:A2:site,A2,site,NGSL_1_2_CORE,site,494,EXACT_HEADWORD_FORM_ONLY,SOURCE_LEMMA_ONLY_NOT_SENSE_OR_POS,UNREVIEWED_NOT_SEMANTICALLY_APPROVED,NOT_CLEARED,true
lex:A2:size,A2,size,NGSL_1_2_CORE,size,705,EXACT_HEADWORD_FORM_ONLY,SOURCE_LEMMA_ONLY_NOT_SENSE_OR_POS,UNREVIEWED_NOT_SEMANTICALLY_APPROVED,NOT_CLEARED,true
lex:A2:ski,A2,ski,NGSL_1_2_CORE,ski,2594,EXACT_HEADWORD_FORM_ONLY,SOURCE_LEMMA_ONLY_NOT_SENSE_OR_POS,UNREVIEWED_NOT_SEMANTICALLY_APPROVED,NOT_CLEARED,true
lex:A2:skiing,A2,skiing,NO_DIRECT_SOURCE_LEMMA,,,NO_DIRECT_MATCH,SOURCE_LEMMA_ONLY_NOT_SENSE_OR_POS,UNREVIEWED_NOT_SEMANTICALLY_APPROVED,NOT_CLEARED,true
lex:A2:skin,A2,skin,NGSL_1_2_CORE,skin,1461,EXACT_HEADWORD_FORM_ONLY,SOURCE_LEMMA_ONLY_NOT_SENSE_OR_POS,UNREVIEWED_NOT_SEMANTICALLY_APPROVED,NOT_CLEARED,true
lex:A2:sky,A2,sky,NGSL_1_2_CORE,sky,1720,EXACT_HEADWORD_FORM_ONLY,SOURCE_LEMMA_ONLY_NOT_SENSE_OR_POS,UNREVIEWED_NOT_SEMANTICALLY_APPROVED,NOT_CLEARED,true
lex:A2:sleep,A2,sleep,NGSL_1_2_CORE,sleep,827,EXACT_HEADWORD_FORM_ONLY,SOURCE_LEMMA_ONLY_NOT_SENSE_OR_POS,UNREVIEWED_NOT_SEMANTICALLY_APPROVED,NOT_CLEARED,true
lex:A2:slowly,A2,slowly,NGSL_1_2_CORE,slowly,1512,EXACT_HEADWORD_FORM_ONLY,SOURCE_LEMMA_ONLY_NOT_SENSE_OR_POS,UNREVIEWED_NOT_SEMANTICALLY_APPROVED,NOT_CLEARED,true
lex:A2:smartphone,A2,smartphone,NGSL_SFI_31K_EXTENSION,smartphone,30797,EXACT_HEADWORD_FORM_ONLY,SOURCE_LEMMA_ONLY_NOT_SENSE_OR_POS,UNREVIEWED_NOT_SEMANTICALLY_APPROVED,NOT_CLEARED,true
lex:A2:smell,A2,smell,NGSL_1_2_CORE,smell,1791,EXACT_HEADWORD_FORM_ONLY,SOURCE_LEMMA_ONLY_NOT_SENSE_OR_POS,UNREVIEWED_NOT_SEMANTICALLY_APPROVED,NOT_CLEARED,true
lex:A2:smile,A2,smile,NGSL_1_2_CORE,smile,990,EXACT_HEADWORD_FORM_ONLY,SOURCE_LEMMA_ONLY_NOT_SENSE_OR_POS,UNREVIEWED_NOT_SEMANTICALLY_APPROVED,NOT_CLEARED,true
lex:A2:smoke,A2,smoke,NGSL_1_2_CORE,smoke,1230,EXACT_HEADWORD_FORM_ONLY,SOURCE_LEMMA_ONLY_NOT_SENSE_OR_POS,UNREVIEWED_NOT_SEMANTICALLY_APPROVED,NOT_CLEARED,true
lex:A2:smoking,A2,smoking,NO_DIRECT_SOURCE_LEMMA,,,NO_DIRECT_MATCH,SOURCE_LEMMA_ONLY_NOT_SENSE_OR_POS,UNREVIEWED_NOT_SEMANTICALLY_APPROVED,NOT_CLEARED,true
lex:A2:soap,A2,soap,NGSL_SFI_31K_EXTENSION,soap,3326,EXACT_HEADWORD_FORM_ONLY,SOURCE_LEMMA_ONLY_NOT_SENSE_OR_POS,UNREVIEWED_NOT_SEMANTICALLY_APPROVED,NOT_CLEARED,true
lex:A2:soccer,A2,soccer,NGSL_SFI_31K_EXTENSION,soccer,3196,EXACT_HEADWORD_FORM_ONLY,SOURCE_LEMMA_ONLY_NOT_SENSE_OR_POS,UNREVIEWED_NOT_SEMANTICALLY_APPROVED,NOT_CLEARED,true
lex:A2:social,A2,social,NGSL_1_2_CORE,social,381,EXACT_HEADWORD_FORM_ONLY,SOURCE_LEMMA_ONLY_NOT_SENSE_OR_POS,UNREVIEWED_NOT_SEMANTICALLY_APPROVED,NOT_CLEARED,true
lex:A2:society,A2,society,NGSL_1_2_CORE,society,562,EXACT_HEADWORD_FORM_ONLY,SOURCE_LEMMA_ONLY_NOT_SENSE_OR_POS,UNREVIEWED_NOT_SEMANTICALLY_APPROVED,NOT_CLEARED,true
lex:A2:sock,A2,sock,NGSL_SFI_31K_EXTENSION,sock,3877,EXACT_HEADWORD_FORM_ONLY,SOURCE_LEMMA_ONLY_NOT_SENSE_OR_POS,UNREVIEWED_NOT_SEMANTICALLY_APPROVED,NOT_CLEARED,true
lex:A2:soft,A2,soft,NGSL_1_2_CORE,soft,1601,EXACT_HEADWORD_FORM_ONLY,SOURCE_LEMMA_ONLY_NOT_SENSE_OR_POS,UNREVIEWED_NOT_SEMANTICALLY_APPROVED,NOT_CLEARED,true
lex:A2:soldier,A2,soldier,NGSL_1_2_CORE,soldier,1378,EXACT_HEADWORD_FORM_ONLY,SOURCE_LEMMA_ONLY_NOT_SENSE_OR_POS,UNREVIEWED_NOT_SEMANTICALLY_APPROVED,NOT_CLEARED,true
lex:A2:solution,A2,solution,NGSL_1_2_CORE,solution,788,EXACT_HEADWORD_FORM_ONLY,SOURCE_LEMMA_ONLY_NOT_SENSE_OR_POS,UNREVIEWED_NOT_SEMANTICALLY_APPROVED,NOT_CLEARED,true
lex:A2:solve,A2,solve,NGSL_1_2_CORE,solve,1221,EXACT_HEADWORD_FORM_ONLY,SOURCE_LEMMA_ONLY_NOT_SENSE_OR_POS,UNREVIEWED_NOT_SEMANTICALLY_APPROVED,NOT_CLEARED,true
lex:A2:somewhere,A2,somewhere,NGSL_1_2_CORE,somewhere,1320,EXACT_HEADWORD_FORM_ONLY,SOURCE_LEMMA_ONLY_NOT_SENSE_OR_POS,UNREVIEWED_NOT_SEMANTICALLY_APPROVED,NOT_CLEARED,true
lex:A2:sort,A2,sort,NGSL_1_2_CORE,sort,316,EXACT_HEADWORD_FORM_ONLY,SOURCE_LEMMA_ONLY_NOT_SENSE_OR_POS,UNREVIEWED_NOT_SEMANTICALLY_APPROVED,NOT_CLEARED,true
lex:A2:source,A2,source,NGSL_1_2_CORE,source,623,EXACT_HEADWORD_FORM_ONLY,SOURCE_LEMMA_ONLY_NOT_SENSE_OR_POS,UNREVIEWED_NOT_SEMANTICALLY_APPROVED,NOT_CLEARED,true
lex:A2:speaker,A2,speaker,NGSL_1_2_CORE,speaker,1241,EXACT_HEADWORD_FORM_ONLY,SOURCE_LEMMA_ONLY_NOT_SENSE_OR_POS,UNREVIEWED_NOT_SEMANTICALLY_APPROVED,NOT_CLEARED,true
lex:A2:specific,A2,specific,NGSL_1_2_CORE,specific,791,EXACT_HEADWORD_FORM_ONLY,SOURCE_LEMMA_ONLY_NOT_SENSE_OR_POS,UNREVIEWED_NOT_SEMANTICALLY_APPROVED,NOT_CLEARED,true
lex:A2:speech,A2,speech,NGSL_1_2_CORE,speech,894,EXACT_HEADWORD_FORM_ONLY,SOURCE_LEMMA_ONLY_NOT_SENSE_OR_POS,UNREVIEWED_NOT_SEMANTICALLY_APPROVED,NOT_CLEARED,true
lex:A2:speed,A2,speed,NGSL_1_2_CORE,speed,1106,EXACT_HEADWORD_FORM_ONLY,SOURCE_LEMMA_ONLY_NOT_SENSE_OR_POS,UNREVIEWED_NOT_SEMANTICALLY_APPROVED,NOT_CLEARED,true
lex:A2:spider,A2,spider,NGSL_SFI_31K_EXTENSION,spider,5207,EXACT_HEADWORD_FORM_ONLY,SOURCE_LEMMA_ONLY_NOT_SENSE_OR_POS,UNREVIEWED_NOT_SEMANTICALLY_APPROVED,NOT_CLEARED,true
lex:A2:spoon,A2,spoon,NGSL_SFI_31K_EXTENSION,spoon,5118,EXACT_HEADWORD_FORM_ONLY,SOURCE_LEMMA_ONLY_NOT_SENSE_OR_POS,UNREVIEWED_NOT_SEMANTICALLY_APPROVED,NOT_CLEARED,true
lex:A2:square,A2,square,NGSL_1_2_CORE,square,1443,EXACT_HEADWORD_FORM_ONLY,SOURCE_LEMMA_ONLY_NOT_SENSE_OR_POS,UNREVIEWED_NOT_SEMANTICALLY_APPROVED,NOT_CLEARED,true
lex:A2:stage,A2,stage,NGSL_1_2_CORE,stage,551,EXACT_HEADWORD_FORM_ONLY,SOURCE_LEMMA_ONLY_NOT_SENSE_OR_POS,UNREVIEWED_NOT_SEMANTICALLY_APPROVED,NOT_CLEARED,true
lex:A2:stair,A2,stair,NGSL_1_2_CORE,stair,2630,EXACT_HEADWORD_FORM_ONLY,SOURCE_LEMMA_ONLY_NOT_SENSE_OR_POS,UNREVIEWED_NOT_SEMANTICALLY_APPROVED,NOT_CLEARED,true
lex:A2:stamp,A2,stamp,NGSL_1_2_CORE,stamp,2654,EXACT_HEADWORD_FORM_ONLY,SOURCE_LEMMA_ONLY_NOT_SENSE_OR_POS,UNREVIEWED_NOT_SEMANTICALLY_APPROVED,NOT_CLEARED,true
lex:A2:star,A2,star,NGSL_1_2_CORE,star,846,EXACT_HEADWORD_FORM_ONLY,SOURCE_LEMMA_ONLY_NOT_SENSE_OR_POS,UNREVIEWED_NOT_SEMANTICALLY_APPROVED,NOT_CLEARED,true
lex:A2:start,A2,start,NGSL_1_2_CORE,start,136,EXACT_HEADWORD_FORM_ONLY,SOURCE_LEMMA_ONLY_NOT_SENSE_OR_POS,UNREVIEWED_NOT_SEMANTICALLY_APPROVED,NOT_CLEARED,true
lex:A2:state,A2,state,NGSL_1_2_CORE,state,199,EXACT_HEADWORD_FORM_ONLY,SOURCE_LEMMA_ONLY_NOT_SENSE_OR_POS,UNREVIEWED_NOT_SEMANTICALLY_APPROVED,NOT_CLEARED,true
lex:A2:stay,A2,stay,NGSL_1_2_CORE,stay,345,EXACT_HEADWORD_FORM_ONLY,SOURCE_LEMMA_ONLY_NOT_SENSE_OR_POS,UNREVIEWED_NOT_SEMANTICALLY_APPROVED,NOT_CLEARED,true
lex:A2:steal,A2,steal,NGSL_1_2_CORE,steal,1707,EXACT_HEADWORD_FORM_ONLY,SOURCE_LEMMA_ONLY_NOT_SENSE_OR_POS,UNREVIEWED_NOT_SEMANTICALLY_APPROVED,NOT_CLEARED,true
lex:A2:step,A2,step,NGSL_1_2_CORE,step,477,EXACT_HEADWORD_FORM_ONLY,SOURCE_LEMMA_ONLY_NOT_SENSE_OR_POS,UNREVIEWED_NOT_SEMANTICALLY_APPROVED,NOT_CLEARED,true
lex:A2:stomach,A2,stomach,NGSL_1_2_CORE,stomach,2637,EXACT_HEADWORD_FORM_ONLY,SOURCE_LEMMA_ONLY_NOT_SENSE_OR_POS,UNREVIEWED_NOT_SEMANTICALLY_APPROVED,NOT_CLEARED,true
lex:A2:stone,A2,stone,NGSL_1_2_CORE,stone,1374,EXACT_HEADWORD_FORM_ONLY,SOURCE_LEMMA_ONLY_NOT_SENSE_OR_POS,UNREVIEWED_NOT_SEMANTICALLY_APPROVED,NOT_CLEARED,true
lex:A2:store,A2,store,NGSL_1_2_CORE,store,617,EXACT_HEADWORD_FORM_ONLY,SOURCE_LEMMA_ONLY_NOT_SENSE_OR_POS,UNREVIEWED_NOT_SEMANTICALLY_APPROVED,NOT_CLEARED,true
lex:A2:storm,A2,storm,NGSL_1_2_CORE,storm,1999,EXACT_HEADWORD_FORM_ONLY,SOURCE_LEMMA_ONLY_NOT_SENSE_OR_POS,UNREVIEWED_NOT_SEMANTICALLY_APPROVED,NOT_CLEARED,true
lex:A2:straight,A2,straight,NGSL_1_2_CORE,straight,1072,EXACT_HEADWORD_FORM_ONLY,SOURCE_LEMMA_ONLY_NOT_SENSE_OR_POS,UNREVIEWED_NOT_SEMANTICALLY_APPROVED,NOT_CLEARED,true
lex:A2:strange,A2,strange,NGSL_1_2_CORE,strange,1345,EXACT_HEADWORD_FORM_ONLY,SOURCE_LEMMA_ONLY_NOT_SENSE_OR_POS,UNREVIEWED_NOT_SEMANTICALLY_APPROVED,NOT_CLEARED,true
lex:A2:strategy,A2,strategy,NGSL_1_2_CORE,strategy,839,EXACT_HEADWORD_FORM_ONLY,SOURCE_LEMMA_ONLY_NOT_SENSE_OR_POS,UNREVIEWED_NOT_SEMANTICALLY_APPROVED,NOT_CLEARED,true
lex:A2:stress,A2,stress,NGSL_1_2_CORE,stress,1044,EXACT_HEADWORD_FORM_ONLY,SOURCE_LEMMA_ONLY_NOT_SENSE_OR_POS,UNREVIEWED_NOT_SEMANTICALLY_APPROVED,NOT_CLEARED,true
lex:A2:structure,A2,structure,NGSL_1_2_CORE,structure,667,EXACT_HEADWORD_FORM_ONLY,SOURCE_LEMMA_ONLY_NOT_SENSE_OR_POS,UNREVIEWED_NOT_SEMANTICALLY_APPROVED,NOT_CLEARED,true
lex:A2:stupid,A2,stupid,NGSL_1_2_CORE,stupid,2363,EXACT_HEADWORD_FORM_ONLY,SOURCE_LEMMA_ONLY_NOT_SENSE_OR_POS,UNREVIEWED_NOT_SEMANTICALLY_APPROVED,NOT_CLEARED,true
lex:A2:succeed,A2,succeed,NGSL_1_2_CORE,succeed,1586,EXACT_HEADWORD_FORM_ONLY,SOURCE_LEMMA_ONLY_NOT_SENSE_OR_POS,UNREVIEWED_NOT_SEMANTICALLY_APPROVED,NOT_CLEARED,true
lex:A2:successful,A2,successful,NGSL_1_2_CORE,successful,872,EXACT_HEADWORD_FORM_ONLY,SOURCE_LEMMA_ONLY_NOT_SENSE_OR_POS,UNREVIEWED_NOT_SEMANTICALLY_APPROVED,NOT_CLEARED,true
lex:A2:such,A2,such,NGSL_1_2_CORE,such,100,EXACT_HEADWORD_FORM_ONLY,SOURCE_LEMMA_ONLY_NOT_SENSE_OR_POS,UNREVIEWED_NOT_SEMANTICALLY_APPROVED,NOT_CLEARED,true
lex:A2:suddenly,A2,suddenly,NGSL_1_2_CORE,suddenly,997,EXACT_HEADWORD_FORM_ONLY,SOURCE_LEMMA_ONLY_NOT_SENSE_OR_POS,UNREVIEWED_NOT_SEMANTICALLY_APPROVED,NOT_CLEARED,true
lex:A2:suggest,A2,suggest,NGSL_1_2_CORE,suggest,329,EXACT_HEADWORD_FORM_ONLY,SOURCE_LEMMA_ONLY_NOT_SENSE_OR_POS,UNREVIEWED_NOT_SEMANTICALLY_APPROVED,NOT_CLEARED,true
lex:A2:suggestion,A2,suggestion,NGSL_1_2_CORE,suggestion,1284,EXACT_HEADWORD_FORM_ONLY,SOURCE_LEMMA_ONLY_NOT_SENSE_OR_POS,UNREVIEWED_NOT_SEMANTICALLY_APPROVED,NOT_CLEARED,true
lex:A2:suit,A2,suit,NGSL_1_2_CORE,suit,1122,EXACT_HEADWORD_FORM_ONLY,SOURCE_LEMMA_ONLY_NOT_SENSE_OR_POS,UNREVIEWED_NOT_SEMANTICALLY_APPROVED,NOT_CLEARED,true
lex:A2:support,A2,support,NGSL_1_2_CORE,support,272,EXACT_HEADWORD_FORM_ONLY,SOURCE_LEMMA_ONLY_NOT_SENSE_OR_POS,UNREVIEWED_NOT_SEMANTICALLY_APPROVED,NOT_CLEARED,true
lex:A2:suppose,A2,suppose,NGSL_1_2_CORE,suppose,610,EXACT_HEADWORD_FORM_ONLY,SOURCE_LEMMA_ONLY_NOT_SENSE_OR_POS,UNREVIEWED_NOT_SEMANTICALLY_APPROVED,NOT_CLEARED,true
lex:A2:sure,A2,sure,NGSL_1_2_CORE,sure,279,EXACT_HEADWORD_FORM_ONLY,SOURCE_LEMMA_ONLY_NOT_SENSE_OR_POS,UNREVIEWED_NOT_SEMANTICALLY_APPROVED,NOT_CLEARED,true
lex:A2:surprise,A2,surprise,NGSL_1_2_CORE,surprise,634,EXACT_HEADWORD_FORM_ONLY,SOURCE_LEMMA_ONLY_NOT_SENSE_OR_POS,UNREVIEWED_NOT_SEMANTICALLY_APPROVED,NOT_CLEARED,true
lex:A2:surprised,A2,surprised,NO_DIRECT_SOURCE_LEMMA,,,NO_DIRECT_MATCH,SOURCE_LEMMA_ONLY_NOT_SENSE_OR_POS,UNREVIEWED_NOT_SEMANTICALLY_APPROVED,NOT_CLEARED,true
lex:A2:surprising,A2,surprising,NO_DIRECT_SOURCE_LEMMA,,,NO_DIRECT_MATCH,SOURCE_LEMMA_ONLY_NOT_SENSE_OR_POS,UNREVIEWED_NOT_SEMANTICALLY_APPROVED,NOT_CLEARED,true
lex:A2:survey,A2,survey,NGSL_1_2_CORE,survey,1008,EXACT_HEADWORD_FORM_ONLY,SOURCE_LEMMA_ONLY_NOT_SENSE_OR_POS,UNREVIEWED_NOT_SEMANTICALLY_APPROVED,NOT_CLEARED,true
lex:A2:sweet,A2,sweet,NGSL_1_2_CORE,sweet,1781,EXACT_HEADWORD_FORM_ONLY,SOURCE_LEMMA_ONLY_NOT_SENSE_OR_POS,UNREVIEWED_NOT_SEMANTICALLY_APPROVED,NOT_CLEARED,true
lex:A2:symbol,A2,symbol,NGSL_1_2_CORE,symbol,2167,EXACT_HEADWORD_FORM_ONLY,SOURCE_LEMMA_ONLY_NOT_SENSE_OR_POS,UNREVIEWED_NOT_SEMANTICALLY_APPROVED,NOT_CLEARED,true
lex:A2:system,A2,system,NGSL_1_2_CORE,system,179,EXACT_HEADWORD_FORM_ONLY,SOURCE_LEMMA_ONLY_NOT_SENSE_OR_POS,UNREVIEWED_NOT_SEMANTICALLY_APPROVED,NOT_CLEARED,true
lex:A2:tablet,A2,tablet,NGSL_SFI_31K_EXTENSION,tablet,5136,EXACT_HEADWORD_FORM_ONLY,SOURCE_LEMMA_ONLY_NOT_SENSE_OR_POS,UNREVIEWED_NOT_SEMANTICALLY_APPROVED,NOT_CLEARED,true
lex:A2:talk,A2,talk,NGSL_1_2_CORE,talk,137,EXACT_HEADWORD_FORM_ONLY,SOURCE_LEMMA_ONLY_NOT_SENSE_OR_POS,UNREVIEWED_NOT_SEMANTICALLY_APPROVED,NOT_CLEARED,true
lex:A2:target,A2,target,NGSL_1_2_CORE,target,797,EXACT_HEADWORD_FORM_ONLY,SOURCE_LEMMA_ONLY_NOT_SENSE_OR_POS,UNREVIEWED_NOT_SEMANTICALLY_APPROVED,NOT_CLEARED,true
lex:A2:task,A2,task,NGSL_1_2_CORE,task,854,EXACT_HEADWORD_FORM_ONLY,SOURCE_LEMMA_ONLY_NOT_SENSE_OR_POS,UNREVIEWED_NOT_SEMANTICALLY_APPROVED,NOT_CLEARED,true
lex:A2:taste,A2,taste,NGSL_1_2_CORE,taste,1413,EXACT_HEADWORD_FORM_ONLY,SOURCE_LEMMA_ONLY_NOT_SENSE_OR_POS,UNREVIEWED_NOT_SEMANTICALLY_APPROVED,NOT_CLEARED,true
lex:A2:teaching,A2,teaching,NO_DIRECT_SOURCE_LEMMA,,,NO_DIRECT_MATCH,SOURCE_LEMMA_ONLY_NOT_SENSE_OR_POS,UNREVIEWED_NOT_SEMANTICALLY_APPROVED,NOT_CLEARED,true
lex:A2:technology,A2,technology,NGSL_1_2_CORE,technology,563,EXACT_HEADWORD_FORM_ONLY,SOURCE_LEMMA_ONLY_NOT_SENSE_OR_POS,UNREVIEWED_NOT_SEMANTICALLY_APPROVED,NOT_CLEARED,true
lex:A2:teenage,A2,teenage,NGSL_SFI_31K_EXTENSION,teenage,4010,EXACT_HEADWORD_FORM_ONLY,SOURCE_LEMMA_ONLY_NOT_SENSE_OR_POS,UNREVIEWED_NOT_SEMANTICALLY_APPROVED,NOT_CLEARED,true
lex:A2:temperature,A2,temperature,NGSL_1_2_CORE,temperature,1452,EXACT_HEADWORD_FORM_ONLY,SOURCE_LEMMA_ONLY_NOT_SENSE_OR_POS,UNREVIEWED_NOT_SEMANTICALLY_APPROVED,NOT_CLEARED,true
lex:A2:term,A2,term,NGSL_1_2_CORE,term,280,EXACT_HEADWORD_FORM_ONLY,SOURCE_LEMMA_ONLY_NOT_SENSE_OR_POS,UNREVIEWED_NOT_SEMANTICALLY_APPROVED,NOT_CLEARED,true
lex:A2:text,A2,text,NGSL_1_2_CORE,text,1048,EXACT_HEADWORD_FORM_ONLY,SOURCE_LEMMA_ONLY_NOT_SENSE_OR_POS,UNREVIEWED_NOT_SEMANTICALLY_APPROVED,NOT_CLEARED,true
lex:A2:themselves,A2,themselves,NGSL_1_2_CORE,themselves,480,EXACT_HEADWORD_FORM_ONLY,SOURCE_LEMMA_ONLY_NOT_SENSE_OR_POS,UNREVIEWED_NOT_SEMANTICALLY_APPROVED,NOT_CLEARED,true
lex:A2:thick,A2,thick,NGSL_1_2_CORE,thick,2000,EXACT_HEADWORD_FORM_ONLY,SOURCE_LEMMA_ONLY_NOT_SENSE_OR_POS,UNREVIEWED_NOT_SEMANTICALLY_APPROVED,NOT_CLEARED,true
lex:A2:thief,A2,thief,NGSL_SFI_31K_EXTENSION,thief,4180,EXACT_HEADWORD_FORM_ONLY,SOURCE_LEMMA_ONLY_NOT_SENSE_OR_POS,UNREVIEWED_NOT_SEMANTICALLY_APPROVED,NOT_CLEARED,true
lex:A2:thin,A2,thin,NGSL_1_2_CORE,thin,1698,EXACT_HEADWORD_FORM_ONLY,SOURCE_LEMMA_ONLY_NOT_SENSE_OR_POS,UNREVIEWED_NOT_SEMANTICALLY_APPROVED,NOT_CLEARED,true
lex:A2:thinking,A2,thinking,NO_DIRECT_SOURCE_LEMMA,,,NO_DIRECT_MATCH,SOURCE_LEMMA_ONLY_NOT_SENSE_OR_POS,UNREVIEWED_NOT_SEMANTICALLY_APPROVED,NOT_CLEARED,true
lex:A2:third,A2,third,NO_DIRECT_SOURCE_LEMMA,,,NO_DIRECT_MATCH,SOURCE_LEMMA_ONLY_NOT_SENSE_OR_POS,UNREVIEWED_NOT_SEMANTICALLY_APPROVED,NOT_CLEARED,true
lex:A2:thought,A2,thought,NO_DIRECT_SOURCE_LEMMA,,,NO_DIRECT_MATCH,SOURCE_LEMMA_ONLY_NOT_SENSE_OR_POS,UNREVIEWED_NOT_SEMANTICALLY_APPROVED,NOT_CLEARED,true
lex:A2:throw,A2,throw,NGSL_1_2_CORE,throw,853,EXACT_HEADWORD_FORM_ONLY,SOURCE_LEMMA_ONLY_NOT_SENSE_OR_POS,UNREVIEWED_NOT_SEMANTICALLY_APPROVED,NOT_CLEARED,true
lex:A2:tidy,A2,tidy,NGSL_SFI_31K_EXTENSION,tidy,4290,EXACT_HEADWORD_FORM_ONLY,SOURCE_LEMMA_ONLY_NOT_SENSE_OR_POS,UNREVIEWED_NOT_SEMANTICALLY_APPROVED,NOT_CLEARED,true
lex:A2:tie,A2,tie,NGSL_1_2_CORE,tie,1516,EXACT_HEADWORD_FORM_ONLY,SOURCE_LEMMA_ONLY_NOT_SENSE_OR_POS,UNREVIEWED_NOT_SEMANTICALLY_APPROVED,NOT_CLEARED,true
lex:A2:tip,A2,tip,NGSL_1_2_CORE,tip,1659,EXACT_HEADWORD_FORM_ONLY,SOURCE_LEMMA_ONLY_NOT_SENSE_OR_POS,UNREVIEWED_NOT_SEMANTICALLY_APPROVED,NOT_CLEARED,true
lex:A2:tool,A2,tool,NGSL_1_2_CORE,tool,1227,EXACT_HEADWORD_FORM_ONLY,SOURCE_LEMMA_ONLY_NOT_SENSE_OR_POS,UNREVIEWED_NOT_SEMANTICALLY_APPROVED,NOT_CLEARED,true
lex:A2:top,A2,top,NGSL_1_2_CORE,top,375,EXACT_HEADWORD_FORM_ONLY,SOURCE_LEMMA_ONLY_NOT_SENSE_OR_POS,UNREVIEWED_NOT_SEMANTICALLY_APPROVED,NOT_CLEARED,true
lex:A2:touch,A2,touch,NGSL_1_2_CORE,touch,834,EXACT_HEADWORD_FORM_ONLY,SOURCE_LEMMA_ONLY_NOT_SENSE_OR_POS,UNREVIEWED_NOT_SEMANTICALLY_APPROVED,NOT_CLEARED,true
lex:A2:tour,A2,tour,NGSL_1_2_CORE,tour,1089,EXACT_HEADWORD_FORM_ONLY,SOURCE_LEMMA_ONLY_NOT_SENSE_OR_POS,UNREVIEWED_NOT_SEMANTICALLY_APPROVED,NOT_CLEARED,true
lex:A2:tourism,A2,tourism,NGSL_1_2_CORE,tourism,2628,EXACT_HEADWORD_FORM_ONLY,SOURCE_LEMMA_ONLY_NOT_SENSE_OR_POS,UNREVIEWED_NOT_SEMANTICALLY_APPROVED,NOT_CLEARED,true
lex:A2:towards,A2,towards,NO_DIRECT_SOURCE_LEMMA,,,NO_DIRECT_MATCH,SOURCE_LEMMA_ONLY_NOT_SENSE_OR_POS,UNREVIEWED_NOT_SEMANTICALLY_APPROVED,NOT_CLEARED,true
lex:A2:towel,A2,towel,NGSL_SFI_31K_EXTENSION,towel,4260,EXACT_HEADWORD_FORM_ONLY,SOURCE_LEMMA_ONLY_NOT_SENSE_OR_POS,UNREVIEWED_NOT_SEMANTICALLY_APPROVED,NOT_CLEARED,true
lex:A2:tower,A2,tower,NGSL_1_2_CORE,tower,2324,EXACT_HEADWORD_FORM_ONLY,SOURCE_LEMMA_ONLY_NOT_SENSE_OR_POS,UNREVIEWED_NOT_SEMANTICALLY_APPROVED,NOT_CLEARED,true
lex:A2:toy,A2,toy,NGSL_1_2_CORE,toy,1994,EXACT_HEADWORD_FORM_ONLY,SOURCE_LEMMA_ONLY_NOT_SENSE_OR_POS,UNREVIEWED_NOT_SEMANTICALLY_APPROVED,NOT_CLEARED,true
lex:A2:track,A2,track,NGSL_1_2_CORE,track,958,EXACT_HEADWORD_FORM_ONLY,SOURCE_LEMMA_ONLY_NOT_SENSE_OR_POS,UNREVIEWED_NOT_SEMANTICALLY_APPROVED,NOT_CLEARED,true
lex:A2:tradition,A2,tradition,NGSL_1_2_CORE,tradition,1338,EXACT_HEADWORD_FORM_ONLY,SOURCE_LEMMA_ONLY_NOT_SENSE_OR_POS,UNREVIEWED_NOT_SEMANTICALLY_APPROVED,NOT_CLEARED,true
lex:A2:traditional,A2,traditional,NGSL_1_2_CORE,traditional,993,EXACT_HEADWORD_FORM_ONLY,SOURCE_LEMMA_ONLY_NOT_SENSE_OR_POS,UNREVIEWED_NOT_SEMANTICALLY_APPROVED,NOT_CLEARED,true
lex:A2:train,A2,train,NGSL_1_2_CORE,train,289,EXACT_HEADWORD_FORM_ONLY,SOURCE_LEMMA_ONLY_NOT_SENSE_OR_POS,UNREVIEWED_NOT_SEMANTICALLY_APPROVED,NOT_CLEARED,true
lex:A2:trainer,A2,trainer,NGSL_SFI_31K_EXTENSION,trainer,3467,EXACT_HEADWORD_FORM_ONLY,SOURCE_LEMMA_ONLY_NOT_SENSE_OR_POS,UNREVIEWED_NOT_SEMANTICALLY_APPROVED,NOT_CLEARED,true
lex:A2:training,A2,training,NO_DIRECT_SOURCE_LEMMA,,,NO_DIRECT_MATCH,SOURCE_LEMMA_ONLY_NOT_SENSE_OR_POS,UNREVIEWED_NOT_SEMANTICALLY_APPROVED,NOT_CLEARED,true
lex:A2:transport,A2,transport,NGSL_1_2_CORE,transport,1210,EXACT_HEADWORD_FORM_ONLY,SOURCE_LEMMA_ONLY_NOT_SENSE_OR_POS,UNREVIEWED_NOT_SEMANTICALLY_APPROVED,NOT_CLEARED,true
lex:A2:traveller,A2,traveller,NO_DIRECT_SOURCE_LEMMA,,,NO_DIRECT_MATCH,SOURCE_LEMMA_ONLY_NOT_SENSE_OR_POS,UNREVIEWED_NOT_SEMANTICALLY_APPROVED,NOT_CLEARED,true
lex:A2:trouble,A2,trouble,NGSL_1_2_CORE,trouble,832,EXACT_HEADWORD_FORM_ONLY,SOURCE_LEMMA_ONLY_NOT_SENSE_OR_POS,UNREVIEWED_NOT_SEMANTICALLY_APPROVED,NOT_CLEARED,true
lex:A2:truck,A2,truck,NGSL_1_2_CORE,truck,2113,EXACT_HEADWORD_FORM_ONLY,SOURCE_LEMMA_ONLY_NOT_SENSE_OR_POS,UNREVIEWED_NOT_SEMANTICALLY_APPROVED,NOT_CLEARED,true
lex:A2:twin,A2,twin,NGSL_1_2_CORE,twin,2366,EXACT_HEADWORD_FORM_ONLY,SOURCE_LEMMA_ONLY_NOT_SENSE_OR_POS,UNREVIEWED_NOT_SEMANTICALLY_APPROVED,NOT_CLEARED,true
lex:A2:typical,A2,typical,NGSL_1_2_CORE,typical,1536,EXACT_HEADWORD_FORM_ONLY,SOURCE_LEMMA_ONLY_NOT_SENSE_OR_POS,UNREVIEWED_NOT_SEMANTICALLY_APPROVED,NOT_CLEARED,true
lex:A2:underground,A2,underground,NGSL_SFI_31K_EXTENSION,underground,2682,EXACT_HEADWORD_FORM_ONLY,SOURCE_LEMMA_ONLY_NOT_SENSE_OR_POS,UNREVIEWED_NOT_SEMANTICALLY_APPROVED,NOT_CLEARED,true
lex:A2:understanding,A2,understanding,NO_DIRECT_SOURCE_LEMMA,,,NO_DIRECT_MATCH,SOURCE_LEMMA_ONLY_NOT_SENSE_OR_POS,UNREVIEWED_NOT_SEMANTICALLY_APPROVED,NOT_CLEARED,true
lex:A2:unfortunately,A2,unfortunately,NGSL_1_2_CORE,unfortunately,1269,EXACT_HEADWORD_FORM_ONLY,SOURCE_LEMMA_ONLY_NOT_SENSE_OR_POS,UNREVIEWED_NOT_SEMANTICALLY_APPROVED,NOT_CLEARED,true
lex:A2:unhappy,A2,unhappy,NGSL_SFI_31K_EXTENSION,unhappy,3063,EXACT_HEADWORD_FORM_ONLY,SOURCE_LEMMA_ONLY_NOT_SENSE_OR_POS,UNREVIEWED_NOT_SEMANTICALLY_APPROVED,NOT_CLEARED,true
lex:A2:uniform,A2,uniform,NGSL_1_2_CORE,uniform,2055,EXACT_HEADWORD_FORM_ONLY,SOURCE_LEMMA_ONLY_NOT_SENSE_OR_POS,UNREVIEWED_NOT_SEMANTICALLY_APPROVED,NOT_CLEARED,true
lex:A2:unit,A2,unit,NGSL_1_2_CORE,unit,780,EXACT_HEADWORD_FORM_ONLY,SOURCE_LEMMA_ONLY_NOT_SENSE_OR_POS,UNREVIEWED_NOT_SEMANTICALLY_APPROVED,NOT_CLEARED,true
lex:A2:united,A2,united,NO_DIRECT_SOURCE_LEMMA,,,NO_DIRECT_MATCH,SOURCE_LEMMA_ONLY_NOT_SENSE_OR_POS,UNREVIEWED_NOT_SEMANTICALLY_APPROVED,NOT_CLEARED,true
lex:A2:unusual,A2,unusual,NGSL_1_2_CORE,unusual,1873,EXACT_HEADWORD_FORM_ONLY,SOURCE_LEMMA_ONLY_NOT_SENSE_OR_POS,UNREVIEWED_NOT_SEMANTICALLY_APPROVED,NOT_CLEARED,true
lex:A2:upstairs,A2,upstairs,NGSL_SFI_31K_EXTENSION,upstairs,3052,EXACT_HEADWORD_FORM_ONLY,SOURCE_LEMMA_ONLY_NOT_SENSE_OR_POS,UNREVIEWED_NOT_SEMANTICALLY_APPROVED,NOT_CLEARED,true
lex:A2:use,A2,use,NGSL_1_2_CORE,use,68,EXACT_HEADWORD_FORM_ONLY,SOURCE_LEMMA_ONLY_NOT_SENSE_OR_POS,UNREVIEWED_NOT_SEMANTICALLY_APPROVED,NOT_CLEARED,true
lex:A2:used-to,A2,used to,NO_DIRECT_SOURCE_LEMMA,,,NO_DIRECT_MATCH,SOURCE_LEMMA_ONLY_NOT_SENSE_OR_POS,UNREVIEWED_NOT_SEMANTICALLY_APPROVED,NOT_CLEARED,true
lex:A2:user,A2,user,NGSL_1_2_CORE,user,1115,EXACT_HEADWORD_FORM_ONLY,SOURCE_LEMMA_ONLY_NOT_SENSE_OR_POS,UNREVIEWED_NOT_SEMANTICALLY_APPROVED,NOT_CLEARED,true
lex:A2:usual,A2,usual,NGSL_1_2_CORE,usual,1385,EXACT_HEADWORD_FORM_ONLY,SOURCE_LEMMA_ONLY_NOT_SENSE_OR_POS,UNREVIEWED_NOT_SEMANTICALLY_APPROVED,NOT_CLEARED,true
lex:A2:valley,A2,valley,NGSL_1_2_CORE,valley,2415,EXACT_HEADWORD_FORM_ONLY,SOURCE_LEMMA_ONLY_NOT_SENSE_OR_POS,UNREVIEWED_NOT_SEMANTICALLY_APPROVED,NOT_CLEARED,true
lex:A2:van,A2,van,NGSL_1_2_CORE,van,2217,EXACT_HEADWORD_FORM_ONLY,SOURCE_LEMMA_ONLY_NOT_SENSE_OR_POS,UNREVIEWED_NOT_SEMANTICALLY_APPROVED,NOT_CLEARED,true
lex:A2:variety,A2,variety,NGSL_1_2_CORE,variety,954,EXACT_HEADWORD_FORM_ONLY,SOURCE_LEMMA_ONLY_NOT_SENSE_OR_POS,UNREVIEWED_NOT_SEMANTICALLY_APPROVED,NOT_CLEARED,true
lex:A2:vehicle,A2,vehicle,NGSL_1_2_CORE,vehicle,1408,EXACT_HEADWORD_FORM_ONLY,SOURCE_LEMMA_ONLY_NOT_SENSE_OR_POS,UNREVIEWED_NOT_SEMANTICALLY_APPROVED,NOT_CLEARED,true
lex:A2:view,A2,view,NGSL_1_2_CORE,view,293,EXACT_HEADWORD_FORM_ONLY,SOURCE_LEMMA_ONLY_NOT_SENSE_OR_POS,UNREVIEWED_NOT_SEMANTICALLY_APPROVED,NOT_CLEARED,true
lex:A2:virus,A2,virus,NGSL_1_2_CORE,virus,2341,EXACT_HEADWORD_FORM_ONLY,SOURCE_LEMMA_ONLY_NOT_SENSE_OR_POS,UNREVIEWED_NOT_SEMANTICALLY_APPROVED,NOT_CLEARED,true
lex:A2:voice,A2,voice,NGSL_1_2_CORE,voice,607,EXACT_HEADWORD_FORM_ONLY,SOURCE_LEMMA_ONLY_NOT_SENSE_OR_POS,UNREVIEWED_NOT_SEMANTICALLY_APPROVED,NOT_CLEARED,true
lex:A2:wait,A2,wait,NGSL_1_2_CORE,wait,403,EXACT_HEADWORD_FORM_ONLY,SOURCE_LEMMA_ONLY_NOT_SENSE_OR_POS,UNREVIEWED_NOT_SEMANTICALLY_APPROVED,NOT_CLEARED,true
lex:A2:war,A2,war,NGSL_1_2_CORE,war,435,EXACT_HEADWORD_FORM_ONLY,SOURCE_LEMMA_ONLY_NOT_SENSE_OR_POS,UNREVIEWED_NOT_SEMANTICALLY_APPROVED,NOT_CLEARED,true
lex:A2:wash,A2,wash,NGSL_1_2_CORE,wash,1368,EXACT_HEADWORD_FORM_ONLY,SOURCE_LEMMA_ONLY_NOT_SENSE_OR_POS,UNREVIEWED_NOT_SEMANTICALLY_APPROVED,NOT_CLEARED,true
lex:A2:washing,A2,washing,NO_DIRECT_SOURCE_LEMMA,,,NO_DIRECT_MATCH,SOURCE_LEMMA_ONLY_NOT_SENSE_OR_POS,UNREVIEWED_NOT_SEMANTICALLY_APPROVED,NOT_CLEARED,true
lex:A2:wave,A2,wave,NGSL_1_2_CORE,wave,1158,EXACT_HEADWORD_FORM_ONLY,SOURCE_LEMMA_ONLY_NOT_SENSE_OR_POS,UNREVIEWED_NOT_SEMANTICALLY_APPROVED,NOT_CLEARED,true
lex:A2:weak,A2,weak,NGSL_1_2_CORE,weak,1685,EXACT_HEADWORD_FORM_ONLY,SOURCE_LEMMA_ONLY_NOT_SENSE_OR_POS,UNREVIEWED_NOT_SEMANTICALLY_APPROVED,NOT_CLEARED,true
lex:A2:web,A2,web,NGSL_1_2_CORE,web,2223,EXACT_HEADWORD_FORM_ONLY,SOURCE_LEMMA_ONLY_NOT_SENSE_OR_POS,UNREVIEWED_NOT_SEMANTICALLY_APPROVED,NOT_CLEARED,true
lex:A2:wedding,A2,wedding,NO_DIRECT_SOURCE_LEMMA,,,NO_DIRECT_MATCH,SOURCE_LEMMA_ONLY_NOT_SENSE_OR_POS,UNREVIEWED_NOT_SEMANTICALLY_APPROVED,NOT_CLEARED,true
lex:A2:weight,A2,weight,NGSL_1_2_CORE,weight,978,EXACT_HEADWORD_FORM_ONLY,SOURCE_LEMMA_ONLY_NOT_SENSE_OR_POS,UNREVIEWED_NOT_SEMANTICALLY_APPROVED,NOT_CLEARED,true
lex:A2:welcome,A2,welcome,NGSL_1_2_CORE,welcome,989,EXACT_HEADWORD_FORM_ONLY,SOURCE_LEMMA_ONLY_NOT_SENSE_OR_POS,UNREVIEWED_NOT_SEMANTICALLY_APPROVED,NOT_CLEARED,true
lex:A2:wet,A2,wet,NGSL_1_2_CORE,wet,2084,EXACT_HEADWORD_FORM_ONLY,SOURCE_LEMMA_ONLY_NOT_SENSE_OR_POS,UNREVIEWED_NOT_SEMANTICALLY_APPROVED,NOT_CLEARED,true
lex:A2:wheel,A2,wheel,NGSL_1_2_CORE,wheel,1985,EXACT_HEADWORD_FORM_ONLY,SOURCE_LEMMA_ONLY_NOT_SENSE_OR_POS,UNREVIEWED_NOT_SEMANTICALLY_APPROVED,NOT_CLEARED,true
lex:A2:while,A2,while,NGSL_1_2_CORE,while,155,EXACT_HEADWORD_FORM_ONLY,SOURCE_LEMMA_ONLY_NOT_SENSE_OR_POS,UNREVIEWED_NOT_SEMANTICALLY_APPROVED,NOT_CLEARED,true
lex:A2:whole,A2,whole,NGSL_1_2_CORE,whole,310,EXACT_HEADWORD_FORM_ONLY,SOURCE_LEMMA_ONLY_NOT_SENSE_OR_POS,UNREVIEWED_NOT_SEMANTICALLY_APPROVED,NOT_CLEARED,true
lex:A2:whose,A2,whose,NO_DIRECT_SOURCE_LEMMA,,,NO_DIRECT_MATCH,SOURCE_LEMMA_ONLY_NOT_SENSE_OR_POS,UNREVIEWED_NOT_SEMANTICALLY_APPROVED,NOT_CLEARED,true
lex:A2:wide,A2,wide,NGSL_1_2_CORE,wide,753,EXACT_HEADWORD_FORM_ONLY,SOURCE_LEMMA_ONLY_NOT_SENSE_OR_POS,UNREVIEWED_NOT_SEMANTICALLY_APPROVED,NOT_CLEARED,true
lex:A2:wild,A2,wild,NGSL_1_2_CORE,wild,1591,EXACT_HEADWORD_FORM_ONLY,SOURCE_LEMMA_ONLY_NOT_SENSE_OR_POS,UNREVIEWED_NOT_SEMANTICALLY_APPROVED,NOT_CLEARED,true
lex:A2:wind,A2,wind¹,NGSL_1_2_CORE,wind,1013,HEADWORD_NORMALIZED_REQUIRES_REVIEW,SOURCE_LEMMA_ONLY_NOT_SENSE_OR_POS,UNREVIEWED_NOT_SEMANTICALLY_APPROVED,NOT_CLEARED,true
lex:A2:winner,A2,winner,NGSL_1_2_CORE,winner,1911,EXACT_HEADWORD_FORM_ONLY,SOURCE_LEMMA_ONLY_NOT_SENSE_OR_POS,UNREVIEWED_NOT_SEMANTICALLY_APPROVED,NOT_CLEARED,true
lex:A2:wish,A2,wish,NGSL_1_2_CORE,wish,524,EXACT_HEADWORD_FORM_ONLY,SOURCE_LEMMA_ONLY_NOT_SENSE_OR_POS,UNREVIEWED_NOT_SEMANTICALLY_APPROVED,NOT_CLEARED,true
lex:A2:wood,A2,wood,NGSL_1_2_CORE,wood,1467,EXACT_HEADWORD_FORM_ONLY,SOURCE_LEMMA_ONLY_NOT_SENSE_OR_POS,UNREVIEWED_NOT_SEMANTICALLY_APPROVED,NOT_CLEARED,true
lex:A2:wooden,A2,wooden,NGSL_1_2_CORE,wooden,2544,EXACT_HEADWORD_FORM_ONLY,SOURCE_LEMMA_ONLY_NOT_SENSE_OR_POS,UNREVIEWED_NOT_SEMANTICALLY_APPROVED,NOT_CLEARED,true
lex:A2:working,A2,working,NO_DIRECT_SOURCE_LEMMA,,,NO_DIRECT_MATCH,SOURCE_LEMMA_ONLY_NOT_SENSE_OR_POS,UNREVIEWED_NOT_SEMANTICALLY_APPROVED,NOT_CLEARED,true
lex:A2:worried,A2,worried,NO_DIRECT_SOURCE_LEMMA,,,NO_DIRECT_MATCH,SOURCE_LEMMA_ONLY_NOT_SENSE_OR_POS,UNREVIEWED_NOT_SEMANTICALLY_APPROVED,NOT_CLEARED,true
lex:A2:worry,A2,worry,NGSL_1_2_CORE,worry,653,EXACT_HEADWORD_FORM_ONLY,SOURCE_LEMMA_ONLY_NOT_SENSE_OR_POS,UNREVIEWED_NOT_SEMANTICALLY_APPROVED,NOT_CLEARED,true
lex:A2:worse,A2,worse,NO_DIRECT_SOURCE_LEMMA,,,NO_DIRECT_MATCH,SOURCE_LEMMA_ONLY_NOT_SENSE_OR_POS,UNREVIEWED_NOT_SEMANTICALLY_APPROVED,NOT_CLEARED,true
lex:A2:worst,A2,worst,NO_DIRECT_SOURCE_LEMMA,,,NO_DIRECT_MATCH,SOURCE_LEMMA_ONLY_NOT_SENSE_OR_POS,UNREVIEWED_NOT_SEMANTICALLY_APPROVED,NOT_CLEARED,true
lex:A2:wow,A2,wow,NGSL_SFI_31K_EXTENSION,wow,3579,EXACT_HEADWORD_FORM_ONLY,SOURCE_LEMMA_ONLY_NOT_SENSE_OR_POS,UNREVIEWED_NOT_SEMANTICALLY_APPROVED,NOT_CLEARED,true
lex:A2:yet,A2,yet,NGSL_1_2_CORE,yet,311,EXACT_HEADWORD_FORM_ONLY,SOURCE_LEMMA_ONLY_NOT_SENSE_OR_POS,UNREVIEWED_NOT_SEMANTICALLY_APPROVED,NOT_CLEARED,true
lex:A2:yours,A2,yours,NO_DIRECT_SOURCE_LEMMA,,,NO_DIRECT_MATCH,SOURCE_LEMMA_ONLY_NOT_SENSE_OR_POS,UNREVIEWED_NOT_SEMANTICALLY_APPROVED,NOT_CLEARED,true
lex:A2:zero,A2,zero,NGSL_SFI_31K_EXTENSION,zero,2346,EXACT_HEADWORD_FORM_ONLY,SOURCE_LEMMA_ONLY_NOT_SENSE_OR_POS,UNREVIEWED_NOT_SEMANTICALLY_APPROVED,NOT_CLEARED,true
lex:B1:absolutely,B1,absolutely,NGSL_1_2_CORE,absolutely,1078,EXACT_HEADWORD_FORM_ONLY,SOURCE_LEMMA_ONLY_NOT_SENSE_OR_POS,UNREVIEWED_NOT_SEMANTICALLY_APPROVED,NOT_CLEARED,true
lex:B1:academic,B1,academic,NGSL_1_2_CORE,academic,1751,EXACT_HEADWORD_FORM_ONLY,SOURCE_LEMMA_ONLY_NOT_SENSE_OR_POS,UNREVIEWED_NOT_SEMANTICALLY_APPROVED,NOT_CLEARED,true
lex:B1:access,B1,access,NGSL_1_2_CORE,access,802,EXACT_HEADWORD_FORM_ONLY,SOURCE_LEMMA_ONLY_NOT_SENSE_OR_POS,UNREVIEWED_NOT_SEMANTICALLY_APPROVED,NOT_CLEARED,true
lex:B1:accommodation,B1,accommodation,NGSL_1_2_CORE,accommodation,1903,EXACT_HEADWORD_FORM_ONLY,SOURCE_LEMMA_ONLY_NOT_SENSE_OR_POS,UNREVIEWED_NOT_SEMANTICALLY_APPROVED,NOT_CLEARED,true
lex:B1:account,B1,account,NGSL_1_2_CORE,account,436,EXACT_HEADWORD_FORM_ONLY,SOURCE_LEMMA_ONLY_NOT_SENSE_OR_POS,UNREVIEWED_NOT_SEMANTICALLY_APPROVED,NOT_CLEARED,true
lex:B1:achievement,B1,achievement,NGSL_1_2_CORE,achievement,2001,EXACT_HEADWORD_FORM_ONLY,SOURCE_LEMMA_ONLY_NOT_SENSE_OR_POS,UNREVIEWED_NOT_SEMANTICALLY_APPROVED,NOT_CLEARED,true
lex:B1:act,B1,act,NGSL_1_2_CORE,act,515,EXACT_HEADWORD_FORM_ONLY,SOURCE_LEMMA_ONLY_NOT_SENSE_OR_POS,UNREVIEWED_NOT_SEMANTICALLY_APPROVED,NOT_CLEARED,true
lex:B1:ad,B1,ad,NGSL_1_2_CORE,ad,1478,EXACT_HEADWORD_FORM_ONLY,SOURCE_LEMMA_ONLY_NOT_SENSE_OR_POS,UNREVIEWED_NOT_SEMANTICALLY_APPROVED,NOT_CLEARED,true
lex:B1:addition,B1,addition,NGSL_1_2_CORE,addition,707,EXACT_HEADWORD_FORM_ONLY,SOURCE_LEMMA_ONLY_NOT_SENSE_OR_POS,UNREVIEWED_NOT_SEMANTICALLY_APPROVED,NOT_CLEARED,true
lex:B1:admire,B1,admire,NGSL_1_2_CORE,admire,2347,EXACT_HEADWORD_FORM_ONLY,SOURCE_LEMMA_ONLY_NOT_SENSE_OR_POS,UNREVIEWED_NOT_SEMANTICALLY_APPROVED,NOT_CLEARED,true
lex:B1:admit,B1,admit,NGSL_1_2_CORE,admit,1034,EXACT_HEADWORD_FORM_ONLY,SOURCE_LEMMA_ONLY_NOT_SENSE_OR_POS,UNREVIEWED_NOT_SEMANTICALLY_APPROVED,NOT_CLEARED,true
lex:B1:advanced,B1,advanced,NO_DIRECT_SOURCE_LEMMA,,,NO_DIRECT_MATCH,SOURCE_LEMMA_ONLY_NOT_SENSE_OR_POS,UNREVIEWED_NOT_SEMANTICALLY_APPROVED,NOT_CLEARED,true
lex:B1:advise,B1,advise,NGSL_1_2_CORE,advise,1745,EXACT_HEADWORD_FORM_ONLY,SOURCE_LEMMA_ONLY_NOT_SENSE_OR_POS,UNREVIEWED_NOT_SEMANTICALLY_APPROVED,NOT_CLEARED,true
lex:B1:afford,B1,afford,NGSL_1_2_CORE,afford,1488,EXACT_HEADWORD_FORM_ONLY,SOURCE_LEMMA_ONLY_NOT_SENSE_OR_POS,UNREVIEWED_NOT_SEMANTICALLY_APPROVED,NOT_CLEARED,true
lex:B1:age,B1,age,NGSL_1_2_CORE,age,282,EXACT_HEADWORD_FORM_ONLY,SOURCE_LEMMA_ONLY_NOT_SENSE_OR_POS,UNREVIEWED_NOT_SEMANTICALLY_APPROVED,NOT_CLEARED,true
lex:B1:aged,B1,aged,NO_DIRECT_SOURCE_LEMMA,,,NO_DIRECT_MATCH,SOURCE_LEMMA_ONLY_NOT_SENSE_OR_POS,UNREVIEWED_NOT_SEMANTICALLY_APPROVED,NOT_CLEARED,true
lex:B1:agent,B1,agent,NGSL_1_2_CORE,agent,992,EXACT_HEADWORD_FORM_ONLY,SOURCE_LEMMA_ONLY_NOT_SENSE_OR_POS,UNREVIEWED_NOT_SEMANTICALLY_APPROVED,NOT_CLEARED,true
lex:B1:agreement,B1,agreement,NGSL_1_2_CORE,agreement,785,EXACT_HEADWORD_FORM_ONLY,SOURCE_LEMMA_ONLY_NOT_SENSE_OR_POS,UNREVIEWED_NOT_SEMANTICALLY_APPROVED,NOT_CLEARED,true
lex:B1:ahead,B1,ahead,NGSL_1_2_CORE,ahead,974,EXACT_HEADWORD_FORM_ONLY,SOURCE_LEMMA_ONLY_NOT_SENSE_OR_POS,UNREVIEWED_NOT_SEMANTICALLY_APPROVED,NOT_CLEARED,true
lex:B1:aim,B1,aim,NGSL_1_2_CORE,aim,794,EXACT_HEADWORD_FORM_ONLY,SOURCE_LEMMA_ONLY_NOT_SENSE_OR_POS,UNREVIEWED_NOT_SEMANTICALLY_APPROVED,NOT_CLEARED,true
lex:B1:alarm,B1,alarm,NGSL_1_2_CORE,alarm,2271,EXACT_HEADWORD_FORM_ONLY,SOURCE_LEMMA_ONLY_NOT_SENSE_OR_POS,UNREVIEWED_NOT_SEMANTICALLY_APPROVED,NOT_CLEARED,true
lex:B1:album,B1,album,NGSL_1_2_CORE,album,2181,EXACT_HEADWORD_FORM_ONLY,SOURCE_LEMMA_ONLY_NOT_SENSE_OR_POS,UNREVIEWED_NOT_SEMANTICALLY_APPROVED,NOT_CLEARED,true
lex:B1:alcohol,B1,alcohol,NGSL_1_2_CORE,alcohol,2214,EXACT_HEADWORD_FORM_ONLY,SOURCE_LEMMA_ONLY_NOT_SENSE_OR_POS,UNREVIEWED_NOT_SEMANTICALLY_APPROVED,NOT_CLEARED,true
lex:B1:alcoholic,B1,alcoholic,NGSL_SFI_31K_EXTENSION,alcoholic,5069,EXACT_HEADWORD_FORM_ONLY,SOURCE_LEMMA_ONLY_NOT_SENSE_OR_POS,UNREVIEWED_NOT_SEMANTICALLY_APPROVED,NOT_CLEARED,true
lex:B1:alternative,B1,alternative,NGSL_1_2_CORE,alternative,1090,EXACT_HEADWORD_FORM_ONLY,SOURCE_LEMMA_ONLY_NOT_SENSE_OR_POS,UNREVIEWED_NOT_SEMANTICALLY_APPROVED,NOT_CLEARED,true
lex:B1:amazed,B1,amazed,NO_DIRECT_SOURCE_LEMMA,,,NO_DIRECT_MATCH,SOURCE_LEMMA_ONLY_NOT_SENSE_OR_POS,UNREVIEWED_NOT_SEMANTICALLY_APPROVED,NOT_CLEARED,true
lex:B1:ambition,B1,ambition,NGSL_SFI_31K_EXTENSION,ambition,2989,EXACT_HEADWORD_FORM_ONLY,SOURCE_LEMMA_ONLY_NOT_SENSE_OR_POS,UNREVIEWED_NOT_SEMANTICALLY_APPROVED,NOT_CLEARED,true
lex:B1:ambitious,B1,ambitious,NGSL_SFI_31K_EXTENSION,ambitious,3512,EXACT_HEADWORD_FORM_ONLY,SOURCE_LEMMA_ONLY_NOT_SENSE_OR_POS,UNREVIEWED_NOT_SEMANTICALLY_APPROVED,NOT_CLEARED,true
lex:B1:analyse,B1,analyse,NO_DIRECT_SOURCE_LEMMA,,,NO_DIRECT_MATCH,SOURCE_LEMMA_ONLY_NOT_SENSE_OR_POS,UNREVIEWED_NOT_SEMANTICALLY_APPROVED,NOT_CLEARED,true
lex:B1:analysis,B1,analysis,NGSL_1_2_CORE,analysis,756,EXACT_HEADWORD_FORM_ONLY,SOURCE_LEMMA_ONLY_NOT_SENSE_OR_POS,UNREVIEWED_NOT_SEMANTICALLY_APPROVED,NOT_CLEARED,true
lex:B1:announce,B1,announce,NGSL_1_2_CORE,announce,1004,EXACT_HEADWORD_FORM_ONLY,SOURCE_LEMMA_ONLY_NOT_SENSE_OR_POS,UNREVIEWED_NOT_SEMANTICALLY_APPROVED,NOT_CLEARED,true
lex:B1:announcement,B1,announcement,NGSL_1_2_CORE,announcement,2458,EXACT_HEADWORD_FORM_ONLY,SOURCE_LEMMA_ONLY_NOT_SENSE_OR_POS,UNREVIEWED_NOT_SEMANTICALLY_APPROVED,NOT_CLEARED,true
lex:B1:annoy,B1,annoy,NGSL_SFI_31K_EXTENSION,annoy,3040,EXACT_HEADWORD_FORM_ONLY,SOURCE_LEMMA_ONLY_NOT_SENSE_OR_POS,UNREVIEWED_NOT_SEMANTICALLY_APPROVED,NOT_CLEARED,true
lex:B1:annoyed,B1,annoyed,NO_DIRECT_SOURCE_LEMMA,,,NO_DIRECT_MATCH,SOURCE_LEMMA_ONLY_NOT_SENSE_OR_POS,UNREVIEWED_NOT_SEMANTICALLY_APPROVED,NOT_CLEARED,true
lex:B1:annoying,B1,annoying,NO_DIRECT_SOURCE_LEMMA,,,NO_DIRECT_MATCH,SOURCE_LEMMA_ONLY_NOT_SENSE_OR_POS,UNREVIEWED_NOT_SEMANTICALLY_APPROVED,NOT_CLEARED,true
lex:B1:apart,B1,apart,NGSL_1_2_CORE,apart,1121,EXACT_HEADWORD_FORM_ONLY,SOURCE_LEMMA_ONLY_NOT_SENSE_OR_POS,UNREVIEWED_NOT_SEMANTICALLY_APPROVED,NOT_CLEARED,true
lex:B1:apologize,B1,apologize,NGSL_1_2_CORE,apologize,2301,EXACT_HEADWORD_FORM_ONLY,SOURCE_LEMMA_ONLY_NOT_SENSE_OR_POS,UNREVIEWED_NOT_SEMANTICALLY_APPROVED,NOT_CLEARED,true
lex:B1:application,B1,application,NGSL_1_2_CORE,application,884,EXACT_HEADWORD_FORM_ONLY,SOURCE_LEMMA_ONLY_NOT_SENSE_OR_POS,UNREVIEWED_NOT_SEMANTICALLY_APPROVED,NOT_CLEARED,true
lex:B1:appointment,B1,appointment,NGSL_1_2_CORE,appointment,1839,EXACT_HEADWORD_FORM_ONLY,SOURCE_LEMMA_ONLY_NOT_SENSE_OR_POS,UNREVIEWED_NOT_SEMANTICALLY_APPROVED,NOT_CLEARED,true
lex:B1:appreciate,B1,appreciate,NGSL_1_2_CORE,appreciate,1274,EXACT_HEADWORD_FORM_ONLY,SOURCE_LEMMA_ONLY_NOT_SENSE_OR_POS,UNREVIEWED_NOT_SEMANTICALLY_APPROVED,NOT_CLEARED,true
lex:B1:approximately,B1,approximately,NGSL_1_2_CORE,approximately,1902,EXACT_HEADWORD_FORM_ONLY,SOURCE_LEMMA_ONLY_NOT_SENSE_OR_POS,UNREVIEWED_NOT_SEMANTICALLY_APPROVED,NOT_CLEARED,true
lex:B1:arrest,B1,arrest,NGSL_1_2_CORE,arrest,1498,EXACT_HEADWORD_FORM_ONLY,SOURCE_LEMMA_ONLY_NOT_SENSE_OR_POS,UNREVIEWED_NOT_SEMANTICALLY_APPROVED,NOT_CLEARED,true
lex:B1:arrival,B1,arrival,NGSL_1_2_CORE,arrival,2058,EXACT_HEADWORD_FORM_ONLY,SOURCE_LEMMA_ONLY_NOT_SENSE_OR_POS,UNREVIEWED_NOT_SEMANTICALLY_APPROVED,NOT_CLEARED,true
lex:B1:assignment,B1,assignment,NGSL_SFI_31K_EXTENSION,assignment,3058,EXACT_HEADWORD_FORM_ONLY,SOURCE_LEMMA_ONLY_NOT_SENSE_OR_POS,UNREVIEWED_NOT_SEMANTICALLY_APPROVED,NOT_CLEARED,true
lex:B1:assist,B1,assist,NGSL_1_2_CORE,assist,2099,EXACT_HEADWORD_FORM_ONLY,SOURCE_LEMMA_ONLY_NOT_SENSE_OR_POS,UNREVIEWED_NOT_SEMANTICALLY_APPROVED,NOT_CLEARED,true
lex:B1:atmosphere,B1,atmosphere,NGSL_1_2_CORE,atmosphere,1579,EXACT_HEADWORD_FORM_ONLY,SOURCE_LEMMA_ONLY_NOT_SENSE_OR_POS,UNREVIEWED_NOT_SEMANTICALLY_APPROVED,NOT_CLEARED,true
lex:B1:attach,B1,attach,NGSL_1_2_CORE,attach,1742,EXACT_HEADWORD_FORM_ONLY,SOURCE_LEMMA_ONLY_NOT_SENSE_OR_POS,UNREVIEWED_NOT_SEMANTICALLY_APPROVED,NOT_CLEARED,true
lex:B1:attitude,B1,attitude,NGSL_1_2_CORE,attitude,1094,EXACT_HEADWORD_FORM_ONLY,SOURCE_LEMMA_ONLY_NOT_SENSE_OR_POS,UNREVIEWED_NOT_SEMANTICALLY_APPROVED,NOT_CLEARED,true
lex:B1:attract,B1,attract,NGSL_1_2_CORE,attract,1298,EXACT_HEADWORD_FORM_ONLY,SOURCE_LEMMA_ONLY_NOT_SENSE_OR_POS,UNREVIEWED_NOT_SEMANTICALLY_APPROVED,NOT_CLEARED,true
lex:B1:attraction,B1,attraction,NGSL_1_2_CORE,attraction,2670,EXACT_HEADWORD_FORM_ONLY,SOURCE_LEMMA_ONLY_NOT_SENSE_OR_POS,UNREVIEWED_NOT_SEMANTICALLY_APPROVED,NOT_CLEARED,true
lex:B1:authority,B1,authority,NGSL_SFI_31K_EXTENSION,authority,705,EXACT_HEADWORD_FORM_ONLY,SOURCE_LEMMA_ONLY_NOT_SENSE_OR_POS,UNREVIEWED_NOT_SEMANTICALLY_APPROVED,NOT_CLEARED,true
lex:B1:average,B1,average,NGSL_1_2_CORE,average,690,EXACT_HEADWORD_FORM_ONLY,SOURCE_LEMMA_ONLY_NOT_SENSE_OR_POS,UNREVIEWED_NOT_SEMANTICALLY_APPROVED,NOT_CLEARED,true
lex:B1:award,B1,award,NGSL_1_2_CORE,award,1341,EXACT_HEADWORD_FORM_ONLY,SOURCE_LEMMA_ONLY_NOT_SENSE_OR_POS,UNREVIEWED_NOT_SEMANTICALLY_APPROVED,NOT_CLEARED,true
lex:B1:aware,B1,aware,NGSL_1_2_CORE,aware,1039,EXACT_HEADWORD_FORM_ONLY,SOURCE_LEMMA_ONLY_NOT_SENSE_OR_POS,UNREVIEWED_NOT_SEMANTICALLY_APPROVED,NOT_CLEARED,true
lex:B1:backwards,B1,backwards,NO_DIRECT_SOURCE_LEMMA,,,NO_DIRECT_MATCH,SOURCE_LEMMA_ONLY_NOT_SENSE_OR_POS,UNREVIEWED_NOT_SEMANTICALLY_APPROVED,NOT_CLEARED,true
lex:B1:bake,B1,bake,NGSL_SFI_31K_EXTENSION,bake,3568,EXACT_HEADWORD_FORM_ONLY,SOURCE_LEMMA_ONLY_NOT_SENSE_OR_POS,UNREVIEWED_NOT_SEMANTICALLY_APPROVED,NOT_CLEARED,true
lex:B1:balance,B1,balance,NGSL_1_2_CORE,balance,907,EXACT_HEADWORD_FORM_ONLY,SOURCE_LEMMA_ONLY_NOT_SENSE_OR_POS,UNREVIEWED_NOT_SEMANTICALLY_APPROVED,NOT_CLEARED,true
lex:B1:ban,B1,ban,NGSL_1_2_CORE,ban,1706,EXACT_HEADWORD_FORM_ONLY,SOURCE_LEMMA_ONLY_NOT_SENSE_OR_POS,UNREVIEWED_NOT_SEMANTICALLY_APPROVED,NOT_CLEARED,true
lex:B1:bank-river,B1,bank (river),NGSL_1_2_CORE,bank,627,HEADWORD_NORMALIZED_REQUIRES_REVIEW,SOURCE_LEMMA_ONLY_NOT_SENSE_OR_POS,UNREVIEWED_NOT_SEMANTICALLY_APPROVED,NOT_CLEARED,true
lex:B1:base,B1,base,NGSL_1_2_CORE,base,327,EXACT_HEADWORD_FORM_ONLY,SOURCE_LEMMA_ONLY_NOT_SENSE_OR_POS,UNREVIEWED_NOT_SEMANTICALLY_APPROVED,NOT_CLEARED,true
lex:B1:basic,B1,basic,NGSL_1_2_CORE,basic,911,EXACT_HEADWORD_FORM_ONLY,SOURCE_LEMMA_ONLY_NOT_SENSE_OR_POS,UNREVIEWED_NOT_SEMANTICALLY_APPROVED,NOT_CLEARED,true
lex:B1:basis,B1,basis,NGSL_1_2_CORE,basis,909,EXACT_HEADWORD_FORM_ONLY,SOURCE_LEMMA_ONLY_NOT_SENSE_OR_POS,UNREVIEWED_NOT_SEMANTICALLY_APPROVED,NOT_CLEARED,true
lex:B1:battery,B1,battery,NGSL_SFI_31K_EXTENSION,battery,2969,EXACT_HEADWORD_FORM_ONLY,SOURCE_LEMMA_ONLY_NOT_SENSE_OR_POS,UNREVIEWED_NOT_SEMANTICALLY_APPROVED,NOT_CLEARED,true
lex:B1:battle,B1,battle,NGSL_1_2_CORE,battle,1337,EXACT_HEADWORD_FORM_ONLY,SOURCE_LEMMA_ONLY_NOT_SENSE_OR_POS,UNREVIEWED_NOT_SEMANTICALLY_APPROVED,NOT_CLEARED,true
lex:B1:beauty,B1,beauty,NGSL_1_2_CORE,beauty,1922,EXACT_HEADWORD_FORM_ONLY,SOURCE_LEMMA_ONLY_NOT_SENSE_OR_POS,UNREVIEWED_NOT_SEMANTICALLY_APPROVED,NOT_CLEARED,true
lex:B1:bee,B1,bee,NGSL_SFI_31K_EXTENSION,bee,3902,EXACT_HEADWORD_FORM_ONLY,SOURCE_LEMMA_ONLY_NOT_SENSE_OR_POS,UNREVIEWED_NOT_SEMANTICALLY_APPROVED,NOT_CLEARED,true
lex:B1:belief,B1,belief,NGSL_1_2_CORE,belief,1456,EXACT_HEADWORD_FORM_ONLY,SOURCE_LEMMA_ONLY_NOT_SENSE_OR_POS,UNREVIEWED_NOT_SEMANTICALLY_APPROVED,NOT_CLEARED,true
lex:B1:bell,B1,bell,NGSL_1_2_CORE,bell,2691,EXACT_HEADWORD_FORM_ONLY,SOURCE_LEMMA_ONLY_NOT_SENSE_OR_POS,UNREVIEWED_NOT_SEMANTICALLY_APPROVED,NOT_CLEARED,true
lex:B1:bend,B1,bend,NGSL_1_2_CORE,bend,2268,EXACT_HEADWORD_FORM_ONLY,SOURCE_LEMMA_ONLY_NOT_SENSE_OR_POS,UNREVIEWED_NOT_SEMANTICALLY_APPROVED,NOT_CLEARED,true
lex:B1:benefit,B1,benefit,NGSL_1_2_CORE,benefit,543,EXACT_HEADWORD_FORM_ONLY,SOURCE_LEMMA_ONLY_NOT_SENSE_OR_POS,UNREVIEWED_NOT_SEMANTICALLY_APPROVED,NOT_CLEARED,true
lex:B1:better,B1,better,NGSL_SFI_31K_EXTENSION,better,7937,EXACT_HEADWORD_FORM_ONLY,SOURCE_LEMMA_ONLY_NOT_SENSE_OR_POS,UNREVIEWED_NOT_SEMANTICALLY_APPROVED,NOT_CLEARED,true
lex:B1:bite,B1,bite,NGSL_1_2_CORE,bite,2663,EXACT_HEADWORD_FORM_ONLY,SOURCE_LEMMA_ONLY_NOT_SENSE_OR_POS,UNREVIEWED_NOT_SEMANTICALLY_APPROVED,NOT_CLEARED,true
lex:B1:block,B1,block,NGSL_1_2_CORE,block,1020,EXACT_HEADWORD_FORM_ONLY,SOURCE_LEMMA_ONLY_NOT_SENSE_OR_POS,UNREVIEWED_NOT_SEMANTICALLY_APPROVED,NOT_CLEARED,true
lex:B1:board,B1,board,NGSL_1_2_CORE,board,741,EXACT_HEADWORD_FORM_ONLY,SOURCE_LEMMA_ONLY_NOT_SENSE_OR_POS,UNREVIEWED_NOT_SEMANTICALLY_APPROVED,NOT_CLEARED,true
lex:B1:bomb,B1,bomb,NGSL_1_2_CORE,bomb,1417,EXACT_HEADWORD_FORM_ONLY,SOURCE_LEMMA_ONLY_NOT_SENSE_OR_POS,UNREVIEWED_NOT_SEMANTICALLY_APPROVED,NOT_CLEARED,true
lex:B1:border,B1,border,NGSL_1_2_CORE,border,1473,EXACT_HEADWORD_FORM_ONLY,SOURCE_LEMMA_ONLY_NOT_SENSE_OR_POS,UNREVIEWED_NOT_SEMANTICALLY_APPROVED,NOT_CLEARED,true
lex:B1:bother,B1,bother,NGSL_1_2_CORE,bother,1844,EXACT_HEADWORD_FORM_ONLY,SOURCE_LEMMA_ONLY_NOT_SENSE_OR_POS,UNREVIEWED_NOT_SEMANTICALLY_APPROVED,NOT_CLEARED,true
lex:B1:branch,B1,branch,NGSL_1_2_CORE,branch,1407,EXACT_HEADWORD_FORM_ONLY,SOURCE_LEMMA_ONLY_NOT_SENSE_OR_POS,UNREVIEWED_NOT_SEMANTICALLY_APPROVED,NOT_CLEARED,true
lex:B1:brand,B1,brand,NGSL_1_2_CORE,brand,1549,EXACT_HEADWORD_FORM_ONLY,SOURCE_LEMMA_ONLY_NOT_SENSE_OR_POS,UNREVIEWED_NOT_SEMANTICALLY_APPROVED,NOT_CLEARED,true
lex:B1:brave,B1,brave,NGSL_SFI_31K_EXTENSION,brave,3429,EXACT_HEADWORD_FORM_ONLY,SOURCE_LEMMA_ONLY_NOT_SENSE_OR_POS,UNREVIEWED_NOT_SEMANTICALLY_APPROVED,NOT_CLEARED,true
lex:B1:breath,B1,breath,NGSL_1_2_CORE,breath,1611,EXACT_HEADWORD_FORM_ONLY,SOURCE_LEMMA_ONLY_NOT_SENSE_OR_POS,UNREVIEWED_NOT_SEMANTICALLY_APPROVED,NOT_CLEARED,true
lex:B1:breathe,B1,breathe,NGSL_1_2_CORE,breathe,1914,EXACT_HEADWORD_FORM_ONLY,SOURCE_LEMMA_ONLY_NOT_SENSE_OR_POS,UNREVIEWED_NOT_SEMANTICALLY_APPROVED,NOT_CLEARED,true
lex:B1:breathing,B1,breathing,NO_DIRECT_SOURCE_LEMMA,,,NO_DIRECT_MATCH,SOURCE_LEMMA_ONLY_NOT_SENSE_OR_POS,UNREVIEWED_NOT_SEMANTICALLY_APPROVED,NOT_CLEARED,true
lex:B1:bride,B1,bride,NGSL_SFI_31K_EXTENSION,bride,4489,EXACT_HEADWORD_FORM_ONLY,SOURCE_LEMMA_ONLY_NOT_SENSE_OR_POS,UNREVIEWED_NOT_SEMANTICALLY_APPROVED,NOT_CLEARED,true
lex:B1:bubble,B1,bubble,NGSL_SFI_31K_EXTENSION,bubble,3563,EXACT_HEADWORD_FORM_ONLY,SOURCE_LEMMA_ONLY_NOT_SENSE_OR_POS,UNREVIEWED_NOT_SEMANTICALLY_APPROVED,NOT_CLEARED,true
lex:B1:bury,B1,bury,NGSL_1_2_CORE,bury,2406,EXACT_HEADWORD_FORM_ONLY,SOURCE_LEMMA_ONLY_NOT_SENSE_OR_POS,UNREVIEWED_NOT_SEMANTICALLY_APPROVED,NOT_CLEARED,true
lex:B1:by,B1,by,NGSL_1_2_CORE,by,27,EXACT_HEADWORD_FORM_ONLY,SOURCE_LEMMA_ONLY_NOT_SENSE_OR_POS,UNREVIEWED_NOT_SEMANTICALLY_APPROVED,NOT_CLEARED,true
lex:B1:calm,B1,calm,NGSL_1_2_CORE,calm,1964,EXACT_HEADWORD_FORM_ONLY,SOURCE_LEMMA_ONLY_NOT_SENSE_OR_POS,UNREVIEWED_NOT_SEMANTICALLY_APPROVED,NOT_CLEARED,true
lex:B1:campaign,B1,campaign,NGSL_1_2_CORE,campaign,647,EXACT_HEADWORD_FORM_ONLY,SOURCE_LEMMA_ONLY_NOT_SENSE_OR_POS,UNREVIEWED_NOT_SEMANTICALLY_APPROVED,NOT_CLEARED,true
lex:B1:campus,B1,campus,NGSL_SFI_31K_EXTENSION,campus,2993,EXACT_HEADWORD_FORM_ONLY,SOURCE_LEMMA_ONLY_NOT_SENSE_OR_POS,UNREVIEWED_NOT_SEMANTICALLY_APPROVED,NOT_CLEARED,true
lex:B1:candidate,B1,candidate,NGSL_1_2_CORE,candidate,977,EXACT_HEADWORD_FORM_ONLY,SOURCE_LEMMA_ONLY_NOT_SENSE_OR_POS,UNREVIEWED_NOT_SEMANTICALLY_APPROVED,NOT_CLEARED,true
lex:B1:cap,B1,cap,NGSL_1_2_CORE,cap,2374,EXACT_HEADWORD_FORM_ONLY,SOURCE_LEMMA_ONLY_NOT_SENSE_OR_POS,UNREVIEWED_NOT_SEMANTICALLY_APPROVED,NOT_CLEARED,true
lex:B1:captain,B1,captain,NGSL_SFI_31K_EXTENSION,captain,2970,EXACT_HEADWORD_FORM_ONLY,SOURCE_LEMMA_ONLY_NOT_SENSE_OR_POS,UNREVIEWED_NOT_SEMANTICALLY_APPROVED,NOT_CLEARED,true
lex:B1:careless,B1,careless,NGSL_SFI_31K_EXTENSION,careless,6773,EXACT_HEADWORD_FORM_ONLY,SOURCE_LEMMA_ONLY_NOT_SENSE_OR_POS,UNREVIEWED_NOT_SEMANTICALLY_APPROVED,NOT_CLEARED,true
lex:B1:category,B1,category,NGSL_1_2_CORE,category,1192,EXACT_HEADWORD_FORM_ONLY,SOURCE_LEMMA_ONLY_NOT_SENSE_OR_POS,UNREVIEWED_NOT_SEMANTICALLY_APPROVED,NOT_CLEARED,true
lex:B1:ceiling,B1,ceiling,NGSL_SFI_31K_EXTENSION,ceiling,2920,EXACT_HEADWORD_FORM_ONLY,SOURCE_LEMMA_ONLY_NOT_SENSE_OR_POS,UNREVIEWED_NOT_SEMANTICALLY_APPROVED,NOT_CLEARED,true
lex:B1:celebration,B1,celebration,NGSL_1_2_CORE,celebration,2477,EXACT_HEADWORD_FORM_ONLY,SOURCE_LEMMA_ONLY_NOT_SENSE_OR_POS,UNREVIEWED_NOT_SEMANTICALLY_APPROVED,NOT_CLEARED,true
lex:B1:central,B1,central,NGSL_1_2_CORE,central,891,EXACT_HEADWORD_FORM_ONLY,SOURCE_LEMMA_ONLY_NOT_SENSE_OR_POS,UNREVIEWED_NOT_SEMANTICALLY_APPROVED,NOT_CLEARED,true
lex:B1:centre,B1,centre,NO_DIRECT_SOURCE_LEMMA,,,NO_DIRECT_MATCH,SOURCE_LEMMA_ONLY_NOT_SENSE_OR_POS,UNREVIEWED_NOT_SEMANTICALLY_APPROVED,NOT_CLEARED,true
lex:B1:ceremony,B1,ceremony,NGSL_1_2_CORE,ceremony,2517,EXACT_HEADWORD_FORM_ONLY,SOURCE_LEMMA_ONLY_NOT_SENSE_OR_POS,UNREVIEWED_NOT_SEMANTICALLY_APPROVED,NOT_CLEARED,true
lex:B1:chain,B1,chain,NGSL_1_2_CORE,chain,1518,EXACT_HEADWORD_FORM_ONLY,SOURCE_LEMMA_ONLY_NOT_SENSE_OR_POS,UNREVIEWED_NOT_SEMANTICALLY_APPROVED,NOT_CLEARED,true
lex:B1:challenge,B1,challenge,NGSL_1_2_CORE,challenge,766,EXACT_HEADWORD_FORM_ONLY,SOURCE_LEMMA_ONLY_NOT_SENSE_OR_POS,UNREVIEWED_NOT_SEMANTICALLY_APPROVED,NOT_CLEARED,true
lex:B1:champion,B1,champion,NGSL_1_2_CORE,champion,2446,EXACT_HEADWORD_FORM_ONLY,SOURCE_LEMMA_ONLY_NOT_SENSE_OR_POS,UNREVIEWED_NOT_SEMANTICALLY_APPROVED,NOT_CLEARED,true
lex:B1:channel,B1,channel,NGSL_1_2_CORE,channel,1532,EXACT_HEADWORD_FORM_ONLY,SOURCE_LEMMA_ONLY_NOT_SENSE_OR_POS,UNREVIEWED_NOT_SEMANTICALLY_APPROVED,NOT_CLEARED,true
lex:B1:chapter,B1,chapter,NGSL_1_2_CORE,chapter,1275,EXACT_HEADWORD_FORM_ONLY,SOURCE_LEMMA_ONLY_NOT_SENSE_OR_POS,UNREVIEWED_NOT_SEMANTICALLY_APPROVED,NOT_CLEARED,true
lex:B1:charge,B1,charge,NGSL_1_2_CORE,charge,498,EXACT_HEADWORD_FORM_ONLY,SOURCE_LEMMA_ONLY_NOT_SENSE_OR_POS,UNREVIEWED_NOT_SEMANTICALLY_APPROVED,NOT_CLEARED,true
lex:B1:cheap,B1,cheap,NGSL_1_2_CORE,cheap,1095,EXACT_HEADWORD_FORM_ONLY,SOURCE_LEMMA_ONLY_NOT_SENSE_OR_POS,UNREVIEWED_NOT_SEMANTICALLY_APPROVED,NOT_CLEARED,true
lex:B1:cheat,B1,cheat,NGSL_SFI_31K_EXTENSION,cheat,3978,EXACT_HEADWORD_FORM_ONLY,SOURCE_LEMMA_ONLY_NOT_SENSE_OR_POS,UNREVIEWED_NOT_SEMANTICALLY_APPROVED,NOT_CLEARED,true
lex:B1:cheerful,B1,cheerful,NGSL_SFI_31K_EXTENSION,cheerful,4696,EXACT_HEADWORD_FORM_ONLY,SOURCE_LEMMA_ONLY_NOT_SENSE_OR_POS,UNREVIEWED_NOT_SEMANTICALLY_APPROVED,NOT_CLEARED,true
lex:B1:chemical,B1,chemical,NGSL_1_2_CORE,chemical,1657,EXACT_HEADWORD_FORM_ONLY,SOURCE_LEMMA_ONLY_NOT_SENSE_OR_POS,UNREVIEWED_NOT_SEMANTICALLY_APPROVED,NOT_CLEARED,true
lex:B1:chest,B1,chest,NGSL_1_2_CORE,chest,2468,EXACT_HEADWORD_FORM_ONLY,SOURCE_LEMMA_ONLY_NOT_SENSE_OR_POS,UNREVIEWED_NOT_SEMANTICALLY_APPROVED,NOT_CLEARED,true
lex:B1:childhood,B1,childhood,NGSL_1_2_CORE,childhood,1808,EXACT_HEADWORD_FORM_ONLY,SOURCE_LEMMA_ONLY_NOT_SENSE_OR_POS,UNREVIEWED_NOT_SEMANTICALLY_APPROVED,NOT_CLEARED,true
lex:B1:claim,B1,claim,NGSL_1_2_CORE,claim,501,EXACT_HEADWORD_FORM_ONLY,SOURCE_LEMMA_ONLY_NOT_SENSE_OR_POS,UNREVIEWED_NOT_SEMANTICALLY_APPROVED,NOT_CLEARED,true
lex:B1:clause,B1,clause,NGSL_1_2_CORE,clause,2529,EXACT_HEADWORD_FORM_ONLY,SOURCE_LEMMA_ONLY_NOT_SENSE_OR_POS,UNREVIEWED_NOT_SEMANTICALLY_APPROVED,NOT_CLEARED,true
lex:B1:clear,B1,clear,NGSL_1_2_CORE,clear,369,EXACT_HEADWORD_FORM_ONLY,SOURCE_LEMMA_ONLY_NOT_SENSE_OR_POS,UNREVIEWED_NOT_SEMANTICALLY_APPROVED,NOT_CLEARED,true
lex:B1:click,B1,click,NGSL_1_2_CORE,click,2514,EXACT_HEADWORD_FORM_ONLY,SOURCE_LEMMA_ONLY_NOT_SENSE_OR_POS,UNREVIEWED_NOT_SEMANTICALLY_APPROVED,NOT_CLEARED,true
lex:B1:client,B1,client,NGSL_SFI_31K_EXTENSION,client,871,EXACT_HEADWORD_FORM_ONLY,SOURCE_LEMMA_ONLY_NOT_SENSE_OR_POS,UNREVIEWED_NOT_SEMANTICALLY_APPROVED,NOT_CLEARED,true
lex:B1:climb,B1,climb,NGSL_1_2_CORE,climb,1434,EXACT_HEADWORD_FORM_ONLY,SOURCE_LEMMA_ONLY_NOT_SENSE_OR_POS,UNREVIEWED_NOT_SEMANTICALLY_APPROVED,NOT_CLEARED,true
lex:B1:close,B1,close²,NGSL_1_2_CORE,close,239,HEADWORD_NORMALIZED_REQUIRES_REVIEW,SOURCE_LEMMA_ONLY_NOT_SENSE_OR_POS,UNREVIEWED_NOT_SEMANTICALLY_APPROVED,NOT_CLEARED,true
lex:B1:cloth,B1,cloth,NGSL_SFI_31K_EXTENSION,cloth,3147,EXACT_HEADWORD_FORM_ONLY,SOURCE_LEMMA_ONLY_NOT_SENSE_OR_POS,UNREVIEWED_NOT_SEMANTICALLY_APPROVED,NOT_CLEARED,true
lex:B1:clue,B1,clue,NGSL_SFI_31K_EXTENSION,clue,2995,EXACT_HEADWORD_FORM_ONLY,SOURCE_LEMMA_ONLY_NOT_SENSE_OR_POS,UNREVIEWED_NOT_SEMANTICALLY_APPROVED,NOT_CLEARED,true
lex:B1:coach,B1,coach,NGSL_1_2_CORE,coach,1342,EXACT_HEADWORD_FORM_ONLY,SOURCE_LEMMA_ONLY_NOT_SENSE_OR_POS,UNREVIEWED_NOT_SEMANTICALLY_APPROVED,NOT_CLEARED,true
lex:B1:coal,B1,coal,NGSL_1_2_CORE,coal,2430,EXACT_HEADWORD_FORM_ONLY,SOURCE_LEMMA_ONLY_NOT_SENSE_OR_POS,UNREVIEWED_NOT_SEMANTICALLY_APPROVED,NOT_CLEARED,true
lex:B1:coin,B1,coin,NGSL_1_2_CORE,coin,2609,EXACT_HEADWORD_FORM_ONLY,SOURCE_LEMMA_ONLY_NOT_SENSE_OR_POS,UNREVIEWED_NOT_SEMANTICALLY_APPROVED,NOT_CLEARED,true
lex:B1:collection,B1,collection,NGSL_1_2_CORE,collection,1084,EXACT_HEADWORD_FORM_ONLY,SOURCE_LEMMA_ONLY_NOT_SENSE_OR_POS,UNREVIEWED_NOT_SEMANTICALLY_APPROVED,NOT_CLEARED,true
lex:B1:coloured,B1,coloured,NO_DIRECT_SOURCE_LEMMA,,,NO_DIRECT_MATCH,SOURCE_LEMMA_ONLY_NOT_SENSE_OR_POS,UNREVIEWED_NOT_SEMANTICALLY_APPROVED,NOT_CLEARED,true
lex:B1:combine,B1,combine,NGSL_1_2_CORE,combine,1244,EXACT_HEADWORD_FORM_ONLY,SOURCE_LEMMA_ONLY_NOT_SENSE_OR_POS,UNREVIEWED_NOT_SEMANTICALLY_APPROVED,NOT_CLEARED,true
lex:B1:comment,B1,comment,NGSL_1_2_CORE,comment,716,EXACT_HEADWORD_FORM_ONLY,SOURCE_LEMMA_ONLY_NOT_SENSE_OR_POS,UNREVIEWED_NOT_SEMANTICALLY_APPROVED,NOT_CLEARED,true
lex:B1:commercial,B1,commercial,NGSL_1_2_CORE,commercial,1260,EXACT_HEADWORD_FORM_ONLY,SOURCE_LEMMA_ONLY_NOT_SENSE_OR_POS,UNREVIEWED_NOT_SEMANTICALLY_APPROVED,NOT_CLEARED,true
lex:B1:commit,B1,commit,NGSL_1_2_CORE,commit,1322,EXACT_HEADWORD_FORM_ONLY,SOURCE_LEMMA_ONLY_NOT_SENSE_OR_POS,UNREVIEWED_NOT_SEMANTICALLY_APPROVED,NOT_CLEARED,true
lex:B1:communication,B1,communication,NGSL_1_2_CORE,communication,991,EXACT_HEADWORD_FORM_ONLY,SOURCE_LEMMA_ONLY_NOT_SENSE_OR_POS,UNREVIEWED_NOT_SEMANTICALLY_APPROVED,NOT_CLEARED,true
lex:B1:comparison,B1,comparison,NGSL_1_2_CORE,comparison,1581,EXACT_HEADWORD_FORM_ONLY,SOURCE_LEMMA_ONLY_NOT_SENSE_OR_POS,UNREVIEWED_NOT_SEMANTICALLY_APPROVED,NOT_CLEARED,true
lex:B1:competitor,B1,competitor,NGSL_1_2_CORE,competitor,2213,EXACT_HEADWORD_FORM_ONLY,SOURCE_LEMMA_ONLY_NOT_SENSE_OR_POS,UNREVIEWED_NOT_SEMANTICALLY_APPROVED,NOT_CLEARED,true
lex:B1:competitive,B1,competitive,NGSL_1_2_CORE,competitive,1824,EXACT_HEADWORD_FORM_ONLY,SOURCE_LEMMA_ONLY_NOT_SENSE_OR_POS,UNREVIEWED_NOT_SEMANTICALLY_APPROVED,NOT_CLEARED,true
lex:B1:complaint,B1,complaint,NGSL_1_2_CORE,complaint,1689,EXACT_HEADWORD_FORM_ONLY,SOURCE_LEMMA_ONLY_NOT_SENSE_OR_POS,UNREVIEWED_NOT_SEMANTICALLY_APPROVED,NOT_CLEARED,true
lex:B1:complex,B1,complex,NGSL_1_2_CORE,complex,1047,EXACT_HEADWORD_FORM_ONLY,SOURCE_LEMMA_ONLY_NOT_SENSE_OR_POS,UNREVIEWED_NOT_SEMANTICALLY_APPROVED,NOT_CLEARED,true
lex:B1:concentrate,B1,concentrate,NGSL_1_2_CORE,concentrate,1541,EXACT_HEADWORD_FORM_ONLY,SOURCE_LEMMA_ONLY_NOT_SENSE_OR_POS,UNREVIEWED_NOT_SEMANTICALLY_APPROVED,NOT_CLEARED,true
lex:B1:conclude,B1,conclude,NGSL_1_2_CORE,conclude,1355,EXACT_HEADWORD_FORM_ONLY,SOURCE_LEMMA_ONLY_NOT_SENSE_OR_POS,UNREVIEWED_NOT_SEMANTICALLY_APPROVED,NOT_CLEARED,true
lex:B1:conclusion,B1,conclusion,NGSL_1_2_CORE,conclusion,931,EXACT_HEADWORD_FORM_ONLY,SOURCE_LEMMA_ONLY_NOT_SENSE_OR_POS,UNREVIEWED_NOT_SEMANTICALLY_APPROVED,NOT_CLEARED,true
lex:B1:confident,B1,confident,NGSL_1_2_CORE,confident,2218,EXACT_HEADWORD_FORM_ONLY,SOURCE_LEMMA_ONLY_NOT_SENSE_OR_POS,UNREVIEWED_NOT_SEMANTICALLY_APPROVED,NOT_CLEARED,true
lex:B1:confirm,B1,confirm,NGSL_1_2_CORE,confirm,1206,EXACT_HEADWORD_FORM_ONLY,SOURCE_LEMMA_ONLY_NOT_SENSE_OR_POS,UNREVIEWED_NOT_SEMANTICALLY_APPROVED,NOT_CLEARED,true
lex:B1:confuse,B1,confuse,NGSL_1_2_CORE,confuse,1919,EXACT_HEADWORD_FORM_ONLY,SOURCE_LEMMA_ONLY_NOT_SENSE_OR_POS,UNREVIEWED_NOT_SEMANTICALLY_APPROVED,NOT_CLEARED,true
lex:B1:confused,B1,confused,NO_DIRECT_SOURCE_LEMMA,,,NO_DIRECT_MATCH,SOURCE_LEMMA_ONLY_NOT_SENSE_OR_POS,UNREVIEWED_NOT_SEMANTICALLY_APPROVED,NOT_CLEARED,true
lex:B1:connection,B1,connection,NGSL_1_2_CORE,connection,1066,EXACT_HEADWORD_FORM_ONLY,SOURCE_LEMMA_ONLY_NOT_SENSE_OR_POS,UNREVIEWED_NOT_SEMANTICALLY_APPROVED,NOT_CLEARED,true
lex:B1:consequence,B1,consequence,NGSL_1_2_CORE,consequence,1228,EXACT_HEADWORD_FORM_ONLY,SOURCE_LEMMA_ONLY_NOT_SENSE_OR_POS,UNREVIEWED_NOT_SEMANTICALLY_APPROVED,NOT_CLEARED,true
lex:B1:consist,B1,consist,NGSL_1_2_CORE,consist,1547,EXACT_HEADWORD_FORM_ONLY,SOURCE_LEMMA_ONLY_NOT_SENSE_OR_POS,UNREVIEWED_NOT_SEMANTICALLY_APPROVED,NOT_CLEARED,true
lex:B1:consume,B1,consume,NGSL_1_2_CORE,consume,2659,EXACT_HEADWORD_FORM_ONLY,SOURCE_LEMMA_ONLY_NOT_SENSE_OR_POS,UNREVIEWED_NOT_SEMANTICALLY_APPROVED,NOT_CLEARED,true
lex:B1:consumer,B1,consumer,NGSL_1_2_CORE,consumer,1133,EXACT_HEADWORD_FORM_ONLY,SOURCE_LEMMA_ONLY_NOT_SENSE_OR_POS,UNREVIEWED_NOT_SEMANTICALLY_APPROVED,NOT_CLEARED,true
lex:B1:contact,B1,contact,NGSL_1_2_CORE,contact,600,EXACT_HEADWORD_FORM_ONLY,SOURCE_LEMMA_ONLY_NOT_SENSE_OR_POS,UNREVIEWED_NOT_SEMANTICALLY_APPROVED,NOT_CLEARED,true
lex:B1:container,B1,container,NGSL_SFI_31K_EXTENSION,container,3888,EXACT_HEADWORD_FORM_ONLY,SOURCE_LEMMA_ONLY_NOT_SENSE_OR_POS,UNREVIEWED_NOT_SEMANTICALLY_APPROVED,NOT_CLEARED,true
lex:B1:content,B1,content¹,NGSL_1_2_CORE,content,1025,HEADWORD_NORMALIZED_REQUIRES_REVIEW,SOURCE_LEMMA_ONLY_NOT_SENSE_OR_POS,UNREVIEWED_NOT_SEMANTICALLY_APPROVED,NOT_CLEARED,true
lex:B1:continuous,B1,continuous,NGSL_1_2_CORE,continuous,2652,EXACT_HEADWORD_FORM_ONLY,SOURCE_LEMMA_ONLY_NOT_SENSE_OR_POS,UNREVIEWED_NOT_SEMANTICALLY_APPROVED,NOT_CLEARED,true
lex:B1:contrast,B1,contrast,NGSL_1_2_CORE,contrast,1179,EXACT_HEADWORD_FORM_ONLY,SOURCE_LEMMA_ONLY_NOT_SENSE_OR_POS,UNREVIEWED_NOT_SEMANTICALLY_APPROVED,NOT_CLEARED,true
lex:B1:convenient,B1,convenient,NGSL_SFI_31K_EXTENSION,convenient,2657,EXACT_HEADWORD_FORM_ONLY,SOURCE_LEMMA_ONLY_NOT_SENSE_OR_POS,UNREVIEWED_NOT_SEMANTICALLY_APPROVED,NOT_CLEARED,true
lex:B1:convince,B1,convince,NGSL_1_2_CORE,convince,1358,EXACT_HEADWORD_FORM_ONLY,SOURCE_LEMMA_ONLY_NOT_SENSE_OR_POS,UNREVIEWED_NOT_SEMANTICALLY_APPROVED,NOT_CLEARED,true
lex:B1:cool,B1,cool,NGSL_1_2_CORE,cool,1156,EXACT_HEADWORD_FORM_ONLY,SOURCE_LEMMA_ONLY_NOT_SENSE_OR_POS,UNREVIEWED_NOT_SEMANTICALLY_APPROVED,NOT_CLEARED,true
lex:B1:costume,B1,costume,NGSL_SFI_31K_EXTENSION,costume,3482,EXACT_HEADWORD_FORM_ONLY,SOURCE_LEMMA_ONLY_NOT_SENSE_OR_POS,UNREVIEWED_NOT_SEMANTICALLY_APPROVED,NOT_CLEARED,true
lex:B1:cottage,B1,cottage,NGSL_SFI_31K_EXTENSION,cottage,3142,EXACT_HEADWORD_FORM_ONLY,SOURCE_LEMMA_ONLY_NOT_SENSE_OR_POS,UNREVIEWED_NOT_SEMANTICALLY_APPROVED,NOT_CLEARED,true
lex:B1:cotton,B1,cotton,NGSL_SFI_31K_EXTENSION,cotton,3059,EXACT_HEADWORD_FORM_ONLY,SOURCE_LEMMA_ONLY_NOT_SENSE_OR_POS,UNREVIEWED_NOT_SEMANTICALLY_APPROVED,NOT_CLEARED,true
lex:B1:count,B1,count,NGSL_1_2_CORE,count,1022,EXACT_HEADWORD_FORM_ONLY,SOURCE_LEMMA_ONLY_NOT_SENSE_OR_POS,UNREVIEWED_NOT_SEMANTICALLY_APPROVED,NOT_CLEARED,true
lex:B1:countryside,B1,countryside,NGSL_SFI_31K_EXTENSION,countryside,2045,EXACT_HEADWORD_FORM_ONLY,SOURCE_LEMMA_ONLY_NOT_SENSE_OR_POS,UNREVIEWED_NOT_SEMANTICALLY_APPROVED,NOT_CLEARED,true
lex:B1:court,B1,court,NGSL_1_2_CORE,court,615,EXACT_HEADWORD_FORM_ONLY,SOURCE_LEMMA_ONLY_NOT_SENSE_OR_POS,UNREVIEWED_NOT_SEMANTICALLY_APPROVED,NOT_CLEARED,true
lex:B1:cover,B1,cover,NGSL_1_2_CORE,cover,424,EXACT_HEADWORD_FORM_ONLY,SOURCE_LEMMA_ONLY_NOT_SENSE_OR_POS,UNREVIEWED_NOT_SEMANTICALLY_APPROVED,NOT_CLEARED,true
lex:B1:covered,B1,covered,NO_DIRECT_SOURCE_LEMMA,,,NO_DIRECT_MATCH,SOURCE_LEMMA_ONLY_NOT_SENSE_OR_POS,UNREVIEWED_NOT_SEMANTICALLY_APPROVED,NOT_CLEARED,true
lex:B1:cream,B1,cream,NGSL_1_2_CORE,cream,2388,EXACT_HEADWORD_FORM_ONLY,SOURCE_LEMMA_ONLY_NOT_SENSE_OR_POS,UNREVIEWED_NOT_SEMANTICALLY_APPROVED,NOT_CLEARED,true
lex:B1:criminal,B1,criminal,NGSL_1_2_CORE,criminal,1724,EXACT_HEADWORD_FORM_ONLY,SOURCE_LEMMA_ONLY_NOT_SENSE_OR_POS,UNREVIEWED_NOT_SEMANTICALLY_APPROVED,NOT_CLEARED,true
lex:B1:cruel,B1,cruel,NGSL_SFI_31K_EXTENSION,cruel,3311,EXACT_HEADWORD_FORM_ONLY,SOURCE_LEMMA_ONLY_NOT_SENSE_OR_POS,UNREVIEWED_NOT_SEMANTICALLY_APPROVED,NOT_CLEARED,true
lex:B1:cultural,B1,cultural,NGSL_1_2_CORE,cultural,1265,EXACT_HEADWORD_FORM_ONLY,SOURCE_LEMMA_ONLY_NOT_SENSE_OR_POS,UNREVIEWED_NOT_SEMANTICALLY_APPROVED,NOT_CLEARED,true
lex:B1:currency,B1,currency,NGSL_1_2_CORE,currency,2144,EXACT_HEADWORD_FORM_ONLY,SOURCE_LEMMA_ONLY_NOT_SENSE_OR_POS,UNREVIEWED_NOT_SEMANTICALLY_APPROVED,NOT_CLEARED,true
lex:B1:current,B1,current,NGSL_1_2_CORE,current,590,EXACT_HEADWORD_FORM_ONLY,SOURCE_LEMMA_ONLY_NOT_SENSE_OR_POS,UNREVIEWED_NOT_SEMANTICALLY_APPROVED,NOT_CLEARED,true
lex:B1:currently,B1,currently,NGSL_1_2_CORE,currently,1293,EXACT_HEADWORD_FORM_ONLY,SOURCE_LEMMA_ONLY_NOT_SENSE_OR_POS,UNREVIEWED_NOT_SEMANTICALLY_APPROVED,NOT_CLEARED,true
lex:B1:curtain,B1,curtain,NGSL_1_2_CORE,curtain,2778,EXACT_HEADWORD_FORM_ONLY,SOURCE_LEMMA_ONLY_NOT_SENSE_OR_POS,UNREVIEWED_NOT_SEMANTICALLY_APPROVED,NOT_CLEARED,true
lex:B1:custom,B1,custom,NGSL_1_2_CORE,custom,2371,EXACT_HEADWORD_FORM_ONLY,SOURCE_LEMMA_ONLY_NOT_SENSE_OR_POS,UNREVIEWED_NOT_SEMANTICALLY_APPROVED,NOT_CLEARED,true
lex:B1:cut,B1,cut,NGSL_1_2_CORE,cut,456,EXACT_HEADWORD_FORM_ONLY,SOURCE_LEMMA_ONLY_NOT_SENSE_OR_POS,UNREVIEWED_NOT_SEMANTICALLY_APPROVED,NOT_CLEARED,true
lex:B1:daily,B1,daily,NGSL_1_2_CORE,daily,955,EXACT_HEADWORD_FORM_ONLY,SOURCE_LEMMA_ONLY_NOT_SENSE_OR_POS,UNREVIEWED_NOT_SEMANTICALLY_APPROVED,NOT_CLEARED,true
lex:B1:damage,B1,damage,NGSL_1_2_CORE,damage,908,EXACT_HEADWORD_FORM_ONLY,SOURCE_LEMMA_ONLY_NOT_SENSE_OR_POS,UNREVIEWED_NOT_SEMANTICALLY_APPROVED,NOT_CLEARED,true
lex:B1:deal,B1,deal,NGSL_1_2_CORE,deal,321,EXACT_HEADWORD_FORM_ONLY,SOURCE_LEMMA_ONLY_NOT_SENSE_OR_POS,UNREVIEWED_NOT_SEMANTICALLY_APPROVED,NOT_CLEARED,true
lex:B1:decade,B1,decade,NGSL_1_2_CORE,decade,1130,EXACT_HEADWORD_FORM_ONLY,SOURCE_LEMMA_ONLY_NOT_SENSE_OR_POS,UNREVIEWED_NOT_SEMANTICALLY_APPROVED,NOT_CLEARED,true
lex:B1:decorate,B1,decorate,NGSL_SFI_31K_EXTENSION,decorate,3129,EXACT_HEADWORD_FORM_ONLY,SOURCE_LEMMA_ONLY_NOT_SENSE_OR_POS,UNREVIEWED_NOT_SEMANTICALLY_APPROVED,NOT_CLEARED,true
lex:B1:deep,B1,deep,NGSL_1_2_CORE,deep,840,EXACT_HEADWORD_FORM_ONLY,SOURCE_LEMMA_ONLY_NOT_SENSE_OR_POS,UNREVIEWED_NOT_SEMANTICALLY_APPROVED,NOT_CLEARED,true
lex:B1:define,B1,define,NGSL_1_2_CORE,define,930,EXACT_HEADWORD_FORM_ONLY,SOURCE_LEMMA_ONLY_NOT_SENSE_OR_POS,UNREVIEWED_NOT_SEMANTICALLY_APPROVED,NOT_CLEARED,true
lex:B1:definite,B1,definite,NGSL_SFI_31K_EXTENSION,definite,4165,EXACT_HEADWORD_FORM_ONLY,SOURCE_LEMMA_ONLY_NOT_SENSE_OR_POS,UNREVIEWED_NOT_SEMANTICALLY_APPROVED,NOT_CLEARED,true
lex:B1:definition,B1,definition,NGSL_1_2_CORE,definition,1577,EXACT_HEADWORD_FORM_ONLY,SOURCE_LEMMA_ONLY_NOT_SENSE_OR_POS,UNREVIEWED_NOT_SEMANTICALLY_APPROVED,NOT_CLEARED,true
lex:B1:deliver,B1,deliver,NGSL_1_2_CORE,deliver,1064,EXACT_HEADWORD_FORM_ONLY,SOURCE_LEMMA_ONLY_NOT_SENSE_OR_POS,UNREVIEWED_NOT_SEMANTICALLY_APPROVED,NOT_CLEARED,true
lex:B1:departure,B1,departure,NGSL_SFI_31K_EXTENSION,departure,2757,EXACT_HEADWORD_FORM_ONLY,SOURCE_LEMMA_ONLY_NOT_SENSE_OR_POS,UNREVIEWED_NOT_SEMANTICALLY_APPROVED,NOT_CLEARED,true
lex:B1:despite,B1,despite,NGSL_1_2_CORE,despite,771,EXACT_HEADWORD_FORM_ONLY,SOURCE_LEMMA_ONLY_NOT_SENSE_OR_POS,UNREVIEWED_NOT_SEMANTICALLY_APPROVED,NOT_CLEARED,true
lex:B1:destination,B1,destination,NGSL_SFI_31K_EXTENSION,destination,3006,EXACT_HEADWORD_FORM_ONLY,SOURCE_LEMMA_ONLY_NOT_SENSE_OR_POS,UNREVIEWED_NOT_SEMANTICALLY_APPROVED,NOT_CLEARED,true
lex:B1:determine,B1,determine,NGSL_1_2_CORE,determine,708,EXACT_HEADWORD_FORM_ONLY,SOURCE_LEMMA_ONLY_NOT_SENSE_OR_POS,UNREVIEWED_NOT_SEMANTICALLY_APPROVED,NOT_CLEARED,true
lex:B1:determined,B1,determined,NO_DIRECT_SOURCE_LEMMA,,,NO_DIRECT_MATCH,SOURCE_LEMMA_ONLY_NOT_SENSE_OR_POS,UNREVIEWED_NOT_SEMANTICALLY_APPROVED,NOT_CLEARED,true
lex:B1:development,B1,development,NGSL_1_2_CORE,development,363,EXACT_HEADWORD_FORM_ONLY,SOURCE_LEMMA_ONLY_NOT_SENSE_OR_POS,UNREVIEWED_NOT_SEMANTICALLY_APPROVED,NOT_CLEARED,true
lex:B1:diagram,B1,diagram,NGSL_SFI_31K_EXTENSION,diagram,3560,EXACT_HEADWORD_FORM_ONLY,SOURCE_LEMMA_ONLY_NOT_SENSE_OR_POS,UNREVIEWED_NOT_SEMANTICALLY_APPROVED,NOT_CLEARED,true
lex:B1:diamond,B1,diamond,NGSL_SFI_31K_EXTENSION,diamond,3797,EXACT_HEADWORD_FORM_ONLY,SOURCE_LEMMA_ONLY_NOT_SENSE_OR_POS,UNREVIEWED_NOT_SEMANTICALLY_APPROVED,NOT_CLEARED,true
lex:B1:difficulty,B1,difficulty,NGSL_1_2_CORE,difficulty,1001,EXACT_HEADWORD_FORM_ONLY,SOURCE_LEMMA_ONLY_NOT_SENSE_OR_POS,UNREVIEWED_NOT_SEMANTICALLY_APPROVED,NOT_CLEARED,true
lex:B1:direct,B1,direct,NGSL_1_2_CORE,direct,724,EXACT_HEADWORD_FORM_ONLY,SOURCE_LEMMA_ONLY_NOT_SENSE_OR_POS,UNREVIEWED_NOT_SEMANTICALLY_APPROVED,NOT_CLEARED,true
lex:B1:directly,B1,directly,NGSL_1_2_CORE,directly,1051,EXACT_HEADWORD_FORM_ONLY,SOURCE_LEMMA_ONLY_NOT_SENSE_OR_POS,UNREVIEWED_NOT_SEMANTICALLY_APPROVED,NOT_CLEARED,true
lex:B1:dirt,B1,dirt,NGSL_SFI_31K_EXTENSION,dirt,3893,EXACT_HEADWORD_FORM_ONLY,SOURCE_LEMMA_ONLY_NOT_SENSE_OR_POS,UNREVIEWED_NOT_SEMANTICALLY_APPROVED,NOT_CLEARED,true
lex:B1:disadvantage,B1,disadvantage,NGSL_SFI_31K_EXTENSION,disadvantage,2173,EXACT_HEADWORD_FORM_ONLY,SOURCE_LEMMA_ONLY_NOT_SENSE_OR_POS,UNREVIEWED_NOT_SEMANTICALLY_APPROVED,NOT_CLEARED,true
lex:B1:disappointed,B1,disappointed,NO_DIRECT_SOURCE_LEMMA,,,NO_DIRECT_MATCH,SOURCE_LEMMA_ONLY_NOT_SENSE_OR_POS,UNREVIEWED_NOT_SEMANTICALLY_APPROVED,NOT_CLEARED,true
lex:B1:disappointing,B1,disappointing,NO_DIRECT_SOURCE_LEMMA,,,NO_DIRECT_MATCH,SOURCE_LEMMA_ONLY_NOT_SENSE_OR_POS,UNREVIEWED_NOT_SEMANTICALLY_APPROVED,NOT_CLEARED,true
lex:B1:discount,B1,discount,NGSL_1_2_CORE,discount,1660,EXACT_HEADWORD_FORM_ONLY,SOURCE_LEMMA_ONLY_NOT_SENSE_OR_POS,UNREVIEWED_NOT_SEMANTICALLY_APPROVED,NOT_CLEARED,true
lex:B1:dislike,B1,dislike,NGSL_SFI_31K_EXTENSION,dislike,3641,EXACT_HEADWORD_FORM_ONLY,SOURCE_LEMMA_ONLY_NOT_SENSE_OR_POS,UNREVIEWED_NOT_SEMANTICALLY_APPROVED,NOT_CLEARED,true
lex:B1:divide,B1,divide,NGSL_1_2_CORE,divide,1316,EXACT_HEADWORD_FORM_ONLY,SOURCE_LEMMA_ONLY_NOT_SENSE_OR_POS,UNREVIEWED_NOT_SEMANTICALLY_APPROVED,NOT_CLEARED,true
lex:B1:documentary,B1,documentary,NGSL_SFI_31K_EXTENSION,documentary,3428,EXACT_HEADWORD_FORM_ONLY,SOURCE_LEMMA_ONLY_NOT_SENSE_OR_POS,UNREVIEWED_NOT_SEMANTICALLY_APPROVED,NOT_CLEARED,true
lex:B1:donate,B1,donate,NGSL_SFI_31K_EXTENSION,donate,3833,EXACT_HEADWORD_FORM_ONLY,SOURCE_LEMMA_ONLY_NOT_SENSE_OR_POS,UNREVIEWED_NOT_SEMANTICALLY_APPROVED,NOT_CLEARED,true
lex:B1:double,B1,double,NGSL_1_2_CORE,double,1096,EXACT_HEADWORD_FORM_ONLY,SOURCE_LEMMA_ONLY_NOT_SENSE_OR_POS,UNREVIEWED_NOT_SEMANTICALLY_APPROVED,NOT_CLEARED,true
lex:B1:doubt,B1,doubt,NGSL_1_2_CORE,doubt,874,EXACT_HEADWORD_FORM_ONLY,SOURCE_LEMMA_ONLY_NOT_SENSE_OR_POS,UNREVIEWED_NOT_SEMANTICALLY_APPROVED,NOT_CLEARED,true
lex:B1:dressed,B1,dressed,NO_DIRECT_SOURCE_LEMMA,,,NO_DIRECT_MATCH,SOURCE_LEMMA_ONLY_NOT_SENSE_OR_POS,UNREVIEWED_NOT_SEMANTICALLY_APPROVED,NOT_CLEARED,true
lex:B1:drop,B1,drop,NGSL_1_2_CORE,drop,640,EXACT_HEADWORD_FORM_ONLY,SOURCE_LEMMA_ONLY_NOT_SENSE_OR_POS,UNREVIEWED_NOT_SEMANTICALLY_APPROVED,NOT_CLEARED,true
lex:B1:drum,B1,drum,NGSL_SFI_31K_EXTENSION,drum,3439,EXACT_HEADWORD_FORM_ONLY,SOURCE_LEMMA_ONLY_NOT_SENSE_OR_POS,UNREVIEWED_NOT_SEMANTICALLY_APPROVED,NOT_CLEARED,true
lex:B1:drunk,B1,drunk,NGSL_SFI_31K_EXTENSION,drunk,2897,EXACT_HEADWORD_FORM_ONLY,SOURCE_LEMMA_ONLY_NOT_SENSE_OR_POS,UNREVIEWED_NOT_SEMANTICALLY_APPROVED,NOT_CLEARED,true
lex:B1:due,B1,due,NGSL_1_2_CORE,due,574,EXACT_HEADWORD_FORM_ONLY,SOURCE_LEMMA_ONLY_NOT_SENSE_OR_POS,UNREVIEWED_NOT_SEMANTICALLY_APPROVED,NOT_CLEARED,true
lex:B1:dust,B1,dust,NGSL_1_2_CORE,dust,2448,EXACT_HEADWORD_FORM_ONLY,SOURCE_LEMMA_ONLY_NOT_SENSE_OR_POS,UNREVIEWED_NOT_SEMANTICALLY_APPROVED,NOT_CLEARED,true
lex:B1:duty,B1,duty,NGSL_1_2_CORE,duty,1262,EXACT_HEADWORD_FORM_ONLY,SOURCE_LEMMA_ONLY_NOT_SENSE_OR_POS,UNREVIEWED_NOT_SEMANTICALLY_APPROVED,NOT_CLEARED,true
lex:B1:earthquake,B1,earthquake,NGSL_SFI_31K_EXTENSION,earthquake,4238,EXACT_HEADWORD_FORM_ONLY,SOURCE_LEMMA_ONLY_NOT_SENSE_OR_POS,UNREVIEWED_NOT_SEMANTICALLY_APPROVED,NOT_CLEARED,true
lex:B1:eastern,B1,eastern,NGSL_1_2_CORE,eastern,2368,EXACT_HEADWORD_FORM_ONLY,SOURCE_LEMMA_ONLY_NOT_SENSE_OR_POS,UNREVIEWED_NOT_SEMANTICALLY_APPROVED,NOT_CLEARED,true
lex:B1:economic,B1,economic,NGSL_1_2_CORE,economic,493,EXACT_HEADWORD_FORM_ONLY,SOURCE_LEMMA_ONLY_NOT_SENSE_OR_POS,UNREVIEWED_NOT_SEMANTICALLY_APPROVED,NOT_CLEARED,true
lex:B1:economy,B1,economy,NGSL_1_2_CORE,economy,699,EXACT_HEADWORD_FORM_ONLY,SOURCE_LEMMA_ONLY_NOT_SENSE_OR_POS,UNREVIEWED_NOT_SEMANTICALLY_APPROVED,NOT_CLEARED,true
lex:B1:edge,B1,edge,NGSL_1_2_CORE,edge,1164,EXACT_HEADWORD_FORM_ONLY,SOURCE_LEMMA_ONLY_NOT_SENSE_OR_POS,UNREVIEWED_NOT_SEMANTICALLY_APPROVED,NOT_CLEARED,true
lex:B1:editor,B1,editor,NGSL_1_2_CORE,editor,1423,EXACT_HEADWORD_FORM_ONLY,SOURCE_LEMMA_ONLY_NOT_SENSE_OR_POS,UNREVIEWED_NOT_SEMANTICALLY_APPROVED,NOT_CLEARED,true
lex:B1:educate,B1,educate,NGSL_1_2_CORE,educate,1993,EXACT_HEADWORD_FORM_ONLY,SOURCE_LEMMA_ONLY_NOT_SENSE_OR_POS,UNREVIEWED_NOT_SEMANTICALLY_APPROVED,NOT_CLEARED,true
lex:B1:educated,B1,educated,NO_DIRECT_SOURCE_LEMMA,,,NO_DIRECT_MATCH,SOURCE_LEMMA_ONLY_NOT_SENSE_OR_POS,UNREVIEWED_NOT_SEMANTICALLY_APPROVED,NOT_CLEARED,true
lex:B1:educational,B1,educational,NGSL_1_2_CORE,educational,1892,EXACT_HEADWORD_FORM_ONLY,SOURCE_LEMMA_ONLY_NOT_SENSE_OR_POS,UNREVIEWED_NOT_SEMANTICALLY_APPROVED,NOT_CLEARED,true
lex:B1:effective,B1,effective,NGSL_1_2_CORE,effective,1031,EXACT_HEADWORD_FORM_ONLY,SOURCE_LEMMA_ONLY_NOT_SENSE_OR_POS,UNREVIEWED_NOT_SEMANTICALLY_APPROVED,NOT_CLEARED,true
lex:B1:effectively,B1,effectively,NGSL_1_2_CORE,effectively,1842,EXACT_HEADWORD_FORM_ONLY,SOURCE_LEMMA_ONLY_NOT_SENSE_OR_POS,UNREVIEWED_NOT_SEMANTICALLY_APPROVED,NOT_CLEARED,true
lex:B1:effort,B1,effort,NGSL_1_2_CORE,effort,577,EXACT_HEADWORD_FORM_ONLY,SOURCE_LEMMA_ONLY_NOT_SENSE_OR_POS,UNREVIEWED_NOT_SEMANTICALLY_APPROVED,NOT_CLEARED,true
lex:B1:election,B1,election,NGSL_1_2_CORE,election,757,EXACT_HEADWORD_FORM_ONLY,SOURCE_LEMMA_ONLY_NOT_SENSE_OR_POS,UNREVIEWED_NOT_SEMANTICALLY_APPROVED,NOT_CLEARED,true
lex:B1:element,B1,element,NGSL_1_2_CORE,element,1030,EXACT_HEADWORD_FORM_ONLY,SOURCE_LEMMA_ONLY_NOT_SENSE_OR_POS,UNREVIEWED_NOT_SEMANTICALLY_APPROVED,NOT_CLEARED,true
lex:B1:embarrassed,B1,embarrassed,NO_DIRECT_SOURCE_LEMMA,,,NO_DIRECT_MATCH,SOURCE_LEMMA_ONLY_NOT_SENSE_OR_POS,UNREVIEWED_NOT_SEMANTICALLY_APPROVED,NOT_CLEARED,true
lex:B1:embarrassing,B1,embarrassing,NO_DIRECT_SOURCE_LEMMA,,,NO_DIRECT_MATCH,SOURCE_LEMMA_ONLY_NOT_SENSE_OR_POS,UNREVIEWED_NOT_SEMANTICALLY_APPROVED,NOT_CLEARED,true
lex:B1:emergency,B1,emergency,NGSL_1_2_CORE,emergency,1891,EXACT_HEADWORD_FORM_ONLY,SOURCE_LEMMA_ONLY_NOT_SENSE_OR_POS,UNREVIEWED_NOT_SEMANTICALLY_APPROVED,NOT_CLEARED,true
lex:B1:emotion,B1,emotion,NGSL_1_2_CORE,emotion,1783,EXACT_HEADWORD_FORM_ONLY,SOURCE_LEMMA_ONLY_NOT_SENSE_OR_POS,UNREVIEWED_NOT_SEMANTICALLY_APPROVED,NOT_CLEARED,true
lex:B1:employment,B1,employment,NGSL_1_2_CORE,employment,1607,EXACT_HEADWORD_FORM_ONLY,SOURCE_LEMMA_ONLY_NOT_SENSE_OR_POS,UNREVIEWED_NOT_SEMANTICALLY_APPROVED,NOT_CLEARED,true
lex:B1:empty,B1,empty,NGSL_1_2_CORE,empty,1592,EXACT_HEADWORD_FORM_ONLY,SOURCE_LEMMA_ONLY_NOT_SENSE_OR_POS,UNREVIEWED_NOT_SEMANTICALLY_APPROVED,NOT_CLEARED,true
lex:B1:encourage,B1,encourage,NGSL_1_2_CORE,encourage,912,EXACT_HEADWORD_FORM_ONLY,SOURCE_LEMMA_ONLY_NOT_SENSE_OR_POS,UNREVIEWED_NOT_SEMANTICALLY_APPROVED,NOT_CLEARED,true
lex:B1:enemy,B1,enemy,NGSL_1_2_CORE,enemy,1787,EXACT_HEADWORD_FORM_ONLY,SOURCE_LEMMA_ONLY_NOT_SENSE_OR_POS,UNREVIEWED_NOT_SEMANTICALLY_APPROVED,NOT_CLEARED,true
lex:B1:engaged,B1,engaged,NO_DIRECT_SOURCE_LEMMA,,,NO_DIRECT_MATCH,SOURCE_LEMMA_ONLY_NOT_SENSE_OR_POS,UNREVIEWED_NOT_SEMANTICALLY_APPROVED,NOT_CLEARED,true
lex:B1:engineering,B1,engineering,NO_DIRECT_SOURCE_LEMMA,,,NO_DIRECT_MATCH,SOURCE_LEMMA_ONLY_NOT_SENSE_OR_POS,UNREVIEWED_NOT_SEMANTICALLY_APPROVED,NOT_CLEARED,true
lex:B1:entertain,B1,entertain,NGSL_1_2_CORE,entertain,2491,EXACT_HEADWORD_FORM_ONLY,SOURCE_LEMMA_ONLY_NOT_SENSE_OR_POS,UNREVIEWED_NOT_SEMANTICALLY_APPROVED,NOT_CLEARED,true
lex:B1:entertainment,B1,entertainment,NGSL_1_2_CORE,entertainment,2034,EXACT_HEADWORD_FORM_ONLY,SOURCE_LEMMA_ONLY_NOT_SENSE_OR_POS,UNREVIEWED_NOT_SEMANTICALLY_APPROVED,NOT_CLEARED,true
lex:B1:entrance,B1,entrance,NGSL_1_2_CORE,entrance,2225,EXACT_HEADWORD_FORM_ONLY,SOURCE_LEMMA_ONLY_NOT_SENSE_OR_POS,UNREVIEWED_NOT_SEMANTICALLY_APPROVED,NOT_CLEARED,true
lex:B1:entry,B1,entry,NGSL_1_2_CORE,entry,1655,EXACT_HEADWORD_FORM_ONLY,SOURCE_LEMMA_ONLY_NOT_SENSE_OR_POS,UNREVIEWED_NOT_SEMANTICALLY_APPROVED,NOT_CLEARED,true
lex:B1:environmental,B1,environmental,NGSL_1_2_CORE,environmental,1360,EXACT_HEADWORD_FORM_ONLY,SOURCE_LEMMA_ONLY_NOT_SENSE_OR_POS,UNREVIEWED_NOT_SEMANTICALLY_APPROVED,NOT_CLEARED,true
lex:B1:episode,B1,episode,NGSL_1_2_CORE,episode,2067,EXACT_HEADWORD_FORM_ONLY,SOURCE_LEMMA_ONLY_NOT_SENSE_OR_POS,UNREVIEWED_NOT_SEMANTICALLY_APPROVED,NOT_CLEARED,true
lex:B1:equal,B1,equal,NGSL_1_2_CORE,equal,1254,EXACT_HEADWORD_FORM_ONLY,SOURCE_LEMMA_ONLY_NOT_SENSE_OR_POS,UNREVIEWED_NOT_SEMANTICALLY_APPROVED,NOT_CLEARED,true
lex:B1:equally,B1,equally,NGSL_1_2_CORE,equally,1772,EXACT_HEADWORD_FORM_ONLY,SOURCE_LEMMA_ONLY_NOT_SENSE_OR_POS,UNREVIEWED_NOT_SEMANTICALLY_APPROVED,NOT_CLEARED,true
lex:B1:escape,B1,escape,NGSL_1_2_CORE,escape,1482,EXACT_HEADWORD_FORM_ONLY,SOURCE_LEMMA_ONLY_NOT_SENSE_OR_POS,UNREVIEWED_NOT_SEMANTICALLY_APPROVED,NOT_CLEARED,true
lex:B1:essential,B1,essential,NGSL_1_2_CORE,essential,1290,EXACT_HEADWORD_FORM_ONLY,SOURCE_LEMMA_ONLY_NOT_SENSE_OR_POS,UNREVIEWED_NOT_SEMANTICALLY_APPROVED,NOT_CLEARED,true
lex:B1:eventually,B1,eventually,NGSL_1_2_CORE,eventually,1140,EXACT_HEADWORD_FORM_ONLY,SOURCE_LEMMA_ONLY_NOT_SENSE_OR_POS,UNREVIEWED_NOT_SEMANTICALLY_APPROVED,NOT_CLEARED,true
lex:B1:examine,B1,examine,NGSL_1_2_CORE,examine,1104,EXACT_HEADWORD_FORM_ONLY,SOURCE_LEMMA_ONLY_NOT_SENSE_OR_POS,UNREVIEWED_NOT_SEMANTICALLY_APPROVED,NOT_CLEARED,true
lex:B1:except,B1,except,NGSL_1_2_CORE,except,841,EXACT_HEADWORD_FORM_ONLY,SOURCE_LEMMA_ONLY_NOT_SENSE_OR_POS,UNREVIEWED_NOT_SEMANTICALLY_APPROVED,NOT_CLEARED,true
lex:B1:exchange,B1,exchange,NGSL_1_2_CORE,exchange,1015,EXACT_HEADWORD_FORM_ONLY,SOURCE_LEMMA_ONLY_NOT_SENSE_OR_POS,UNREVIEWED_NOT_SEMANTICALLY_APPROVED,NOT_CLEARED,true
lex:B1:excitement,B1,excitement,NGSL_1_2_CORE,excitement,2741,EXACT_HEADWORD_FORM_ONLY,SOURCE_LEMMA_ONLY_NOT_SENSE_OR_POS,UNREVIEWED_NOT_SEMANTICALLY_APPROVED,NOT_CLEARED,true
lex:B1:exhibition,B1,exhibition,NGSL_1_2_CORE,exhibition,1803,EXACT_HEADWORD_FORM_ONLY,SOURCE_LEMMA_ONLY_NOT_SENSE_OR_POS,UNREVIEWED_NOT_SEMANTICALLY_APPROVED,NOT_CLEARED,true
lex:B1:expand,B1,expand,NGSL_1_2_CORE,expand,1321,EXACT_HEADWORD_FORM_ONLY,SOURCE_LEMMA_ONLY_NOT_SENSE_OR_POS,UNREVIEWED_NOT_SEMANTICALLY_APPROVED,NOT_CLEARED,true
lex:B1:expected,B1,expected,NO_DIRECT_SOURCE_LEMMA,,,NO_DIRECT_MATCH,SOURCE_LEMMA_ONLY_NOT_SENSE_OR_POS,UNREVIEWED_NOT_SEMANTICALLY_APPROVED,NOT_CLEARED,true
lex:B1:expedition,B1,expedition,NGSL_SFI_31K_EXTENSION,expedition,3914,EXACT_HEADWORD_FORM_ONLY,SOURCE_LEMMA_ONLY_NOT_SENSE_OR_POS,UNREVIEWED_NOT_SEMANTICALLY_APPROVED,NOT_CLEARED,true
lex:B1:experience,B1,experience,NGSL_1_2_CORE,experience,264,EXACT_HEADWORD_FORM_ONLY,SOURCE_LEMMA_ONLY_NOT_SENSE_OR_POS,UNREVIEWED_NOT_SEMANTICALLY_APPROVED,NOT_CLEARED,true
lex:B1:experienced,B1,experienced,NO_DIRECT_SOURCE_LEMMA,,,NO_DIRECT_MATCH,SOURCE_LEMMA_ONLY_NOT_SENSE_OR_POS,UNREVIEWED_NOT_SEMANTICALLY_APPROVED,NOT_CLEARED,true
lex:B1:experiment,B1,experiment,NGSL_1_2_CORE,experiment,1343,EXACT_HEADWORD_FORM_ONLY,SOURCE_LEMMA_ONLY_NOT_SENSE_OR_POS,UNREVIEWED_NOT_SEMANTICALLY_APPROVED,NOT_CLEARED,true
lex:B1:explode,B1,explode,NGSL_SFI_31K_EXTENSION,explode,3464,EXACT_HEADWORD_FORM_ONLY,SOURCE_LEMMA_ONLY_NOT_SENSE_OR_POS,UNREVIEWED_NOT_SEMANTICALLY_APPROVED,NOT_CLEARED,true
lex:B1:explore,B1,explore,NGSL_1_2_CORE,explore,1505,EXACT_HEADWORD_FORM_ONLY,SOURCE_LEMMA_ONLY_NOT_SENSE_OR_POS,UNREVIEWED_NOT_SEMANTICALLY_APPROVED,NOT_CLEARED,true
lex:B1:explosion,B1,explosion,NGSL_SFI_31K_EXTENSION,explosion,3165,EXACT_HEADWORD_FORM_ONLY,SOURCE_LEMMA_ONLY_NOT_SENSE_OR_POS,UNREVIEWED_NOT_SEMANTICALLY_APPROVED,NOT_CLEARED,true
lex:B1:export,B1,export,NGSL_1_2_CORE,export,1543,EXACT_HEADWORD_FORM_ONLY,SOURCE_LEMMA_ONLY_NOT_SENSE_OR_POS,UNREVIEWED_NOT_SEMANTICALLY_APPROVED,NOT_CLEARED,true
lex:B1:extra,B1,extra,NGSL_1_2_CORE,extra,1058,EXACT_HEADWORD_FORM_ONLY,SOURCE_LEMMA_ONLY_NOT_SENSE_OR_POS,UNREVIEWED_NOT_SEMANTICALLY_APPROVED,NOT_CLEARED,true
lex:B1:face,B1,face,NGSL_1_2_CORE,face,249,EXACT_HEADWORD_FORM_ONLY,SOURCE_LEMMA_ONLY_NOT_SENSE_OR_POS,UNREVIEWED_NOT_SEMANTICALLY_APPROVED,NOT_CLEARED,true
lex:B1:fairly,B1,fairly,NGSL_1_2_CORE,fairly,1466,EXACT_HEADWORD_FORM_ONLY,SOURCE_LEMMA_ONLY_NOT_SENSE_OR_POS,UNREVIEWED_NOT_SEMANTICALLY_APPROVED,NOT_CLEARED,true
lex:B1:familiar,B1,familiar,NGSL_1_2_CORE,familiar,1445,EXACT_HEADWORD_FORM_ONLY,SOURCE_LEMMA_ONLY_NOT_SENSE_OR_POS,UNREVIEWED_NOT_SEMANTICALLY_APPROVED,NOT_CLEARED,true
lex:B1:fancy,B1,fancy,NGSL_1_2_CORE,fancy,2532,EXACT_HEADWORD_FORM_ONLY,SOURCE_LEMMA_ONLY_NOT_SENSE_OR_POS,UNREVIEWED_NOT_SEMANTICALLY_APPROVED,NOT_CLEARED,true
lex:B1:far,B1,far,NGSL_1_2_CORE,far,245,EXACT_HEADWORD_FORM_ONLY,SOURCE_LEMMA_ONLY_NOT_SENSE_OR_POS,UNREVIEWED_NOT_SEMANTICALLY_APPROVED,NOT_CLEARED,true
lex:B1:fascinating,B1,fascinating,NO_DIRECT_SOURCE_LEMMA,,,NO_DIRECT_MATCH,SOURCE_LEMMA_ONLY_NOT_SENSE_OR_POS,UNREVIEWED_NOT_SEMANTICALLY_APPROVED,NOT_CLEARED,true
lex:B1:fashionable,B1,fashionable,NGSL_SFI_31K_EXTENSION,fashionable,4606,EXACT_HEADWORD_FORM_ONLY,SOURCE_LEMMA_ONLY_NOT_SENSE_OR_POS,UNREVIEWED_NOT_SEMANTICALLY_APPROVED,NOT_CLEARED,true
lex:B1:fasten,B1,fasten,NGSL_SFI_31K_EXTENSION,fasten,6802,EXACT_HEADWORD_FORM_ONLY,SOURCE_LEMMA_ONLY_NOT_SENSE_OR_POS,UNREVIEWED_NOT_SEMANTICALLY_APPROVED,NOT_CLEARED,true
lex:B1:favour,B1,favour,NO_DIRECT_SOURCE_LEMMA,,,NO_DIRECT_MATCH,SOURCE_LEMMA_ONLY_NOT_SENSE_OR_POS,UNREVIEWED_NOT_SEMANTICALLY_APPROVED,NOT_CLEARED,true
lex:B1:fear,B1,fear,NGSL_1_2_CORE,fear,793,EXACT_HEADWORD_FORM_ONLY,SOURCE_LEMMA_ONLY_NOT_SENSE_OR_POS,UNREVIEWED_NOT_SEMANTICALLY_APPROVED,NOT_CLEARED,true
lex:B1:feature,B1,feature,NGSL_1_2_CORE,feature,635,EXACT_HEADWORD_FORM_ONLY,SOURCE_LEMMA_ONLY_NOT_SENSE_OR_POS,UNREVIEWED_NOT_SEMANTICALLY_APPROVED,NOT_CLEARED,true
lex:B1:fence,B1,fence,NGSL_1_2_CORE,fence,2668,EXACT_HEADWORD_FORM_ONLY,SOURCE_LEMMA_ONLY_NOT_SENSE_OR_POS,UNREVIEWED_NOT_SEMANTICALLY_APPROVED,NOT_CLEARED,true
lex:B1:fighting,B1,fighting,NO_DIRECT_SOURCE_LEMMA,,,NO_DIRECT_MATCH,SOURCE_LEMMA_ONLY_NOT_SENSE_OR_POS,UNREVIEWED_NOT_SEMANTICALLY_APPROVED,NOT_CLEARED,true
lex:B1:file,B1,file,NGSL_1_2_CORE,file,835,EXACT_HEADWORD_FORM_ONLY,SOURCE_LEMMA_ONLY_NOT_SENSE_OR_POS,UNREVIEWED_NOT_SEMANTICALLY_APPROVED,NOT_CLEARED,true
lex:B1:financial,B1,financial,NGSL_1_2_CORE,financial,644,EXACT_HEADWORD_FORM_ONLY,SOURCE_LEMMA_ONLY_NOT_SENSE_OR_POS,UNREVIEWED_NOT_SEMANTICALLY_APPROVED,NOT_CLEARED,true
lex:B1:fire,B1,fire,NGSL_1_2_CORE,fire,613,EXACT_HEADWORD_FORM_ONLY,SOURCE_LEMMA_ONLY_NOT_SENSE_OR_POS,UNREVIEWED_NOT_SEMANTICALLY_APPROVED,NOT_CLEARED,true
lex:B1:fitness,B1,fitness,NGSL_SFI_31K_EXTENSION,fitness,3198,EXACT_HEADWORD_FORM_ONLY,SOURCE_LEMMA_ONLY_NOT_SENSE_OR_POS,UNREVIEWED_NOT_SEMANTICALLY_APPROVED,NOT_CLEARED,true
lex:B1:fixed,B1,fixed,NO_DIRECT_SOURCE_LEMMA,,,NO_DIRECT_MATCH,SOURCE_LEMMA_ONLY_NOT_SENSE_OR_POS,UNREVIEWED_NOT_SEMANTICALLY_APPROVED,NOT_CLEARED,true
lex:B1:flag,B1,flag,NGSL_1_2_CORE,flag,2590,EXACT_HEADWORD_FORM_ONLY,SOURCE_LEMMA_ONLY_NOT_SENSE_OR_POS,UNREVIEWED_NOT_SEMANTICALLY_APPROVED,NOT_CLEARED,true
lex:B1:flood,B1,flood,NGSL_1_2_CORE,flood,2274,EXACT_HEADWORD_FORM_ONLY,SOURCE_LEMMA_ONLY_NOT_SENSE_OR_POS,UNREVIEWED_NOT_SEMANTICALLY_APPROVED,NOT_CLEARED,true
lex:B1:flour,B1,flour,NGSL_SFI_31K_EXTENSION,flour,5029,EXACT_HEADWORD_FORM_ONLY,SOURCE_LEMMA_ONLY_NOT_SENSE_OR_POS,UNREVIEWED_NOT_SEMANTICALLY_APPROVED,NOT_CLEARED,true
lex:B1:flow,B1,flow,NGSL_1_2_CORE,flow,1079,EXACT_HEADWORD_FORM_ONLY,SOURCE_LEMMA_ONLY_NOT_SENSE_OR_POS,UNREVIEWED_NOT_SEMANTICALLY_APPROVED,NOT_CLEARED,true
lex:B1:fold,B1,fold,NGSL_1_2_CORE,fold,2555,EXACT_HEADWORD_FORM_ONLY,SOURCE_LEMMA_ONLY_NOT_SENSE_OR_POS,UNREVIEWED_NOT_SEMANTICALLY_APPROVED,NOT_CLEARED,true
lex:B1:folk,B1,folk,NGSL_1_2_CORE,folk,1675,EXACT_HEADWORD_FORM_ONLY,SOURCE_LEMMA_ONLY_NOT_SENSE_OR_POS,UNREVIEWED_NOT_SEMANTICALLY_APPROVED,NOT_CLEARED,true
lex:B1:following,B1,following,NO_DIRECT_SOURCE_LEMMA,,,NO_DIRECT_MATCH,SOURCE_LEMMA_ONLY_NOT_SENSE_OR_POS,UNREVIEWED_NOT_SEMANTICALLY_APPROVED,NOT_CLEARED,true
lex:B1:force,B1,force,NGSL_1_2_CORE,force,346,EXACT_HEADWORD_FORM_ONLY,SOURCE_LEMMA_ONLY_NOT_SENSE_OR_POS,UNREVIEWED_NOT_SEMANTICALLY_APPROVED,NOT_CLEARED,true
lex:B1:forever,B1,forever,NGSL_1_2_CORE,forever,2507,EXACT_HEADWORD_FORM_ONLY,SOURCE_LEMMA_ONLY_NOT_SENSE_OR_POS,UNREVIEWED_NOT_SEMANTICALLY_APPROVED,NOT_CLEARED,true
lex:B1:frame,B1,frame,NGSL_1_2_CORE,frame,1511,EXACT_HEADWORD_FORM_ONLY,SOURCE_LEMMA_ONLY_NOT_SENSE_OR_POS,UNREVIEWED_NOT_SEMANTICALLY_APPROVED,NOT_CLEARED,true
lex:B1:freeze,B1,freeze,NGSL_1_2_CORE,freeze,1856,EXACT_HEADWORD_FORM_ONLY,SOURCE_LEMMA_ONLY_NOT_SENSE_OR_POS,UNREVIEWED_NOT_SEMANTICALLY_APPROVED,NOT_CLEARED,true
lex:B1:frequently,B1,frequently,NGSL_1_2_CORE,frequently,1711,EXACT_HEADWORD_FORM_ONLY,SOURCE_LEMMA_ONLY_NOT_SENSE_OR_POS,UNREVIEWED_NOT_SEMANTICALLY_APPROVED,NOT_CLEARED,true
lex:B1:friendship,B1,friendship,NGSL_1_2_CORE,friendship,2486,EXACT_HEADWORD_FORM_ONLY,SOURCE_LEMMA_ONLY_NOT_SENSE_OR_POS,UNREVIEWED_NOT_SEMANTICALLY_APPROVED,NOT_CLEARED,true
lex:B1:frighten,B1,frighten,NGSL_1_2_CORE,frighten,2196,EXACT_HEADWORD_FORM_ONLY,SOURCE_LEMMA_ONLY_NOT_SENSE_OR_POS,UNREVIEWED_NOT_SEMANTICALLY_APPROVED,NOT_CLEARED,true
lex:B1:frightened,B1,frightened,NO_DIRECT_SOURCE_LEMMA,,,NO_DIRECT_MATCH,SOURCE_LEMMA_ONLY_NOT_SENSE_OR_POS,UNREVIEWED_NOT_SEMANTICALLY_APPROVED,NOT_CLEARED,true
lex:B1:frightening,B1,frightening,NO_DIRECT_SOURCE_LEMMA,,,NO_DIRECT_MATCH,SOURCE_LEMMA_ONLY_NOT_SENSE_OR_POS,UNREVIEWED_NOT_SEMANTICALLY_APPROVED,NOT_CLEARED,true
lex:B1:frozen,B1,frozen,NO_DIRECT_SOURCE_LEMMA,,,NO_DIRECT_MATCH,SOURCE_LEMMA_ONLY_NOT_SENSE_OR_POS,UNREVIEWED_NOT_SEMANTICALLY_APPROVED,NOT_CLEARED,true
lex:B1:fry,B1,fry,NGSL_SFI_31K_EXTENSION,fry,3715,EXACT_HEADWORD_FORM_ONLY,SOURCE_LEMMA_ONLY_NOT_SENSE_OR_POS,UNREVIEWED_NOT_SEMANTICALLY_APPROVED,NOT_CLEARED,true
lex:B1:fuel,B1,fuel,NGSL_1_2_CORE,fuel,1605,EXACT_HEADWORD_FORM_ONLY,SOURCE_LEMMA_ONLY_NOT_SENSE_OR_POS,UNREVIEWED_NOT_SEMANTICALLY_APPROVED,NOT_CLEARED,true
lex:B1:function,B1,function,NGSL_1_2_CORE,function,702,EXACT_HEADWORD_FORM_ONLY,SOURCE_LEMMA_ONLY_NOT_SENSE_OR_POS,UNREVIEWED_NOT_SEMANTICALLY_APPROVED,NOT_CLEARED,true
lex:B1:fur,B1,fur,NGSL_SFI_31K_EXTENSION,fur,3549,EXACT_HEADWORD_FORM_ONLY,SOURCE_LEMMA_ONLY_NOT_SENSE_OR_POS,UNREVIEWED_NOT_SEMANTICALLY_APPROVED,NOT_CLEARED,true
lex:B1:further,B1,further,NGSL_1_2_CORE,further,400,EXACT_HEADWORD_FORM_ONLY,SOURCE_LEMMA_ONLY_NOT_SENSE_OR_POS,UNREVIEWED_NOT_SEMANTICALLY_APPROVED,NOT_CLEARED,true
lex:B1:garage,B1,garage,NGSL_SFI_31K_EXTENSION,garage,3163,EXACT_HEADWORD_FORM_ONLY,SOURCE_LEMMA_ONLY_NOT_SENSE_OR_POS,UNREVIEWED_NOT_SEMANTICALLY_APPROVED,NOT_CLEARED,true
lex:B1:gather,B1,gather,NGSL_1_2_CORE,gather,1286,EXACT_HEADWORD_FORM_ONLY,SOURCE_LEMMA_ONLY_NOT_SENSE_OR_POS,UNREVIEWED_NOT_SEMANTICALLY_APPROVED,NOT_CLEARED,true
lex:B1:generally,B1,generally,NGSL_1_2_CORE,generally,848,EXACT_HEADWORD_FORM_ONLY,SOURCE_LEMMA_ONLY_NOT_SENSE_OR_POS,UNREVIEWED_NOT_SEMANTICALLY_APPROVED,NOT_CLEARED,true
lex:B1:generation,B1,generation,NGSL_1_2_CORE,generation,998,EXACT_HEADWORD_FORM_ONLY,SOURCE_LEMMA_ONLY_NOT_SENSE_OR_POS,UNREVIEWED_NOT_SEMANTICALLY_APPROVED,NOT_CLEARED,true
lex:B1:generous,B1,generous,NGSL_SFI_31K_EXTENSION,generous,3106,EXACT_HEADWORD_FORM_ONLY,SOURCE_LEMMA_ONLY_NOT_SENSE_OR_POS,UNREVIEWED_NOT_SEMANTICALLY_APPROVED,NOT_CLEARED,true
lex:B1:gentle,B1,gentle,NGSL_1_2_CORE,gentle,2750,EXACT_HEADWORD_FORM_ONLY,SOURCE_LEMMA_ONLY_NOT_SENSE_OR_POS,UNREVIEWED_NOT_SEMANTICALLY_APPROVED,NOT_CLEARED,true
lex:B1:gentleman,B1,gentleman,NGSL_1_2_CORE,gentleman,1990,EXACT_HEADWORD_FORM_ONLY,SOURCE_LEMMA_ONLY_NOT_SENSE_OR_POS,UNREVIEWED_NOT_SEMANTICALLY_APPROVED,NOT_CLEARED,true
lex:B1:ghost,B1,ghost,NGSL_SFI_31K_EXTENSION,ghost,3445,EXACT_HEADWORD_FORM_ONLY,SOURCE_LEMMA_ONLY_NOT_SENSE_OR_POS,UNREVIEWED_NOT_SEMANTICALLY_APPROVED,NOT_CLEARED,true
lex:B1:giant,B1,giant,NGSL_1_2_CORE,giant,2227,EXACT_HEADWORD_FORM_ONLY,SOURCE_LEMMA_ONLY_NOT_SENSE_OR_POS,UNREVIEWED_NOT_SEMANTICALLY_APPROVED,NOT_CLEARED,true
lex:B1:glad,B1,glad,NGSL_1_2_CORE,glad,1370,EXACT_HEADWORD_FORM_ONLY,SOURCE_LEMMA_ONLY_NOT_SENSE_OR_POS,UNREVIEWED_NOT_SEMANTICALLY_APPROVED,NOT_CLEARED,true
lex:B1:global,B1,global,NGSL_1_2_CORE,global,1170,EXACT_HEADWORD_FORM_ONLY,SOURCE_LEMMA_ONLY_NOT_SENSE_OR_POS,UNREVIEWED_NOT_SEMANTICALLY_APPROVED,NOT_CLEARED,true
lex:B1:glove,B1,glove,NGSL_SFI_31K_EXTENSION,glove,3785,EXACT_HEADWORD_FORM_ONLY,SOURCE_LEMMA_ONLY_NOT_SENSE_OR_POS,UNREVIEWED_NOT_SEMANTICALLY_APPROVED,NOT_CLEARED,true
lex:B1:go,B1,go,NGSL_1_2_CORE,go,31,EXACT_HEADWORD_FORM_ONLY,SOURCE_LEMMA_ONLY_NOT_SENSE_OR_POS,UNREVIEWED_NOT_SEMANTICALLY_APPROVED,NOT_CLEARED,true
lex:B1:goods,B1,goods,NGSL_SFI_31K_EXTENSION,goods,24804,EXACT_HEADWORD_FORM_ONLY,SOURCE_LEMMA_ONLY_NOT_SENSE_OR_POS,UNREVIEWED_NOT_SEMANTICALLY_APPROVED,NOT_CLEARED,true
lex:B1:grade,B1,grade,NGSL_1_2_CORE,grade,1559,EXACT_HEADWORD_FORM_ONLY,SOURCE_LEMMA_ONLY_NOT_SENSE_OR_POS,UNREVIEWED_NOT_SEMANTICALLY_APPROVED,NOT_CLEARED,true
lex:B1:graduate,B1,graduate,NGSL_1_2_CORE,graduate,1548,EXACT_HEADWORD_FORM_ONLY,SOURCE_LEMMA_ONLY_NOT_SENSE_OR_POS,UNREVIEWED_NOT_SEMANTICALLY_APPROVED,NOT_CLEARED,true
lex:B1:grain,B1,grain,NGSL_1_2_CORE,grain,2727,EXACT_HEADWORD_FORM_ONLY,SOURCE_LEMMA_ONLY_NOT_SENSE_OR_POS,UNREVIEWED_NOT_SEMANTICALLY_APPROVED,NOT_CLEARED,true
lex:B1:grateful,B1,grateful,NGSL_1_2_CORE,grateful,1977,EXACT_HEADWORD_FORM_ONLY,SOURCE_LEMMA_ONLY_NOT_SENSE_OR_POS,UNREVIEWED_NOT_SEMANTICALLY_APPROVED,NOT_CLEARED,true
lex:B1:growth,B1,growth,NGSL_1_2_CORE,growth,678,EXACT_HEADWORD_FORM_ONLY,SOURCE_LEMMA_ONLY_NOT_SENSE_OR_POS,UNREVIEWED_NOT_SEMANTICALLY_APPROVED,NOT_CLEARED,true
lex:B1:guard,B1,guard,NGSL_1_2_CORE,guard,1677,EXACT_HEADWORD_FORM_ONLY,SOURCE_LEMMA_ONLY_NOT_SENSE_OR_POS,UNREVIEWED_NOT_SEMANTICALLY_APPROVED,NOT_CLEARED,true
lex:B1:guilty,B1,guilty,NGSL_1_2_CORE,guilty,2129,EXACT_HEADWORD_FORM_ONLY,SOURCE_LEMMA_ONLY_NOT_SENSE_OR_POS,UNREVIEWED_NOT_SEMANTICALLY_APPROVED,NOT_CLEARED,true
lex:B1:hand,B1,hand,NGSL_1_2_CORE,hand,198,EXACT_HEADWORD_FORM_ONLY,SOURCE_LEMMA_ONLY_NOT_SENSE_OR_POS,UNREVIEWED_NOT_SEMANTICALLY_APPROVED,NOT_CLEARED,true
lex:B1:hang,B1,hang,NGSL_1_2_CORE,hang,1085,EXACT_HEADWORD_FORM_ONLY,SOURCE_LEMMA_ONLY_NOT_SENSE_OR_POS,UNREVIEWED_NOT_SEMANTICALLY_APPROVED,NOT_CLEARED,true
lex:B1:happiness,B1,happiness,NGSL_1_2_CORE,happiness,2697,EXACT_HEADWORD_FORM_ONLY,SOURCE_LEMMA_ONLY_NOT_SENSE_OR_POS,UNREVIEWED_NOT_SEMANTICALLY_APPROVED,NOT_CLEARED,true
lex:B1:hardly,B1,hardly,NGSL_1_2_CORE,hardly,1340,EXACT_HEADWORD_FORM_ONLY,SOURCE_LEMMA_ONLY_NOT_SENSE_OR_POS,UNREVIEWED_NOT_SEMANTICALLY_APPROVED,NOT_CLEARED,true
lex:B1:hate,B1,hate,NGSL_1_2_CORE,hate,1380,EXACT_HEADWORD_FORM_ONLY,SOURCE_LEMMA_ONLY_NOT_SENSE_OR_POS,UNREVIEWED_NOT_SEMANTICALLY_APPROVED,NOT_CLEARED,true
lex:B1:head,B1,head,NGSL_1_2_CORE,head,259,EXACT_HEADWORD_FORM_ONLY,SOURCE_LEMMA_ONLY_NOT_SENSE_OR_POS,UNREVIEWED_NOT_SEMANTICALLY_APPROVED,NOT_CLEARED,true
lex:B1:headline,B1,headline,NGSL_SFI_31K_EXTENSION,headline,3009,EXACT_HEADWORD_FORM_ONLY,SOURCE_LEMMA_ONLY_NOT_SENSE_OR_POS,UNREVIEWED_NOT_SEMANTICALLY_APPROVED,NOT_CLEARED,true
lex:B1:heating,B1,heating,NO_DIRECT_SOURCE_LEMMA,,,NO_DIRECT_MATCH,SOURCE_LEMMA_ONLY_NOT_SENSE_OR_POS,UNREVIEWED_NOT_SEMANTICALLY_APPROVED,NOT_CLEARED,true
lex:B1:heavily,B1,heavily,NGSL_1_2_CORE,heavily,2119,EXACT_HEADWORD_FORM_ONLY,SOURCE_LEMMA_ONLY_NOT_SENSE_OR_POS,UNREVIEWED_NOT_SEMANTICALLY_APPROVED,NOT_CLEARED,true
lex:B1:helicopter,B1,helicopter,NGSL_SFI_31K_EXTENSION,helicopter,3473,EXACT_HEADWORD_FORM_ONLY,SOURCE_LEMMA_ONLY_NOT_SENSE_OR_POS,UNREVIEWED_NOT_SEMANTICALLY_APPROVED,NOT_CLEARED,true
lex:B1:highlight,B1,highlight,NGSL_1_2_CORE,highlight,1904,EXACT_HEADWORD_FORM_ONLY,SOURCE_LEMMA_ONLY_NOT_SENSE_OR_POS,UNREVIEWED_NOT_SEMANTICALLY_APPROVED,NOT_CLEARED,true
lex:B1:highly,B1,highly,NGSL_1_2_CORE,highly,1074,EXACT_HEADWORD_FORM_ONLY,SOURCE_LEMMA_ONLY_NOT_SENSE_OR_POS,UNREVIEWED_NOT_SEMANTICALLY_APPROVED,NOT_CLEARED,true
lex:B1:hire,B1,hire,NGSL_1_2_CORE,hire,1514,EXACT_HEADWORD_FORM_ONLY,SOURCE_LEMMA_ONLY_NOT_SENSE_OR_POS,UNREVIEWED_NOT_SEMANTICALLY_APPROVED,NOT_CLEARED,true
lex:B1:historic,B1,historic,NGSL_1_2_CORE,historic,2495,EXACT_HEADWORD_FORM_ONLY,SOURCE_LEMMA_ONLY_NOT_SENSE_OR_POS,UNREVIEWED_NOT_SEMANTICALLY_APPROVED,NOT_CLEARED,true
lex:B1:historical,B1,historical,NGSL_1_2_CORE,historical,1405,EXACT_HEADWORD_FORM_ONLY,SOURCE_LEMMA_ONLY_NOT_SENSE_OR_POS,UNREVIEWED_NOT_SEMANTICALLY_APPROVED,NOT_CLEARED,true
lex:B1:honest,B1,honest,NGSL_1_2_CORE,honest,2035,EXACT_HEADWORD_FORM_ONLY,SOURCE_LEMMA_ONLY_NOT_SENSE_OR_POS,UNREVIEWED_NOT_SEMANTICALLY_APPROVED,NOT_CLEARED,true
lex:B1:horrible,B1,horrible,NGSL_1_2_CORE,horrible,2709,EXACT_HEADWORD_FORM_ONLY,SOURCE_LEMMA_ONLY_NOT_SENSE_OR_POS,UNREVIEWED_NOT_SEMANTICALLY_APPROVED,NOT_CLEARED,true
lex:B1:horror,B1,horror,NGSL_SFI_31K_EXTENSION,horror,2912,EXACT_HEADWORD_FORM_ONLY,SOURCE_LEMMA_ONLY_NOT_SENSE_OR_POS,UNREVIEWED_NOT_SEMANTICALLY_APPROVED,NOT_CLEARED,true
lex:B1:host,B1,host,NGSL_1_2_CORE,host,1327,EXACT_HEADWORD_FORM_ONLY,SOURCE_LEMMA_ONLY_NOT_SENSE_OR_POS,UNREVIEWED_NOT_SEMANTICALLY_APPROVED,NOT_CLEARED,true
lex:B1:hunt,B1,hunt,NGSL_1_2_CORE,hunt,1998,EXACT_HEADWORD_FORM_ONLY,SOURCE_LEMMA_ONLY_NOT_SENSE_OR_POS,UNREVIEWED_NOT_SEMANTICALLY_APPROVED,NOT_CLEARED,true
lex:B1:hurricane,B1,hurricane,NGSL_SFI_31K_EXTENSION,hurricane,4648,EXACT_HEADWORD_FORM_ONLY,SOURCE_LEMMA_ONLY_NOT_SENSE_OR_POS,UNREVIEWED_NOT_SEMANTICALLY_APPROVED,NOT_CLEARED,true
lex:B1:hurry,B1,hurry,NGSL_1_2_CORE,hurry,2683,EXACT_HEADWORD_FORM_ONLY,SOURCE_LEMMA_ONLY_NOT_SENSE_OR_POS,UNREVIEWED_NOT_SEMANTICALLY_APPROVED,NOT_CLEARED,true
lex:B1:identity,B1,identity,NGSL_1_2_CORE,identity,1587,EXACT_HEADWORD_FORM_ONLY,SOURCE_LEMMA_ONLY_NOT_SENSE_OR_POS,UNREVIEWED_NOT_SEMANTICALLY_APPROVED,NOT_CLEARED,true
lex:B1:ignore,B1,ignore,NGSL_1_2_CORE,ignore,1446,EXACT_HEADWORD_FORM_ONLY,SOURCE_LEMMA_ONLY_NOT_SENSE_OR_POS,UNREVIEWED_NOT_SEMANTICALLY_APPROVED,NOT_CLEARED,true
lex:B1:illegal,B1,illegal,NGSL_1_2_CORE,illegal,2353,EXACT_HEADWORD_FORM_ONLY,SOURCE_LEMMA_ONLY_NOT_SENSE_OR_POS,UNREVIEWED_NOT_SEMANTICALLY_APPROVED,NOT_CLEARED,true
lex:B1:imaginary,B1,imaginary,NGSL_SFI_31K_EXTENSION,imaginary,5959,EXACT_HEADWORD_FORM_ONLY,SOURCE_LEMMA_ONLY_NOT_SENSE_OR_POS,UNREVIEWED_NOT_SEMANTICALLY_APPROVED,NOT_CLEARED,true
lex:B1:immediate,B1,immediate,NGSL_1_2_CORE,immediate,1806,EXACT_HEADWORD_FORM_ONLY,SOURCE_LEMMA_ONLY_NOT_SENSE_OR_POS,UNREVIEWED_NOT_SEMANTICALLY_APPROVED,NOT_CLEARED,true
lex:B1:immigrant,B1,immigrant,NGSL_1_2_CORE,immigrant,2642,EXACT_HEADWORD_FORM_ONLY,SOURCE_LEMMA_ONLY_NOT_SENSE_OR_POS,UNREVIEWED_NOT_SEMANTICALLY_APPROVED,NOT_CLEARED,true
lex:B1:impact,B1,impact,NGSL_SFI_31K_EXTENSION,impact,897,EXACT_HEADWORD_FORM_ONLY,SOURCE_LEMMA_ONLY_NOT_SENSE_OR_POS,UNREVIEWED_NOT_SEMANTICALLY_APPROVED,NOT_CLEARED,true
lex:B1:import,B1,import,NGSL_1_2_CORE,import,1613,EXACT_HEADWORD_FORM_ONLY,SOURCE_LEMMA_ONLY_NOT_SENSE_OR_POS,UNREVIEWED_NOT_SEMANTICALLY_APPROVED,NOT_CLEARED,true
lex:B1:importance,B1,importance,NGSL_1_2_CORE,importance,1144,EXACT_HEADWORD_FORM_ONLY,SOURCE_LEMMA_ONLY_NOT_SENSE_OR_POS,UNREVIEWED_NOT_SEMANTICALLY_APPROVED,NOT_CLEARED,true
lex:B1:impression,B1,impression,NGSL_1_2_CORE,impression,1717,EXACT_HEADWORD_FORM_ONLY,SOURCE_LEMMA_ONLY_NOT_SENSE_OR_POS,UNREVIEWED_NOT_SEMANTICALLY_APPROVED,NOT_CLEARED,true
lex:B1:impressive,B1,impressive,NGSL_1_2_CORE,impressive,2421,EXACT_HEADWORD_FORM_ONLY,SOURCE_LEMMA_ONLY_NOT_SENSE_OR_POS,UNREVIEWED_NOT_SEMANTICALLY_APPROVED,NOT_CLEARED,true
lex:B1:improvement,B1,improvement,NGSL_1_2_CORE,improvement,1226,EXACT_HEADWORD_FORM_ONLY,SOURCE_LEMMA_ONLY_NOT_SENSE_OR_POS,UNREVIEWED_NOT_SEMANTICALLY_APPROVED,NOT_CLEARED,true
lex:B1:incredibly,B1,incredibly,NGSL_SFI_31K_EXTENSION,incredibly,3621,EXACT_HEADWORD_FORM_ONLY,SOURCE_LEMMA_ONLY_NOT_SENSE_OR_POS,UNREVIEWED_NOT_SEMANTICALLY_APPROVED,NOT_CLEARED,true
lex:B1:indeed,B1,indeed,NGSL_1_2_CORE,indeed,697,EXACT_HEADWORD_FORM_ONLY,SOURCE_LEMMA_ONLY_NOT_SENSE_OR_POS,UNREVIEWED_NOT_SEMANTICALLY_APPROVED,NOT_CLEARED,true
lex:B1:indicate,B1,indicate,NGSL_1_2_CORE,indicate,819,EXACT_HEADWORD_FORM_ONLY,SOURCE_LEMMA_ONLY_NOT_SENSE_OR_POS,UNREVIEWED_NOT_SEMANTICALLY_APPROVED,NOT_CLEARED,true
lex:B1:indirect,B1,indirect,NGSL_SFI_31K_EXTENSION,indirect,4214,EXACT_HEADWORD_FORM_ONLY,SOURCE_LEMMA_ONLY_NOT_SENSE_OR_POS,UNREVIEWED_NOT_SEMANTICALLY_APPROVED,NOT_CLEARED,true
lex:B1:indoor,B1,indoor,NGSL_SFI_31K_EXTENSION,indoor,3743,EXACT_HEADWORD_FORM_ONLY,SOURCE_LEMMA_ONLY_NOT_SENSE_OR_POS,UNREVIEWED_NOT_SEMANTICALLY_APPROVED,NOT_CLEARED,true
lex:B1:indoors,B1,indoors,NO_DIRECT_SOURCE_LEMMA,,,NO_DIRECT_MATCH,SOURCE_LEMMA_ONLY_NOT_SENSE_OR_POS,UNREVIEWED_NOT_SEMANTICALLY_APPROVED,NOT_CLEARED,true
lex:B1:influence,B1,influence,NGSL_1_2_CORE,influence,680,EXACT_HEADWORD_FORM_ONLY,SOURCE_LEMMA_ONLY_NOT_SENSE_OR_POS,UNREVIEWED_NOT_SEMANTICALLY_APPROVED,NOT_CLEARED,true
lex:B1:ingredient,B1,ingredient,NGSL_SFI_31K_EXTENSION,ingredient,3207,EXACT_HEADWORD_FORM_ONLY,SOURCE_LEMMA_ONLY_NOT_SENSE_OR_POS,UNREVIEWED_NOT_SEMANTICALLY_APPROVED,NOT_CLEARED,true
lex:B1:injure,B1,injure,NGSL_1_2_CORE,injure,2496,EXACT_HEADWORD_FORM_ONLY,SOURCE_LEMMA_ONLY_NOT_SENSE_OR_POS,UNREVIEWED_NOT_SEMANTICALLY_APPROVED,NOT_CLEARED,true
lex:B1:injured,B1,injured,NO_DIRECT_SOURCE_LEMMA,,,NO_DIRECT_MATCH,SOURCE_LEMMA_ONLY_NOT_SENSE_OR_POS,UNREVIEWED_NOT_SEMANTICALLY_APPROVED,NOT_CLEARED,true
lex:B1:innocent,B1,innocent,NGSL_1_2_CORE,innocent,2714,EXACT_HEADWORD_FORM_ONLY,SOURCE_LEMMA_ONLY_NOT_SENSE_OR_POS,UNREVIEWED_NOT_SEMANTICALLY_APPROVED,NOT_CLEARED,true
lex:B1:intelligence,B1,intelligence,NGSL_1_2_CORE,intelligence,1673,EXACT_HEADWORD_FORM_ONLY,SOURCE_LEMMA_ONLY_NOT_SENSE_OR_POS,UNREVIEWED_NOT_SEMANTICALLY_APPROVED,NOT_CLEARED,true
lex:B1:intend,B1,intend,NGSL_1_2_CORE,intend,1114,EXACT_HEADWORD_FORM_ONLY,SOURCE_LEMMA_ONLY_NOT_SENSE_OR_POS,UNREVIEWED_NOT_SEMANTICALLY_APPROVED,NOT_CLEARED,true
lex:B1:intention,B1,intention,NGSL_1_2_CORE,intention,1764,EXACT_HEADWORD_FORM_ONLY,SOURCE_LEMMA_ONLY_NOT_SENSE_OR_POS,UNREVIEWED_NOT_SEMANTICALLY_APPROVED,NOT_CLEARED,true
lex:B1:invest,B1,invest,NGSL_1_2_CORE,invest,1366,EXACT_HEADWORD_FORM_ONLY,SOURCE_LEMMA_ONLY_NOT_SENSE_OR_POS,UNREVIEWED_NOT_SEMANTICALLY_APPROVED,NOT_CLEARED,true
lex:B1:investigate,B1,investigate,NGSL_1_2_CORE,investigate,1533,EXACT_HEADWORD_FORM_ONLY,SOURCE_LEMMA_ONLY_NOT_SENSE_OR_POS,UNREVIEWED_NOT_SEMANTICALLY_APPROVED,NOT_CLEARED,true
lex:B1:involved,B1,involved,NO_DIRECT_SOURCE_LEMMA,,,NO_DIRECT_MATCH,SOURCE_LEMMA_ONLY_NOT_SENSE_OR_POS,UNREVIEWED_NOT_SEMANTICALLY_APPROVED,NOT_CLEARED,true
lex:B1:iron,B1,iron,NGSL_1_2_CORE,iron,2259,EXACT_HEADWORD_FORM_ONLY,SOURCE_LEMMA_ONLY_NOT_SENSE_OR_POS,UNREVIEWED_NOT_SEMANTICALLY_APPROVED,NOT_CLEARED,true
lex:B1:issue,B1,issue,NGSL_1_2_CORE,issue,218,EXACT_HEADWORD_FORM_ONLY,SOURCE_LEMMA_ONLY_NOT_SENSE_OR_POS,UNREVIEWED_NOT_SEMANTICALLY_APPROVED,NOT_CLEARED,true
lex:B1:it,B1,IT,NGSL_1_2_CORE,it,9,EXACT_HEADWORD_FORM_ONLY,SOURCE_LEMMA_ONLY_NOT_SENSE_OR_POS,UNREVIEWED_NOT_SEMANTICALLY_APPROVED,NOT_CLEARED,true
lex:B1:journal,B1,journal,NGSL_1_2_CORE,journal,2429,EXACT_HEADWORD_FORM_ONLY,SOURCE_LEMMA_ONLY_NOT_SENSE_OR_POS,UNREVIEWED_NOT_SEMANTICALLY_APPROVED,NOT_CLEARED,true
lex:B1:judge,B1,judge,NGSL_1_2_CORE,judge,995,EXACT_HEADWORD_FORM_ONLY,SOURCE_LEMMA_ONLY_NOT_SENSE_OR_POS,UNREVIEWED_NOT_SEMANTICALLY_APPROVED,NOT_CLEARED,true
lex:B1:keen,B1,keen,NGSL_1_2_CORE,keen,2364,EXACT_HEADWORD_FORM_ONLY,SOURCE_LEMMA_ONLY_NOT_SENSE_OR_POS,UNREVIEWED_NOT_SEMANTICALLY_APPROVED,NOT_CLEARED,true
lex:B1:key,B1,key,NGSL_1_2_CORE,key,659,EXACT_HEADWORD_FORM_ONLY,SOURCE_LEMMA_ONLY_NOT_SENSE_OR_POS,UNREVIEWED_NOT_SEMANTICALLY_APPROVED,NOT_CLEARED,true
lex:B1:keyboard,B1,keyboard,NGSL_SFI_31K_EXTENSION,keyboard,3916,EXACT_HEADWORD_FORM_ONLY,SOURCE_LEMMA_ONLY_NOT_SENSE_OR_POS,UNREVIEWED_NOT_SEMANTICALLY_APPROVED,NOT_CLEARED,true
lex:B1:kick,B1,kick,NGSL_1_2_CORE,kick,1730,EXACT_HEADWORD_FORM_ONLY,SOURCE_LEMMA_ONLY_NOT_SENSE_OR_POS,UNREVIEWED_NOT_SEMANTICALLY_APPROVED,NOT_CLEARED,true
lex:B1:killing,B1,killing,NO_DIRECT_SOURCE_LEMMA,,,NO_DIRECT_MATCH,SOURCE_LEMMA_ONLY_NOT_SENSE_OR_POS,UNREVIEWED_NOT_SEMANTICALLY_APPROVED,NOT_CLEARED,true
lex:B1:kind-caring,B1,kind (caring),NGSL_1_2_CORE,kind,176,HEADWORD_NORMALIZED_REQUIRES_REVIEW,SOURCE_LEMMA_ONLY_NOT_SENSE_OR_POS,UNREVIEWED_NOT_SEMANTICALLY_APPROVED,NOT_CLEARED,true
lex:B1:kiss,B1,kiss,NGSL_1_2_CORE,kiss,1680,EXACT_HEADWORD_FORM_ONLY,SOURCE_LEMMA_ONLY_NOT_SENSE_OR_POS,UNREVIEWED_NOT_SEMANTICALLY_APPROVED,NOT_CLEARED,true
lex:B1:knock,B1,knock,NGSL_1_2_CORE,knock,1814,EXACT_HEADWORD_FORM_ONLY,SOURCE_LEMMA_ONLY_NOT_SENSE_OR_POS,UNREVIEWED_NOT_SEMANTICALLY_APPROVED,NOT_CLEARED,true
lex:B1:label,B1,label,NGSL_1_2_CORE,label,1528,EXACT_HEADWORD_FORM_ONLY,SOURCE_LEMMA_ONLY_NOT_SENSE_OR_POS,UNREVIEWED_NOT_SEMANTICALLY_APPROVED,NOT_CLEARED,true
lex:B1:laboratory,B1,laboratory,NGSL_1_2_CORE,laboratory,2442,EXACT_HEADWORD_FORM_ONLY,SOURCE_LEMMA_ONLY_NOT_SENSE_OR_POS,UNREVIEWED_NOT_SEMANTICALLY_APPROVED,NOT_CLEARED,true
lex:B1:lack,B1,lack,NGSL_1_2_CORE,lack,729,EXACT_HEADWORD_FORM_ONLY,SOURCE_LEMMA_ONLY_NOT_SENSE_OR_POS,UNREVIEWED_NOT_SEMANTICALLY_APPROVED,NOT_CLEARED,true
lex:B1:latest,B1,latest,NO_DIRECT_SOURCE_LEMMA,,,NO_DIRECT_MATCH,SOURCE_LEMMA_ONLY_NOT_SENSE_OR_POS,UNREVIEWED_NOT_SEMANTICALLY_APPROVED,NOT_CLEARED,true
lex:B1:lay,B1,lay,NGSL_1_2_CORE,lay,1105,EXACT_HEADWORD_FORM_ONLY,SOURCE_LEMMA_ONLY_NOT_SENSE_OR_POS,UNREVIEWED_NOT_SEMANTICALLY_APPROVED,NOT_CLEARED,true
lex:B1:layer,B1,layer,NGSL_1_2_CORE,layer,2024,EXACT_HEADWORD_FORM_ONLY,SOURCE_LEMMA_ONLY_NOT_SENSE_OR_POS,UNREVIEWED_NOT_SEMANTICALLY_APPROVED,NOT_CLEARED,true
lex:B1:lead,B1,lead¹,NGSL_1_2_CORE,lead,241,HEADWORD_NORMALIZED_REQUIRES_REVIEW,SOURCE_LEMMA_ONLY_NOT_SENSE_OR_POS,UNREVIEWED_NOT_SEMANTICALLY_APPROVED,NOT_CLEARED,true
lex:B1:leading,B1,leading,NO_DIRECT_SOURCE_LEMMA,,,NO_DIRECT_MATCH,SOURCE_LEMMA_ONLY_NOT_SENSE_OR_POS,UNREVIEWED_NOT_SEMANTICALLY_APPROVED,NOT_CLEARED,true
lex:B1:leaf,B1,leaf,NGSL_SFI_31K_EXTENSION,leaf,3767,EXACT_HEADWORD_FORM_ONLY,SOURCE_LEMMA_ONLY_NOT_SENSE_OR_POS,UNREVIEWED_NOT_SEMANTICALLY_APPROVED,NOT_CLEARED,true
lex:B1:leather,B1,leather,NGSL_1_2_CORE,leather,2733,EXACT_HEADWORD_FORM_ONLY,SOURCE_LEMMA_ONLY_NOT_SENSE_OR_POS,UNREVIEWED_NOT_SEMANTICALLY_APPROVED,NOT_CLEARED,true
lex:B1:legal,B1,legal,NGSL_1_2_CORE,legal,979,EXACT_HEADWORD_FORM_ONLY,SOURCE_LEMMA_ONLY_NOT_SENSE_OR_POS,UNREVIEWED_NOT_SEMANTICALLY_APPROVED,NOT_CLEARED,true
lex:B1:leisure,B1,leisure,NGSL_SFI_31K_EXTENSION,leisure,2713,EXACT_HEADWORD_FORM_ONLY,SOURCE_LEMMA_ONLY_NOT_SENSE_OR_POS,UNREVIEWED_NOT_SEMANTICALLY_APPROVED,NOT_CLEARED,true
lex:B1:length,B1,length,NGSL_1_2_CORE,length,1317,EXACT_HEADWORD_FORM_ONLY,SOURCE_LEMMA_ONLY_NOT_SENSE_OR_POS,UNREVIEWED_NOT_SEMANTICALLY_APPROVED,NOT_CLEARED,true
lex:B1:level,B1,level,NGSL_1_2_CORE,level,262,EXACT_HEADWORD_FORM_ONLY,SOURCE_LEMMA_ONLY_NOT_SENSE_OR_POS,UNREVIEWED_NOT_SEMANTICALLY_APPROVED,NOT_CLEARED,true
lex:B1:lie-tell-a-lie,B1,lie² (tell a lie),NGSL_1_2_CORE,lie,582,HEADWORD_NORMALIZED_REQUIRES_REVIEW,SOURCE_LEMMA_ONLY_NOT_SENSE_OR_POS,UNREVIEWED_NOT_SEMANTICALLY_APPROVED,NOT_CLEARED,true
lex:B1:like-find-sb-sth-pleasant,B1,like (find sb/sth pleasant),NGSL_1_2_CORE,like,45,HEADWORD_NORMALIZED_REQUIRES_REVIEW,SOURCE_LEMMA_ONLY_NOT_SENSE_OR_POS,UNREVIEWED_NOT_SEMANTICALLY_APPROVED,NOT_CLEARED,true
lex:B1:limit,B1,limit,NGSL_1_2_CORE,limit,572,EXACT_HEADWORD_FORM_ONLY,SOURCE_LEMMA_ONLY_NOT_SENSE_OR_POS,UNREVIEWED_NOT_SEMANTICALLY_APPROVED,NOT_CLEARED,true
lex:B1:lip,B1,lip,NGSL_1_2_CORE,lip,2299,EXACT_HEADWORD_FORM_ONLY,SOURCE_LEMMA_ONLY_NOT_SENSE_OR_POS,UNREVIEWED_NOT_SEMANTICALLY_APPROVED,NOT_CLEARED,true
lex:B1:liquid,B1,liquid,NGSL_1_2_CORE,liquid,2692,EXACT_HEADWORD_FORM_ONLY,SOURCE_LEMMA_ONLY_NOT_SENSE_OR_POS,UNREVIEWED_NOT_SEMANTICALLY_APPROVED,NOT_CLEARED,true
lex:B1:literature,B1,literature,NGSL_1_2_CORE,literature,1519,EXACT_HEADWORD_FORM_ONLY,SOURCE_LEMMA_ONLY_NOT_SENSE_OR_POS,UNREVIEWED_NOT_SEMANTICALLY_APPROVED,NOT_CLEARED,true
lex:B1:live,B1,live²,NGSL_1_2_CORE,live,153,HEADWORD_NORMALIZED_REQUIRES_REVIEW,SOURCE_LEMMA_ONLY_NOT_SENSE_OR_POS,UNREVIEWED_NOT_SEMANTICALLY_APPROVED,NOT_CLEARED,true
lex:B1:living,B1,living,NO_DIRECT_SOURCE_LEMMA,,,NO_DIRECT_MATCH,SOURCE_LEMMA_ONLY_NOT_SENSE_OR_POS,UNREVIEWED_NOT_SEMANTICALLY_APPROVED,NOT_CLEARED,true
lex:B1:local,B1,local,NGSL_1_2_CORE,local,300,EXACT_HEADWORD_FORM_ONLY,SOURCE_LEMMA_ONLY_NOT_SENSE_OR_POS,UNREVIEWED_NOT_SEMANTICALLY_APPROVED,NOT_CLEARED,true
lex:B1:locate,B1,locate,NGSL_1_2_CORE,locate,1450,EXACT_HEADWORD_FORM_ONLY,SOURCE_LEMMA_ONLY_NOT_SENSE_OR_POS,UNREVIEWED_NOT_SEMANTICALLY_APPROVED,NOT_CLEARED,true
lex:B1:located,B1,located,NO_DIRECT_SOURCE_LEMMA,,,NO_DIRECT_MATCH,SOURCE_LEMMA_ONLY_NOT_SENSE_OR_POS,UNREVIEWED_NOT_SEMANTICALLY_APPROVED,NOT_CLEARED,true
lex:B1:location,B1,location,NGSL_1_2_CORE,location,1365,EXACT_HEADWORD_FORM_ONLY,SOURCE_LEMMA_ONLY_NOT_SENSE_OR_POS,UNREVIEWED_NOT_SEMANTICALLY_APPROVED,NOT_CLEARED,true
lex:B1:lonely,B1,lonely,NGSL_SFI_31K_EXTENSION,lonely,3436,EXACT_HEADWORD_FORM_ONLY,SOURCE_LEMMA_ONLY_NOT_SENSE_OR_POS,UNREVIEWED_NOT_SEMANTICALLY_APPROVED,NOT_CLEARED,true
lex:B1:loss,B1,loss,NGSL_1_2_CORE,loss,806,EXACT_HEADWORD_FORM_ONLY,SOURCE_LEMMA_ONLY_NOT_SENSE_OR_POS,UNREVIEWED_NOT_SEMANTICALLY_APPROVED,NOT_CLEARED,true
lex:B1:luxury,B1,luxury,NGSL_1_2_CORE,luxury,2660,EXACT_HEADWORD_FORM_ONLY,SOURCE_LEMMA_ONLY_NOT_SENSE_OR_POS,UNREVIEWED_NOT_SEMANTICALLY_APPROVED,NOT_CLEARED,true
lex:B1:mad,B1,mad,NGSL_1_2_CORE,mad,2417,EXACT_HEADWORD_FORM_ONLY,SOURCE_LEMMA_ONLY_NOT_SENSE_OR_POS,UNREVIEWED_NOT_SEMANTICALLY_APPROVED,NOT_CLEARED,true
lex:B1:magic,B1,magic,NGSL_1_2_CORE,magic,2592,EXACT_HEADWORD_FORM_ONLY,SOURCE_LEMMA_ONLY_NOT_SENSE_OR_POS,UNREVIEWED_NOT_SEMANTICALLY_APPROVED,NOT_CLEARED,true
lex:B1:mainly,B1,mainly,NGSL_1_2_CORE,mainly,1438,EXACT_HEADWORD_FORM_ONLY,SOURCE_LEMMA_ONLY_NOT_SENSE_OR_POS,UNREVIEWED_NOT_SEMANTICALLY_APPROVED,NOT_CLEARED,true
lex:B1:mall,B1,mall,NGSL_SFI_31K_EXTENSION,mall,3433,EXACT_HEADWORD_FORM_ONLY,SOURCE_LEMMA_ONLY_NOT_SENSE_OR_POS,UNREVIEWED_NOT_SEMANTICALLY_APPROVED,NOT_CLEARED,true
lex:B1:management,B1,management,NGSL_1_2_CORE,management,692,EXACT_HEADWORD_FORM_ONLY,SOURCE_LEMMA_ONLY_NOT_SENSE_OR_POS,UNREVIEWED_NOT_SEMANTICALLY_APPROVED,NOT_CLEARED,true
lex:B1:market,B1,market,NGSL_1_2_CORE,market,219,EXACT_HEADWORD_FORM_ONLY,SOURCE_LEMMA_ONLY_NOT_SENSE_OR_POS,UNREVIEWED_NOT_SEMANTICALLY_APPROVED,NOT_CLEARED,true
lex:B1:marketing,B1,marketing,NO_DIRECT_SOURCE_LEMMA,,,NO_DIRECT_MATCH,SOURCE_LEMMA_ONLY_NOT_SENSE_OR_POS,UNREVIEWED_NOT_SEMANTICALLY_APPROVED,NOT_CLEARED,true
lex:B1:marriage,B1,marriage,NGSL_1_2_CORE,marriage,1248,EXACT_HEADWORD_FORM_ONLY,SOURCE_LEMMA_ONLY_NOT_SENSE_OR_POS,UNREVIEWED_NOT_SEMANTICALLY_APPROVED,NOT_CLEARED,true
lex:B1:meanwhile,B1,meanwhile,NGSL_1_2_CORE,meanwhile,1753,EXACT_HEADWORD_FORM_ONLY,SOURCE_LEMMA_ONLY_NOT_SENSE_OR_POS,UNREVIEWED_NOT_SEMANTICALLY_APPROVED,NOT_CLEARED,true
lex:B1:measure,B1,measure,NGSL_1_2_CORE,measure,532,EXACT_HEADWORD_FORM_ONLY,SOURCE_LEMMA_ONLY_NOT_SENSE_OR_POS,UNREVIEWED_NOT_SEMANTICALLY_APPROVED,NOT_CLEARED,true
lex:B1:medium,B1,medium,NGSL_1_2_CORE,medium,689,EXACT_HEADWORD_FORM_ONLY,SOURCE_LEMMA_ONLY_NOT_SENSE_OR_POS,UNREVIEWED_NOT_SEMANTICALLY_APPROVED,NOT_CLEARED,true
lex:B1:mental,B1,mental,NGSL_1_2_CORE,mental,1649,EXACT_HEADWORD_FORM_ONLY,SOURCE_LEMMA_ONLY_NOT_SENSE_OR_POS,UNREVIEWED_NOT_SEMANTICALLY_APPROVED,NOT_CLEARED,true
lex:B1:mention,B1,mention,NGSL_1_2_CORE,mention,564,EXACT_HEADWORD_FORM_ONLY,SOURCE_LEMMA_ONLY_NOT_SENSE_OR_POS,UNREVIEWED_NOT_SEMANTICALLY_APPROVED,NOT_CLEARED,true
lex:B1:mess,B1,mess,NGSL_1_2_CORE,mess,2382,EXACT_HEADWORD_FORM_ONLY,SOURCE_LEMMA_ONLY_NOT_SENSE_OR_POS,UNREVIEWED_NOT_SEMANTICALLY_APPROVED,NOT_CLEARED,true
lex:B1:mild,B1,mild,NGSL_SFI_31K_EXTENSION,mild,3324,EXACT_HEADWORD_FORM_ONLY,SOURCE_LEMMA_ONLY_NOT_SENSE_OR_POS,UNREVIEWED_NOT_SEMANTICALLY_APPROVED,NOT_CLEARED,true
lex:B1:mine-hole-in-the-ground,B1,mine (hole in the ground),NGSL_1_2_CORE,mine,937,HEADWORD_NORMALIZED_REQUIRES_REVIEW,SOURCE_LEMMA_ONLY_NOT_SENSE_OR_POS,UNREVIEWED_NOT_SEMANTICALLY_APPROVED,NOT_CLEARED,true
lex:B1:mix,B1,mix,NGSL_1_2_CORE,mix,1029,EXACT_HEADWORD_FORM_ONLY,SOURCE_LEMMA_ONLY_NOT_SENSE_OR_POS,UNREVIEWED_NOT_SEMANTICALLY_APPROVED,NOT_CLEARED,true
lex:B1:mixture,B1,mixture,NGSL_1_2_CORE,mixture,2520,EXACT_HEADWORD_FORM_ONLY,SOURCE_LEMMA_ONLY_NOT_SENSE_OR_POS,UNREVIEWED_NOT_SEMANTICALLY_APPROVED,NOT_CLEARED,true
lex:B1:mood,B1,mood,NGSL_1_2_CORE,mood,2066,EXACT_HEADWORD_FORM_ONLY,SOURCE_LEMMA_ONLY_NOT_SENSE_OR_POS,UNREVIEWED_NOT_SEMANTICALLY_APPROVED,NOT_CLEARED,true
lex:B1:move,B1,move,NGSL_1_2_CORE,move,200,EXACT_HEADWORD_FORM_ONLY,SOURCE_LEMMA_ONLY_NOT_SENSE_OR_POS,UNREVIEWED_NOT_SEMANTICALLY_APPROVED,NOT_CLEARED,true
lex:B1:mud,B1,mud,NGSL_SFI_31K_EXTENSION,mud,3685,EXACT_HEADWORD_FORM_ONLY,SOURCE_LEMMA_ONLY_NOT_SENSE_OR_POS,UNREVIEWED_NOT_SEMANTICALLY_APPROVED,NOT_CLEARED,true
lex:B1:murder,B1,murder,NGSL_1_2_CORE,murder,1376,EXACT_HEADWORD_FORM_ONLY,SOURCE_LEMMA_ONLY_NOT_SENSE_OR_POS,UNREVIEWED_NOT_SEMANTICALLY_APPROVED,NOT_CLEARED,true
lex:B1:muscle,B1,muscle,NGSL_1_2_CORE,muscle,2155,EXACT_HEADWORD_FORM_ONLY,SOURCE_LEMMA_ONLY_NOT_SENSE_OR_POS,UNREVIEWED_NOT_SEMANTICALLY_APPROVED,NOT_CLEARED,true
lex:B1:musical,B1,musical,NGSL_1_2_CORE,musical,1630,EXACT_HEADWORD_FORM_ONLY,SOURCE_LEMMA_ONLY_NOT_SENSE_OR_POS,UNREVIEWED_NOT_SEMANTICALLY_APPROVED,NOT_CLEARED,true
lex:B1:mystery,B1,mystery,NGSL_1_2_CORE,mystery,2593,EXACT_HEADWORD_FORM_ONLY,SOURCE_LEMMA_ONLY_NOT_SENSE_OR_POS,UNREVIEWED_NOT_SEMANTICALLY_APPROVED,NOT_CLEARED,true
lex:B1:nail,B1,nail,NGSL_SFI_31K_EXTENSION,nail,3261,EXACT_HEADWORD_FORM_ONLY,SOURCE_LEMMA_ONLY_NOT_SENSE_OR_POS,UNREVIEWED_NOT_SEMANTICALLY_APPROVED,NOT_CLEARED,true
lex:B1:narrative,B1,narrative,NGSL_1_2_CORE,narrative,2624,EXACT_HEADWORD_FORM_ONLY,SOURCE_LEMMA_ONLY_NOT_SENSE_OR_POS,UNREVIEWED_NOT_SEMANTICALLY_APPROVED,NOT_CLEARED,true
lex:B1:nation,B1,nation,NGSL_1_2_CORE,nation,767,EXACT_HEADWORD_FORM_ONLY,SOURCE_LEMMA_ONLY_NOT_SENSE_OR_POS,UNREVIEWED_NOT_SEMANTICALLY_APPROVED,NOT_CLEARED,true
lex:B1:native,B1,native,NGSL_1_2_CORE,native,1639,EXACT_HEADWORD_FORM_ONLY,SOURCE_LEMMA_ONLY_NOT_SENSE_OR_POS,UNREVIEWED_NOT_SEMANTICALLY_APPROVED,NOT_CLEARED,true
lex:B1:naturally,B1,naturally,NGSL_1_2_CORE,naturally,2143,EXACT_HEADWORD_FORM_ONLY,SOURCE_LEMMA_ONLY_NOT_SENSE_OR_POS,UNREVIEWED_NOT_SEMANTICALLY_APPROVED,NOT_CLEARED,true
lex:B1:necessarily,B1,necessarily,NGSL_1_2_CORE,necessarily,1509,EXACT_HEADWORD_FORM_ONLY,SOURCE_LEMMA_ONLY_NOT_SENSE_OR_POS,UNREVIEWED_NOT_SEMANTICALLY_APPROVED,NOT_CLEARED,true
lex:B1:need,B1,need,NGSL_1_2_CORE,need,90,EXACT_HEADWORD_FORM_ONLY,SOURCE_LEMMA_ONLY_NOT_SENSE_OR_POS,UNREVIEWED_NOT_SEMANTICALLY_APPROVED,NOT_CLEARED,true
lex:B1:needle,B1,needle,NGSL_SFI_31K_EXTENSION,needle,3587,EXACT_HEADWORD_FORM_ONLY,SOURCE_LEMMA_ONLY_NOT_SENSE_OR_POS,UNREVIEWED_NOT_SEMANTICALLY_APPROVED,NOT_CLEARED,true
lex:B1:neighbourhood,B1,neighbourhood,NO_DIRECT_SOURCE_LEMMA,,,NO_DIRECT_MATCH,SOURCE_LEMMA_ONLY_NOT_SENSE_OR_POS,UNREVIEWED_NOT_SEMANTICALLY_APPROVED,NOT_CLEARED,true
lex:B1:neither,B1,neither,NGSL_1_2_CORE,neither,1216,EXACT_HEADWORD_FORM_ONLY,SOURCE_LEMMA_ONLY_NOT_SENSE_OR_POS,UNREVIEWED_NOT_SEMANTICALLY_APPROVED,NOT_CLEARED,true
lex:B1:net,B1,net,NGSL_1_2_CORE,net,1191,EXACT_HEADWORD_FORM_ONLY,SOURCE_LEMMA_ONLY_NOT_SENSE_OR_POS,UNREVIEWED_NOT_SEMANTICALLY_APPROVED,NOT_CLEARED,true
lex:B1:next,B1,next,NGSL_1_2_CORE,next,151,EXACT_HEADWORD_FORM_ONLY,SOURCE_LEMMA_ONLY_NOT_SENSE_OR_POS,UNREVIEWED_NOT_SEMANTICALLY_APPROVED,NOT_CLEARED,true
lex:B1:nor,B1,nor,NGSL_1_2_CORE,nor,967,EXACT_HEADWORD_FORM_ONLY,SOURCE_LEMMA_ONLY_NOT_SENSE_OR_POS,UNREVIEWED_NOT_SEMANTICALLY_APPROVED,NOT_CLEARED,true
lex:B1:normal,B1,normal,NGSL_1_2_CORE,normal,855,EXACT_HEADWORD_FORM_ONLY,SOURCE_LEMMA_ONLY_NOT_SENSE_OR_POS,UNREVIEWED_NOT_SEMANTICALLY_APPROVED,NOT_CLEARED,true
lex:B1:northern,B1,northern,NGSL_1_2_CORE,northern,1770,EXACT_HEADWORD_FORM_ONLY,SOURCE_LEMMA_ONLY_NOT_SENSE_OR_POS,UNREVIEWED_NOT_SEMANTICALLY_APPROVED,NOT_CLEARED,true
lex:B1:note,B1,note,NGSL_1_2_CORE,note,384,EXACT_HEADWORD_FORM_ONLY,SOURCE_LEMMA_ONLY_NOT_SENSE_OR_POS,UNREVIEWED_NOT_SEMANTICALLY_APPROVED,NOT_CLEARED,true
lex:B1:now,B1,now,NGSL_1_2_CORE,now,70,EXACT_HEADWORD_FORM_ONLY,SOURCE_LEMMA_ONLY_NOT_SENSE_OR_POS,UNREVIEWED_NOT_SEMANTICALLY_APPROVED,NOT_CLEARED,true
lex:B1:nuclear,B1,nuclear,NGSL_1_2_CORE,nuclear,1198,EXACT_HEADWORD_FORM_ONLY,SOURCE_LEMMA_ONLY_NOT_SENSE_OR_POS,UNREVIEWED_NOT_SEMANTICALLY_APPROVED,NOT_CLEARED,true
lex:B1:obvious,B1,obvious,NGSL_1_2_CORE,obvious,1323,EXACT_HEADWORD_FORM_ONLY,SOURCE_LEMMA_ONLY_NOT_SENSE_OR_POS,UNREVIEWED_NOT_SEMANTICALLY_APPROVED,NOT_CLEARED,true
lex:B1:obviously,B1,obviously,NGSL_1_2_CORE,obviously,886,EXACT_HEADWORD_FORM_ONLY,SOURCE_LEMMA_ONLY_NOT_SENSE_OR_POS,UNREVIEWED_NOT_SEMANTICALLY_APPROVED,NOT_CLEARED,true
lex:B1:occasion,B1,occasion,NGSL_1_2_CORE,occasion,1444,EXACT_HEADWORD_FORM_ONLY,SOURCE_LEMMA_ONLY_NOT_SENSE_OR_POS,UNREVIEWED_NOT_SEMANTICALLY_APPROVED,NOT_CLEARED,true
lex:B1:occur,B1,occur,NGSL_1_2_CORE,occur,718,EXACT_HEADWORD_FORM_ONLY,SOURCE_LEMMA_ONLY_NOT_SENSE_OR_POS,UNREVIEWED_NOT_SEMANTICALLY_APPROVED,NOT_CLEARED,true
lex:B1:odd,B1,odd,NGSL_1_2_CORE,odd,1574,EXACT_HEADWORD_FORM_ONLY,SOURCE_LEMMA_ONLY_NOT_SENSE_OR_POS,UNREVIEWED_NOT_SEMANTICALLY_APPROVED,NOT_CLEARED,true
lex:B1:official,B1,official,NGSL_1_2_CORE,official,643,EXACT_HEADWORD_FORM_ONLY,SOURCE_LEMMA_ONLY_NOT_SENSE_OR_POS,UNREVIEWED_NOT_SEMANTICALLY_APPROVED,NOT_CLEARED,true
lex:B1:old-fashioned,B1,old-fashioned,NO_DIRECT_SOURCE_LEMMA,,,NO_DIRECT_MATCH,SOURCE_LEMMA_ONLY_NOT_SENSE_OR_POS,UNREVIEWED_NOT_SEMANTICALLY_APPROVED,NOT_CLEARED,true
lex:B1:once,B1,once,NGSL_1_2_CORE,once,265,EXACT_HEADWORD_FORM_ONLY,SOURCE_LEMMA_ONLY_NOT_SENSE_OR_POS,UNREVIEWED_NOT_SEMANTICALLY_APPROVED,NOT_CLEARED,true
lex:B1:operation,B1,operation,NGSL_1_2_CORE,operation,849,EXACT_HEADWORD_FORM_ONLY,SOURCE_LEMMA_ONLY_NOT_SENSE_OR_POS,UNREVIEWED_NOT_SEMANTICALLY_APPROVED,NOT_CLEARED,true
lex:B1:organized,B1,organized,NO_DIRECT_SOURCE_LEMMA,,,NO_DIRECT_MATCH,SOURCE_LEMMA_ONLY_NOT_SENSE_OR_POS,UNREVIEWED_NOT_SEMANTICALLY_APPROVED,NOT_CLEARED,true
lex:B1:organizer,B1,organizer,NGSL_SFI_31K_EXTENSION,organizer,3284,EXACT_HEADWORD_FORM_ONLY,SOURCE_LEMMA_ONLY_NOT_SENSE_OR_POS,UNREVIEWED_NOT_SEMANTICALLY_APPROVED,NOT_CLEARED,true
lex:B1:original,B1,original,NGSL_1_2_CORE,original,963,EXACT_HEADWORD_FORM_ONLY,SOURCE_LEMMA_ONLY_NOT_SENSE_OR_POS,UNREVIEWED_NOT_SEMANTICALLY_APPROVED,NOT_CLEARED,true
lex:B1:originally,B1,originally,NGSL_1_2_CORE,originally,1943,EXACT_HEADWORD_FORM_ONLY,SOURCE_LEMMA_ONLY_NOT_SENSE_OR_POS,UNREVIEWED_NOT_SEMANTICALLY_APPROVED,NOT_CLEARED,true
lex:B1:ought,B1,ought,NGSL_1_2_CORE,ought,1477,EXACT_HEADWORD_FORM_ONLY,SOURCE_LEMMA_ONLY_NOT_SENSE_OR_POS,UNREVIEWED_NOT_SEMANTICALLY_APPROVED,NOT_CLEARED,true
lex:B1:ours,B1,ours,NO_DIRECT_SOURCE_LEMMA,,,NO_DIRECT_MATCH,SOURCE_LEMMA_ONLY_NOT_SENSE_OR_POS,UNREVIEWED_NOT_SEMANTICALLY_APPROVED,NOT_CLEARED,true
lex:B1:outdoor,B1,outdoor,NGSL_SFI_31K_EXTENSION,outdoor,3116,EXACT_HEADWORD_FORM_ONLY,SOURCE_LEMMA_ONLY_NOT_SENSE_OR_POS,UNREVIEWED_NOT_SEMANTICALLY_APPROVED,NOT_CLEARED,true
lex:B1:outdoors,B1,outdoors,NO_DIRECT_SOURCE_LEMMA,,,NO_DIRECT_MATCH,SOURCE_LEMMA_ONLY_NOT_SENSE_OR_POS,UNREVIEWED_NOT_SEMANTICALLY_APPROVED,NOT_CLEARED,true
lex:B1:pack,B1,pack,NGSL_1_2_CORE,pack,1387,EXACT_HEADWORD_FORM_ONLY,SOURCE_LEMMA_ONLY_NOT_SENSE_OR_POS,UNREVIEWED_NOT_SEMANTICALLY_APPROVED,NOT_CLEARED,true
lex:B1:package,B1,package,NGSL_1_2_CORE,package,1319,EXACT_HEADWORD_FORM_ONLY,SOURCE_LEMMA_ONLY_NOT_SENSE_OR_POS,UNREVIEWED_NOT_SEMANTICALLY_APPROVED,NOT_CLEARED,true
lex:B1:painful,B1,painful,NGSL_SFI_31K_EXTENSION,painful,3069,EXACT_HEADWORD_FORM_ONLY,SOURCE_LEMMA_ONLY_NOT_SENSE_OR_POS,UNREVIEWED_NOT_SEMANTICALLY_APPROVED,NOT_CLEARED,true
lex:B1:pale,B1,pale,NGSL_1_2_CORE,pale,2757,EXACT_HEADWORD_FORM_ONLY,SOURCE_LEMMA_ONLY_NOT_SENSE_OR_POS,UNREVIEWED_NOT_SEMANTICALLY_APPROVED,NOT_CLEARED,true
lex:B1:pan,B1,pan,NGSL_SFI_31K_EXTENSION,pan,3798,EXACT_HEADWORD_FORM_ONLY,SOURCE_LEMMA_ONLY_NOT_SENSE_OR_POS,UNREVIEWED_NOT_SEMANTICALLY_APPROVED,NOT_CLEARED,true
lex:B1:participate,B1,participate,NGSL_1_2_CORE,participate,1468,EXACT_HEADWORD_FORM_ONLY,SOURCE_LEMMA_ONLY_NOT_SENSE_OR_POS,UNREVIEWED_NOT_SEMANTICALLY_APPROVED,NOT_CLEARED,true
lex:B1:particularly,B1,particularly,NGSL_1_2_CORE,particularly,601,EXACT_HEADWORD_FORM_ONLY,SOURCE_LEMMA_ONLY_NOT_SENSE_OR_POS,UNREVIEWED_NOT_SEMANTICALLY_APPROVED,NOT_CLEARED,true
lex:B1:pass,B1,pass,NGSL_1_2_CORE,pass,416,EXACT_HEADWORD_FORM_ONLY,SOURCE_LEMMA_ONLY_NOT_SENSE_OR_POS,UNREVIEWED_NOT_SEMANTICALLY_APPROVED,NOT_CLEARED,true
lex:B1:passion,B1,passion,NGSL_1_2_CORE,passion,2445,EXACT_HEADWORD_FORM_ONLY,SOURCE_LEMMA_ONLY_NOT_SENSE_OR_POS,UNREVIEWED_NOT_SEMANTICALLY_APPROVED,NOT_CLEARED,true
lex:B1:path,B1,path,NGSL_1_2_CORE,path,1295,EXACT_HEADWORD_FORM_ONLY,SOURCE_LEMMA_ONLY_NOT_SENSE_OR_POS,UNREVIEWED_NOT_SEMANTICALLY_APPROVED,NOT_CLEARED,true
lex:B1:payment,B1,payment,NGSL_1_2_CORE,payment,1268,EXACT_HEADWORD_FORM_ONLY,SOURCE_LEMMA_ONLY_NOT_SENSE_OR_POS,UNREVIEWED_NOT_SEMANTICALLY_APPROVED,NOT_CLEARED,true
lex:B1:peaceful,B1,peaceful,NGSL_SFI_31K_EXTENSION,peaceful,3036,EXACT_HEADWORD_FORM_ONLY,SOURCE_LEMMA_ONLY_NOT_SENSE_OR_POS,UNREVIEWED_NOT_SEMANTICALLY_APPROVED,NOT_CLEARED,true
lex:B1:percentage,B1,percentage,NGSL_1_2_CORE,percentage,1125,EXACT_HEADWORD_FORM_ONLY,SOURCE_LEMMA_ONLY_NOT_SENSE_OR_POS,UNREVIEWED_NOT_SEMANTICALLY_APPROVED,NOT_CLEARED,true
lex:B1:perfectly,B1,perfectly,NGSL_1_2_CORE,perfectly,1888,EXACT_HEADWORD_FORM_ONLY,SOURCE_LEMMA_ONLY_NOT_SENSE_OR_POS,UNREVIEWED_NOT_SEMANTICALLY_APPROVED,NOT_CLEARED,true
lex:B1:performance,B1,performance,NGSL_1_2_CORE,performance,559,EXACT_HEADWORD_FORM_ONLY,SOURCE_LEMMA_ONLY_NOT_SENSE_OR_POS,UNREVIEWED_NOT_SEMANTICALLY_APPROVED,NOT_CLEARED,true
lex:B1:personally,B1,personally,NGSL_1_2_CORE,personally,1899,EXACT_HEADWORD_FORM_ONLY,SOURCE_LEMMA_ONLY_NOT_SENSE_OR_POS,UNREVIEWED_NOT_SEMANTICALLY_APPROVED,NOT_CLEARED,true
lex:B1:persuade,B1,persuade,NGSL_1_2_CORE,persuade,2091,EXACT_HEADWORD_FORM_ONLY,SOURCE_LEMMA_ONLY_NOT_SENSE_OR_POS,UNREVIEWED_NOT_SEMANTICALLY_APPROVED,NOT_CLEARED,true
lex:B1:photographer,B1,photographer,NGSL_SFI_31K_EXTENSION,photographer,3400,EXACT_HEADWORD_FORM_ONLY,SOURCE_LEMMA_ONLY_NOT_SENSE_OR_POS,UNREVIEWED_NOT_SEMANTICALLY_APPROVED,NOT_CLEARED,true
lex:B1:photography,B1,photography,NGSL_SFI_31K_EXTENSION,photography,4055,EXACT_HEADWORD_FORM_ONLY,SOURCE_LEMMA_ONLY_NOT_SENSE_OR_POS,UNREVIEWED_NOT_SEMANTICALLY_APPROVED,NOT_CLEARED,true
lex:B1:pin,B1,pin,NGSL_SFI_31K_EXTENSION,pin,3083,EXACT_HEADWORD_FORM_ONLY,SOURCE_LEMMA_ONLY_NOT_SENSE_OR_POS,UNREVIEWED_NOT_SEMANTICALLY_APPROVED,NOT_CLEARED,true
lex:B1:pipe,B1,pipe,NGSL_1_2_CORE,pipe,2587,EXACT_HEADWORD_FORM_ONLY,SOURCE_LEMMA_ONLY_NOT_SENSE_OR_POS,UNREVIEWED_NOT_SEMANTICALLY_APPROVED,NOT_CLEARED,true
lex:B1:place,B1,place,NGSL_1_2_CORE,place,114,EXACT_HEADWORD_FORM_ONLY,SOURCE_LEMMA_ONLY_NOT_SENSE_OR_POS,UNREVIEWED_NOT_SEMANTICALLY_APPROVED,NOT_CLEARED,true
lex:B1:planning,B1,planning,NO_DIRECT_SOURCE_LEMMA,,,NO_DIRECT_MATCH,SOURCE_LEMMA_ONLY_NOT_SENSE_OR_POS,UNREVIEWED_NOT_SEMANTICALLY_APPROVED,NOT_CLEARED,true
lex:B1:pleasant,B1,pleasant,NGSL_1_2_CORE,pleasant,2314,EXACT_HEADWORD_FORM_ONLY,SOURCE_LEMMA_ONLY_NOT_SENSE_OR_POS,UNREVIEWED_NOT_SEMANTICALLY_APPROVED,NOT_CLEARED,true
lex:B1:pleasure,B1,pleasure,NGSL_1_2_CORE,pleasure,1283,EXACT_HEADWORD_FORM_ONLY,SOURCE_LEMMA_ONLY_NOT_SENSE_OR_POS,UNREVIEWED_NOT_SEMANTICALLY_APPROVED,NOT_CLEARED,true
lex:B1:plenty,B1,plenty,NGSL_1_2_CORE,plenty,1542,EXACT_HEADWORD_FORM_ONLY,SOURCE_LEMMA_ONLY_NOT_SENSE_OR_POS,UNREVIEWED_NOT_SEMANTICALLY_APPROVED,NOT_CLEARED,true
lex:B1:plot,B1,plot,NGSL_1_2_CORE,plot,1951,EXACT_HEADWORD_FORM_ONLY,SOURCE_LEMMA_ONLY_NOT_SENSE_OR_POS,UNREVIEWED_NOT_SEMANTICALLY_APPROVED,NOT_CLEARED,true
lex:B1:plus,B1,plus¹,NGSL_1_2_CORE,plus,1256,HEADWORD_NORMALIZED_REQUIRES_REVIEW,SOURCE_LEMMA_ONLY_NOT_SENSE_OR_POS,UNREVIEWED_NOT_SEMANTICALLY_APPROVED,NOT_CLEARED,true
lex:B1:poem,B1,poem,NGSL_1_2_CORE,poem,2211,EXACT_HEADWORD_FORM_ONLY,SOURCE_LEMMA_ONLY_NOT_SENSE_OR_POS,UNREVIEWED_NOT_SEMANTICALLY_APPROVED,NOT_CLEARED,true
lex:B1:poet,B1,poet,NGSL_1_2_CORE,poet,2515,EXACT_HEADWORD_FORM_ONLY,SOURCE_LEMMA_ONLY_NOT_SENSE_OR_POS,UNREVIEWED_NOT_SEMANTICALLY_APPROVED,NOT_CLEARED,true
lex:B1:poetry,B1,poetry,NGSL_1_2_CORE,poetry,2533,EXACT_HEADWORD_FORM_ONLY,SOURCE_LEMMA_ONLY_NOT_SENSE_OR_POS,UNREVIEWED_NOT_SEMANTICALLY_APPROVED,NOT_CLEARED,true
lex:B1:point,B1,point,NGSL_1_2_CORE,point,131,EXACT_HEADWORD_FORM_ONLY,SOURCE_LEMMA_ONLY_NOT_SENSE_OR_POS,UNREVIEWED_NOT_SEMANTICALLY_APPROVED,NOT_CLEARED,true
lex:B1:poison,B1,poison,NGSL_SFI_31K_EXTENSION,poison,3333,EXACT_HEADWORD_FORM_ONLY,SOURCE_LEMMA_ONLY_NOT_SENSE_OR_POS,UNREVIEWED_NOT_SEMANTICALLY_APPROVED,NOT_CLEARED,true
lex:B1:poisonous,B1,poisonous,NGSL_SFI_31K_EXTENSION,poisonous,8123,EXACT_HEADWORD_FORM_ONLY,SOURCE_LEMMA_ONLY_NOT_SENSE_OR_POS,UNREVIEWED_NOT_SEMANTICALLY_APPROVED,NOT_CLEARED,true
lex:B1:policy,B1,policy,NGSL_1_2_CORE,policy,399,EXACT_HEADWORD_FORM_ONLY,SOURCE_LEMMA_ONLY_NOT_SENSE_OR_POS,UNREVIEWED_NOT_SEMANTICALLY_APPROVED,NOT_CLEARED,true
lex:B1:political,B1,political,NGSL_1_2_CORE,political,394,EXACT_HEADWORD_FORM_ONLY,SOURCE_LEMMA_ONLY_NOT_SENSE_OR_POS,UNREVIEWED_NOT_SEMANTICALLY_APPROVED,NOT_CLEARED,true
lex:B1:politician,B1,politician,NGSL_1_2_CORE,politician,1812,EXACT_HEADWORD_FORM_ONLY,SOURCE_LEMMA_ONLY_NOT_SENSE_OR_POS,UNREVIEWED_NOT_SEMANTICALLY_APPROVED,NOT_CLEARED,true
lex:B1:politics,B1,politics,NGSL_1_2_CORE,politics,1107,EXACT_HEADWORD_FORM_ONLY,SOURCE_LEMMA_ONLY_NOT_SENSE_OR_POS,UNREVIEWED_NOT_SEMANTICALLY_APPROVED,NOT_CLEARED,true
lex:B1:port,B1,port,NGSL_1_2_CORE,port,2056,EXACT_HEADWORD_FORM_ONLY,SOURCE_LEMMA_ONLY_NOT_SENSE_OR_POS,UNREVIEWED_NOT_SEMANTICALLY_APPROVED,NOT_CLEARED,true
lex:B1:portrait,B1,portrait,NGSL_1_2_CORE,portrait,2713,EXACT_HEADWORD_FORM_ONLY,SOURCE_LEMMA_ONLY_NOT_SENSE_OR_POS,UNREVIEWED_NOT_SEMANTICALLY_APPROVED,NOT_CLEARED,true
lex:B1:possibly,B1,possibly,NGSL_1_2_CORE,possibly,1347,EXACT_HEADWORD_FORM_ONLY,SOURCE_LEMMA_ONLY_NOT_SENSE_OR_POS,UNREVIEWED_NOT_SEMANTICALLY_APPROVED,NOT_CLEARED,true
lex:B1:pot,B1,pot,NGSL_1_2_CORE,pot,2550,EXACT_HEADWORD_FORM_ONLY,SOURCE_LEMMA_ONLY_NOT_SENSE_OR_POS,UNREVIEWED_NOT_SEMANTICALLY_APPROVED,NOT_CLEARED,true
lex:B1:pour,B1,pour,NGSL_1_2_CORE,pour,2135,EXACT_HEADWORD_FORM_ONLY,SOURCE_LEMMA_ONLY_NOT_SENSE_OR_POS,UNREVIEWED_NOT_SEMANTICALLY_APPROVED,NOT_CLEARED,true
lex:B1:poverty,B1,poverty,NGSL_1_2_CORE,poverty,2275,EXACT_HEADWORD_FORM_ONLY,SOURCE_LEMMA_ONLY_NOT_SENSE_OR_POS,UNREVIEWED_NOT_SEMANTICALLY_APPROVED,NOT_CLEARED,true
lex:B1:powder,B1,powder,NGSL_SFI_31K_EXTENSION,powder,3721,EXACT_HEADWORD_FORM_ONLY,SOURCE_LEMMA_ONLY_NOT_SENSE_OR_POS,UNREVIEWED_NOT_SEMANTICALLY_APPROVED,NOT_CLEARED,true
lex:B1:powerful,B1,powerful,NGSL_1_2_CORE,powerful,1300,EXACT_HEADWORD_FORM_ONLY,SOURCE_LEMMA_ONLY_NOT_SENSE_OR_POS,UNREVIEWED_NOT_SEMANTICALLY_APPROVED,NOT_CLEARED,true
lex:B1:practical,B1,practical,NGSL_1_2_CORE,practical,1598,EXACT_HEADWORD_FORM_ONLY,SOURCE_LEMMA_ONLY_NOT_SENSE_OR_POS,UNREVIEWED_NOT_SEMANTICALLY_APPROVED,NOT_CLEARED,true
lex:B1:pray,B1,pray,NGSL_1_2_CORE,pray,2639,EXACT_HEADWORD_FORM_ONLY,SOURCE_LEMMA_ONLY_NOT_SENSE_OR_POS,UNREVIEWED_NOT_SEMANTICALLY_APPROVED,NOT_CLEARED,true
lex:B1:prayer,B1,prayer,NGSL_SFI_31K_EXTENSION,prayer,2878,EXACT_HEADWORD_FORM_ONLY,SOURCE_LEMMA_ONLY_NOT_SENSE_OR_POS,UNREVIEWED_NOT_SEMANTICALLY_APPROVED,NOT_CLEARED,true
lex:B1:prediction,B1,prediction,NGSL_SFI_31K_EXTENSION,prediction,3130,EXACT_HEADWORD_FORM_ONLY,SOURCE_LEMMA_ONLY_NOT_SENSE_OR_POS,UNREVIEWED_NOT_SEMANTICALLY_APPROVED,NOT_CLEARED,true
lex:B1:prepared,B1,prepared,NO_DIRECT_SOURCE_LEMMA,,,NO_DIRECT_MATCH,SOURCE_LEMMA_ONLY_NOT_SENSE_OR_POS,UNREVIEWED_NOT_SEMANTICALLY_APPROVED,NOT_CLEARED,true
lex:B1:presentation,B1,presentation,NGSL_1_2_CORE,presentation,1681,EXACT_HEADWORD_FORM_ONLY,SOURCE_LEMMA_ONLY_NOT_SENSE_OR_POS,UNREVIEWED_NOT_SEMANTICALLY_APPROVED,NOT_CLEARED,true
lex:B1:press,B1,press,NGSL_1_2_CORE,press,674,EXACT_HEADWORD_FORM_ONLY,SOURCE_LEMMA_ONLY_NOT_SENSE_OR_POS,UNREVIEWED_NOT_SEMANTICALLY_APPROVED,NOT_CLEARED,true
lex:B1:pressure,B1,pressure,NGSL_1_2_CORE,pressure,809,EXACT_HEADWORD_FORM_ONLY,SOURCE_LEMMA_ONLY_NOT_SENSE_OR_POS,UNREVIEWED_NOT_SEMANTICALLY_APPROVED,NOT_CLEARED,true
lex:B1:pretend,B1,pretend,NGSL_1_2_CORE,pretend,2560,EXACT_HEADWORD_FORM_ONLY,SOURCE_LEMMA_ONLY_NOT_SENSE_OR_POS,UNREVIEWED_NOT_SEMANTICALLY_APPROVED,NOT_CLEARED,true
lex:B1:previous,B1,previous,NGSL_1_2_CORE,previous,922,EXACT_HEADWORD_FORM_ONLY,SOURCE_LEMMA_ONLY_NOT_SENSE_OR_POS,UNREVIEWED_NOT_SEMANTICALLY_APPROVED,NOT_CLEARED,true
lex:B1:previously,B1,previously,NGSL_1_2_CORE,previously,1562,EXACT_HEADWORD_FORM_ONLY,SOURCE_LEMMA_ONLY_NOT_SENSE_OR_POS,UNREVIEWED_NOT_SEMANTICALLY_APPROVED,NOT_CLEARED,true
lex:B1:priest,B1,priest,NGSL_SFI_31K_EXTENSION,priest,2812,EXACT_HEADWORD_FORM_ONLY,SOURCE_LEMMA_ONLY_NOT_SENSE_OR_POS,UNREVIEWED_NOT_SEMANTICALLY_APPROVED,NOT_CLEARED,true
lex:B1:primary,B1,primary,NGSL_1_2_CORE,primary,1067,EXACT_HEADWORD_FORM_ONLY,SOURCE_LEMMA_ONLY_NOT_SENSE_OR_POS,UNREVIEWED_NOT_SEMANTICALLY_APPROVED,NOT_CLEARED,true
lex:B1:prince,B1,prince,NGSL_SFI_31K_EXTENSION,prince,4266,EXACT_HEADWORD_FORM_ONLY,SOURCE_LEMMA_ONLY_NOT_SENSE_OR_POS,UNREVIEWED_NOT_SEMANTICALLY_APPROVED,NOT_CLEARED,true
lex:B1:princess,B1,princess,NGSL_SFI_31K_EXTENSION,princess,5728,EXACT_HEADWORD_FORM_ONLY,SOURCE_LEMMA_ONLY_NOT_SENSE_OR_POS,UNREVIEWED_NOT_SEMANTICALLY_APPROVED,NOT_CLEARED,true
lex:B1:printing,B1,printing,NO_DIRECT_SOURCE_LEMMA,,,NO_DIRECT_MATCH,SOURCE_LEMMA_ONLY_NOT_SENSE_OR_POS,UNREVIEWED_NOT_SEMANTICALLY_APPROVED,NOT_CLEARED,true
lex:B1:prisoner,B1,prisoner,NGSL_1_2_CORE,prisoner,2081,EXACT_HEADWORD_FORM_ONLY,SOURCE_LEMMA_ONLY_NOT_SENSE_OR_POS,UNREVIEWED_NOT_SEMANTICALLY_APPROVED,NOT_CLEARED,true
lex:B1:private,B1,private,NGSL_1_2_CORE,private,648,EXACT_HEADWORD_FORM_ONLY,SOURCE_LEMMA_ONLY_NOT_SENSE_OR_POS,UNREVIEWED_NOT_SEMANTICALLY_APPROVED,NOT_CLEARED,true
lex:B1:producer,B1,producer,NGSL_1_2_CORE,producer,1804,EXACT_HEADWORD_FORM_ONLY,SOURCE_LEMMA_ONLY_NOT_SENSE_OR_POS,UNREVIEWED_NOT_SEMANTICALLY_APPROVED,NOT_CLEARED,true
lex:B1:production,B1,production,NGSL_1_2_CORE,production,713,EXACT_HEADWORD_FORM_ONLY,SOURCE_LEMMA_ONLY_NOT_SENSE_OR_POS,UNREVIEWED_NOT_SEMANTICALLY_APPROVED,NOT_CLEARED,true
lex:B1:profession,B1,profession,NGSL_1_2_CORE,profession,2487,EXACT_HEADWORD_FORM_ONLY,SOURCE_LEMMA_ONLY_NOT_SENSE_OR_POS,UNREVIEWED_NOT_SEMANTICALLY_APPROVED,NOT_CLEARED,true
lex:B1:profit,B1,profit,NGSL_1_2_CORE,profit,900,EXACT_HEADWORD_FORM_ONLY,SOURCE_LEMMA_ONLY_NOT_SENSE_OR_POS,UNREVIEWED_NOT_SEMANTICALLY_APPROVED,NOT_CLEARED,true
lex:B1:program,B1,program,NGSL_1_2_CORE,program,240,EXACT_HEADWORD_FORM_ONLY,SOURCE_LEMMA_ONLY_NOT_SENSE_OR_POS,UNREVIEWED_NOT_SEMANTICALLY_APPROVED,NOT_CLEARED,true
lex:B1:promote,B1,promote,NGSL_1_2_CORE,promote,1292,EXACT_HEADWORD_FORM_ONLY,SOURCE_LEMMA_ONLY_NOT_SENSE_OR_POS,UNREVIEWED_NOT_SEMANTICALLY_APPROVED,NOT_CLEARED,true
lex:B1:proper,B1,proper,NGSL_1_2_CORE,proper,1484,EXACT_HEADWORD_FORM_ONLY,SOURCE_LEMMA_ONLY_NOT_SENSE_OR_POS,UNREVIEWED_NOT_SEMANTICALLY_APPROVED,NOT_CLEARED,true
lex:B1:properly,B1,properly,NGSL_1_2_CORE,properly,1726,EXACT_HEADWORD_FORM_ONLY,SOURCE_LEMMA_ONLY_NOT_SENSE_OR_POS,UNREVIEWED_NOT_SEMANTICALLY_APPROVED,NOT_CLEARED,true
lex:B1:property,B1,property,NGSL_1_2_CORE,property,921,EXACT_HEADWORD_FORM_ONLY,SOURCE_LEMMA_ONLY_NOT_SENSE_OR_POS,UNREVIEWED_NOT_SEMANTICALLY_APPROVED,NOT_CLEARED,true
lex:B1:protest,B1,protest,NGSL_1_2_CORE,protest,1708,EXACT_HEADWORD_FORM_ONLY,SOURCE_LEMMA_ONLY_NOT_SENSE_OR_POS,UNREVIEWED_NOT_SEMANTICALLY_APPROVED,NOT_CLEARED,true
lex:B1:proud,B1,proud,NGSL_1_2_CORE,proud,1890,EXACT_HEADWORD_FORM_ONLY,SOURCE_LEMMA_ONLY_NOT_SENSE_OR_POS,UNREVIEWED_NOT_SEMANTICALLY_APPROVED,NOT_CLEARED,true
lex:B1:prove,B1,prove,NGSL_1_2_CORE,prove,748,EXACT_HEADWORD_FORM_ONLY,SOURCE_LEMMA_ONLY_NOT_SENSE_OR_POS,UNREVIEWED_NOT_SEMANTICALLY_APPROVED,NOT_CLEARED,true
lex:B1:pull,B1,pull,NGSL_1_2_CORE,pull,799,EXACT_HEADWORD_FORM_ONLY,SOURCE_LEMMA_ONLY_NOT_SENSE_OR_POS,UNREVIEWED_NOT_SEMANTICALLY_APPROVED,NOT_CLEARED,true
lex:B1:punish,B1,punish,NGSL_SFI_31K_EXTENSION,punish,3331,EXACT_HEADWORD_FORM_ONLY,SOURCE_LEMMA_ONLY_NOT_SENSE_OR_POS,UNREVIEWED_NOT_SEMANTICALLY_APPROVED,NOT_CLEARED,true
lex:B1:punishment,B1,punishment,NGSL_SFI_31K_EXTENSION,punishment,2894,EXACT_HEADWORD_FORM_ONLY,SOURCE_LEMMA_ONLY_NOT_SENSE_OR_POS,UNREVIEWED_NOT_SEMANTICALLY_APPROVED,NOT_CLEARED,true
lex:B1:push,B1,push,NGSL_1_2_CORE,push,868,EXACT_HEADWORD_FORM_ONLY,SOURCE_LEMMA_ONLY_NOT_SENSE_OR_POS,UNREVIEWED_NOT_SEMANTICALLY_APPROVED,NOT_CLEARED,true
lex:B1:qualification,B1,qualification,NGSL_1_2_CORE,qualification,2753,EXACT_HEADWORD_FORM_ONLY,SOURCE_LEMMA_ONLY_NOT_SENSE_OR_POS,UNREVIEWED_NOT_SEMANTICALLY_APPROVED,NOT_CLEARED,true
lex:B1:qualified,B1,qualified,NO_DIRECT_SOURCE_LEMMA,,,NO_DIRECT_MATCH,SOURCE_LEMMA_ONLY_NOT_SENSE_OR_POS,UNREVIEWED_NOT_SEMANTICALLY_APPROVED,NOT_CLEARED,true
lex:B1:qualify,B1,qualify,NGSL_1_2_CORE,qualify,1823,EXACT_HEADWORD_FORM_ONLY,SOURCE_LEMMA_ONLY_NOT_SENSE_OR_POS,UNREVIEWED_NOT_SEMANTICALLY_APPROVED,NOT_CLEARED,true
lex:B1:queue,B1,queue,NGSL_SFI_31K_EXTENSION,queue,3176,EXACT_HEADWORD_FORM_ONLY,SOURCE_LEMMA_ONLY_NOT_SENSE_OR_POS,UNREVIEWED_NOT_SEMANTICALLY_APPROVED,NOT_CLEARED,true
lex:B1:quit,B1,quit,NGSL_SFI_31K_EXTENSION,quit,2999,EXACT_HEADWORD_FORM_ONLY,SOURCE_LEMMA_ONLY_NOT_SENSE_OR_POS,UNREVIEWED_NOT_SEMANTICALLY_APPROVED,NOT_CLEARED,true
lex:B1:quotation,B1,quotation,NGSL_SFI_31K_EXTENSION,quotation,3973,EXACT_HEADWORD_FORM_ONLY,SOURCE_LEMMA_ONLY_NOT_SENSE_OR_POS,UNREVIEWED_NOT_SEMANTICALLY_APPROVED,NOT_CLEARED,true
lex:B1:quote,B1,quote,NGSL_1_2_CORE,quote,1433,EXACT_HEADWORD_FORM_ONLY,SOURCE_LEMMA_ONLY_NOT_SENSE_OR_POS,UNREVIEWED_NOT_SEMANTICALLY_APPROVED,NOT_CLEARED,true
lex:B1:race-people,B1,race (people),NGSL_1_2_CORE,race,732,HEADWORD_NORMALIZED_REQUIRES_REVIEW,SOURCE_LEMMA_ONLY_NOT_SENSE_OR_POS,UNREVIEWED_NOT_SEMANTICALLY_APPROVED,NOT_CLEARED,true
lex:B1:racing,B1,racing,NO_DIRECT_SOURCE_LEMMA,,,NO_DIRECT_MATCH,SOURCE_LEMMA_ONLY_NOT_SENSE_OR_POS,UNREVIEWED_NOT_SEMANTICALLY_APPROVED,NOT_CLEARED,true
lex:B1:range,B1,range,NGSL_1_2_CORE,range,516,EXACT_HEADWORD_FORM_ONLY,SOURCE_LEMMA_ONLY_NOT_SENSE_OR_POS,UNREVIEWED_NOT_SEMANTICALLY_APPROVED,NOT_CLEARED,true
lex:B1:rare,B1,rare,NGSL_1_2_CORE,rare,1763,EXACT_HEADWORD_FORM_ONLY,SOURCE_LEMMA_ONLY_NOT_SENSE_OR_POS,UNREVIEWED_NOT_SEMANTICALLY_APPROVED,NOT_CLEARED,true
lex:B1:rarely,B1,rarely,NGSL_1_2_CORE,rarely,2149,EXACT_HEADWORD_FORM_ONLY,SOURCE_LEMMA_ONLY_NOT_SENSE_OR_POS,UNREVIEWED_NOT_SEMANTICALLY_APPROVED,NOT_CLEARED,true
lex:B1:reaction,B1,reaction,NGSL_1_2_CORE,reaction,1231,EXACT_HEADWORD_FORM_ONLY,SOURCE_LEMMA_ONLY_NOT_SENSE_OR_POS,UNREVIEWED_NOT_SEMANTICALLY_APPROVED,NOT_CLEARED,true
lex:B1:reality,B1,reality,NGSL_1_2_CORE,reality,1181,EXACT_HEADWORD_FORM_ONLY,SOURCE_LEMMA_ONLY_NOT_SENSE_OR_POS,UNREVIEWED_NOT_SEMANTICALLY_APPROVED,NOT_CLEARED,true
lex:B1:receipt,B1,receipt,NGSL_SFI_31K_EXTENSION,receipt,3831,EXACT_HEADWORD_FORM_ONLY,SOURCE_LEMMA_ONLY_NOT_SENSE_OR_POS,UNREVIEWED_NOT_SEMANTICALLY_APPROVED,NOT_CLEARED,true
lex:B1:recommendation,B1,recommendation,NGSL_1_2_CORE,recommendation,1534,EXACT_HEADWORD_FORM_ONLY,SOURCE_LEMMA_ONLY_NOT_SENSE_OR_POS,UNREVIEWED_NOT_SEMANTICALLY_APPROVED,NOT_CLEARED,true
lex:B1:reference,B1,reference,NGSL_1_2_CORE,reference,878,EXACT_HEADWORD_FORM_ONLY,SOURCE_LEMMA_ONLY_NOT_SENSE_OR_POS,UNREVIEWED_NOT_SEMANTICALLY_APPROVED,NOT_CLEARED,true
lex:B1:reflect,B1,reflect,NGSL_1_2_CORE,reflect,916,EXACT_HEADWORD_FORM_ONLY,SOURCE_LEMMA_ONLY_NOT_SENSE_OR_POS,UNREVIEWED_NOT_SEMANTICALLY_APPROVED,NOT_CLEARED,true
lex:B1:regularly,B1,regularly,NGSL_1_2_CORE,regularly,2257,EXACT_HEADWORD_FORM_ONLY,SOURCE_LEMMA_ONLY_NOT_SENSE_OR_POS,UNREVIEWED_NOT_SEMANTICALLY_APPROVED,NOT_CLEARED,true
lex:B1:reject,B1,reject,NGSL_1_2_CORE,reject,1703,EXACT_HEADWORD_FORM_ONLY,SOURCE_LEMMA_ONLY_NOT_SENSE_OR_POS,UNREVIEWED_NOT_SEMANTICALLY_APPROVED,NOT_CLEARED,true
lex:B1:relate,B1,relate,NGSL_1_2_CORE,relate,642,EXACT_HEADWORD_FORM_ONLY,SOURCE_LEMMA_ONLY_NOT_SENSE_OR_POS,UNREVIEWED_NOT_SEMANTICALLY_APPROVED,NOT_CLEARED,true
lex:B1:related,B1,related,NO_DIRECT_SOURCE_LEMMA,,,NO_DIRECT_MATCH,SOURCE_LEMMA_ONLY_NOT_SENSE_OR_POS,UNREVIEWED_NOT_SEMANTICALLY_APPROVED,NOT_CLEARED,true
lex:B1:relation,B1,relation,NGSL_1_2_CORE,relation,833,EXACT_HEADWORD_FORM_ONLY,SOURCE_LEMMA_ONLY_NOT_SENSE_OR_POS,UNREVIEWED_NOT_SEMANTICALLY_APPROVED,NOT_CLEARED,true
lex:B1:relative,B1,relative,NGSL_1_2_CORE,relative,1088,EXACT_HEADWORD_FORM_ONLY,SOURCE_LEMMA_ONLY_NOT_SENSE_OR_POS,UNREVIEWED_NOT_SEMANTICALLY_APPROVED,NOT_CLEARED,true
lex:B1:relaxed,B1,relaxed,NO_DIRECT_SOURCE_LEMMA,,,NO_DIRECT_MATCH,SOURCE_LEMMA_ONLY_NOT_SENSE_OR_POS,UNREVIEWED_NOT_SEMANTICALLY_APPROVED,NOT_CLEARED,true
lex:B1:relaxing,B1,relaxing,NO_DIRECT_SOURCE_LEMMA,,,NO_DIRECT_MATCH,SOURCE_LEMMA_ONLY_NOT_SENSE_OR_POS,UNREVIEWED_NOT_SEMANTICALLY_APPROVED,NOT_CLEARED,true
lex:B1:release,B1,release,NGSL_1_2_CORE,release,786,EXACT_HEADWORD_FORM_ONLY,SOURCE_LEMMA_ONLY_NOT_SENSE_OR_POS,UNREVIEWED_NOT_SEMANTICALLY_APPROVED,NOT_CLEARED,true
lex:B1:reliable,B1,reliable,NGSL_1_2_CORE,reliable,2512,EXACT_HEADWORD_FORM_ONLY,SOURCE_LEMMA_ONLY_NOT_SENSE_OR_POS,UNREVIEWED_NOT_SEMANTICALLY_APPROVED,NOT_CLEARED,true
lex:B1:religion,B1,religion,NGSL_1_2_CORE,religion,1701,EXACT_HEADWORD_FORM_ONLY,SOURCE_LEMMA_ONLY_NOT_SENSE_OR_POS,UNREVIEWED_NOT_SEMANTICALLY_APPROVED,NOT_CLEARED,true
lex:B1:religious,B1,religious,NGSL_1_2_CORE,religious,1356,EXACT_HEADWORD_FORM_ONLY,SOURCE_LEMMA_ONLY_NOT_SENSE_OR_POS,UNREVIEWED_NOT_SEMANTICALLY_APPROVED,NOT_CLEARED,true
lex:B1:remain,B1,remain,NGSL_1_2_CORE,remain,374,EXACT_HEADWORD_FORM_ONLY,SOURCE_LEMMA_ONLY_NOT_SENSE_OR_POS,UNREVIEWED_NOT_SEMANTICALLY_APPROVED,NOT_CLEARED,true
lex:B1:remind,B1,remind,NGSL_1_2_CORE,remind,1459,EXACT_HEADWORD_FORM_ONLY,SOURCE_LEMMA_ONLY_NOT_SENSE_OR_POS,UNREVIEWED_NOT_SEMANTICALLY_APPROVED,NOT_CLEARED,true
lex:B1:remote,B1,remote,NGSL_1_2_CORE,remote,2497,EXACT_HEADWORD_FORM_ONLY,SOURCE_LEMMA_ONLY_NOT_SENSE_OR_POS,UNREVIEWED_NOT_SEMANTICALLY_APPROVED,NOT_CLEARED,true
lex:B1:rent,B1,rent,NGSL_1_2_CORE,rent,1566,EXACT_HEADWORD_FORM_ONLY,SOURCE_LEMMA_ONLY_NOT_SENSE_OR_POS,UNREVIEWED_NOT_SEMANTICALLY_APPROVED,NOT_CLEARED,true
lex:B1:repair,B1,repair,NGSL_1_2_CORE,repair,1878,EXACT_HEADWORD_FORM_ONLY,SOURCE_LEMMA_ONLY_NOT_SENSE_OR_POS,UNREVIEWED_NOT_SEMANTICALLY_APPROVED,NOT_CLEARED,true
lex:B1:repeat,B1,repeat,NGSL_1_2_CORE,repeat,1253,EXACT_HEADWORD_FORM_ONLY,SOURCE_LEMMA_ONLY_NOT_SENSE_OR_POS,UNREVIEWED_NOT_SEMANTICALLY_APPROVED,NOT_CLEARED,true
lex:B1:repeated,B1,repeated,NO_DIRECT_SOURCE_LEMMA,,,NO_DIRECT_MATCH,SOURCE_LEMMA_ONLY_NOT_SENSE_OR_POS,UNREVIEWED_NOT_SEMANTICALLY_APPROVED,NOT_CLEARED,true
lex:B1:represent,B1,represent,NGSL_1_2_CORE,represent,658,EXACT_HEADWORD_FORM_ONLY,SOURCE_LEMMA_ONLY_NOT_SENSE_OR_POS,UNREVIEWED_NOT_SEMANTICALLY_APPROVED,NOT_CLEARED,true
lex:B1:request,B1,request,NGSL_1_2_CORE,request,1011,EXACT_HEADWORD_FORM_ONLY,SOURCE_LEMMA_ONLY_NOT_SENSE_OR_POS,UNREVIEWED_NOT_SEMANTICALLY_APPROVED,NOT_CLEARED,true
lex:B1:require,B1,require,NGSL_1_2_CORE,require,402,EXACT_HEADWORD_FORM_ONLY,SOURCE_LEMMA_ONLY_NOT_SENSE_OR_POS,UNREVIEWED_NOT_SEMANTICALLY_APPROVED,NOT_CLEARED,true
lex:B1:reservation,B1,reservation,NGSL_SFI_31K_EXTENSION,reservation,3084,EXACT_HEADWORD_FORM_ONLY,SOURCE_LEMMA_ONLY_NOT_SENSE_OR_POS,UNREVIEWED_NOT_SEMANTICALLY_APPROVED,NOT_CLEARED,true
lex:B1:resource,B1,resource,NGSL_1_2_CORE,resource,904,EXACT_HEADWORD_FORM_ONLY,SOURCE_LEMMA_ONLY_NOT_SENSE_OR_POS,UNREVIEWED_NOT_SEMANTICALLY_APPROVED,NOT_CLEARED,true
lex:B1:respect,B1,respect,NGSL_1_2_CORE,respect,681,EXACT_HEADWORD_FORM_ONLY,SOURCE_LEMMA_ONLY_NOT_SENSE_OR_POS,UNREVIEWED_NOT_SEMANTICALLY_APPROVED,NOT_CLEARED,true
lex:B1:responsibility,B1,responsibility,NGSL_1_2_CORE,responsibility,962,EXACT_HEADWORD_FORM_ONLY,SOURCE_LEMMA_ONLY_NOT_SENSE_OR_POS,UNREVIEWED_NOT_SEMANTICALLY_APPROVED,NOT_CLEARED,true
lex:B1:responsible,B1,responsible,NGSL_1_2_CORE,responsible,1082,EXACT_HEADWORD_FORM_ONLY,SOURCE_LEMMA_ONLY_NOT_SENSE_OR_POS,UNREVIEWED_NOT_SEMANTICALLY_APPROVED,NOT_CLEARED,true
lex:B1:result,B1,result,NGSL_1_2_CORE,result,233,EXACT_HEADWORD_FORM_ONLY,SOURCE_LEMMA_ONLY_NOT_SENSE_OR_POS,UNREVIEWED_NOT_SEMANTICALLY_APPROVED,NOT_CLEARED,true
lex:B1:retire,B1,retire,NGSL_1_2_CORE,retire,1635,EXACT_HEADWORD_FORM_ONLY,SOURCE_LEMMA_ONLY_NOT_SENSE_OR_POS,UNREVIEWED_NOT_SEMANTICALLY_APPROVED,NOT_CLEARED,true
lex:B1:retired,B1,retired,NO_DIRECT_SOURCE_LEMMA,,,NO_DIRECT_MATCH,SOURCE_LEMMA_ONLY_NOT_SENSE_OR_POS,UNREVIEWED_NOT_SEMANTICALLY_APPROVED,NOT_CLEARED,true
lex:B1:revise,B1,revise,NGSL_1_2_CORE,revise,2688,EXACT_HEADWORD_FORM_ONLY,SOURCE_LEMMA_ONLY_NOT_SENSE_OR_POS,UNREVIEWED_NOT_SEMANTICALLY_APPROVED,NOT_CLEARED,true
lex:B1:ring,B1,ring²,NGSL_1_2_CORE,ring,945,HEADWORD_NORMALIZED_REQUIRES_REVIEW,SOURCE_LEMMA_ONLY_NOT_SENSE_OR_POS,UNREVIEWED_NOT_SEMANTICALLY_APPROVED,NOT_CLEARED,true
lex:B1:rise,B1,rise,NGSL_1_2_CORE,rise,462,EXACT_HEADWORD_FORM_ONLY,SOURCE_LEMMA_ONLY_NOT_SENSE_OR_POS,UNREVIEWED_NOT_SEMANTICALLY_APPROVED,NOT_CLEARED,true
lex:B1:risk,B1,risk,NGSL_1_2_CORE,risk,545,EXACT_HEADWORD_FORM_ONLY,SOURCE_LEMMA_ONLY_NOT_SENSE_OR_POS,UNREVIEWED_NOT_SEMANTICALLY_APPROVED,NOT_CLEARED,true
lex:B1:robot,B1,robot,NGSL_SFI_31K_EXTENSION,robot,3475,EXACT_HEADWORD_FORM_ONLY,SOURCE_LEMMA_ONLY_NOT_SENSE_OR_POS,UNREVIEWED_NOT_SEMANTICALLY_APPROVED,NOT_CLEARED,true
lex:B1:roll,B1,roll,NGSL_1_2_CORE,roll,1180,EXACT_HEADWORD_FORM_ONLY,SOURCE_LEMMA_ONLY_NOT_SENSE_OR_POS,UNREVIEWED_NOT_SEMANTICALLY_APPROVED,NOT_CLEARED,true
lex:B1:romantic,B1,romantic,NGSL_1_2_CORE,romantic,2634,EXACT_HEADWORD_FORM_ONLY,SOURCE_LEMMA_ONLY_NOT_SENSE_OR_POS,UNREVIEWED_NOT_SEMANTICALLY_APPROVED,NOT_CLEARED,true
lex:B1:rope,B1,rope,NGSL_SFI_31K_EXTENSION,rope,3457,EXACT_HEADWORD_FORM_ONLY,SOURCE_LEMMA_ONLY_NOT_SENSE_OR_POS,UNREVIEWED_NOT_SEMANTICALLY_APPROVED,NOT_CLEARED,true
lex:B1:rough,B1,rough,NGSL_1_2_CORE,rough,2319,EXACT_HEADWORD_FORM_ONLY,SOURCE_LEMMA_ONLY_NOT_SENSE_OR_POS,UNREVIEWED_NOT_SEMANTICALLY_APPROVED,NOT_CLEARED,true
lex:B1:row,B1,row¹,NGSL_1_2_CORE,row,1602,HEADWORD_NORMALIZED_REQUIRES_REVIEW,SOURCE_LEMMA_ONLY_NOT_SENSE_OR_POS,UNREVIEWED_NOT_SEMANTICALLY_APPROVED,NOT_CLEARED,true
lex:B1:royal,B1,royal,NGSL_1_2_CORE,royal,2776,EXACT_HEADWORD_FORM_ONLY,SOURCE_LEMMA_ONLY_NOT_SENSE_OR_POS,UNREVIEWED_NOT_SEMANTICALLY_APPROVED,NOT_CLEARED,true
lex:B1:rugby,B1,rugby,NGSL_SFI_31K_EXTENSION,rugby,5142,EXACT_HEADWORD_FORM_ONLY,SOURCE_LEMMA_ONLY_NOT_SENSE_OR_POS,UNREVIEWED_NOT_SEMANTICALLY_APPROVED,NOT_CLEARED,true
lex:B1:rule,B1,rule,NGSL_1_2_CORE,rule,415,EXACT_HEADWORD_FORM_ONLY,SOURCE_LEMMA_ONLY_NOT_SENSE_OR_POS,UNREVIEWED_NOT_SEMANTICALLY_APPROVED,NOT_CLEARED,true
lex:B1:safety,B1,safety,NGSL_1_2_CORE,safety,1311,EXACT_HEADWORD_FORM_ONLY,SOURCE_LEMMA_ONLY_NOT_SENSE_OR_POS,UNREVIEWED_NOT_SEMANTICALLY_APPROVED,NOT_CLEARED,true
lex:B1:sail,B1,sail,NGSL_1_2_CORE,sail,2116,EXACT_HEADWORD_FORM_ONLY,SOURCE_LEMMA_ONLY_NOT_SENSE_OR_POS,UNREVIEWED_NOT_SEMANTICALLY_APPROVED,NOT_CLEARED,true
lex:B1:sailor,B1,sailor,NGSL_SFI_31K_EXTENSION,sailor,4300,EXACT_HEADWORD_FORM_ONLY,SOURCE_LEMMA_ONLY_NOT_SENSE_OR_POS,UNREVIEWED_NOT_SEMANTICALLY_APPROVED,NOT_CLEARED,true
lex:B1:sample,B1,sample,NGSL_1_2_CORE,sample,1062,EXACT_HEADWORD_FORM_ONLY,SOURCE_LEMMA_ONLY_NOT_SENSE_OR_POS,UNREVIEWED_NOT_SEMANTICALLY_APPROVED,NOT_CLEARED,true
lex:B1:sand,B1,sand,NGSL_1_2_CORE,sand,2373,EXACT_HEADWORD_FORM_ONLY,SOURCE_LEMMA_ONLY_NOT_SENSE_OR_POS,UNREVIEWED_NOT_SEMANTICALLY_APPROVED,NOT_CLEARED,true
lex:B1:scan,B1,scan,NGSL_1_2_CORE,scan,2611,EXACT_HEADWORD_FORM_ONLY,SOURCE_LEMMA_ONLY_NOT_SENSE_OR_POS,UNREVIEWED_NOT_SEMANTICALLY_APPROVED,NOT_CLEARED,true
lex:B1:scientific,B1,scientific,NGSL_1_2_CORE,scientific,1756,EXACT_HEADWORD_FORM_ONLY,SOURCE_LEMMA_ONLY_NOT_SENSE_OR_POS,UNREVIEWED_NOT_SEMANTICALLY_APPROVED,NOT_CLEARED,true
lex:B1:script,B1,script,NGSL_SFI_31K_EXTENSION,script,2717,EXACT_HEADWORD_FORM_ONLY,SOURCE_LEMMA_ONLY_NOT_SENSE_OR_POS,UNREVIEWED_NOT_SEMANTICALLY_APPROVED,NOT_CLEARED,true
lex:B1:sculpture,B1,sculpture,NGSL_SFI_31K_EXTENSION,sculpture,3496,EXACT_HEADWORD_FORM_ONLY,SOURCE_LEMMA_ONLY_NOT_SENSE_OR_POS,UNREVIEWED_NOT_SEMANTICALLY_APPROVED,NOT_CLEARED,true
lex:B1:secondary,B1,secondary,NGSL_1_2_CORE,secondary,2085,EXACT_HEADWORD_FORM_ONLY,SOURCE_LEMMA_ONLY_NOT_SENSE_OR_POS,UNREVIEWED_NOT_SEMANTICALLY_APPROVED,NOT_CLEARED,true
lex:B1:security,B1,security,NGSL_1_2_CORE,security,541,EXACT_HEADWORD_FORM_ONLY,SOURCE_LEMMA_ONLY_NOT_SENSE_OR_POS,UNREVIEWED_NOT_SEMANTICALLY_APPROVED,NOT_CLEARED,true
lex:B1:seed,B1,seed,NGSL_1_2_CORE,seed,1815,EXACT_HEADWORD_FORM_ONLY,SOURCE_LEMMA_ONLY_NOT_SENSE_OR_POS,UNREVIEWED_NOT_SEMANTICALLY_APPROVED,NOT_CLEARED,true
lex:B1:sensible,B1,sensible,NGSL_SFI_31K_EXTENSION,sensible,3190,EXACT_HEADWORD_FORM_ONLY,SOURCE_LEMMA_ONLY_NOT_SENSE_OR_POS,UNREVIEWED_NOT_SEMANTICALLY_APPROVED,NOT_CLEARED,true
lex:B1:separate,B1,separate,NGSL_1_2_CORE,separate,890,EXACT_HEADWORD_FORM_ONLY,SOURCE_LEMMA_ONLY_NOT_SENSE_OR_POS,UNREVIEWED_NOT_SEMANTICALLY_APPROVED,NOT_CLEARED,true
lex:B1:seriously,B1,seriously,NGSL_1_2_CORE,seriously,1590,EXACT_HEADWORD_FORM_ONLY,SOURCE_LEMMA_ONLY_NOT_SENSE_OR_POS,UNREVIEWED_NOT_SEMANTICALLY_APPROVED,NOT_CLEARED,true
lex:B1:servant,B1,servant,NGSL_1_2_CORE,servant,2641,EXACT_HEADWORD_FORM_ONLY,SOURCE_LEMMA_ONLY_NOT_SENSE_OR_POS,UNREVIEWED_NOT_SEMANTICALLY_APPROVED,NOT_CLEARED,true
lex:B1:set-put,B1,set (put),NGSL_1_2_CORE,set,185,HEADWORD_NORMALIZED_REQUIRES_REVIEW,SOURCE_LEMMA_ONLY_NOT_SENSE_OR_POS,UNREVIEWED_NOT_SEMANTICALLY_APPROVED,NOT_CLEARED,true
lex:B1:set-group,B1,set (group),NGSL_1_2_CORE,set,185,HEADWORD_NORMALIZED_REQUIRES_REVIEW,SOURCE_LEMMA_ONLY_NOT_SENSE_OR_POS,UNREVIEWED_NOT_SEMANTICALLY_APPROVED,NOT_CLEARED,true
lex:B1:setting,B1,setting,NO_DIRECT_SOURCE_LEMMA,,,NO_DIRECT_MATCH,SOURCE_LEMMA_ONLY_NOT_SENSE_OR_POS,UNREVIEWED_NOT_SEMANTICALLY_APPROVED,NOT_CLEARED,true
lex:B1:sex,B1,sex,NGSL_1_2_CORE,sex,1063,EXACT_HEADWORD_FORM_ONLY,SOURCE_LEMMA_ONLY_NOT_SENSE_OR_POS,UNREVIEWED_NOT_SEMANTICALLY_APPROVED,NOT_CLEARED,true
lex:B1:sexual,B1,sexual,NGSL_1_2_CORE,sexual,1609,EXACT_HEADWORD_FORM_ONLY,SOURCE_LEMMA_ONLY_NOT_SENSE_OR_POS,UNREVIEWED_NOT_SEMANTICALLY_APPROVED,NOT_CLEARED,true
lex:B1:shake,B1,shake,NGSL_1_2_CORE,shake,1474,EXACT_HEADWORD_FORM_ONLY,SOURCE_LEMMA_ONLY_NOT_SENSE_OR_POS,UNREVIEWED_NOT_SEMANTICALLY_APPROVED,NOT_CLEARED,true
lex:B1:share,B1,share,NGSL_1_2_CORE,share,353,EXACT_HEADWORD_FORM_ONLY,SOURCE_LEMMA_ONLY_NOT_SENSE_OR_POS,UNREVIEWED_NOT_SEMANTICALLY_APPROVED,NOT_CLEARED,true
lex:B1:sharp,B1,sharp,NGSL_1_2_CORE,sharp,1846,EXACT_HEADWORD_FORM_ONLY,SOURCE_LEMMA_ONLY_NOT_SENSE_OR_POS,UNREVIEWED_NOT_SEMANTICALLY_APPROVED,NOT_CLEARED,true
lex:B1:shelf,B1,shelf,NGSL_1_2_CORE,shelf,2538,EXACT_HEADWORD_FORM_ONLY,SOURCE_LEMMA_ONLY_NOT_SENSE_OR_POS,UNREVIEWED_NOT_SEMANTICALLY_APPROVED,NOT_CLEARED,true
lex:B1:shell,B1,shell,NGSL_1_2_CORE,shell,2570,EXACT_HEADWORD_FORM_ONLY,SOURCE_LEMMA_ONLY_NOT_SENSE_OR_POS,UNREVIEWED_NOT_SEMANTICALLY_APPROVED,NOT_CLEARED,true
lex:B1:shift,B1,shift,NGSL_1_2_CORE,shift,1190,EXACT_HEADWORD_FORM_ONLY,SOURCE_LEMMA_ONLY_NOT_SENSE_OR_POS,UNREVIEWED_NOT_SEMANTICALLY_APPROVED,NOT_CLEARED,true
lex:B1:shine,B1,shine,NGSL_1_2_CORE,shine,2632,EXACT_HEADWORD_FORM_ONLY,SOURCE_LEMMA_ONLY_NOT_SENSE_OR_POS,UNREVIEWED_NOT_SEMANTICALLY_APPROVED,NOT_CLEARED,true
lex:B1:shiny,B1,shiny,NGSL_SFI_31K_EXTENSION,shiny,5459,EXACT_HEADWORD_FORM_ONLY,SOURCE_LEMMA_ONLY_NOT_SENSE_OR_POS,UNREVIEWED_NOT_SEMANTICALLY_APPROVED,NOT_CLEARED,true
lex:B1:shoot,B1,shoot,NGSL_1_2_CORE,shoot,1003,EXACT_HEADWORD_FORM_ONLY,SOURCE_LEMMA_ONLY_NOT_SENSE_OR_POS,UNREVIEWED_NOT_SEMANTICALLY_APPROVED,NOT_CLEARED,true
lex:B1:shy,B1,shy,NGSL_SFI_31K_EXTENSION,shy,3490,EXACT_HEADWORD_FORM_ONLY,SOURCE_LEMMA_ONLY_NOT_SENSE_OR_POS,UNREVIEWED_NOT_SEMANTICALLY_APPROVED,NOT_CLEARED,true
lex:B1:sight,B1,sight,NGSL_1_2_CORE,sight,1425,EXACT_HEADWORD_FORM_ONLY,SOURCE_LEMMA_ONLY_NOT_SENSE_OR_POS,UNREVIEWED_NOT_SEMANTICALLY_APPROVED,NOT_CLEARED,true
lex:B1:signal,B1,signal,NGSL_1_2_CORE,signal,1502,EXACT_HEADWORD_FORM_ONLY,SOURCE_LEMMA_ONLY_NOT_SENSE_OR_POS,UNREVIEWED_NOT_SEMANTICALLY_APPROVED,NOT_CLEARED,true
lex:B1:silent,B1,silent,NGSL_1_2_CORE,silent,2474,EXACT_HEADWORD_FORM_ONLY,SOURCE_LEMMA_ONLY_NOT_SENSE_OR_POS,UNREVIEWED_NOT_SEMANTICALLY_APPROVED,NOT_CLEARED,true
lex:B1:silly,B1,silly,NGSL_1_2_CORE,silly,2702,EXACT_HEADWORD_FORM_ONLY,SOURCE_LEMMA_ONLY_NOT_SENSE_OR_POS,UNREVIEWED_NOT_SEMANTICALLY_APPROVED,NOT_CLEARED,true
lex:B1:similarity,B1,similarity,NGSL_SFI_31K_EXTENSION,similarity,3417,EXACT_HEADWORD_FORM_ONLY,SOURCE_LEMMA_ONLY_NOT_SENSE_OR_POS,UNREVIEWED_NOT_SEMANTICALLY_APPROVED,NOT_CLEARED,true
lex:B1:similarly,B1,similarly,NGSL_1_2_CORE,similarly,2247,EXACT_HEADWORD_FORM_ONLY,SOURCE_LEMMA_ONLY_NOT_SENSE_OR_POS,UNREVIEWED_NOT_SEMANTICALLY_APPROVED,NOT_CLEARED,true
lex:B1:simply,B1,simply,NGSL_1_2_CORE,simply,626,EXACT_HEADWORD_FORM_ONLY,SOURCE_LEMMA_ONLY_NOT_SENSE_OR_POS,UNREVIEWED_NOT_SEMANTICALLY_APPROVED,NOT_CLEARED,true
lex:B1:since,B1,since,NGSL_1_2_CORE,since,191,EXACT_HEADWORD_FORM_ONLY,SOURCE_LEMMA_ONLY_NOT_SENSE_OR_POS,UNREVIEWED_NOT_SEMANTICALLY_APPROVED,NOT_CLEARED,true
lex:B1:sink,B1,sink,NGSL_1_2_CORE,sink,2105,EXACT_HEADWORD_FORM_ONLY,SOURCE_LEMMA_ONLY_NOT_SENSE_OR_POS,UNREVIEWED_NOT_SEMANTICALLY_APPROVED,NOT_CLEARED,true
lex:B1:slice,B1,slice,NGSL_1_2_CORE,slice,2746,EXACT_HEADWORD_FORM_ONLY,SOURCE_LEMMA_ONLY_NOT_SENSE_OR_POS,UNREVIEWED_NOT_SEMANTICALLY_APPROVED,NOT_CLEARED,true
lex:B1:slightly,B1,slightly,NGSL_1_2_CORE,slightly,1112,EXACT_HEADWORD_FORM_ONLY,SOURCE_LEMMA_ONLY_NOT_SENSE_OR_POS,UNREVIEWED_NOT_SEMANTICALLY_APPROVED,NOT_CLEARED,true
lex:B1:slow,B1,slow,NGSL_1_2_CORE,slow,1118,EXACT_HEADWORD_FORM_ONLY,SOURCE_LEMMA_ONLY_NOT_SENSE_OR_POS,UNREVIEWED_NOT_SEMANTICALLY_APPROVED,NOT_CLEARED,true
lex:B1:smart,B1,smart,NGSL_1_2_CORE,smart,2023,EXACT_HEADWORD_FORM_ONLY,SOURCE_LEMMA_ONLY_NOT_SENSE_OR_POS,UNREVIEWED_NOT_SEMANTICALLY_APPROVED,NOT_CLEARED,true
lex:B1:smooth,B1,smooth,NGSL_1_2_CORE,smooth,2241,EXACT_HEADWORD_FORM_ONLY,SOURCE_LEMMA_ONLY_NOT_SENSE_OR_POS,UNREVIEWED_NOT_SEMANTICALLY_APPROVED,NOT_CLEARED,true
lex:B1:software,B1,software,NGSL_1_2_CORE,software,1091,EXACT_HEADWORD_FORM_ONLY,SOURCE_LEMMA_ONLY_NOT_SENSE_OR_POS,UNREVIEWED_NOT_SEMANTICALLY_APPROVED,NOT_CLEARED,true
lex:B1:soil,B1,soil,NGSL_1_2_CORE,soil,2022,EXACT_HEADWORD_FORM_ONLY,SOURCE_LEMMA_ONLY_NOT_SENSE_OR_POS,UNREVIEWED_NOT_SEMANTICALLY_APPROVED,NOT_CLEARED,true
lex:B1:solid,B1,solid,NGSL_1_2_CORE,solid,2050,EXACT_HEADWORD_FORM_ONLY,SOURCE_LEMMA_ONLY_NOT_SENSE_OR_POS,UNREVIEWED_NOT_SEMANTICALLY_APPROVED,NOT_CLEARED,true
lex:B1:sort,B1,sort,NGSL_1_2_CORE,sort,316,EXACT_HEADWORD_FORM_ONLY,SOURCE_LEMMA_ONLY_NOT_SENSE_OR_POS,UNREVIEWED_NOT_SEMANTICALLY_APPROVED,NOT_CLEARED,true
lex:B1:southern,B1,southern,NGSL_1_2_CORE,southern,1920,EXACT_HEADWORD_FORM_ONLY,SOURCE_LEMMA_ONLY_NOT_SENSE_OR_POS,UNREVIEWED_NOT_SEMANTICALLY_APPROVED,NOT_CLEARED,true
lex:B1:specifically,B1,specifically,NGSL_1_2_CORE,specifically,1653,EXACT_HEADWORD_FORM_ONLY,SOURCE_LEMMA_ONLY_NOT_SENSE_OR_POS,UNREVIEWED_NOT_SEMANTICALLY_APPROVED,NOT_CLEARED,true
lex:B1:spending,B1,spending,NO_DIRECT_SOURCE_LEMMA,,,NO_DIRECT_MATCH,SOURCE_LEMMA_ONLY_NOT_SENSE_OR_POS,UNREVIEWED_NOT_SEMANTICALLY_APPROVED,NOT_CLEARED,true
lex:B1:spicy,B1,spicy,NGSL_SFI_31K_EXTENSION,spicy,7976,EXACT_HEADWORD_FORM_ONLY,SOURCE_LEMMA_ONLY_NOT_SENSE_OR_POS,UNREVIEWED_NOT_SEMANTICALLY_APPROVED,NOT_CLEARED,true
lex:B1:spirit,B1,spirit,NGSL_1_2_CORE,spirit,1333,EXACT_HEADWORD_FORM_ONLY,SOURCE_LEMMA_ONLY_NOT_SENSE_OR_POS,UNREVIEWED_NOT_SEMANTICALLY_APPROVED,NOT_CLEARED,true
lex:B1:spoken,B1,spoken,NO_DIRECT_SOURCE_LEMMA,,,NO_DIRECT_MATCH,SOURCE_LEMMA_ONLY_NOT_SENSE_OR_POS,UNREVIEWED_NOT_SEMANTICALLY_APPROVED,NOT_CLEARED,true
lex:B1:spot,B1,spot,NGSL_1_2_CORE,spot,1138,EXACT_HEADWORD_FORM_ONLY,SOURCE_LEMMA_ONLY_NOT_SENSE_OR_POS,UNREVIEWED_NOT_SEMANTICALLY_APPROVED,NOT_CLEARED,true
lex:B1:spread,B1,spread,NGSL_1_2_CORE,spread,1197,EXACT_HEADWORD_FORM_ONLY,SOURCE_LEMMA_ONLY_NOT_SENSE_OR_POS,UNREVIEWED_NOT_SEMANTICALLY_APPROVED,NOT_CLEARED,true
lex:B1:spring,B1,spring,NGSL_1_2_CORE,spring,1332,EXACT_HEADWORD_FORM_ONLY,SOURCE_LEMMA_ONLY_NOT_SENSE_OR_POS,UNREVIEWED_NOT_SEMANTICALLY_APPROVED,NOT_CLEARED,true
lex:B1:stadium,B1,stadium,NGSL_SFI_31K_EXTENSION,stadium,3824,EXACT_HEADWORD_FORM_ONLY,SOURCE_LEMMA_ONLY_NOT_SENSE_OR_POS,UNREVIEWED_NOT_SEMANTICALLY_APPROVED,NOT_CLEARED,true
lex:B1:staff,B1,staff,NGSL_1_2_CORE,staff,431,EXACT_HEADWORD_FORM_ONLY,SOURCE_LEMMA_ONLY_NOT_SENSE_OR_POS,UNREVIEWED_NOT_SEMANTICALLY_APPROVED,NOT_CLEARED,true
lex:B1:standard,B1,standard,NGSL_1_2_CORE,standard,547,EXACT_HEADWORD_FORM_ONLY,SOURCE_LEMMA_ONLY_NOT_SENSE_OR_POS,UNREVIEWED_NOT_SEMANTICALLY_APPROVED,NOT_CLEARED,true
lex:B1:state,B1,state,NGSL_1_2_CORE,state,199,EXACT_HEADWORD_FORM_ONLY,SOURCE_LEMMA_ONLY_NOT_SENSE_OR_POS,UNREVIEWED_NOT_SEMANTICALLY_APPROVED,NOT_CLEARED,true
lex:B1:statistic,B1,statistic,NGSL_1_2_CORE,statistic,2256,EXACT_HEADWORD_FORM_ONLY,SOURCE_LEMMA_ONLY_NOT_SENSE_OR_POS,UNREVIEWED_NOT_SEMANTICALLY_APPROVED,NOT_CLEARED,true
lex:B1:statue,B1,statue,NGSL_SFI_31K_EXTENSION,statue,3783,EXACT_HEADWORD_FORM_ONLY,SOURCE_LEMMA_ONLY_NOT_SENSE_OR_POS,UNREVIEWED_NOT_SEMANTICALLY_APPROVED,NOT_CLEARED,true
lex:B1:stick-push-into-attach,B1,stick (push into/attach),NGSL_1_2_CORE,stick,1010,HEADWORD_NORMALIZED_REQUIRES_REVIEW,SOURCE_LEMMA_ONLY_NOT_SENSE_OR_POS,UNREVIEWED_NOT_SEMANTICALLY_APPROVED,NOT_CLEARED,true
lex:B1:stick-piece-of-wood,B1,stick (piece of wood),NGSL_1_2_CORE,stick,1010,HEADWORD_NORMALIZED_REQUIRES_REVIEW,SOURCE_LEMMA_ONLY_NOT_SENSE_OR_POS,UNREVIEWED_NOT_SEMANTICALLY_APPROVED,NOT_CLEARED,true
lex:B1:still,B1,still,NGSL_1_2_CORE,still,119,EXACT_HEADWORD_FORM_ONLY,SOURCE_LEMMA_ONLY_NOT_SENSE_OR_POS,UNREVIEWED_NOT_SEMANTICALLY_APPROVED,NOT_CLEARED,true
lex:B1:store,B1,store,NGSL_1_2_CORE,store,617,EXACT_HEADWORD_FORM_ONLY,SOURCE_LEMMA_ONLY_NOT_SENSE_OR_POS,UNREVIEWED_NOT_SEMANTICALLY_APPROVED,NOT_CLEARED,true
lex:B1:stranger,B1,stranger,NGSL_1_2_CORE,stranger,2725,EXACT_HEADWORD_FORM_ONLY,SOURCE_LEMMA_ONLY_NOT_SENSE_OR_POS,UNREVIEWED_NOT_SEMANTICALLY_APPROVED,NOT_CLEARED,true
lex:B1:strength,B1,strength,NGSL_1_2_CORE,strength,1263,EXACT_HEADWORD_FORM_ONLY,SOURCE_LEMMA_ONLY_NOT_SENSE_OR_POS,UNREVIEWED_NOT_SEMANTICALLY_APPROVED,NOT_CLEARED,true
lex:B1:string,B1,string,NGSL_1_2_CORE,string,2089,EXACT_HEADWORD_FORM_ONLY,SOURCE_LEMMA_ONLY_NOT_SENSE_OR_POS,UNREVIEWED_NOT_SEMANTICALLY_APPROVED,NOT_CLEARED,true
lex:B1:strongly,B1,strongly,NGSL_1_2_CORE,strongly,1545,EXACT_HEADWORD_FORM_ONLY,SOURCE_LEMMA_ONLY_NOT_SENSE_OR_POS,UNREVIEWED_NOT_SEMANTICALLY_APPROVED,NOT_CLEARED,true
lex:B1:studio,B1,studio,NGSL_1_2_CORE,studio,1483,EXACT_HEADWORD_FORM_ONLY,SOURCE_LEMMA_ONLY_NOT_SENSE_OR_POS,UNREVIEWED_NOT_SEMANTICALLY_APPROVED,NOT_CLEARED,true
lex:B1:stuff,B1,stuff,NGSL_1_2_CORE,stuff,752,EXACT_HEADWORD_FORM_ONLY,SOURCE_LEMMA_ONLY_NOT_SENSE_OR_POS,UNREVIEWED_NOT_SEMANTICALLY_APPROVED,NOT_CLEARED,true
lex:B1:substance,B1,substance,NGSL_1_2_CORE,substance,2230,EXACT_HEADWORD_FORM_ONLY,SOURCE_LEMMA_ONLY_NOT_SENSE_OR_POS,UNREVIEWED_NOT_SEMANTICALLY_APPROVED,NOT_CLEARED,true
lex:B1:successfully,B1,successfully,NGSL_1_2_CORE,successfully,2433,EXACT_HEADWORD_FORM_ONLY,SOURCE_LEMMA_ONLY_NOT_SENSE_OR_POS,UNREVIEWED_NOT_SEMANTICALLY_APPROVED,NOT_CLEARED,true
lex:B1:sudden,B1,sudden,NGSL_1_2_CORE,sudden,1940,EXACT_HEADWORD_FORM_ONLY,SOURCE_LEMMA_ONLY_NOT_SENSE_OR_POS,UNREVIEWED_NOT_SEMANTICALLY_APPROVED,NOT_CLEARED,true
lex:B1:suffer,B1,suffer,NGSL_1_2_CORE,suffer,838,EXACT_HEADWORD_FORM_ONLY,SOURCE_LEMMA_ONLY_NOT_SENSE_OR_POS,UNREVIEWED_NOT_SEMANTICALLY_APPROVED,NOT_CLEARED,true
lex:B1:suit,B1,suit,NGSL_1_2_CORE,suit,1122,EXACT_HEADWORD_FORM_ONLY,SOURCE_LEMMA_ONLY_NOT_SENSE_OR_POS,UNREVIEWED_NOT_SEMANTICALLY_APPROVED,NOT_CLEARED,true
lex:B1:suitable,B1,suitable,NGSL_1_2_CORE,suitable,1638,EXACT_HEADWORD_FORM_ONLY,SOURCE_LEMMA_ONLY_NOT_SENSE_OR_POS,UNREVIEWED_NOT_SEMANTICALLY_APPROVED,NOT_CLEARED,true
lex:B1:summarize,B1,summarize,NGSL_1_2_CORE,summarize,2729,EXACT_HEADWORD_FORM_ONLY,SOURCE_LEMMA_ONLY_NOT_SENSE_OR_POS,UNREVIEWED_NOT_SEMANTICALLY_APPROVED,NOT_CLEARED,true
lex:B1:summary,B1,summary,NGSL_1_2_CORE,summary,2318,EXACT_HEADWORD_FORM_ONLY,SOURCE_LEMMA_ONLY_NOT_SENSE_OR_POS,UNREVIEWED_NOT_SEMANTICALLY_APPROVED,NOT_CLEARED,true
lex:B1:supply,B1,supply,NGSL_1_2_CORE,supply,814,EXACT_HEADWORD_FORM_ONLY,SOURCE_LEMMA_ONLY_NOT_SENSE_OR_POS,UNREVIEWED_NOT_SEMANTICALLY_APPROVED,NOT_CLEARED,true
lex:B1:supporter,B1,supporter,NGSL_1_2_CORE,supporter,2109,EXACT_HEADWORD_FORM_ONLY,SOURCE_LEMMA_ONLY_NOT_SENSE_OR_POS,UNREVIEWED_NOT_SEMANTICALLY_APPROVED,NOT_CLEARED,true
lex:B1:surely,B1,surely,NGSL_1_2_CORE,surely,1676,EXACT_HEADWORD_FORM_ONLY,SOURCE_LEMMA_ONLY_NOT_SENSE_OR_POS,UNREVIEWED_NOT_SEMANTICALLY_APPROVED,NOT_CLEARED,true
lex:B1:surface,B1,surface,NGSL_1_2_CORE,surface,1161,EXACT_HEADWORD_FORM_ONLY,SOURCE_LEMMA_ONLY_NOT_SENSE_OR_POS,UNREVIEWED_NOT_SEMANTICALLY_APPROVED,NOT_CLEARED,true
lex:B1:survive,B1,survive,NGSL_1_2_CORE,survive,1218,EXACT_HEADWORD_FORM_ONLY,SOURCE_LEMMA_ONLY_NOT_SENSE_OR_POS,UNREVIEWED_NOT_SEMANTICALLY_APPROVED,NOT_CLEARED,true
lex:B1:swim,B1,swim,NGSL_1_2_CORE,swim,1391,EXACT_HEADWORD_FORM_ONLY,SOURCE_LEMMA_ONLY_NOT_SENSE_OR_POS,UNREVIEWED_NOT_SEMANTICALLY_APPROVED,NOT_CLEARED,true
lex:B1:switch,B1,switch,NGSL_1_2_CORE,switch,1463,EXACT_HEADWORD_FORM_ONLY,SOURCE_LEMMA_ONLY_NOT_SENSE_OR_POS,UNREVIEWED_NOT_SEMANTICALLY_APPROVED,NOT_CLEARED,true
lex:B1:symptom,B1,symptom,NGSL_1_2_CORE,symptom,2071,EXACT_HEADWORD_FORM_ONLY,SOURCE_LEMMA_ONLY_NOT_SENSE_OR_POS,UNREVIEWED_NOT_SEMANTICALLY_APPROVED,NOT_CLEARED,true
lex:B1:tail,B1,tail,NGSL_1_2_CORE,tail,2540,EXACT_HEADWORD_FORM_ONLY,SOURCE_LEMMA_ONLY_NOT_SENSE_OR_POS,UNREVIEWED_NOT_SEMANTICALLY_APPROVED,NOT_CLEARED,true
lex:B1:talent,B1,talent,NGSL_1_2_CORE,talent,1790,EXACT_HEADWORD_FORM_ONLY,SOURCE_LEMMA_ONLY_NOT_SENSE_OR_POS,UNREVIEWED_NOT_SEMANTICALLY_APPROVED,NOT_CLEARED,true
lex:B1:talented,B1,talented,NO_DIRECT_SOURCE_LEMMA,,,NO_DIRECT_MATCH,SOURCE_LEMMA_ONLY_NOT_SENSE_OR_POS,UNREVIEWED_NOT_SEMANTICALLY_APPROVED,NOT_CLEARED,true
lex:B1:tape,B1,tape,NGSL_1_2_CORE,tape,1371,EXACT_HEADWORD_FORM_ONLY,SOURCE_LEMMA_ONLY_NOT_SENSE_OR_POS,UNREVIEWED_NOT_SEMANTICALLY_APPROVED,NOT_CLEARED,true
lex:B1:tax,B1,tax,NGSL_1_2_CORE,tax,787,EXACT_HEADWORD_FORM_ONLY,SOURCE_LEMMA_ONLY_NOT_SENSE_OR_POS,UNREVIEWED_NOT_SEMANTICALLY_APPROVED,NOT_CLEARED,true
lex:B1:technical,B1,technical,NGSL_1_2_CORE,technical,1458,EXACT_HEADWORD_FORM_ONLY,SOURCE_LEMMA_ONLY_NOT_SENSE_OR_POS,UNREVIEWED_NOT_SEMANTICALLY_APPROVED,NOT_CLEARED,true
lex:B1:technique,B1,technique,NGSL_1_2_CORE,technique,1224,EXACT_HEADWORD_FORM_ONLY,SOURCE_LEMMA_ONLY_NOT_SENSE_OR_POS,UNREVIEWED_NOT_SEMANTICALLY_APPROVED,NOT_CLEARED,true
lex:B1:tend,B1,tend,NGSL_1_2_CORE,tend,843,EXACT_HEADWORD_FORM_ONLY,SOURCE_LEMMA_ONLY_NOT_SENSE_OR_POS,UNREVIEWED_NOT_SEMANTICALLY_APPROVED,NOT_CLEARED,true
lex:B1:tent,B1,tent,NGSL_1_2_CORE,tent,2722,EXACT_HEADWORD_FORM_ONLY,SOURCE_LEMMA_ONLY_NOT_SENSE_OR_POS,UNREVIEWED_NOT_SEMANTICALLY_APPROVED,NOT_CLEARED,true
lex:B1:that,B1,that,NGSL_1_2_CORE,that,15,EXACT_HEADWORD_FORM_ONLY,SOURCE_LEMMA_ONLY_NOT_SENSE_OR_POS,UNREVIEWED_NOT_SEMANTICALLY_APPROVED,NOT_CLEARED,true
lex:B1:theirs,B1,theirs,NO_DIRECT_SOURCE_LEMMA,,,NO_DIRECT_MATCH,SOURCE_LEMMA_ONLY_NOT_SENSE_OR_POS,UNREVIEWED_NOT_SEMANTICALLY_APPROVED,NOT_CLEARED,true
lex:B1:theme,B1,theme,NGSL_1_2_CORE,theme,1572,EXACT_HEADWORD_FORM_ONLY,SOURCE_LEMMA_ONLY_NOT_SENSE_OR_POS,UNREVIEWED_NOT_SEMANTICALLY_APPROVED,NOT_CLEARED,true
lex:B1:theory,B1,theory,NGSL_1_2_CORE,theory,876,EXACT_HEADWORD_FORM_ONLY,SOURCE_LEMMA_ONLY_NOT_SENSE_OR_POS,UNREVIEWED_NOT_SEMANTICALLY_APPROVED,NOT_CLEARED,true
lex:B1:therefore,B1,therefore,NGSL_1_2_CORE,therefore,525,EXACT_HEADWORD_FORM_ONLY,SOURCE_LEMMA_ONLY_NOT_SENSE_OR_POS,UNREVIEWED_NOT_SEMANTICALLY_APPROVED,NOT_CLEARED,true
lex:B1:this,B1,this,NGSL_1_2_CORE,this,19,EXACT_HEADWORD_FORM_ONLY,SOURCE_LEMMA_ONLY_NOT_SENSE_OR_POS,UNREVIEWED_NOT_SEMANTICALLY_APPROVED,NOT_CLEARED,true
lex:B1:though,B1,though,NGSL_1_2_CORE,though,227,EXACT_HEADWORD_FORM_ONLY,SOURCE_LEMMA_ONLY_NOT_SENSE_OR_POS,UNREVIEWED_NOT_SEMANTICALLY_APPROVED,NOT_CLEARED,true
lex:B1:throat,B1,throat,NGSL_1_2_CORE,throat,2504,EXACT_HEADWORD_FORM_ONLY,SOURCE_LEMMA_ONLY_NOT_SENSE_OR_POS,UNREVIEWED_NOT_SEMANTICALLY_APPROVED,NOT_CLEARED,true
lex:B1:throughout,B1,throughout,NGSL_1_2_CORE,throughout,897,EXACT_HEADWORD_FORM_ONLY,SOURCE_LEMMA_ONLY_NOT_SENSE_OR_POS,UNREVIEWED_NOT_SEMANTICALLY_APPROVED,NOT_CLEARED,true
lex:B1:tight,B1,tight,NGSL_1_2_CORE,tight,2083,EXACT_HEADWORD_FORM_ONLY,SOURCE_LEMMA_ONLY_NOT_SENSE_OR_POS,UNREVIEWED_NOT_SEMANTICALLY_APPROVED,NOT_CLEARED,true
lex:B1:till,B1,till,NGSL_1_2_CORE,till,1571,EXACT_HEADWORD_FORM_ONLY,SOURCE_LEMMA_ONLY_NOT_SENSE_OR_POS,UNREVIEWED_NOT_SEMANTICALLY_APPROVED,NOT_CLEARED,true
lex:B1:tin,B1,tin,NGSL_SFI_31K_EXTENSION,tin,3611,EXACT_HEADWORD_FORM_ONLY,SOURCE_LEMMA_ONLY_NOT_SENSE_OR_POS,UNREVIEWED_NOT_SEMANTICALLY_APPROVED,NOT_CLEARED,true
lex:B1:tiny,B1,tiny,NGSL_1_2_CORE,tiny,1636,EXACT_HEADWORD_FORM_ONLY,SOURCE_LEMMA_ONLY_NOT_SENSE_OR_POS,UNREVIEWED_NOT_SEMANTICALLY_APPROVED,NOT_CLEARED,true
lex:B1:tip,B1,tip,NGSL_1_2_CORE,tip,1659,EXACT_HEADWORD_FORM_ONLY,SOURCE_LEMMA_ONLY_NOT_SENSE_OR_POS,UNREVIEWED_NOT_SEMANTICALLY_APPROVED,NOT_CLEARED,true
lex:B1:toe,B1,toe,NGSL_SFI_31K_EXTENSION,toe,3864,EXACT_HEADWORD_FORM_ONLY,SOURCE_LEMMA_ONLY_NOT_SENSE_OR_POS,UNREVIEWED_NOT_SEMANTICALLY_APPROVED,NOT_CLEARED,true
lex:B1:tongue,B1,tongue,NGSL_1_2_CORE,tongue,2761,EXACT_HEADWORD_FORM_ONLY,SOURCE_LEMMA_ONLY_NOT_SENSE_OR_POS,UNREVIEWED_NOT_SEMANTICALLY_APPROVED,NOT_CLEARED,true
lex:B1:total,B1,total,NGSL_1_2_CORE,total,569,EXACT_HEADWORD_FORM_ONLY,SOURCE_LEMMA_ONLY_NOT_SENSE_OR_POS,UNREVIEWED_NOT_SEMANTICALLY_APPROVED,NOT_CLEARED,true
lex:B1:totally,B1,totally,NGSL_1_2_CORE,totally,1396,EXACT_HEADWORD_FORM_ONLY,SOURCE_LEMMA_ONLY_NOT_SENSE_OR_POS,UNREVIEWED_NOT_SEMANTICALLY_APPROVED,NOT_CLEARED,true
lex:B1:touch,B1,touch,NGSL_1_2_CORE,touch,834,EXACT_HEADWORD_FORM_ONLY,SOURCE_LEMMA_ONLY_NOT_SENSE_OR_POS,UNREVIEWED_NOT_SEMANTICALLY_APPROVED,NOT_CLEARED,true
lex:B1:tour,B1,tour,NGSL_1_2_CORE,tour,1089,EXACT_HEADWORD_FORM_ONLY,SOURCE_LEMMA_ONLY_NOT_SENSE_OR_POS,UNREVIEWED_NOT_SEMANTICALLY_APPROVED,NOT_CLEARED,true
lex:B1:trade,B1,trade,NGSL_1_2_CORE,trade,544,EXACT_HEADWORD_FORM_ONLY,SOURCE_LEMMA_ONLY_NOT_SENSE_OR_POS,UNREVIEWED_NOT_SEMANTICALLY_APPROVED,NOT_CLEARED,true
lex:B1:translate,B1,translate,NGSL_1_2_CORE,translate,2310,EXACT_HEADWORD_FORM_ONLY,SOURCE_LEMMA_ONLY_NOT_SENSE_OR_POS,UNREVIEWED_NOT_SEMANTICALLY_APPROVED,NOT_CLEARED,true
lex:B1:translation,B1,translation,NGSL_SFI_31K_EXTENSION,translation,2618,EXACT_HEADWORD_FORM_ONLY,SOURCE_LEMMA_ONLY_NOT_SENSE_OR_POS,UNREVIEWED_NOT_SEMANTICALLY_APPROVED,NOT_CLEARED,true
lex:B1:transport,B1,transport,NGSL_1_2_CORE,transport,1210,EXACT_HEADWORD_FORM_ONLY,SOURCE_LEMMA_ONLY_NOT_SENSE_OR_POS,UNREVIEWED_NOT_SEMANTICALLY_APPROVED,NOT_CLEARED,true
lex:B1:treat,B1,treat,NGSL_1_2_CORE,treat,804,EXACT_HEADWORD_FORM_ONLY,SOURCE_LEMMA_ONLY_NOT_SENSE_OR_POS,UNREVIEWED_NOT_SEMANTICALLY_APPROVED,NOT_CLEARED,true
lex:B1:treatment,B1,treatment,NGSL_1_2_CORE,treatment,811,EXACT_HEADWORD_FORM_ONLY,SOURCE_LEMMA_ONLY_NOT_SENSE_OR_POS,UNREVIEWED_NOT_SEMANTICALLY_APPROVED,NOT_CLEARED,true
lex:B1:trend,B1,trend,NGSL_1_2_CORE,trend,1281,EXACT_HEADWORD_FORM_ONLY,SOURCE_LEMMA_ONLY_NOT_SENSE_OR_POS,UNREVIEWED_NOT_SEMANTICALLY_APPROVED,NOT_CLEARED,true
lex:B1:trick,B1,trick,NGSL_1_2_CORE,trick,2617,EXACT_HEADWORD_FORM_ONLY,SOURCE_LEMMA_ONLY_NOT_SENSE_OR_POS,UNREVIEWED_NOT_SEMANTICALLY_APPROVED,NOT_CLEARED,true
lex:B1:truth,B1,truth,NGSL_1_2_CORE,truth,1102,EXACT_HEADWORD_FORM_ONLY,SOURCE_LEMMA_ONLY_NOT_SENSE_OR_POS,UNREVIEWED_NOT_SEMANTICALLY_APPROVED,NOT_CLEARED,true
lex:B1:tube,B1,tube,NGSL_1_2_CORE,tube,2323,EXACT_HEADWORD_FORM_ONLY,SOURCE_LEMMA_ONLY_NOT_SENSE_OR_POS,UNREVIEWED_NOT_SEMANTICALLY_APPROVED,NOT_CLEARED,true
lex:B1:type,B1,type,NGSL_1_2_CORE,type,389,EXACT_HEADWORD_FORM_ONLY,SOURCE_LEMMA_ONLY_NOT_SENSE_OR_POS,UNREVIEWED_NOT_SEMANTICALLY_APPROVED,NOT_CLEARED,true
lex:B1:typically,B1,typically,NGSL_1_2_CORE,typically,2006,EXACT_HEADWORD_FORM_ONLY,SOURCE_LEMMA_ONLY_NOT_SENSE_OR_POS,UNREVIEWED_NOT_SEMANTICALLY_APPROVED,NOT_CLEARED,true
lex:B1:tyre,B1,tyre,NO_DIRECT_SOURCE_LEMMA,,,NO_DIRECT_MATCH,SOURCE_LEMMA_ONLY_NOT_SENSE_OR_POS,UNREVIEWED_NOT_SEMANTICALLY_APPROVED,NOT_CLEARED,true
lex:B1:ugly,B1,ugly,NGSL_1_2_CORE,ugly,2789,EXACT_HEADWORD_FORM_ONLY,SOURCE_LEMMA_ONLY_NOT_SENSE_OR_POS,UNREVIEWED_NOT_SEMANTICALLY_APPROVED,NOT_CLEARED,true
lex:B1:unable,B1,unable,NGSL_1_2_CORE,unable,1718,EXACT_HEADWORD_FORM_ONLY,SOURCE_LEMMA_ONLY_NOT_SENSE_OR_POS,UNREVIEWED_NOT_SEMANTICALLY_APPROVED,NOT_CLEARED,true
lex:B1:uncomfortable,B1,uncomfortable,NGSL_SFI_31K_EXTENSION,uncomfortable,3316,EXACT_HEADWORD_FORM_ONLY,SOURCE_LEMMA_ONLY_NOT_SENSE_OR_POS,UNREVIEWED_NOT_SEMANTICALLY_APPROVED,NOT_CLEARED,true
lex:B1:underwear,B1,underwear,NGSL_SFI_31K_EXTENSION,underwear,6464,EXACT_HEADWORD_FORM_ONLY,SOURCE_LEMMA_ONLY_NOT_SENSE_OR_POS,UNREVIEWED_NOT_SEMANTICALLY_APPROVED,NOT_CLEARED,true
lex:B1:unemployed,B1,unemployed,NGSL_SFI_31K_EXTENSION,unemployed,3368,EXACT_HEADWORD_FORM_ONLY,SOURCE_LEMMA_ONLY_NOT_SENSE_OR_POS,UNREVIEWED_NOT_SEMANTICALLY_APPROVED,NOT_CLEARED,true
lex:B1:unemployment,B1,unemployment,NGSL_1_2_CORE,unemployment,1984,EXACT_HEADWORD_FORM_ONLY,SOURCE_LEMMA_ONLY_NOT_SENSE_OR_POS,UNREVIEWED_NOT_SEMANTICALLY_APPROVED,NOT_CLEARED,true
lex:B1:unfair,B1,unfair,NGSL_SFI_31K_EXTENSION,unfair,3193,EXACT_HEADWORD_FORM_ONLY,SOURCE_LEMMA_ONLY_NOT_SENSE_OR_POS,UNREVIEWED_NOT_SEMANTICALLY_APPROVED,NOT_CLEARED,true
lex:B1:union,B1,union,NGSL_1_2_CORE,union,1279,EXACT_HEADWORD_FORM_ONLY,SOURCE_LEMMA_ONLY_NOT_SENSE_OR_POS,UNREVIEWED_NOT_SEMANTICALLY_APPROVED,NOT_CLEARED,true
lex:B1:unless,B1,unless,NGSL_1_2_CORE,unless,1005,EXACT_HEADWORD_FORM_ONLY,SOURCE_LEMMA_ONLY_NOT_SENSE_OR_POS,UNREVIEWED_NOT_SEMANTICALLY_APPROVED,NOT_CLEARED,true
lex:B1:unlike,B1,unlike,NGSL_1_2_CORE,unlike,1737,EXACT_HEADWORD_FORM_ONLY,SOURCE_LEMMA_ONLY_NOT_SENSE_OR_POS,UNREVIEWED_NOT_SEMANTICALLY_APPROVED,NOT_CLEARED,true
lex:B1:unlikely,B1,unlikely,NGSL_1_2_CORE,unlikely,2039,EXACT_HEADWORD_FORM_ONLY,SOURCE_LEMMA_ONLY_NOT_SENSE_OR_POS,UNREVIEWED_NOT_SEMANTICALLY_APPROVED,NOT_CLEARED,true
lex:B1:unnecessary,B1,unnecessary,NGSL_SFI_31K_EXTENSION,unnecessary,3252,EXACT_HEADWORD_FORM_ONLY,SOURCE_LEMMA_ONLY_NOT_SENSE_OR_POS,UNREVIEWED_NOT_SEMANTICALLY_APPROVED,NOT_CLEARED,true
lex:B1:unpleasant,B1,unpleasant,NGSL_SFI_31K_EXTENSION,unpleasant,4262,EXACT_HEADWORD_FORM_ONLY,SOURCE_LEMMA_ONLY_NOT_SENSE_OR_POS,UNREVIEWED_NOT_SEMANTICALLY_APPROVED,NOT_CLEARED,true
lex:B1:update,B1,update,NGSL_1_2_CORE,update,1933,EXACT_HEADWORD_FORM_ONLY,SOURCE_LEMMA_ONLY_NOT_SENSE_OR_POS,UNREVIEWED_NOT_SEMANTICALLY_APPROVED,NOT_CLEARED,true
lex:B1:upon,B1,upon,NGSL_1_2_CORE,upon,579,EXACT_HEADWORD_FORM_ONLY,SOURCE_LEMMA_ONLY_NOT_SENSE_OR_POS,UNREVIEWED_NOT_SEMANTICALLY_APPROVED,NOT_CLEARED,true
lex:B1:upset,B1,upset,NGSL_1_2_CORE,upset,2025,EXACT_HEADWORD_FORM_ONLY,SOURCE_LEMMA_ONLY_NOT_SENSE_OR_POS,UNREVIEWED_NOT_SEMANTICALLY_APPROVED,NOT_CLEARED,true
lex:B1:used,B1,used¹,NO_DIRECT_SOURCE_LEMMA,,,NO_DIRECT_MATCH,SOURCE_LEMMA_ONLY_NOT_SENSE_OR_POS,UNREVIEWED_NOT_SEMANTICALLY_APPROVED,NOT_CLEARED,true
lex:B1:used-2,B1,used²,NO_DIRECT_SOURCE_LEMMA,,,NO_DIRECT_MATCH,SOURCE_LEMMA_ONLY_NOT_SENSE_OR_POS,UNREVIEWED_NOT_SEMANTICALLY_APPROVED,NOT_CLEARED,true
lex:B1:valuable,B1,valuable,NGSL_1_2_CORE,valuable,1898,EXACT_HEADWORD_FORM_ONLY,SOURCE_LEMMA_ONLY_NOT_SENSE_OR_POS,UNREVIEWED_NOT_SEMANTICALLY_APPROVED,NOT_CLEARED,true
lex:B1:value,B1,value,NGSL_1_2_CORE,value,342,EXACT_HEADWORD_FORM_ONLY,SOURCE_LEMMA_ONLY_NOT_SENSE_OR_POS,UNREVIEWED_NOT_SEMANTICALLY_APPROVED,NOT_CLEARED,true
lex:B1:various,B1,various,NGSL_1_2_CORE,various,682,EXACT_HEADWORD_FORM_ONLY,SOURCE_LEMMA_ONLY_NOT_SENSE_OR_POS,UNREVIEWED_NOT_SEMANTICALLY_APPROVED,NOT_CLEARED,true
lex:B1:version,B1,version,NGSL_1_2_CORE,version,981,EXACT_HEADWORD_FORM_ONLY,SOURCE_LEMMA_ONLY_NOT_SENSE_OR_POS,UNREVIEWED_NOT_SEMANTICALLY_APPROVED,NOT_CLEARED,true
lex:B1:victim,B1,victim,NGSL_1_2_CORE,victim,1520,EXACT_HEADWORD_FORM_ONLY,SOURCE_LEMMA_ONLY_NOT_SENSE_OR_POS,UNREVIEWED_NOT_SEMANTICALLY_APPROVED,NOT_CLEARED,true
lex:B1:view,B1,view,NGSL_1_2_CORE,view,293,EXACT_HEADWORD_FORM_ONLY,SOURCE_LEMMA_ONLY_NOT_SENSE_OR_POS,UNREVIEWED_NOT_SEMANTICALLY_APPROVED,NOT_CLEARED,true
lex:B1:viewer,B1,viewer,NGSL_SFI_31K_EXTENSION,viewer,3226,EXACT_HEADWORD_FORM_ONLY,SOURCE_LEMMA_ONLY_NOT_SENSE_OR_POS,UNREVIEWED_NOT_SEMANTICALLY_APPROVED,NOT_CLEARED,true
lex:B1:violent,B1,violent,NGSL_1_2_CORE,violent,2424,EXACT_HEADWORD_FORM_ONLY,SOURCE_LEMMA_ONLY_NOT_SENSE_OR_POS,UNREVIEWED_NOT_SEMANTICALLY_APPROVED,NOT_CLEARED,true
lex:B1:volunteer,B1,volunteer,NGSL_1_2_CORE,volunteer,1962,EXACT_HEADWORD_FORM_ONLY,SOURCE_LEMMA_ONLY_NOT_SENSE_OR_POS,UNREVIEWED_NOT_SEMANTICALLY_APPROVED,NOT_CLEARED,true
lex:B1:vote,B1,vote,NGSL_1_2_CORE,vote,548,EXACT_HEADWORD_FORM_ONLY,SOURCE_LEMMA_ONLY_NOT_SENSE_OR_POS,UNREVIEWED_NOT_SEMANTICALLY_APPROVED,NOT_CLEARED,true
lex:B1:warm,B1,warm,NGSL_1_2_CORE,warm,1021,EXACT_HEADWORD_FORM_ONLY,SOURCE_LEMMA_ONLY_NOT_SENSE_OR_POS,UNREVIEWED_NOT_SEMANTICALLY_APPROVED,NOT_CLEARED,true
lex:B1:warn,B1,warn,NGSL_1_2_CORE,warn,1132,EXACT_HEADWORD_FORM_ONLY,SOURCE_LEMMA_ONLY_NOT_SENSE_OR_POS,UNREVIEWED_NOT_SEMANTICALLY_APPROVED,NOT_CLEARED,true
lex:B1:warning,B1,warning,NO_DIRECT_SOURCE_LEMMA,,,NO_DIRECT_MATCH,SOURCE_LEMMA_ONLY_NOT_SENSE_OR_POS,UNREVIEWED_NOT_SEMANTICALLY_APPROVED,NOT_CLEARED,true
lex:B1:waste,B1,waste,NGSL_1_2_CORE,waste,1246,EXACT_HEADWORD_FORM_ONLY,SOURCE_LEMMA_ONLY_NOT_SENSE_OR_POS,UNREVIEWED_NOT_SEMANTICALLY_APPROVED,NOT_CLEARED,true
lex:B1:water,B1,water,NGSL_1_2_CORE,water,322,EXACT_HEADWORD_FORM_ONLY,SOURCE_LEMMA_ONLY_NOT_SENSE_OR_POS,UNREVIEWED_NOT_SEMANTICALLY_APPROVED,NOT_CLEARED,true
lex:B1:wave,B1,wave,NGSL_1_2_CORE,wave,1158,EXACT_HEADWORD_FORM_ONLY,SOURCE_LEMMA_ONLY_NOT_SENSE_OR_POS,UNREVIEWED_NOT_SEMANTICALLY_APPROVED,NOT_CLEARED,true
lex:B1:weapon,B1,weapon,NGSL_1_2_CORE,weapon,1325,EXACT_HEADWORD_FORM_ONLY,SOURCE_LEMMA_ONLY_NOT_SENSE_OR_POS,UNREVIEWED_NOT_SEMANTICALLY_APPROVED,NOT_CLEARED,true
lex:B1:weigh,B1,weigh,NGSL_1_2_CORE,weigh,2481,EXACT_HEADWORD_FORM_ONLY,SOURCE_LEMMA_ONLY_NOT_SENSE_OR_POS,UNREVIEWED_NOT_SEMANTICALLY_APPROVED,NOT_CLEARED,true
lex:B1:western,B1,western,NGSL_1_2_CORE,western,2152,EXACT_HEADWORD_FORM_ONLY,SOURCE_LEMMA_ONLY_NOT_SENSE_OR_POS,UNREVIEWED_NOT_SEMANTICALLY_APPROVED,NOT_CLEARED,true
lex:B1:whatever,B1,whatever,NGSL_1_2_CORE,whatever,675,EXACT_HEADWORD_FORM_ONLY,SOURCE_LEMMA_ONLY_NOT_SENSE_OR_POS,UNREVIEWED_NOT_SEMANTICALLY_APPROVED,NOT_CLEARED,true
lex:B1:whenever,B1,whenever,NGSL_1_2_CORE,whenever,2127,EXACT_HEADWORD_FORM_ONLY,SOURCE_LEMMA_ONLY_NOT_SENSE_OR_POS,UNREVIEWED_NOT_SEMANTICALLY_APPROVED,NOT_CLEARED,true
lex:B1:whether,B1,whether,NGSL_1_2_CORE,whether,273,EXACT_HEADWORD_FORM_ONLY,SOURCE_LEMMA_ONLY_NOT_SENSE_OR_POS,UNREVIEWED_NOT_SEMANTICALLY_APPROVED,NOT_CLEARED,true
lex:B1:while,B1,while,NGSL_1_2_CORE,while,155,EXACT_HEADWORD_FORM_ONLY,SOURCE_LEMMA_ONLY_NOT_SENSE_OR_POS,UNREVIEWED_NOT_SEMANTICALLY_APPROVED,NOT_CLEARED,true
lex:B1:whole,B1,whole,NGSL_1_2_CORE,whole,310,EXACT_HEADWORD_FORM_ONLY,SOURCE_LEMMA_ONLY_NOT_SENSE_OR_POS,UNREVIEWED_NOT_SEMANTICALLY_APPROVED,NOT_CLEARED,true
lex:B1:will,B1,will,NGSL_1_2_CORE,will,28,EXACT_HEADWORD_FORM_ONLY,SOURCE_LEMMA_ONLY_NOT_SENSE_OR_POS,UNREVIEWED_NOT_SEMANTICALLY_APPROVED,NOT_CLEARED,true
lex:B1:win,B1,win,NGSL_1_2_CORE,win,377,EXACT_HEADWORD_FORM_ONLY,SOURCE_LEMMA_ONLY_NOT_SENSE_OR_POS,UNREVIEWED_NOT_SEMANTICALLY_APPROVED,NOT_CLEARED,true
lex:B1:wing,B1,wing,NGSL_1_2_CORE,wing,2009,EXACT_HEADWORD_FORM_ONLY,SOURCE_LEMMA_ONLY_NOT_SENSE_OR_POS,UNREVIEWED_NOT_SEMANTICALLY_APPROVED,NOT_CLEARED,true
lex:B1:within,B1,within,NGSL_1_2_CORE,within,285,EXACT_HEADWORD_FORM_ONLY,SOURCE_LEMMA_ONLY_NOT_SENSE_OR_POS,UNREVIEWED_NOT_SEMANTICALLY_APPROVED,NOT_CLEARED,true
lex:B1:wonder,B1,wonder,NGSL_1_2_CORE,wonder,665,EXACT_HEADWORD_FORM_ONLY,SOURCE_LEMMA_ONLY_NOT_SENSE_OR_POS,UNREVIEWED_NOT_SEMANTICALLY_APPROVED,NOT_CLEARED,true
lex:B1:wool,B1,wool,NGSL_SFI_31K_EXTENSION,wool,4427,EXACT_HEADWORD_FORM_ONLY,SOURCE_LEMMA_ONLY_NOT_SENSE_OR_POS,UNREVIEWED_NOT_SEMANTICALLY_APPROVED,NOT_CLEARED,true
lex:B1:worldwide,B1,worldwide,NGSL_SFI_31K_EXTENSION,worldwide,2507,EXACT_HEADWORD_FORM_ONLY,SOURCE_LEMMA_ONLY_NOT_SENSE_OR_POS,UNREVIEWED_NOT_SEMANTICALLY_APPROVED,NOT_CLEARED,true
lex:B1:worry,B1,worry,NGSL_1_2_CORE,worry,653,EXACT_HEADWORD_FORM_ONLY,SOURCE_LEMMA_ONLY_NOT_SENSE_OR_POS,UNREVIEWED_NOT_SEMANTICALLY_APPROVED,NOT_CLEARED,true
lex:B1:worse,B1,worse,NO_DIRECT_SOURCE_LEMMA,,,NO_DIRECT_MATCH,SOURCE_LEMMA_ONLY_NOT_SENSE_OR_POS,UNREVIEWED_NOT_SEMANTICALLY_APPROVED,NOT_CLEARED,true
lex:B1:worst,B1,worst,NO_DIRECT_SOURCE_LEMMA,,,NO_DIRECT_MATCH,SOURCE_LEMMA_ONLY_NOT_SENSE_OR_POS,UNREVIEWED_NOT_SEMANTICALLY_APPROVED,NOT_CLEARED,true
lex:B1:worth,B1,worth,NGSL_1_2_CORE,worth,816,EXACT_HEADWORD_FORM_ONLY,SOURCE_LEMMA_ONLY_NOT_SENSE_OR_POS,UNREVIEWED_NOT_SEMANTICALLY_APPROVED,NOT_CLEARED,true
lex:B1:written,B1,written,NO_DIRECT_SOURCE_LEMMA,,,NO_DIRECT_MATCH,SOURCE_LEMMA_ONLY_NOT_SENSE_OR_POS,UNREVIEWED_NOT_SEMANTICALLY_APPROVED,NOT_CLEARED,true
lex:B1:wrong,B1,wrong,NGSL_1_2_CORE,wrong,575,EXACT_HEADWORD_FORM_ONLY,SOURCE_LEMMA_ONLY_NOT_SENSE_OR_POS,UNREVIEWED_NOT_SEMANTICALLY_APPROVED,NOT_CLEARED,true
lex:B1:yard,B1,yard,NGSL_1_2_CORE,yard,1667,EXACT_HEADWORD_FORM_ONLY,SOURCE_LEMMA_ONLY_NOT_SENSE_OR_POS,UNREVIEWED_NOT_SEMANTICALLY_APPROVED,NOT_CLEARED,true
lex:B1:young,B1,young,NGSL_1_2_CORE,young,238,EXACT_HEADWORD_FORM_ONLY,SOURCE_LEMMA_ONLY_NOT_SENSE_OR_POS,UNREVIEWED_NOT_SEMANTICALLY_APPROVED,NOT_CLEARED,true
lex:B1:youth,B1,youth,NGSL_1_2_CORE,youth,1603,EXACT_HEADWORD_FORM_ONLY,SOURCE_LEMMA_ONLY_NOT_SENSE_OR_POS,UNREVIEWED_NOT_SEMANTICALLY_APPROVED,NOT_CLEARED,true
lex:B2:abandon,B2,abandon,NGSL_1_2_CORE,abandon,1965,EXACT_HEADWORD_FORM_ONLY,SOURCE_LEMMA_ONLY_NOT_SENSE_OR_POS,UNREVIEWED_NOT_SEMANTICALLY_APPROVED,NOT_CLEARED,true
lex:B2:absolute,B2,absolute,NGSL_1_2_CORE,absolute,2398,EXACT_HEADWORD_FORM_ONLY,SOURCE_LEMMA_ONLY_NOT_SENSE_OR_POS,UNREVIEWED_NOT_SEMANTICALLY_APPROVED,NOT_CLEARED,true
lex:B2:academic,B2,academic,NGSL_1_2_CORE,academic,1751,EXACT_HEADWORD_FORM_ONLY,SOURCE_LEMMA_ONLY_NOT_SENSE_OR_POS,UNREVIEWED_NOT_SEMANTICALLY_APPROVED,NOT_CLEARED,true
lex:B2:acceptable,B2,acceptable,NGSL_1_2_CORE,acceptable,2428,EXACT_HEADWORD_FORM_ONLY,SOURCE_LEMMA_ONLY_NOT_SENSE_OR_POS,UNREVIEWED_NOT_SEMANTICALLY_APPROVED,NOT_CLEARED,true
lex:B2:accompany,B2,accompany,NGSL_1_2_CORE,accompany,1811,EXACT_HEADWORD_FORM_ONLY,SOURCE_LEMMA_ONLY_NOT_SENSE_OR_POS,UNREVIEWED_NOT_SEMANTICALLY_APPROVED,NOT_CLEARED,true
lex:B2:account,B2,account,NGSL_1_2_CORE,account,436,EXACT_HEADWORD_FORM_ONLY,SOURCE_LEMMA_ONLY_NOT_SENSE_OR_POS,UNREVIEWED_NOT_SEMANTICALLY_APPROVED,NOT_CLEARED,true
lex:B2:accurate,B2,accurate,NGSL_1_2_CORE,accurate,2283,EXACT_HEADWORD_FORM_ONLY,SOURCE_LEMMA_ONLY_NOT_SENSE_OR_POS,UNREVIEWED_NOT_SEMANTICALLY_APPROVED,NOT_CLEARED,true
lex:B2:accuse,B2,accuse,NGSL_1_2_CORE,accuse,1755,EXACT_HEADWORD_FORM_ONLY,SOURCE_LEMMA_ONLY_NOT_SENSE_OR_POS,UNREVIEWED_NOT_SEMANTICALLY_APPROVED,NOT_CLEARED,true
lex:B2:acknowledge,B2,acknowledge,NGSL_1_2_CORE,acknowledge,1747,EXACT_HEADWORD_FORM_ONLY,SOURCE_LEMMA_ONLY_NOT_SENSE_OR_POS,UNREVIEWED_NOT_SEMANTICALLY_APPROVED,NOT_CLEARED,true
lex:B2:acquire,B2,acquire,NGSL_1_2_CORE,acquire,1464,EXACT_HEADWORD_FORM_ONLY,SOURCE_LEMMA_ONLY_NOT_SENSE_OR_POS,UNREVIEWED_NOT_SEMANTICALLY_APPROVED,NOT_CLEARED,true
lex:B2:actual,B2,actual,NGSL_1_2_CORE,actual,1335,EXACT_HEADWORD_FORM_ONLY,SOURCE_LEMMA_ONLY_NOT_SENSE_OR_POS,UNREVIEWED_NOT_SEMANTICALLY_APPROVED,NOT_CLEARED,true
lex:B2:adapt,B2,adapt,NGSL_1_2_CORE,adapt,2372,EXACT_HEADWORD_FORM_ONLY,SOURCE_LEMMA_ONLY_NOT_SENSE_OR_POS,UNREVIEWED_NOT_SEMANTICALLY_APPROVED,NOT_CLEARED,true
lex:B2:additional,B2,additional,NGSL_1_2_CORE,additional,1081,EXACT_HEADWORD_FORM_ONLY,SOURCE_LEMMA_ONLY_NOT_SENSE_OR_POS,UNREVIEWED_NOT_SEMANTICALLY_APPROVED,NOT_CLEARED,true
lex:B2:address,B2,address,NGSL_1_2_CORE,address,558,EXACT_HEADWORD_FORM_ONLY,SOURCE_LEMMA_ONLY_NOT_SENSE_OR_POS,UNREVIEWED_NOT_SEMANTICALLY_APPROVED,NOT_CLEARED,true
lex:B2:administration,B2,administration,NGSL_1_2_CORE,administration,1046,EXACT_HEADWORD_FORM_ONLY,SOURCE_LEMMA_ONLY_NOT_SENSE_OR_POS,UNREVIEWED_NOT_SEMANTICALLY_APPROVED,NOT_CLEARED,true
lex:B2:adopt,B2,adopt,NGSL_1_2_CORE,adopt,1243,EXACT_HEADWORD_FORM_ONLY,SOURCE_LEMMA_ONLY_NOT_SENSE_OR_POS,UNREVIEWED_NOT_SEMANTICALLY_APPROVED,NOT_CLEARED,true
lex:B2:advance,B2,advance,NGSL_1_2_CORE,advance,844,EXACT_HEADWORD_FORM_ONLY,SOURCE_LEMMA_ONLY_NOT_SENSE_OR_POS,UNREVIEWED_NOT_SEMANTICALLY_APPROVED,NOT_CLEARED,true
lex:B2:affair,B2,affair,NGSL_1_2_CORE,affair,1448,EXACT_HEADWORD_FORM_ONLY,SOURCE_LEMMA_ONLY_NOT_SENSE_OR_POS,UNREVIEWED_NOT_SEMANTICALLY_APPROVED,NOT_CLEARED,true
lex:B2:afterwards,B2,afterwards,NO_DIRECT_SOURCE_LEMMA,,,NO_DIRECT_MATCH,SOURCE_LEMMA_ONLY_NOT_SENSE_OR_POS,UNREVIEWED_NOT_SEMANTICALLY_APPROVED,NOT_CLEARED,true
lex:B2:agency,B2,agency,NGSL_1_2_CORE,agency,970,EXACT_HEADWORD_FORM_ONLY,SOURCE_LEMMA_ONLY_NOT_SENSE_OR_POS,UNREVIEWED_NOT_SEMANTICALLY_APPROVED,NOT_CLEARED,true
lex:B2:agenda,B2,agenda,NGSL_1_2_CORE,agenda,2030,EXACT_HEADWORD_FORM_ONLY,SOURCE_LEMMA_ONLY_NOT_SENSE_OR_POS,UNREVIEWED_NOT_SEMANTICALLY_APPROVED,NOT_CLEARED,true
lex:B2:aggressive,B2,aggressive,NGSL_1_2_CORE,aggressive,2467,EXACT_HEADWORD_FORM_ONLY,SOURCE_LEMMA_ONLY_NOT_SENSE_OR_POS,UNREVIEWED_NOT_SEMANTICALLY_APPROVED,NOT_CLEARED,true
lex:B2:aid,B2,aid,NGSL_1_2_CORE,aid,1305,EXACT_HEADWORD_FORM_ONLY,SOURCE_LEMMA_ONLY_NOT_SENSE_OR_POS,UNREVIEWED_NOT_SEMANTICALLY_APPROVED,NOT_CLEARED,true
lex:B2:aircraft,B2,aircraft,NGSL_1_2_CORE,aircraft,1832,EXACT_HEADWORD_FORM_ONLY,SOURCE_LEMMA_ONLY_NOT_SENSE_OR_POS,UNREVIEWED_NOT_SEMANTICALLY_APPROVED,NOT_CLEARED,true
lex:B2:alarm,B2,alarm,NGSL_1_2_CORE,alarm,2271,EXACT_HEADWORD_FORM_ONLY,SOURCE_LEMMA_ONLY_NOT_SENSE_OR_POS,UNREVIEWED_NOT_SEMANTICALLY_APPROVED,NOT_CLEARED,true
lex:B2:alter,B2,alter,NGSL_1_2_CORE,alter,2102,EXACT_HEADWORD_FORM_ONLY,SOURCE_LEMMA_ONLY_NOT_SENSE_OR_POS,UNREVIEWED_NOT_SEMANTICALLY_APPROVED,NOT_CLEARED,true
lex:B2:amount,B2,amount,NGSL_1_2_CORE,amount,507,EXACT_HEADWORD_FORM_ONLY,SOURCE_LEMMA_ONLY_NOT_SENSE_OR_POS,UNREVIEWED_NOT_SEMANTICALLY_APPROVED,NOT_CLEARED,true
lex:B2:anger,B2,anger,NGSL_1_2_CORE,anger,2140,EXACT_HEADWORD_FORM_ONLY,SOURCE_LEMMA_ONLY_NOT_SENSE_OR_POS,UNREVIEWED_NOT_SEMANTICALLY_APPROVED,NOT_CLEARED,true
lex:B2:angle,B2,angle,NGSL_1_2_CORE,angle,2338,EXACT_HEADWORD_FORM_ONLY,SOURCE_LEMMA_ONLY_NOT_SENSE_OR_POS,UNREVIEWED_NOT_SEMANTICALLY_APPROVED,NOT_CLEARED,true
lex:B2:anniversary,B2,anniversary,NGSL_SFI_31K_EXTENSION,anniversary,3026,EXACT_HEADWORD_FORM_ONLY,SOURCE_LEMMA_ONLY_NOT_SENSE_OR_POS,UNREVIEWED_NOT_SEMANTICALLY_APPROVED,NOT_CLEARED,true
lex:B2:annual,B2,annual,NGSL_1_2_CORE,annual,1177,EXACT_HEADWORD_FORM_ONLY,SOURCE_LEMMA_ONLY_NOT_SENSE_OR_POS,UNREVIEWED_NOT_SEMANTICALLY_APPROVED,NOT_CLEARED,true
lex:B2:anxious,B2,anxious,NGSL_1_2_CORE,anxious,2666,EXACT_HEADWORD_FORM_ONLY,SOURCE_LEMMA_ONLY_NOT_SENSE_OR_POS,UNREVIEWED_NOT_SEMANTICALLY_APPROVED,NOT_CLEARED,true
lex:B2:apparent,B2,apparent,NGSL_1_2_CORE,apparent,2151,EXACT_HEADWORD_FORM_ONLY,SOURCE_LEMMA_ONLY_NOT_SENSE_OR_POS,UNREVIEWED_NOT_SEMANTICALLY_APPROVED,NOT_CLEARED,true
lex:B2:apparently,B2,apparently,NGSL_1_2_CORE,apparently,1277,EXACT_HEADWORD_FORM_ONLY,SOURCE_LEMMA_ONLY_NOT_SENSE_OR_POS,UNREVIEWED_NOT_SEMANTICALLY_APPROVED,NOT_CLEARED,true
lex:B2:appeal,B2,appeal,NGSL_1_2_CORE,appeal,1073,EXACT_HEADWORD_FORM_ONLY,SOURCE_LEMMA_ONLY_NOT_SENSE_OR_POS,UNREVIEWED_NOT_SEMANTICALLY_APPROVED,NOT_CLEARED,true
lex:B2:approach,B2,approach,NGSL_1_2_CORE,approach,495,EXACT_HEADWORD_FORM_ONLY,SOURCE_LEMMA_ONLY_NOT_SENSE_OR_POS,UNREVIEWED_NOT_SEMANTICALLY_APPROVED,NOT_CLEARED,true
lex:B2:appropriate,B2,appropriate,NGSL_1_2_CORE,appropriate,1019,EXACT_HEADWORD_FORM_ONLY,SOURCE_LEMMA_ONLY_NOT_SENSE_OR_POS,UNREVIEWED_NOT_SEMANTICALLY_APPROVED,NOT_CLEARED,true
lex:B2:approval,B2,approval,NGSL_1_2_CORE,approval,2302,EXACT_HEADWORD_FORM_ONLY,SOURCE_LEMMA_ONLY_NOT_SENSE_OR_POS,UNREVIEWED_NOT_SEMANTICALLY_APPROVED,NOT_CLEARED,true
lex:B2:approve,B2,approve,NGSL_1_2_CORE,approve,1575,EXACT_HEADWORD_FORM_ONLY,SOURCE_LEMMA_ONLY_NOT_SENSE_OR_POS,UNREVIEWED_NOT_SEMANTICALLY_APPROVED,NOT_CLEARED,true
lex:B2:arise,B2,arise,NGSL_1_2_CORE,arise,1629,EXACT_HEADWORD_FORM_ONLY,SOURCE_LEMMA_ONLY_NOT_SENSE_OR_POS,UNREVIEWED_NOT_SEMANTICALLY_APPROVED,NOT_CLEARED,true
lex:B2:armed,B2,armed,NO_DIRECT_SOURCE_LEMMA,,,NO_DIRECT_MATCH,SOURCE_LEMMA_ONLY_NOT_SENSE_OR_POS,UNREVIEWED_NOT_SEMANTICALLY_APPROVED,NOT_CLEARED,true
lex:B2:arms,B2,arms,NO_DIRECT_SOURCE_LEMMA,,,NO_DIRECT_MATCH,SOURCE_LEMMA_ONLY_NOT_SENSE_OR_POS,UNREVIEWED_NOT_SEMANTICALLY_APPROVED,NOT_CLEARED,true
lex:B2:artificial,B2,artificial,NGSL_SFI_31K_EXTENSION,artificial,3332,EXACT_HEADWORD_FORM_ONLY,SOURCE_LEMMA_ONLY_NOT_SENSE_OR_POS,UNREVIEWED_NOT_SEMANTICALLY_APPROVED,NOT_CLEARED,true
lex:B2:artistic,B2,artistic,NGSL_SFI_31K_EXTENSION,artistic,3645,EXACT_HEADWORD_FORM_ONLY,SOURCE_LEMMA_ONLY_NOT_SENSE_OR_POS,UNREVIEWED_NOT_SEMANTICALLY_APPROVED,NOT_CLEARED,true
lex:B2:ashamed,B2,ashamed,NGSL_1_2_CORE,ashamed,2806,EXACT_HEADWORD_FORM_ONLY,SOURCE_LEMMA_ONLY_NOT_SENSE_OR_POS,UNREVIEWED_NOT_SEMANTICALLY_APPROVED,NOT_CLEARED,true
lex:B2:aspect,B2,aspect,NGSL_SFI_31K_EXTENSION,aspect,836,EXACT_HEADWORD_FORM_ONLY,SOURCE_LEMMA_ONLY_NOT_SENSE_OR_POS,UNREVIEWED_NOT_SEMANTICALLY_APPROVED,NOT_CLEARED,true
lex:B2:assess,B2,assess,NGSL_1_2_CORE,assess,1499,EXACT_HEADWORD_FORM_ONLY,SOURCE_LEMMA_ONLY_NOT_SENSE_OR_POS,UNREVIEWED_NOT_SEMANTICALLY_APPROVED,NOT_CLEARED,true
lex:B2:assessment,B2,assessment,NGSL_1_2_CORE,assessment,1475,EXACT_HEADWORD_FORM_ONLY,SOURCE_LEMMA_ONLY_NOT_SENSE_OR_POS,UNREVIEWED_NOT_SEMANTICALLY_APPROVED,NOT_CLEARED,true
lex:B2:associate,B2,associate,NGSL_1_2_CORE,associate,857,EXACT_HEADWORD_FORM_ONLY,SOURCE_LEMMA_ONLY_NOT_SENSE_OR_POS,UNREVIEWED_NOT_SEMANTICALLY_APPROVED,NOT_CLEARED,true
lex:B2:associated,B2,associated,NO_DIRECT_SOURCE_LEMMA,,,NO_DIRECT_MATCH,SOURCE_LEMMA_ONLY_NOT_SENSE_OR_POS,UNREVIEWED_NOT_SEMANTICALLY_APPROVED,NOT_CLEARED,true
lex:B2:association,B2,association,NGSL_1_2_CORE,association,1595,EXACT_HEADWORD_FORM_ONLY,SOURCE_LEMMA_ONLY_NOT_SENSE_OR_POS,UNREVIEWED_NOT_SEMANTICALLY_APPROVED,NOT_CLEARED,true
lex:B2:assume,B2,assume,NGSL_1_2_CORE,assume,870,EXACT_HEADWORD_FORM_ONLY,SOURCE_LEMMA_ONLY_NOT_SENSE_OR_POS,UNREVIEWED_NOT_SEMANTICALLY_APPROVED,NOT_CLEARED,true
lex:B2:attempt,B2,attempt,NGSL_1_2_CORE,attempt,686,EXACT_HEADWORD_FORM_ONLY,SOURCE_LEMMA_ONLY_NOT_SENSE_OR_POS,UNREVIEWED_NOT_SEMANTICALLY_APPROVED,NOT_CLEARED,true
lex:B2:back,B2,back,NGSL_1_2_CORE,back,94,EXACT_HEADWORD_FORM_ONLY,SOURCE_LEMMA_ONLY_NOT_SENSE_OR_POS,UNREVIEWED_NOT_SEMANTICALLY_APPROVED,NOT_CLEARED,true
lex:B2:bacteria,B2,bacteria,NGSL_SFI_31K_EXTENSION,bacteria,3491,EXACT_HEADWORD_FORM_ONLY,SOURCE_LEMMA_ONLY_NOT_SENSE_OR_POS,UNREVIEWED_NOT_SEMANTICALLY_APPROVED,NOT_CLEARED,true
lex:B2:bar,B2,bar,NGSL_1_2_CORE,bar,837,EXACT_HEADWORD_FORM_ONLY,SOURCE_LEMMA_ONLY_NOT_SENSE_OR_POS,UNREVIEWED_NOT_SEMANTICALLY_APPROVED,NOT_CLEARED,true
lex:B2:barrier,B2,barrier,NGSL_1_2_CORE,barrier,2402,EXACT_HEADWORD_FORM_ONLY,SOURCE_LEMMA_ONLY_NOT_SENSE_OR_POS,UNREVIEWED_NOT_SEMANTICALLY_APPROVED,NOT_CLEARED,true
lex:B2:basically,B2,basically,NGSL_1_2_CORE,basically,1435,EXACT_HEADWORD_FORM_ONLY,SOURCE_LEMMA_ONLY_NOT_SENSE_OR_POS,UNREVIEWED_NOT_SEMANTICALLY_APPROVED,NOT_CLEARED,true
lex:B2:battle,B2,battle,NGSL_1_2_CORE,battle,1337,EXACT_HEADWORD_FORM_ONLY,SOURCE_LEMMA_ONLY_NOT_SENSE_OR_POS,UNREVIEWED_NOT_SEMANTICALLY_APPROVED,NOT_CLEARED,true
lex:B2:bear-deal-with,B2,bear (deal with),NGSL_1_2_CORE,bear,455,HEADWORD_NORMALIZED_REQUIRES_REVIEW,SOURCE_LEMMA_ONLY_NOT_SENSE_OR_POS,UNREVIEWED_NOT_SEMANTICALLY_APPROVED,NOT_CLEARED,true
lex:B2:beat,B2,beat,NGSL_1_2_CORE,beat,1035,EXACT_HEADWORD_FORM_ONLY,SOURCE_LEMMA_ONLY_NOT_SENSE_OR_POS,UNREVIEWED_NOT_SEMANTICALLY_APPROVED,NOT_CLEARED,true
lex:B2:beg,B2,beg,NGSL_SFI_31K_EXTENSION,beg,3111,EXACT_HEADWORD_FORM_ONLY,SOURCE_LEMMA_ONLY_NOT_SENSE_OR_POS,UNREVIEWED_NOT_SEMANTICALLY_APPROVED,NOT_CLEARED,true
lex:B2:being,B2,being,NO_DIRECT_SOURCE_LEMMA,,,NO_DIRECT_MATCH,SOURCE_LEMMA_ONLY_NOT_SENSE_OR_POS,UNREVIEWED_NOT_SEMANTICALLY_APPROVED,NOT_CLEARED,true
lex:B2:bent,B2,bent,NO_DIRECT_SOURCE_LEMMA,,,NO_DIRECT_MATCH,SOURCE_LEMMA_ONLY_NOT_SENSE_OR_POS,UNREVIEWED_NOT_SEMANTICALLY_APPROVED,NOT_CLEARED,true
lex:B2:bet,B2,bet,NGSL_1_2_CORE,bet,1958,EXACT_HEADWORD_FORM_ONLY,SOURCE_LEMMA_ONLY_NOT_SENSE_OR_POS,UNREVIEWED_NOT_SEMANTICALLY_APPROVED,NOT_CLEARED,true
lex:B2:beyond,B2,beyond,NGSL_1_2_CORE,beyond,826,EXACT_HEADWORD_FORM_ONLY,SOURCE_LEMMA_ONLY_NOT_SENSE_OR_POS,UNREVIEWED_NOT_SEMANTICALLY_APPROVED,NOT_CLEARED,true
lex:B2:bill,B2,bill,NGSL_1_2_CORE,bill,888,EXACT_HEADWORD_FORM_ONLY,SOURCE_LEMMA_ONLY_NOT_SENSE_OR_POS,UNREVIEWED_NOT_SEMANTICALLY_APPROVED,NOT_CLEARED,true
lex:B2:bitter,B2,bitter,NGSL_SFI_31K_EXTENSION,bitter,3157,EXACT_HEADWORD_FORM_ONLY,SOURCE_LEMMA_ONLY_NOT_SENSE_OR_POS,UNREVIEWED_NOT_SEMANTICALLY_APPROVED,NOT_CLEARED,true
lex:B2:blame,B2,blame,NGSL_1_2_CORE,blame,1627,EXACT_HEADWORD_FORM_ONLY,SOURCE_LEMMA_ONLY_NOT_SENSE_OR_POS,UNREVIEWED_NOT_SEMANTICALLY_APPROVED,NOT_CLEARED,true
lex:B2:blind,B2,blind,NGSL_1_2_CORE,blind,2263,EXACT_HEADWORD_FORM_ONLY,SOURCE_LEMMA_ONLY_NOT_SENSE_OR_POS,UNREVIEWED_NOT_SEMANTICALLY_APPROVED,NOT_CLEARED,true
lex:B2:bond,B2,bond,NGSL_1_2_CORE,bond,1513,EXACT_HEADWORD_FORM_ONLY,SOURCE_LEMMA_ONLY_NOT_SENSE_OR_POS,UNREVIEWED_NOT_SEMANTICALLY_APPROVED,NOT_CLEARED,true
lex:B2:border,B2,border,NGSL_1_2_CORE,border,1473,EXACT_HEADWORD_FORM_ONLY,SOURCE_LEMMA_ONLY_NOT_SENSE_OR_POS,UNREVIEWED_NOT_SEMANTICALLY_APPROVED,NOT_CLEARED,true
lex:B2:breast,B2,breast,NGSL_1_2_CORE,breast,1900,EXACT_HEADWORD_FORM_ONLY,SOURCE_LEMMA_ONLY_NOT_SENSE_OR_POS,UNREVIEWED_NOT_SEMANTICALLY_APPROVED,NOT_CLEARED,true
lex:B2:brief,B2,brief,NGSL_1_2_CORE,brief,1270,EXACT_HEADWORD_FORM_ONLY,SOURCE_LEMMA_ONLY_NOT_SENSE_OR_POS,UNREVIEWED_NOT_SEMANTICALLY_APPROVED,NOT_CLEARED,true
lex:B2:broad,B2,broad,NGSL_1_2_CORE,broad,1330,EXACT_HEADWORD_FORM_ONLY,SOURCE_LEMMA_ONLY_NOT_SENSE_OR_POS,UNREVIEWED_NOT_SEMANTICALLY_APPROVED,NOT_CLEARED,true
lex:B2:broadcast,B2,broadcast,NGSL_1_2_CORE,broadcast,2260,EXACT_HEADWORD_FORM_ONLY,SOURCE_LEMMA_ONLY_NOT_SENSE_OR_POS,UNREVIEWED_NOT_SEMANTICALLY_APPROVED,NOT_CLEARED,true
lex:B2:budget,B2,budget,NGSL_1_2_CORE,budget,1016,EXACT_HEADWORD_FORM_ONLY,SOURCE_LEMMA_ONLY_NOT_SENSE_OR_POS,UNREVIEWED_NOT_SEMANTICALLY_APPROVED,NOT_CLEARED,true
lex:B2:bullet,B2,bullet,NGSL_SFI_31K_EXTENSION,bullet,3516,EXACT_HEADWORD_FORM_ONLY,SOURCE_LEMMA_ONLY_NOT_SENSE_OR_POS,UNREVIEWED_NOT_SEMANTICALLY_APPROVED,NOT_CLEARED,true
lex:B2:bunch,B2,bunch,NGSL_1_2_CORE,bunch,2612,EXACT_HEADWORD_FORM_ONLY,SOURCE_LEMMA_ONLY_NOT_SENSE_OR_POS,UNREVIEWED_NOT_SEMANTICALLY_APPROVED,NOT_CLEARED,true
lex:B2:burn,B2,burn,NGSL_1_2_CORE,burn,1280,EXACT_HEADWORD_FORM_ONLY,SOURCE_LEMMA_ONLY_NOT_SENSE_OR_POS,UNREVIEWED_NOT_SEMANTICALLY_APPROVED,NOT_CLEARED,true
lex:B2:bush,B2,bush,NGSL_SFI_31K_EXTENSION,bush,3670,EXACT_HEADWORD_FORM_ONLY,SOURCE_LEMMA_ONLY_NOT_SENSE_OR_POS,UNREVIEWED_NOT_SEMANTICALLY_APPROVED,NOT_CLEARED,true
lex:B2:but,B2,but,NGSL_1_2_CORE,but,25,EXACT_HEADWORD_FORM_ONLY,SOURCE_LEMMA_ONLY_NOT_SENSE_OR_POS,UNREVIEWED_NOT_SEMANTICALLY_APPROVED,NOT_CLEARED,true
lex:B2:cable,B2,cable,NGSL_1_2_CORE,cable,2076,EXACT_HEADWORD_FORM_ONLY,SOURCE_LEMMA_ONLY_NOT_SENSE_OR_POS,UNREVIEWED_NOT_SEMANTICALLY_APPROVED,NOT_CLEARED,true
lex:B2:calculate,B2,calculate,NGSL_1_2_CORE,calculate,1925,EXACT_HEADWORD_FORM_ONLY,SOURCE_LEMMA_ONLY_NOT_SENSE_OR_POS,UNREVIEWED_NOT_SEMANTICALLY_APPROVED,NOT_CLEARED,true
lex:B2:cancel,B2,cancel,NGSL_1_2_CORE,cancel,2390,EXACT_HEADWORD_FORM_ONLY,SOURCE_LEMMA_ONLY_NOT_SENSE_OR_POS,UNREVIEWED_NOT_SEMANTICALLY_APPROVED,NOT_CLEARED,true
lex:B2:cancer,B2,cancer,NGSL_1_2_CORE,cancer,1357,EXACT_HEADWORD_FORM_ONLY,SOURCE_LEMMA_ONLY_NOT_SENSE_OR_POS,UNREVIEWED_NOT_SEMANTICALLY_APPROVED,NOT_CLEARED,true
lex:B2:capable,B2,capable,NGSL_1_2_CORE,capable,1885,EXACT_HEADWORD_FORM_ONLY,SOURCE_LEMMA_ONLY_NOT_SENSE_OR_POS,UNREVIEWED_NOT_SEMANTICALLY_APPROVED,NOT_CLEARED,true
lex:B2:capacity,B2,capacity,NGSL_1_2_CORE,capacity,1472,EXACT_HEADWORD_FORM_ONLY,SOURCE_LEMMA_ONLY_NOT_SENSE_OR_POS,UNREVIEWED_NOT_SEMANTICALLY_APPROVED,NOT_CLEARED,true
lex:B2:capture,B2,capture,NGSL_1_2_CORE,capture,1658,EXACT_HEADWORD_FORM_ONLY,SOURCE_LEMMA_ONLY_NOT_SENSE_OR_POS,UNREVIEWED_NOT_SEMANTICALLY_APPROVED,NOT_CLEARED,true
lex:B2:cast,B2,cast,NGSL_1_2_CORE,cast,1618,EXACT_HEADWORD_FORM_ONLY,SOURCE_LEMMA_ONLY_NOT_SENSE_OR_POS,UNREVIEWED_NOT_SEMANTICALLY_APPROVED,NOT_CLEARED,true
lex:B2:catch,B2,catch,NGSL_1_2_CORE,catch,683,EXACT_HEADWORD_FORM_ONLY,SOURCE_LEMMA_ONLY_NOT_SENSE_OR_POS,UNREVIEWED_NOT_SEMANTICALLY_APPROVED,NOT_CLEARED,true
lex:B2:cell,B2,cell,NGSL_1_2_CORE,cell,629,EXACT_HEADWORD_FORM_ONLY,SOURCE_LEMMA_ONLY_NOT_SENSE_OR_POS,UNREVIEWED_NOT_SEMANTICALLY_APPROVED,NOT_CLEARED,true
lex:B2:chain,B2,chain,NGSL_1_2_CORE,chain,1518,EXACT_HEADWORD_FORM_ONLY,SOURCE_LEMMA_ONLY_NOT_SENSE_OR_POS,UNREVIEWED_NOT_SEMANTICALLY_APPROVED,NOT_CLEARED,true
lex:B2:chair,B2,chair,NGSL_1_2_CORE,chair,1060,EXACT_HEADWORD_FORM_ONLY,SOURCE_LEMMA_ONLY_NOT_SENSE_OR_POS,UNREVIEWED_NOT_SEMANTICALLY_APPROVED,NOT_CLEARED,true
lex:B2:chairman,B2,chairman,NGSL_1_2_CORE,chairman,1662,EXACT_HEADWORD_FORM_ONLY,SOURCE_LEMMA_ONLY_NOT_SENSE_OR_POS,UNREVIEWED_NOT_SEMANTICALLY_APPROVED,NOT_CLEARED,true
lex:B2:challenge,B2,challenge,NGSL_1_2_CORE,challenge,766,EXACT_HEADWORD_FORM_ONLY,SOURCE_LEMMA_ONLY_NOT_SENSE_OR_POS,UNREVIEWED_NOT_SEMANTICALLY_APPROVED,NOT_CLEARED,true
lex:B2:characteristic,B2,characteristic,NGSL_1_2_CORE,characteristic,1582,EXACT_HEADWORD_FORM_ONLY,SOURCE_LEMMA_ONLY_NOT_SENSE_OR_POS,UNREVIEWED_NOT_SEMANTICALLY_APPROVED,NOT_CLEARED,true
lex:B2:chart,B2,chart,NGSL_1_2_CORE,chart,1741,EXACT_HEADWORD_FORM_ONLY,SOURCE_LEMMA_ONLY_NOT_SENSE_OR_POS,UNREVIEWED_NOT_SEMANTICALLY_APPROVED,NOT_CLEARED,true
lex:B2:chief,B2,chief,NGSL_1_2_CORE,chief,1155,EXACT_HEADWORD_FORM_ONLY,SOURCE_LEMMA_ONLY_NOT_SENSE_OR_POS,UNREVIEWED_NOT_SEMANTICALLY_APPROVED,NOT_CLEARED,true
lex:B2:circumstance,B2,circumstance,NGSL_1_2_CORE,circumstance,1229,EXACT_HEADWORD_FORM_ONLY,SOURCE_LEMMA_ONLY_NOT_SENSE_OR_POS,UNREVIEWED_NOT_SEMANTICALLY_APPROVED,NOT_CLEARED,true
lex:B2:cite,B2,cite,NGSL_1_2_CORE,cite,2277,EXACT_HEADWORD_FORM_ONLY,SOURCE_LEMMA_ONLY_NOT_SENSE_OR_POS,UNREVIEWED_NOT_SEMANTICALLY_APPROVED,NOT_CLEARED,true
lex:B2:citizen,B2,citizen,NGSL_1_2_CORE,citizen,1451,EXACT_HEADWORD_FORM_ONLY,SOURCE_LEMMA_ONLY_NOT_SENSE_OR_POS,UNREVIEWED_NOT_SEMANTICALLY_APPROVED,NOT_CLEARED,true
lex:B2:civil,B2,civil,NGSL_1_2_CORE,civil,1449,EXACT_HEADWORD_FORM_ONLY,SOURCE_LEMMA_ONLY_NOT_SENSE_OR_POS,UNREVIEWED_NOT_SEMANTICALLY_APPROVED,NOT_CLEARED,true
lex:B2:classic,B2,classic,NGSL_1_2_CORE,classic,1875,EXACT_HEADWORD_FORM_ONLY,SOURCE_LEMMA_ONLY_NOT_SENSE_OR_POS,UNREVIEWED_NOT_SEMANTICALLY_APPROVED,NOT_CLEARED,true
lex:B2:close,B2,close¹,NGSL_1_2_CORE,close,239,HEADWORD_NORMALIZED_REQUIRES_REVIEW,SOURCE_LEMMA_ONLY_NOT_SENSE_OR_POS,UNREVIEWED_NOT_SEMANTICALLY_APPROVED,NOT_CLEARED,true
lex:B2:closely,B2,closely,NGSL_1_2_CORE,closely,1731,EXACT_HEADWORD_FORM_ONLY,SOURCE_LEMMA_ONLY_NOT_SENSE_OR_POS,UNREVIEWED_NOT_SEMANTICALLY_APPROVED,NOT_CLEARED,true
lex:B2:collapse,B2,collapse,NGSL_1_2_CORE,collapse,1879,EXACT_HEADWORD_FORM_ONLY,SOURCE_LEMMA_ONLY_NOT_SENSE_OR_POS,UNREVIEWED_NOT_SEMANTICALLY_APPROVED,NOT_CLEARED,true
lex:B2:combination,B2,combination,NGSL_1_2_CORE,combination,1552,EXACT_HEADWORD_FORM_ONLY,SOURCE_LEMMA_ONLY_NOT_SENSE_OR_POS,UNREVIEWED_NOT_SEMANTICALLY_APPROVED,NOT_CLEARED,true
lex:B2:comfort,B2,comfort,NGSL_1_2_CORE,comfort,1945,EXACT_HEADWORD_FORM_ONLY,SOURCE_LEMMA_ONLY_NOT_SENSE_OR_POS,UNREVIEWED_NOT_SEMANTICALLY_APPROVED,NOT_CLEARED,true
lex:B2:command,B2,command,NGSL_1_2_CORE,command,1714,EXACT_HEADWORD_FORM_ONLY,SOURCE_LEMMA_ONLY_NOT_SENSE_OR_POS,UNREVIEWED_NOT_SEMANTICALLY_APPROVED,NOT_CLEARED,true
lex:B2:commission,B2,commission,NGSL_1_2_CORE,commission,1593,EXACT_HEADWORD_FORM_ONLY,SOURCE_LEMMA_ONLY_NOT_SENSE_OR_POS,UNREVIEWED_NOT_SEMANTICALLY_APPROVED,NOT_CLEARED,true
lex:B2:commitment,B2,commitment,NGSL_1_2_CORE,commitment,1507,EXACT_HEADWORD_FORM_ONLY,SOURCE_LEMMA_ONLY_NOT_SENSE_OR_POS,UNREVIEWED_NOT_SEMANTICALLY_APPROVED,NOT_CLEARED,true
lex:B2:committee,B2,committee,NGSL_1_2_CORE,committee,1038,EXACT_HEADWORD_FORM_ONLY,SOURCE_LEMMA_ONLY_NOT_SENSE_OR_POS,UNREVIEWED_NOT_SEMANTICALLY_APPROVED,NOT_CLEARED,true
lex:B2:commonly,B2,commonly,NGSL_SFI_31K_EXTENSION,commonly,3002,EXACT_HEADWORD_FORM_ONLY,SOURCE_LEMMA_ONLY_NOT_SENSE_OR_POS,UNREVIEWED_NOT_SEMANTICALLY_APPROVED,NOT_CLEARED,true
lex:B2:complex,B2,complex,NGSL_1_2_CORE,complex,1047,EXACT_HEADWORD_FORM_ONLY,SOURCE_LEMMA_ONLY_NOT_SENSE_OR_POS,UNREVIEWED_NOT_SEMANTICALLY_APPROVED,NOT_CLEARED,true
lex:B2:complicated,B2,complicated,NO_DIRECT_SOURCE_LEMMA,,,NO_DIRECT_MATCH,SOURCE_LEMMA_ONLY_NOT_SENSE_OR_POS,UNREVIEWED_NOT_SEMANTICALLY_APPROVED,NOT_CLEARED,true
lex:B2:component,B2,component,NGSL_1_2_CORE,component,1487,EXACT_HEADWORD_FORM_ONLY,SOURCE_LEMMA_ONLY_NOT_SENSE_OR_POS,UNREVIEWED_NOT_SEMANTICALLY_APPROVED,NOT_CLEARED,true
lex:B2:concentration,B2,concentration,NGSL_1_2_CORE,concentration,1870,EXACT_HEADWORD_FORM_ONLY,SOURCE_LEMMA_ONLY_NOT_SENSE_OR_POS,UNREVIEWED_NOT_SEMANTICALLY_APPROVED,NOT_CLEARED,true
lex:B2:concept,B2,concept,NGSL_1_2_CORE,concept,1213,EXACT_HEADWORD_FORM_ONLY,SOURCE_LEMMA_ONLY_NOT_SENSE_OR_POS,UNREVIEWED_NOT_SEMANTICALLY_APPROVED,NOT_CLEARED,true
lex:B2:concern,B2,concern,NGSL_1_2_CORE,concern,303,EXACT_HEADWORD_FORM_ONLY,SOURCE_LEMMA_ONLY_NOT_SENSE_OR_POS,UNREVIEWED_NOT_SEMANTICALLY_APPROVED,NOT_CLEARED,true
lex:B2:concerned,B2,concerned,NO_DIRECT_SOURCE_LEMMA,,,NO_DIRECT_MATCH,SOURCE_LEMMA_ONLY_NOT_SENSE_OR_POS,UNREVIEWED_NOT_SEMANTICALLY_APPROVED,NOT_CLEARED,true
lex:B2:conduct,B2,conduct,NGSL_1_2_CORE,conduct,1054,EXACT_HEADWORD_FORM_ONLY,SOURCE_LEMMA_ONLY_NOT_SENSE_OR_POS,UNREVIEWED_NOT_SEMANTICALLY_APPROVED,NOT_CLEARED,true
lex:B2:confidence,B2,confidence,NGSL_1_2_CORE,confidence,1493,EXACT_HEADWORD_FORM_ONLY,SOURCE_LEMMA_ONLY_NOT_SENSE_OR_POS,UNREVIEWED_NOT_SEMANTICALLY_APPROVED,NOT_CLEARED,true
lex:B2:conflict,B2,conflict,NGSL_1_2_CORE,conflict,1184,EXACT_HEADWORD_FORM_ONLY,SOURCE_LEMMA_ONLY_NOT_SENSE_OR_POS,UNREVIEWED_NOT_SEMANTICALLY_APPROVED,NOT_CLEARED,true
lex:B2:confusing,B2,confusing,NO_DIRECT_SOURCE_LEMMA,,,NO_DIRECT_MATCH,SOURCE_LEMMA_ONLY_NOT_SENSE_OR_POS,UNREVIEWED_NOT_SEMANTICALLY_APPROVED,NOT_CLEARED,true
lex:B2:conscious,B2,conscious,NGSL_SFI_31K_EXTENSION,conscious,2875,EXACT_HEADWORD_FORM_ONLY,SOURCE_LEMMA_ONLY_NOT_SENSE_OR_POS,UNREVIEWED_NOT_SEMANTICALLY_APPROVED,NOT_CLEARED,true
lex:B2:conservative,B2,conservative,NGSL_1_2_CORE,conservative,1620,EXACT_HEADWORD_FORM_ONLY,SOURCE_LEMMA_ONLY_NOT_SENSE_OR_POS,UNREVIEWED_NOT_SEMANTICALLY_APPROVED,NOT_CLEARED,true
lex:B2:consideration,B2,consideration,NGSL_1_2_CORE,consideration,1344,EXACT_HEADWORD_FORM_ONLY,SOURCE_LEMMA_ONLY_NOT_SENSE_OR_POS,UNREVIEWED_NOT_SEMANTICALLY_APPROVED,NOT_CLEARED,true
lex:B2:consistent,B2,consistent,NGSL_1_2_CORE,consistent,1942,EXACT_HEADWORD_FORM_ONLY,SOURCE_LEMMA_ONLY_NOT_SENSE_OR_POS,UNREVIEWED_NOT_SEMANTICALLY_APPROVED,NOT_CLEARED,true
lex:B2:constant,B2,constant,NGSL_1_2_CORE,constant,1668,EXACT_HEADWORD_FORM_ONLY,SOURCE_LEMMA_ONLY_NOT_SENSE_OR_POS,UNREVIEWED_NOT_SEMANTICALLY_APPROVED,NOT_CLEARED,true
lex:B2:constantly,B2,constantly,NGSL_1_2_CORE,constantly,2154,EXACT_HEADWORD_FORM_ONLY,SOURCE_LEMMA_ONLY_NOT_SENSE_OR_POS,UNREVIEWED_NOT_SEMANTICALLY_APPROVED,NOT_CLEARED,true
lex:B2:construct,B2,construct,NGSL_1_2_CORE,construct,1759,EXACT_HEADWORD_FORM_ONLY,SOURCE_LEMMA_ONLY_NOT_SENSE_OR_POS,UNREVIEWED_NOT_SEMANTICALLY_APPROVED,NOT_CLEARED,true
lex:B2:construction,B2,construction,NGSL_1_2_CORE,construction,1400,EXACT_HEADWORD_FORM_ONLY,SOURCE_LEMMA_ONLY_NOT_SENSE_OR_POS,UNREVIEWED_NOT_SEMANTICALLY_APPROVED,NOT_CLEARED,true
lex:B2:contemporary,B2,contemporary,NGSL_1_2_CORE,contemporary,2059,EXACT_HEADWORD_FORM_ONLY,SOURCE_LEMMA_ONLY_NOT_SENSE_OR_POS,UNREVIEWED_NOT_SEMANTICALLY_APPROVED,NOT_CLEARED,true
lex:B2:contest,B2,contest,NGSL_1_2_CORE,contest,2462,EXACT_HEADWORD_FORM_ONLY,SOURCE_LEMMA_ONLY_NOT_SENSE_OR_POS,UNREVIEWED_NOT_SEMANTICALLY_APPROVED,NOT_CLEARED,true
lex:B2:contract,B2,contract,NGSL_1_2_CORE,contract,714,EXACT_HEADWORD_FORM_ONLY,SOURCE_LEMMA_ONLY_NOT_SENSE_OR_POS,UNREVIEWED_NOT_SEMANTICALLY_APPROVED,NOT_CLEARED,true
lex:B2:contribute,B2,contribute,NGSL_1_2_CORE,contribute,1238,EXACT_HEADWORD_FORM_ONLY,SOURCE_LEMMA_ONLY_NOT_SENSE_OR_POS,UNREVIEWED_NOT_SEMANTICALLY_APPROVED,NOT_CLEARED,true
lex:B2:contribution,B2,contribution,NGSL_1_2_CORE,contribution,1273,EXACT_HEADWORD_FORM_ONLY,SOURCE_LEMMA_ONLY_NOT_SENSE_OR_POS,UNREVIEWED_NOT_SEMANTICALLY_APPROVED,NOT_CLEARED,true
lex:B2:convert,B2,convert,NGSL_1_2_CORE,convert,2110,EXACT_HEADWORD_FORM_ONLY,SOURCE_LEMMA_ONLY_NOT_SENSE_OR_POS,UNREVIEWED_NOT_SEMANTICALLY_APPROVED,NOT_CLEARED,true
lex:B2:convinced,B2,convinced,NO_DIRECT_SOURCE_LEMMA,,,NO_DIRECT_MATCH,SOURCE_LEMMA_ONLY_NOT_SENSE_OR_POS,UNREVIEWED_NOT_SEMANTICALLY_APPROVED,NOT_CLEARED,true
lex:B2:core,B2,core,NGSL_1_2_CORE,core,1830,EXACT_HEADWORD_FORM_ONLY,SOURCE_LEMMA_ONLY_NOT_SENSE_OR_POS,UNREVIEWED_NOT_SEMANTICALLY_APPROVED,NOT_CLEARED,true
lex:B2:corporate,B2,corporate,NGSL_1_2_CORE,corporate,1465,EXACT_HEADWORD_FORM_ONLY,SOURCE_LEMMA_ONLY_NOT_SENSE_OR_POS,UNREVIEWED_NOT_SEMANTICALLY_APPROVED,NOT_CLEARED,true
lex:B2:council,B2,council,NGSL_1_2_CORE,council,1422,EXACT_HEADWORD_FORM_ONLY,SOURCE_LEMMA_ONLY_NOT_SENSE_OR_POS,UNREVIEWED_NOT_SEMANTICALLY_APPROVED,NOT_CLEARED,true
lex:B2:county,B2,county,NGSL_1_2_CORE,county,1736,EXACT_HEADWORD_FORM_ONLY,SOURCE_LEMMA_ONLY_NOT_SENSE_OR_POS,UNREVIEWED_NOT_SEMANTICALLY_APPROVED,NOT_CLEARED,true
lex:B2:courage,B2,courage,NGSL_SFI_31K_EXTENSION,courage,3137,EXACT_HEADWORD_FORM_ONLY,SOURCE_LEMMA_ONLY_NOT_SENSE_OR_POS,UNREVIEWED_NOT_SEMANTICALLY_APPROVED,NOT_CLEARED,true
lex:B2:crash,B2,crash,NGSL_1_2_CORE,crash,1867,EXACT_HEADWORD_FORM_ONLY,SOURCE_LEMMA_ONLY_NOT_SENSE_OR_POS,UNREVIEWED_NOT_SEMANTICALLY_APPROVED,NOT_CLEARED,true
lex:B2:creation,B2,creation,NGSL_1_2_CORE,creation,1929,EXACT_HEADWORD_FORM_ONLY,SOURCE_LEMMA_ONLY_NOT_SENSE_OR_POS,UNREVIEWED_NOT_SEMANTICALLY_APPROVED,NOT_CLEARED,true
lex:B2:creature,B2,creature,NGSL_1_2_CORE,creature,2526,EXACT_HEADWORD_FORM_ONLY,SOURCE_LEMMA_ONLY_NOT_SENSE_OR_POS,UNREVIEWED_NOT_SEMANTICALLY_APPROVED,NOT_CLEARED,true
lex:B2:credit,B2,credit,NGSL_1_2_CORE,credit,944,EXACT_HEADWORD_FORM_ONLY,SOURCE_LEMMA_ONLY_NOT_SENSE_OR_POS,UNREVIEWED_NOT_SEMANTICALLY_APPROVED,NOT_CLEARED,true
lex:B2:crew,B2,crew,NGSL_1_2_CORE,crew,2095,EXACT_HEADWORD_FORM_ONLY,SOURCE_LEMMA_ONLY_NOT_SENSE_OR_POS,UNREVIEWED_NOT_SEMANTICALLY_APPROVED,NOT_CLEARED,true
lex:B2:crisis,B2,crisis,NGSL_1_2_CORE,crisis,1302,EXACT_HEADWORD_FORM_ONLY,SOURCE_LEMMA_ONLY_NOT_SENSE_OR_POS,UNREVIEWED_NOT_SEMANTICALLY_APPROVED,NOT_CLEARED,true
lex:B2:criterion,B2,criterion,NO_DIRECT_SOURCE_LEMMA,,,NO_DIRECT_MATCH,SOURCE_LEMMA_ONLY_NOT_SENSE_OR_POS,UNREVIEWED_NOT_SEMANTICALLY_APPROVED,NOT_CLEARED,true
lex:B2:critic,B2,critic,NGSL_1_2_CORE,critic,1778,EXACT_HEADWORD_FORM_ONLY,SOURCE_LEMMA_ONLY_NOT_SENSE_OR_POS,UNREVIEWED_NOT_SEMANTICALLY_APPROVED,NOT_CLEARED,true
lex:B2:critical,B2,critical,NGSL_1_2_CORE,critical,1285,EXACT_HEADWORD_FORM_ONLY,SOURCE_LEMMA_ONLY_NOT_SENSE_OR_POS,UNREVIEWED_NOT_SEMANTICALLY_APPROVED,NOT_CLEARED,true
lex:B2:criticism,B2,criticism,NGSL_1_2_CORE,criticism,1956,EXACT_HEADWORD_FORM_ONLY,SOURCE_LEMMA_ONLY_NOT_SENSE_OR_POS,UNREVIEWED_NOT_SEMANTICALLY_APPROVED,NOT_CLEARED,true
lex:B2:criticize,B2,criticize,NGSL_1_2_CORE,criticize,2296,EXACT_HEADWORD_FORM_ONLY,SOURCE_LEMMA_ONLY_NOT_SENSE_OR_POS,UNREVIEWED_NOT_SEMANTICALLY_APPROVED,NOT_CLEARED,true
lex:B2:crop,B2,crop,NGSL_1_2_CORE,crop,1986,EXACT_HEADWORD_FORM_ONLY,SOURCE_LEMMA_ONLY_NOT_SENSE_OR_POS,UNREVIEWED_NOT_SEMANTICALLY_APPROVED,NOT_CLEARED,true
lex:B2:crucial,B2,crucial,NGSL_1_2_CORE,crucial,1983,EXACT_HEADWORD_FORM_ONLY,SOURCE_LEMMA_ONLY_NOT_SENSE_OR_POS,UNREVIEWED_NOT_SEMANTICALLY_APPROVED,NOT_CLEARED,true
lex:B2:cry,B2,cry,NGSL_1_2_CORE,cry,1202,EXACT_HEADWORD_FORM_ONLY,SOURCE_LEMMA_ONLY_NOT_SENSE_OR_POS,UNREVIEWED_NOT_SEMANTICALLY_APPROVED,NOT_CLEARED,true
lex:B2:cure,B2,cure,NGSL_SFI_31K_EXTENSION,cure,2865,EXACT_HEADWORD_FORM_ONLY,SOURCE_LEMMA_ONLY_NOT_SENSE_OR_POS,UNREVIEWED_NOT_SEMANTICALLY_APPROVED,NOT_CLEARED,true
lex:B2:current,B2,current,NGSL_1_2_CORE,current,590,EXACT_HEADWORD_FORM_ONLY,SOURCE_LEMMA_ONLY_NOT_SENSE_OR_POS,UNREVIEWED_NOT_SEMANTICALLY_APPROVED,NOT_CLEARED,true
lex:B2:curve,B2,curve,NGSL_1_2_CORE,curve,2220,EXACT_HEADWORD_FORM_ONLY,SOURCE_LEMMA_ONLY_NOT_SENSE_OR_POS,UNREVIEWED_NOT_SEMANTICALLY_APPROVED,NOT_CLEARED,true
lex:B2:curved,B2,curved,NO_DIRECT_SOURCE_LEMMA,,,NO_DIRECT_MATCH,SOURCE_LEMMA_ONLY_NOT_SENSE_OR_POS,UNREVIEWED_NOT_SEMANTICALLY_APPROVED,NOT_CLEARED,true
lex:B2:date,B2,date,NGSL_1_2_CORE,date,483,EXACT_HEADWORD_FORM_ONLY,SOURCE_LEMMA_ONLY_NOT_SENSE_OR_POS,UNREVIEWED_NOT_SEMANTICALLY_APPROVED,NOT_CLEARED,true
lex:B2:debate,B2,debate,NGSL_1_2_CORE,debate,938,EXACT_HEADWORD_FORM_ONLY,SOURCE_LEMMA_ONLY_NOT_SENSE_OR_POS,UNREVIEWED_NOT_SEMANTICALLY_APPROVED,NOT_CLEARED,true
lex:B2:debt,B2,debt,NGSL_1_2_CORE,debt,1624,EXACT_HEADWORD_FORM_ONLY,SOURCE_LEMMA_ONLY_NOT_SENSE_OR_POS,UNREVIEWED_NOT_SEMANTICALLY_APPROVED,NOT_CLEARED,true
lex:B2:decent,B2,decent,NGSL_SFI_31K_EXTENSION,decent,2925,EXACT_HEADWORD_FORM_ONLY,SOURCE_LEMMA_ONLY_NOT_SENSE_OR_POS,UNREVIEWED_NOT_SEMANTICALLY_APPROVED,NOT_CLEARED,true
lex:B2:declare,B2,declare,NGSL_1_2_CORE,declare,1634,EXACT_HEADWORD_FORM_ONLY,SOURCE_LEMMA_ONLY_NOT_SENSE_OR_POS,UNREVIEWED_NOT_SEMANTICALLY_APPROVED,NOT_CLEARED,true
lex:B2:decline,B2,decline,NGSL_1_2_CORE,decline,1129,EXACT_HEADWORD_FORM_ONLY,SOURCE_LEMMA_ONLY_NOT_SENSE_OR_POS,UNREVIEWED_NOT_SEMANTICALLY_APPROVED,NOT_CLEARED,true
lex:B2:decoration,B2,decoration,NGSL_SFI_31K_EXTENSION,decoration,4375,EXACT_HEADWORD_FORM_ONLY,SOURCE_LEMMA_ONLY_NOT_SENSE_OR_POS,UNREVIEWED_NOT_SEMANTICALLY_APPROVED,NOT_CLEARED,true
lex:B2:decrease,B2,decrease,NGSL_1_2_CORE,decrease,1420,EXACT_HEADWORD_FORM_ONLY,SOURCE_LEMMA_ONLY_NOT_SENSE_OR_POS,UNREVIEWED_NOT_SEMANTICALLY_APPROVED,NOT_CLEARED,true
lex:B2:deeply,B2,deeply,NGSL_1_2_CORE,deeply,2012,EXACT_HEADWORD_FORM_ONLY,SOURCE_LEMMA_ONLY_NOT_SENSE_OR_POS,UNREVIEWED_NOT_SEMANTICALLY_APPROVED,NOT_CLEARED,true
lex:B2:defeat,B2,defeat,NGSL_1_2_CORE,defeat,1886,EXACT_HEADWORD_FORM_ONLY,SOURCE_LEMMA_ONLY_NOT_SENSE_OR_POS,UNREVIEWED_NOT_SEMANTICALLY_APPROVED,NOT_CLEARED,true
lex:B2:defence,B2,defence,NO_DIRECT_SOURCE_LEMMA,,,NO_DIRECT_MATCH,SOURCE_LEMMA_ONLY_NOT_SENSE_OR_POS,UNREVIEWED_NOT_SEMANTICALLY_APPROVED,NOT_CLEARED,true
lex:B2:defend,B2,defend,NGSL_1_2_CORE,defend,1874,EXACT_HEADWORD_FORM_ONLY,SOURCE_LEMMA_ONLY_NOT_SENSE_OR_POS,UNREVIEWED_NOT_SEMANTICALLY_APPROVED,NOT_CLEARED,true
lex:B2:delay,B2,delay,NGSL_1_2_CORE,delay,1310,EXACT_HEADWORD_FORM_ONLY,SOURCE_LEMMA_ONLY_NOT_SENSE_OR_POS,UNREVIEWED_NOT_SEMANTICALLY_APPROVED,NOT_CLEARED,true
lex:B2:deliberate,B2,deliberate,NGSL_SFI_31K_EXTENSION,deliberate,4303,EXACT_HEADWORD_FORM_ONLY,SOURCE_LEMMA_ONLY_NOT_SENSE_OR_POS,UNREVIEWED_NOT_SEMANTICALLY_APPROVED,NOT_CLEARED,true
lex:B2:deliberately,B2,deliberately,NGSL_SFI_31K_EXTENSION,deliberately,3367,EXACT_HEADWORD_FORM_ONLY,SOURCE_LEMMA_ONLY_NOT_SENSE_OR_POS,UNREVIEWED_NOT_SEMANTICALLY_APPROVED,NOT_CLEARED,true
lex:B2:delight,B2,delight,NGSL_1_2_CORE,delight,1971,EXACT_HEADWORD_FORM_ONLY,SOURCE_LEMMA_ONLY_NOT_SENSE_OR_POS,UNREVIEWED_NOT_SEMANTICALLY_APPROVED,NOT_CLEARED,true
lex:B2:delighted,B2,delighted,NO_DIRECT_SOURCE_LEMMA,,,NO_DIRECT_MATCH,SOURCE_LEMMA_ONLY_NOT_SENSE_OR_POS,UNREVIEWED_NOT_SEMANTICALLY_APPROVED,NOT_CLEARED,true
lex:B2:delivery,B2,delivery,NGSL_1_2_CORE,delivery,1428,EXACT_HEADWORD_FORM_ONLY,SOURCE_LEMMA_ONLY_NOT_SENSE_OR_POS,UNREVIEWED_NOT_SEMANTICALLY_APPROVED,NOT_CLEARED,true
lex:B2:demand,B2,demand,NGSL_1_2_CORE,demand,570,EXACT_HEADWORD_FORM_ONLY,SOURCE_LEMMA_ONLY_NOT_SENSE_OR_POS,UNREVIEWED_NOT_SEMANTICALLY_APPROVED,NOT_CLEARED,true
lex:B2:demonstrate,B2,demonstrate,NGSL_1_2_CORE,demonstrate,1272,EXACT_HEADWORD_FORM_ONLY,SOURCE_LEMMA_ONLY_NOT_SENSE_OR_POS,UNREVIEWED_NOT_SEMANTICALLY_APPROVED,NOT_CLEARED,true
lex:B2:deny,B2,deny,NGSL_1_2_CORE,deny,1429,EXACT_HEADWORD_FORM_ONLY,SOURCE_LEMMA_ONLY_NOT_SENSE_OR_POS,UNREVIEWED_NOT_SEMANTICALLY_APPROVED,NOT_CLEARED,true
lex:B2:depressed,B2,depressed,NO_DIRECT_SOURCE_LEMMA,,,NO_DIRECT_MATCH,SOURCE_LEMMA_ONLY_NOT_SENSE_OR_POS,UNREVIEWED_NOT_SEMANTICALLY_APPROVED,NOT_CLEARED,true
lex:B2:depressing,B2,depressing,NO_DIRECT_SOURCE_LEMMA,,,NO_DIRECT_MATCH,SOURCE_LEMMA_ONLY_NOT_SENSE_OR_POS,UNREVIEWED_NOT_SEMANTICALLY_APPROVED,NOT_CLEARED,true
lex:B2:depth,B2,depth,NGSL_1_2_CORE,depth,2224,EXACT_HEADWORD_FORM_ONLY,SOURCE_LEMMA_ONLY_NOT_SENSE_OR_POS,UNREVIEWED_NOT_SEMANTICALLY_APPROVED,NOT_CLEARED,true
lex:B2:desert,B2,desert,NGSL_1_2_CORE,desert,2287,EXACT_HEADWORD_FORM_ONLY,SOURCE_LEMMA_ONLY_NOT_SENSE_OR_POS,UNREVIEWED_NOT_SEMANTICALLY_APPROVED,NOT_CLEARED,true
lex:B2:deserve,B2,deserve,NGSL_1_2_CORE,deserve,1872,EXACT_HEADWORD_FORM_ONLY,SOURCE_LEMMA_ONLY_NOT_SENSE_OR_POS,UNREVIEWED_NOT_SEMANTICALLY_APPROVED,NOT_CLEARED,true
lex:B2:desire,B2,desire,NGSL_1_2_CORE,desire,1291,EXACT_HEADWORD_FORM_ONLY,SOURCE_LEMMA_ONLY_NOT_SENSE_OR_POS,UNREVIEWED_NOT_SEMANTICALLY_APPROVED,NOT_CLEARED,true
lex:B2:desperate,B2,desperate,NGSL_SFI_31K_EXTENSION,desperate,2858,EXACT_HEADWORD_FORM_ONLY,SOURCE_LEMMA_ONLY_NOT_SENSE_OR_POS,UNREVIEWED_NOT_SEMANTICALLY_APPROVED,NOT_CLEARED,true
lex:B2:detail,B2,detail,NGSL_1_2_CORE,detail,472,EXACT_HEADWORD_FORM_ONLY,SOURCE_LEMMA_ONLY_NOT_SENSE_OR_POS,UNREVIEWED_NOT_SEMANTICALLY_APPROVED,NOT_CLEARED,true
lex:B2:detailed,B2,detailed,NO_DIRECT_SOURCE_LEMMA,,,NO_DIRECT_MATCH,SOURCE_LEMMA_ONLY_NOT_SENSE_OR_POS,UNREVIEWED_NOT_SEMANTICALLY_APPROVED,NOT_CLEARED,true
lex:B2:detect,B2,detect,NGSL_1_2_CORE,detect,2345,EXACT_HEADWORD_FORM_ONLY,SOURCE_LEMMA_ONLY_NOT_SENSE_OR_POS,UNREVIEWED_NOT_SEMANTICALLY_APPROVED,NOT_CLEARED,true
lex:B2:dig,B2,dig,NGSL_1_2_CORE,dig,2331,EXACT_HEADWORD_FORM_ONLY,SOURCE_LEMMA_ONLY_NOT_SENSE_OR_POS,UNREVIEWED_NOT_SEMANTICALLY_APPROVED,NOT_CLEARED,true
lex:B2:disc,B2,disc,NO_DIRECT_SOURCE_LEMMA,,,NO_DIRECT_MATCH,SOURCE_LEMMA_ONLY_NOT_SENSE_OR_POS,UNREVIEWED_NOT_SEMANTICALLY_APPROVED,NOT_CLEARED,true
lex:B2:discipline,B2,discipline,NGSL_1_2_CORE,discipline,1852,EXACT_HEADWORD_FORM_ONLY,SOURCE_LEMMA_ONLY_NOT_SENSE_OR_POS,UNREVIEWED_NOT_SEMANTICALLY_APPROVED,NOT_CLEARED,true
lex:B2:discount,B2,discount,NGSL_1_2_CORE,discount,1660,EXACT_HEADWORD_FORM_ONLY,SOURCE_LEMMA_ONLY_NOT_SENSE_OR_POS,UNREVIEWED_NOT_SEMANTICALLY_APPROVED,NOT_CLEARED,true
lex:B2:dishonest,B2,dishonest,NGSL_SFI_31K_EXTENSION,dishonest,8477,EXACT_HEADWORD_FORM_ONLY,SOURCE_LEMMA_ONLY_NOT_SENSE_OR_POS,UNREVIEWED_NOT_SEMANTICALLY_APPROVED,NOT_CLEARED,true
lex:B2:dismiss,B2,dismiss,NGSL_1_2_CORE,dismiss,2392,EXACT_HEADWORD_FORM_ONLY,SOURCE_LEMMA_ONLY_NOT_SENSE_OR_POS,UNREVIEWED_NOT_SEMANTICALLY_APPROVED,NOT_CLEARED,true
lex:B2:display,B2,display,NGSL_1_2_CORE,display,1109,EXACT_HEADWORD_FORM_ONLY,SOURCE_LEMMA_ONLY_NOT_SENSE_OR_POS,UNREVIEWED_NOT_SEMANTICALLY_APPROVED,NOT_CLEARED,true
lex:B2:distribute,B2,distribute,NGSL_1_2_CORE,distribute,1980,EXACT_HEADWORD_FORM_ONLY,SOURCE_LEMMA_ONLY_NOT_SENSE_OR_POS,UNREVIEWED_NOT_SEMANTICALLY_APPROVED,NOT_CLEARED,true
lex:B2:distribution,B2,distribution,NGSL_SFI_31K_EXTENSION,distribution,1203,EXACT_HEADWORD_FORM_ONLY,SOURCE_LEMMA_ONLY_NOT_SENSE_OR_POS,UNREVIEWED_NOT_SEMANTICALLY_APPROVED,NOT_CLEARED,true
lex:B2:district,B2,district,NGSL_1_2_CORE,district,1329,EXACT_HEADWORD_FORM_ONLY,SOURCE_LEMMA_ONLY_NOT_SENSE_OR_POS,UNREVIEWED_NOT_SEMANTICALLY_APPROVED,NOT_CLEARED,true
lex:B2:divide,B2,divide,NGSL_1_2_CORE,divide,1316,EXACT_HEADWORD_FORM_ONLY,SOURCE_LEMMA_ONLY_NOT_SENSE_OR_POS,UNREVIEWED_NOT_SEMANTICALLY_APPROVED,NOT_CLEARED,true
lex:B2:division,B2,division,NGSL_1_2_CORE,division,1522,EXACT_HEADWORD_FORM_ONLY,SOURCE_LEMMA_ONLY_NOT_SENSE_OR_POS,UNREVIEWED_NOT_SEMANTICALLY_APPROVED,NOT_CLEARED,true
lex:B2:document,B2,document,NGSL_1_2_CORE,document,882,EXACT_HEADWORD_FORM_ONLY,SOURCE_LEMMA_ONLY_NOT_SENSE_OR_POS,UNREVIEWED_NOT_SEMANTICALLY_APPROVED,NOT_CLEARED,true
lex:B2:domestic,B2,domestic,NGSL_1_2_CORE,domestic,1454,EXACT_HEADWORD_FORM_ONLY,SOURCE_LEMMA_ONLY_NOT_SENSE_OR_POS,UNREVIEWED_NOT_SEMANTICALLY_APPROVED,NOT_CLEARED,true
lex:B2:dominate,B2,dominate,NGSL_1_2_CORE,dominate,2003,EXACT_HEADWORD_FORM_ONLY,SOURCE_LEMMA_ONLY_NOT_SENSE_OR_POS,UNREVIEWED_NOT_SEMANTICALLY_APPROVED,NOT_CLEARED,true
lex:B2:downwards,B2,downwards,NGSL_SFI_31K_EXTENSION,downwards,7989,EXACT_HEADWORD_FORM_ONLY,SOURCE_LEMMA_ONLY_NOT_SENSE_OR_POS,UNREVIEWED_NOT_SEMANTICALLY_APPROVED,NOT_CLEARED,true
lex:B2:dozen,B2,dozen,NGSL_1_2_CORE,dozen,1765,EXACT_HEADWORD_FORM_ONLY,SOURCE_LEMMA_ONLY_NOT_SENSE_OR_POS,UNREVIEWED_NOT_SEMANTICALLY_APPROVED,NOT_CLEARED,true
lex:B2:draft,B2,draft,NGSL_1_2_CORE,draft,1809,EXACT_HEADWORD_FORM_ONLY,SOURCE_LEMMA_ONLY_NOT_SENSE_OR_POS,UNREVIEWED_NOT_SEMANTICALLY_APPROVED,NOT_CLEARED,true
lex:B2:drag,B2,drag,NGSL_1_2_CORE,drag,2332,EXACT_HEADWORD_FORM_ONLY,SOURCE_LEMMA_ONLY_NOT_SENSE_OR_POS,UNREVIEWED_NOT_SEMANTICALLY_APPROVED,NOT_CLEARED,true
lex:B2:dramatic,B2,dramatic,NGSL_1_2_CORE,dramatic,1975,EXACT_HEADWORD_FORM_ONLY,SOURCE_LEMMA_ONLY_NOT_SENSE_OR_POS,UNREVIEWED_NOT_SEMANTICALLY_APPROVED,NOT_CLEARED,true
lex:B2:edit,B2,edit,NGSL_1_2_CORE,edit,2311,EXACT_HEADWORD_FORM_ONLY,SOURCE_LEMMA_ONLY_NOT_SENSE_OR_POS,UNREVIEWED_NOT_SEMANTICALLY_APPROVED,NOT_CLEARED,true
lex:B2:edition,B2,edition,NGSL_1_2_CORE,edition,2032,EXACT_HEADWORD_FORM_ONLY,SOURCE_LEMMA_ONLY_NOT_SENSE_OR_POS,UNREVIEWED_NOT_SEMANTICALLY_APPROVED,NOT_CLEARED,true
lex:B2:efficient,B2,efficient,NGSL_1_2_CORE,efficient,1969,EXACT_HEADWORD_FORM_ONLY,SOURCE_LEMMA_ONLY_NOT_SENSE_OR_POS,UNREVIEWED_NOT_SEMANTICALLY_APPROVED,NOT_CLEARED,true
lex:B2:elderly,B2,elderly,NGSL_1_2_CORE,elderly,2052,EXACT_HEADWORD_FORM_ONLY,SOURCE_LEMMA_ONLY_NOT_SENSE_OR_POS,UNREVIEWED_NOT_SEMANTICALLY_APPROVED,NOT_CLEARED,true
lex:B2:elect,B2,elect,NGSL_1_2_CORE,elect,1578,EXACT_HEADWORD_FORM_ONLY,SOURCE_LEMMA_ONLY_NOT_SENSE_OR_POS,UNREVIEWED_NOT_SEMANTICALLY_APPROVED,NOT_CLEARED,true
lex:B2:elsewhere,B2,elsewhere,NGSL_1_2_CORE,elsewhere,1843,EXACT_HEADWORD_FORM_ONLY,SOURCE_LEMMA_ONLY_NOT_SENSE_OR_POS,UNREVIEWED_NOT_SEMANTICALLY_APPROVED,NOT_CLEARED,true
lex:B2:emerge,B2,emerge,NGSL_1_2_CORE,emerge,1211,EXACT_HEADWORD_FORM_ONLY,SOURCE_LEMMA_ONLY_NOT_SENSE_OR_POS,UNREVIEWED_NOT_SEMANTICALLY_APPROVED,NOT_CLEARED,true
lex:B2:emotional,B2,emotional,NGSL_1_2_CORE,emotional,1831,EXACT_HEADWORD_FORM_ONLY,SOURCE_LEMMA_ONLY_NOT_SENSE_OR_POS,UNREVIEWED_NOT_SEMANTICALLY_APPROVED,NOT_CLEARED,true
lex:B2:emphasis,B2,emphasis,NGSL_1_2_CORE,emphasis,2031,EXACT_HEADWORD_FORM_ONLY,SOURCE_LEMMA_ONLY_NOT_SENSE_OR_POS,UNREVIEWED_NOT_SEMANTICALLY_APPROVED,NOT_CLEARED,true
lex:B2:emphasize,B2,emphasize,NGSL_1_2_CORE,emphasize,1840,EXACT_HEADWORD_FORM_ONLY,SOURCE_LEMMA_ONLY_NOT_SENSE_OR_POS,UNREVIEWED_NOT_SEMANTICALLY_APPROVED,NOT_CLEARED,true
lex:B2:enable,B2,enable,NGSL_1_2_CORE,enable,1352,EXACT_HEADWORD_FORM_ONLY,SOURCE_LEMMA_ONLY_NOT_SENSE_OR_POS,UNREVIEWED_NOT_SEMANTICALLY_APPROVED,NOT_CLEARED,true
lex:B2:encounter,B2,encounter,NGSL_1_2_CORE,encounter,1912,EXACT_HEADWORD_FORM_ONLY,SOURCE_LEMMA_ONLY_NOT_SENSE_OR_POS,UNREVIEWED_NOT_SEMANTICALLY_APPROVED,NOT_CLEARED,true
lex:B2:engage,B2,engage,NGSL_1_2_CORE,engage,1299,EXACT_HEADWORD_FORM_ONLY,SOURCE_LEMMA_ONLY_NOT_SENSE_OR_POS,UNREVIEWED_NOT_SEMANTICALLY_APPROVED,NOT_CLEARED,true
lex:B2:enhance,B2,enhance,NGSL_1_2_CORE,enhance,1889,EXACT_HEADWORD_FORM_ONLY,SOURCE_LEMMA_ONLY_NOT_SENSE_OR_POS,UNREVIEWED_NOT_SEMANTICALLY_APPROVED,NOT_CLEARED,true
lex:B2:enquiry,B2,enquiry,NGSL_SFI_31K_EXTENSION,enquiry,3540,EXACT_HEADWORD_FORM_ONLY,SOURCE_LEMMA_ONLY_NOT_SENSE_OR_POS,UNREVIEWED_NOT_SEMANTICALLY_APPROVED,NOT_CLEARED,true
lex:B2:ensure,B2,ensure,NGSL_1_2_CORE,ensure,1153,EXACT_HEADWORD_FORM_ONLY,SOURCE_LEMMA_ONLY_NOT_SENSE_OR_POS,UNREVIEWED_NOT_SEMANTICALLY_APPROVED,NOT_CLEARED,true
lex:B2:enthusiasm,B2,enthusiasm,NGSL_SFI_31K_EXTENSION,enthusiasm,2891,EXACT_HEADWORD_FORM_ONLY,SOURCE_LEMMA_ONLY_NOT_SENSE_OR_POS,UNREVIEWED_NOT_SEMANTICALLY_APPROVED,NOT_CLEARED,true
lex:B2:enthusiastic,B2,enthusiastic,NGSL_SFI_31K_EXTENSION,enthusiastic,3852,EXACT_HEADWORD_FORM_ONLY,SOURCE_LEMMA_ONLY_NOT_SENSE_OR_POS,UNREVIEWED_NOT_SEMANTICALLY_APPROVED,NOT_CLEARED,true
lex:B2:entire,B2,entire,NGSL_1_2_CORE,entire,1185,EXACT_HEADWORD_FORM_ONLY,SOURCE_LEMMA_ONLY_NOT_SENSE_OR_POS,UNREVIEWED_NOT_SEMANTICALLY_APPROVED,NOT_CLEARED,true
lex:B2:entirely,B2,entirely,NGSL_1_2_CORE,entirely,1544,EXACT_HEADWORD_FORM_ONLY,SOURCE_LEMMA_ONLY_NOT_SENSE_OR_POS,UNREVIEWED_NOT_SEMANTICALLY_APPROVED,NOT_CLEARED,true
lex:B2:equal,B2,equal,NGSL_1_2_CORE,equal,1254,EXACT_HEADWORD_FORM_ONLY,SOURCE_LEMMA_ONLY_NOT_SENSE_OR_POS,UNREVIEWED_NOT_SEMANTICALLY_APPROVED,NOT_CLEARED,true
lex:B2:establish,B2,establish,NGSL_1_2_CORE,establish,696,EXACT_HEADWORD_FORM_ONLY,SOURCE_LEMMA_ONLY_NOT_SENSE_OR_POS,UNREVIEWED_NOT_SEMANTICALLY_APPROVED,NOT_CLEARED,true
lex:B2:estate,B2,estate,NGSL_1_2_CORE,estate,1771,EXACT_HEADWORD_FORM_ONLY,SOURCE_LEMMA_ONLY_NOT_SENSE_OR_POS,UNREVIEWED_NOT_SEMANTICALLY_APPROVED,NOT_CLEARED,true
lex:B2:estimate,B2,estimate,NGSL_1_2_CORE,estimate,999,EXACT_HEADWORD_FORM_ONLY,SOURCE_LEMMA_ONLY_NOT_SENSE_OR_POS,UNREVIEWED_NOT_SEMANTICALLY_APPROVED,NOT_CLEARED,true
lex:B2:ethical,B2,ethical,NGSL_SFI_31K_EXTENSION,ethical,3804,EXACT_HEADWORD_FORM_ONLY,SOURCE_LEMMA_ONLY_NOT_SENSE_OR_POS,UNREVIEWED_NOT_SEMANTICALLY_APPROVED,NOT_CLEARED,true
lex:B2:evaluate,B2,evaluate,NGSL_1_2_CORE,evaluate,2139,EXACT_HEADWORD_FORM_ONLY,SOURCE_LEMMA_ONLY_NOT_SENSE_OR_POS,UNREVIEWED_NOT_SEMANTICALLY_APPROVED,NOT_CLEARED,true
lex:B2:even,B2,even,NGSL_1_2_CORE,even,96,EXACT_HEADWORD_FORM_ONLY,SOURCE_LEMMA_ONLY_NOT_SENSE_OR_POS,UNREVIEWED_NOT_SEMANTICALLY_APPROVED,NOT_CLEARED,true
lex:B2:evil,B2,evil,NGSL_1_2_CORE,evil,2190,EXACT_HEADWORD_FORM_ONLY,SOURCE_LEMMA_ONLY_NOT_SENSE_OR_POS,UNREVIEWED_NOT_SEMANTICALLY_APPROVED,NOT_CLEARED,true
lex:B2:examination,B2,examination,NGSL_1_2_CORE,examination,1966,EXACT_HEADWORD_FORM_ONLY,SOURCE_LEMMA_ONLY_NOT_SENSE_OR_POS,UNREVIEWED_NOT_SEMANTICALLY_APPROVED,NOT_CLEARED,true
lex:B2:excuse,B2,excuse,NGSL_1_2_CORE,excuse,1915,EXACT_HEADWORD_FORM_ONLY,SOURCE_LEMMA_ONLY_NOT_SENSE_OR_POS,UNREVIEWED_NOT_SEMANTICALLY_APPROVED,NOT_CLEARED,true
lex:B2:executive,B2,executive,NGSL_1_2_CORE,executive,1059,EXACT_HEADWORD_FORM_ONLY,SOURCE_LEMMA_ONLY_NOT_SENSE_OR_POS,UNREVIEWED_NOT_SEMANTICALLY_APPROVED,NOT_CLEARED,true
lex:B2:existence,B2,existence,NGSL_1_2_CORE,existence,1835,EXACT_HEADWORD_FORM_ONLY,SOURCE_LEMMA_ONLY_NOT_SENSE_OR_POS,UNREVIEWED_NOT_SEMANTICALLY_APPROVED,NOT_CLEARED,true
lex:B2:expectation,B2,expectation,NGSL_1_2_CORE,expectation,1606,EXACT_HEADWORD_FORM_ONLY,SOURCE_LEMMA_ONLY_NOT_SENSE_OR_POS,UNREVIEWED_NOT_SEMANTICALLY_APPROVED,NOT_CLEARED,true
lex:B2:expense,B2,expense,NGSL_1_2_CORE,expense,1531,EXACT_HEADWORD_FORM_ONLY,SOURCE_LEMMA_ONLY_NOT_SENSE_OR_POS,UNREVIEWED_NOT_SEMANTICALLY_APPROVED,NOT_CLEARED,true
lex:B2:exploration,B2,exploration,NGSL_SFI_31K_EXTENSION,exploration,3559,EXACT_HEADWORD_FORM_ONLY,SOURCE_LEMMA_ONLY_NOT_SENSE_OR_POS,UNREVIEWED_NOT_SEMANTICALLY_APPROVED,NOT_CLEARED,true
lex:B2:expose,B2,expose,NGSL_1_2_CORE,expose,1773,EXACT_HEADWORD_FORM_ONLY,SOURCE_LEMMA_ONLY_NOT_SENSE_OR_POS,UNREVIEWED_NOT_SEMANTICALLY_APPROVED,NOT_CLEARED,true
lex:B2:extend,B2,extend,NGSL_1_2_CORE,extend,950,EXACT_HEADWORD_FORM_ONLY,SOURCE_LEMMA_ONLY_NOT_SENSE_OR_POS,UNREVIEWED_NOT_SEMANTICALLY_APPROVED,NOT_CLEARED,true
lex:B2:extent,B2,extent,NGSL_1_2_CORE,extent,1175,EXACT_HEADWORD_FORM_ONLY,SOURCE_LEMMA_ONLY_NOT_SENSE_OR_POS,UNREVIEWED_NOT_SEMANTICALLY_APPROVED,NOT_CLEARED,true
lex:B2:external,B2,external,NGSL_1_2_CORE,external,2125,EXACT_HEADWORD_FORM_ONLY,SOURCE_LEMMA_ONLY_NOT_SENSE_OR_POS,UNREVIEWED_NOT_SEMANTICALLY_APPROVED,NOT_CLEARED,true
lex:B2:extraordinary,B2,extraordinary,NGSL_1_2_CORE,extraordinary,2199,EXACT_HEADWORD_FORM_ONLY,SOURCE_LEMMA_ONLY_NOT_SENSE_OR_POS,UNREVIEWED_NOT_SEMANTICALLY_APPROVED,NOT_CLEARED,true
lex:B2:extreme,B2,extreme,NGSL_1_2_CORE,extreme,1857,EXACT_HEADWORD_FORM_ONLY,SOURCE_LEMMA_ONLY_NOT_SENSE_OR_POS,UNREVIEWED_NOT_SEMANTICALLY_APPROVED,NOT_CLEARED,true
lex:B2:facility,B2,facility,NGSL_1_2_CORE,facility,953,EXACT_HEADWORD_FORM_ONLY,SOURCE_LEMMA_ONLY_NOT_SENSE_OR_POS,UNREVIEWED_NOT_SEMANTICALLY_APPROVED,NOT_CLEARED,true
lex:B2:failure,B2,failure,NGSL_1_2_CORE,failure,1239,EXACT_HEADWORD_FORM_ONLY,SOURCE_LEMMA_ONLY_NOT_SENSE_OR_POS,UNREVIEWED_NOT_SEMANTICALLY_APPROVED,NOT_CLEARED,true
lex:B2:faith,B2,faith,NGSL_1_2_CORE,faith,1686,EXACT_HEADWORD_FORM_ONLY,SOURCE_LEMMA_ONLY_NOT_SENSE_OR_POS,UNREVIEWED_NOT_SEMANTICALLY_APPROVED,NOT_CLEARED,true
lex:B2:fault,B2,fault,NGSL_1_2_CORE,fault,1995,EXACT_HEADWORD_FORM_ONLY,SOURCE_LEMMA_ONLY_NOT_SENSE_OR_POS,UNREVIEWED_NOT_SEMANTICALLY_APPROVED,NOT_CLEARED,true
lex:B2:favour,B2,favour,NO_DIRECT_SOURCE_LEMMA,,,NO_DIRECT_MATCH,SOURCE_LEMMA_ONLY_NOT_SENSE_OR_POS,UNREVIEWED_NOT_SEMANTICALLY_APPROVED,NOT_CLEARED,true
lex:B2:feather,B2,feather,NGSL_SFI_31K_EXTENSION,feather,4512,EXACT_HEADWORD_FORM_ONLY,SOURCE_LEMMA_ONLY_NOT_SENSE_OR_POS,UNREVIEWED_NOT_SEMANTICALLY_APPROVED,NOT_CLEARED,true
lex:B2:fee,B2,fee,NGSL_1_2_CORE,fee,1479,EXACT_HEADWORD_FORM_ONLY,SOURCE_LEMMA_ONLY_NOT_SENSE_OR_POS,UNREVIEWED_NOT_SEMANTICALLY_APPROVED,NOT_CLEARED,true
lex:B2:feed,B2,feed,NGSL_1_2_CORE,feed,1149,EXACT_HEADWORD_FORM_ONLY,SOURCE_LEMMA_ONLY_NOT_SENSE_OR_POS,UNREVIEWED_NOT_SEMANTICALLY_APPROVED,NOT_CLEARED,true
lex:B2:feedback,B2,feedback,NGSL_SFI_31K_EXTENSION,feedback,2916,EXACT_HEADWORD_FORM_ONLY,SOURCE_LEMMA_ONLY_NOT_SENSE_OR_POS,UNREVIEWED_NOT_SEMANTICALLY_APPROVED,NOT_CLEARED,true
lex:B2:feel,B2,feel,NGSL_1_2_CORE,feel,117,EXACT_HEADWORD_FORM_ONLY,SOURCE_LEMMA_ONLY_NOT_SENSE_OR_POS,UNREVIEWED_NOT_SEMANTICALLY_APPROVED,NOT_CLEARED,true
lex:B2:fellow,B2,fellow,NGSL_1_2_CORE,fellow,1656,EXACT_HEADWORD_FORM_ONLY,SOURCE_LEMMA_ONLY_NOT_SENSE_OR_POS,UNREVIEWED_NOT_SEMANTICALLY_APPROVED,NOT_CLEARED,true
lex:B2:figure,B2,figure,NGSL_1_2_CORE,figure,357,EXACT_HEADWORD_FORM_ONLY,SOURCE_LEMMA_ONLY_NOT_SENSE_OR_POS,UNREVIEWED_NOT_SEMANTICALLY_APPROVED,NOT_CLEARED,true
lex:B2:file,B2,file,NGSL_1_2_CORE,file,835,EXACT_HEADWORD_FORM_ONLY,SOURCE_LEMMA_ONLY_NOT_SENSE_OR_POS,UNREVIEWED_NOT_SEMANTICALLY_APPROVED,NOT_CLEARED,true
lex:B2:finance,B2,finance,NGSL_1_2_CORE,finance,1379,EXACT_HEADWORD_FORM_ONLY,SOURCE_LEMMA_ONLY_NOT_SENSE_OR_POS,UNREVIEWED_NOT_SEMANTICALLY_APPROVED,NOT_CLEARED,true
lex:B2:finding,B2,finding,NO_DIRECT_SOURCE_LEMMA,,,NO_DIRECT_MATCH,SOURCE_LEMMA_ONLY_NOT_SENSE_OR_POS,UNREVIEWED_NOT_SEMANTICALLY_APPROVED,NOT_CLEARED,true
lex:B2:firm,B2,firm,NGSL_1_2_CORE,firm,628,EXACT_HEADWORD_FORM_ONLY,SOURCE_LEMMA_ONLY_NOT_SENSE_OR_POS,UNREVIEWED_NOT_SEMANTICALLY_APPROVED,NOT_CLEARED,true
lex:B2:fix,B2,fix,NGSL_1_2_CORE,fix,973,EXACT_HEADWORD_FORM_ONLY,SOURCE_LEMMA_ONLY_NOT_SENSE_OR_POS,UNREVIEWED_NOT_SEMANTICALLY_APPROVED,NOT_CLEARED,true
lex:B2:flame,B2,flame,NGSL_SFI_31K_EXTENSION,flame,3197,EXACT_HEADWORD_FORM_ONLY,SOURCE_LEMMA_ONLY_NOT_SENSE_OR_POS,UNREVIEWED_NOT_SEMANTICALLY_APPROVED,NOT_CLEARED,true
lex:B2:flash,B2,flash,NGSL_1_2_CORE,flash,2485,EXACT_HEADWORD_FORM_ONLY,SOURCE_LEMMA_ONLY_NOT_SENSE_OR_POS,UNREVIEWED_NOT_SEMANTICALLY_APPROVED,NOT_CLEARED,true
lex:B2:flexible,B2,flexible,NGSL_1_2_CORE,flexible,2720,EXACT_HEADWORD_FORM_ONLY,SOURCE_LEMMA_ONLY_NOT_SENSE_OR_POS,UNREVIEWED_NOT_SEMANTICALLY_APPROVED,NOT_CLEARED,true
lex:B2:float,B2,float,NGSL_1_2_CORE,float,2416,EXACT_HEADWORD_FORM_ONLY,SOURCE_LEMMA_ONLY_NOT_SENSE_OR_POS,UNREVIEWED_NOT_SEMANTICALLY_APPROVED,NOT_CLEARED,true
lex:B2:fold,B2,fold,NGSL_1_2_CORE,fold,2555,EXACT_HEADWORD_FORM_ONLY,SOURCE_LEMMA_ONLY_NOT_SENSE_OR_POS,UNREVIEWED_NOT_SEMANTICALLY_APPROVED,NOT_CLEARED,true
lex:B2:folding,B2,folding,NO_DIRECT_SOURCE_LEMMA,,,NO_DIRECT_MATCH,SOURCE_LEMMA_ONLY_NOT_SENSE_OR_POS,UNREVIEWED_NOT_SEMANTICALLY_APPROVED,NOT_CLEARED,true
lex:B2:following,B2,following,NO_DIRECT_SOURCE_LEMMA,,,NO_DIRECT_MATCH,SOURCE_LEMMA_ONLY_NOT_SENSE_OR_POS,UNREVIEWED_NOT_SEMANTICALLY_APPROVED,NOT_CLEARED,true
lex:B2:forgive,B2,forgive,NGSL_SFI_31K_EXTENSION,forgive,2973,EXACT_HEADWORD_FORM_ONLY,SOURCE_LEMMA_ONLY_NOT_SENSE_OR_POS,UNREVIEWED_NOT_SEMANTICALLY_APPROVED,NOT_CLEARED,true
lex:B2:former,B2,former,NGSL_1_2_CORE,former,599,EXACT_HEADWORD_FORM_ONLY,SOURCE_LEMMA_ONLY_NOT_SENSE_OR_POS,UNREVIEWED_NOT_SEMANTICALLY_APPROVED,NOT_CLEARED,true
lex:B2:fortune,B2,fortune,NGSL_1_2_CORE,fortune,2516,EXACT_HEADWORD_FORM_ONLY,SOURCE_LEMMA_ONLY_NOT_SENSE_OR_POS,UNREVIEWED_NOT_SEMANTICALLY_APPROVED,NOT_CLEARED,true
lex:B2:forward,B2,forward,NGSL_1_2_CORE,forward,452,EXACT_HEADWORD_FORM_ONLY,SOURCE_LEMMA_ONLY_NOT_SENSE_OR_POS,UNREVIEWED_NOT_SEMANTICALLY_APPROVED,NOT_CLEARED,true
lex:B2:found,B2,found,NGSL_1_2_CORE,found,2807,EXACT_HEADWORD_FORM_ONLY,SOURCE_LEMMA_ONLY_NOT_SENSE_OR_POS,UNREVIEWED_NOT_SEMANTICALLY_APPROVED,NOT_CLEARED,true
lex:B2:free,B2,free,NGSL_1_2_CORE,free,395,EXACT_HEADWORD_FORM_ONLY,SOURCE_LEMMA_ONLY_NOT_SENSE_OR_POS,UNREVIEWED_NOT_SEMANTICALLY_APPROVED,NOT_CLEARED,true
lex:B2:freedom,B2,freedom,NGSL_1_2_CORE,freedom,1399,EXACT_HEADWORD_FORM_ONLY,SOURCE_LEMMA_ONLY_NOT_SENSE_OR_POS,UNREVIEWED_NOT_SEMANTICALLY_APPROVED,NOT_CLEARED,true
lex:B2:frequency,B2,frequency,NGSL_1_2_CORE,frequency,2295,EXACT_HEADWORD_FORM_ONLY,SOURCE_LEMMA_ONLY_NOT_SENSE_OR_POS,UNREVIEWED_NOT_SEMANTICALLY_APPROVED,NOT_CLEARED,true
lex:B2:fuel,B2,fuel,NGSL_1_2_CORE,fuel,1605,EXACT_HEADWORD_FORM_ONLY,SOURCE_LEMMA_ONLY_NOT_SENSE_OR_POS,UNREVIEWED_NOT_SEMANTICALLY_APPROVED,NOT_CLEARED,true
lex:B2:fully,B2,fully,NGSL_1_2_CORE,fully,1178,EXACT_HEADWORD_FORM_ONLY,SOURCE_LEMMA_ONLY_NOT_SENSE_OR_POS,UNREVIEWED_NOT_SEMANTICALLY_APPROVED,NOT_CLEARED,true
lex:B2:function,B2,function,NGSL_1_2_CORE,function,702,EXACT_HEADWORD_FORM_ONLY,SOURCE_LEMMA_ONLY_NOT_SENSE_OR_POS,UNREVIEWED_NOT_SEMANTICALLY_APPROVED,NOT_CLEARED,true
lex:B2:fund,B2,fund,NGSL_1_2_CORE,fund,527,EXACT_HEADWORD_FORM_ONLY,SOURCE_LEMMA_ONLY_NOT_SENSE_OR_POS,UNREVIEWED_NOT_SEMANTICALLY_APPROVED,NOT_CLEARED,true
lex:B2:fundamental,B2,fundamental,NGSL_1_2_CORE,fundamental,1881,EXACT_HEADWORD_FORM_ONLY,SOURCE_LEMMA_ONLY_NOT_SENSE_OR_POS,UNREVIEWED_NOT_SEMANTICALLY_APPROVED,NOT_CLEARED,true
lex:B2:funding,B2,funding,NO_DIRECT_SOURCE_LEMMA,,,NO_DIRECT_MATCH,SOURCE_LEMMA_ONLY_NOT_SENSE_OR_POS,UNREVIEWED_NOT_SEMANTICALLY_APPROVED,NOT_CLEARED,true
lex:B2:furthermore,B2,furthermore,NGSL_1_2_CORE,furthermore,1754,EXACT_HEADWORD_FORM_ONLY,SOURCE_LEMMA_ONLY_NOT_SENSE_OR_POS,UNREVIEWED_NOT_SEMANTICALLY_APPROVED,NOT_CLEARED,true
lex:B2:gain,B2,gain,NGSL_1_2_CORE,gain,737,EXACT_HEADWORD_FORM_ONLY,SOURCE_LEMMA_ONLY_NOT_SENSE_OR_POS,UNREVIEWED_NOT_SEMANTICALLY_APPROVED,NOT_CLEARED,true
lex:B2:gang,B2,gang,NGSL_SFI_31K_EXTENSION,gang,3096,EXACT_HEADWORD_FORM_ONLY,SOURCE_LEMMA_ONLY_NOT_SENSE_OR_POS,UNREVIEWED_NOT_SEMANTICALLY_APPROVED,NOT_CLEARED,true
lex:B2:generate,B2,generate,NGSL_1_2_CORE,generate,1426,EXACT_HEADWORD_FORM_ONLY,SOURCE_LEMMA_ONLY_NOT_SENSE_OR_POS,UNREVIEWED_NOT_SEMANTICALLY_APPROVED,NOT_CLEARED,true
lex:B2:genre,B2,genre,NGSL_SFI_31K_EXTENSION,genre,3681,EXACT_HEADWORD_FORM_ONLY,SOURCE_LEMMA_ONLY_NOT_SENSE_OR_POS,UNREVIEWED_NOT_SEMANTICALLY_APPROVED,NOT_CLEARED,true
lex:B2:govern,B2,govern,NGSL_1_2_CORE,govern,2471,EXACT_HEADWORD_FORM_ONLY,SOURCE_LEMMA_ONLY_NOT_SENSE_OR_POS,UNREVIEWED_NOT_SEMANTICALLY_APPROVED,NOT_CLEARED,true
lex:B2:grab,B2,grab,NGSL_1_2_CORE,grab,2303,EXACT_HEADWORD_FORM_ONLY,SOURCE_LEMMA_ONLY_NOT_SENSE_OR_POS,UNREVIEWED_NOT_SEMANTICALLY_APPROVED,NOT_CLEARED,true
lex:B2:grade,B2,grade,NGSL_1_2_CORE,grade,1559,EXACT_HEADWORD_FORM_ONLY,SOURCE_LEMMA_ONLY_NOT_SENSE_OR_POS,UNREVIEWED_NOT_SEMANTICALLY_APPROVED,NOT_CLEARED,true
lex:B2:gradually,B2,gradually,NGSL_1_2_CORE,gradually,2188,EXACT_HEADWORD_FORM_ONLY,SOURCE_LEMMA_ONLY_NOT_SENSE_OR_POS,UNREVIEWED_NOT_SEMANTICALLY_APPROVED,NOT_CLEARED,true
lex:B2:grand,B2,grand,NGSL_1_2_CORE,grand,2093,EXACT_HEADWORD_FORM_ONLY,SOURCE_LEMMA_ONLY_NOT_SENSE_OR_POS,UNREVIEWED_NOT_SEMANTICALLY_APPROVED,NOT_CLEARED,true
lex:B2:grant,B2,grant,NGSL_1_2_CORE,grant,1147,EXACT_HEADWORD_FORM_ONLY,SOURCE_LEMMA_ONLY_NOT_SENSE_OR_POS,UNREVIEWED_NOT_SEMANTICALLY_APPROVED,NOT_CLEARED,true
lex:B2:guarantee,B2,guarantee,NGSL_1_2_CORE,guarantee,1570,EXACT_HEADWORD_FORM_ONLY,SOURCE_LEMMA_ONLY_NOT_SENSE_OR_POS,UNREVIEWED_NOT_SEMANTICALLY_APPROVED,NOT_CLEARED,true
lex:B2:handle,B2,handle,NGSL_1_2_CORE,handle,1041,EXACT_HEADWORD_FORM_ONLY,SOURCE_LEMMA_ONLY_NOT_SENSE_OR_POS,UNREVIEWED_NOT_SEMANTICALLY_APPROVED,NOT_CLEARED,true
lex:B2:harm,B2,harm,NGSL_1_2_CORE,harm,2236,EXACT_HEADWORD_FORM_ONLY,SOURCE_LEMMA_ONLY_NOT_SENSE_OR_POS,UNREVIEWED_NOT_SEMANTICALLY_APPROVED,NOT_CLEARED,true
lex:B2:harmful,B2,harmful,NGSL_SFI_31K_EXTENSION,harmful,4492,EXACT_HEADWORD_FORM_ONLY,SOURCE_LEMMA_ONLY_NOT_SENSE_OR_POS,UNREVIEWED_NOT_SEMANTICALLY_APPROVED,NOT_CLEARED,true
lex:B2:hearing,B2,hearing,NO_DIRECT_SOURCE_LEMMA,,,NO_DIRECT_MATCH,SOURCE_LEMMA_ONLY_NOT_SENSE_OR_POS,UNREVIEWED_NOT_SEMANTICALLY_APPROVED,NOT_CLEARED,true
lex:B2:heaven,B2,heaven,NGSL_SFI_31K_EXTENSION,heaven,2958,EXACT_HEADWORD_FORM_ONLY,SOURCE_LEMMA_ONLY_NOT_SENSE_OR_POS,UNREVIEWED_NOT_SEMANTICALLY_APPROVED,NOT_CLEARED,true
lex:B2:heel,B2,heel,NGSL_SFI_31K_EXTENSION,heel,3448,EXACT_HEADWORD_FORM_ONLY,SOURCE_LEMMA_ONLY_NOT_SENSE_OR_POS,UNREVIEWED_NOT_SEMANTICALLY_APPROVED,NOT_CLEARED,true
lex:B2:hell,B2,hell,NGSL_1_2_CORE,hell,1743,EXACT_HEADWORD_FORM_ONLY,SOURCE_LEMMA_ONLY_NOT_SENSE_OR_POS,UNREVIEWED_NOT_SEMANTICALLY_APPROVED,NOT_CLEARED,true
lex:B2:hesitate,B2,hesitate,NGSL_1_2_CORE,hesitate,2631,EXACT_HEADWORD_FORM_ONLY,SOURCE_LEMMA_ONLY_NOT_SENSE_OR_POS,UNREVIEWED_NOT_SEMANTICALLY_APPROVED,NOT_CLEARED,true
lex:B2:high,B2,high,NGSL_1_2_CORE,high,148,EXACT_HEADWORD_FORM_ONLY,SOURCE_LEMMA_ONLY_NOT_SENSE_OR_POS,UNREVIEWED_NOT_SEMANTICALLY_APPROVED,NOT_CLEARED,true
lex:B2:hire,B2,hire,NGSL_1_2_CORE,hire,1514,EXACT_HEADWORD_FORM_ONLY,SOURCE_LEMMA_ONLY_NOT_SENSE_OR_POS,UNREVIEWED_NOT_SEMANTICALLY_APPROVED,NOT_CLEARED,true
lex:B2:hold,B2,hold,NGSL_1_2_CORE,hold,222,EXACT_HEADWORD_FORM_ONLY,SOURCE_LEMMA_ONLY_NOT_SENSE_OR_POS,UNREVIEWED_NOT_SEMANTICALLY_APPROVED,NOT_CLEARED,true
lex:B2:hollow,B2,hollow,NGSL_SFI_31K_EXTENSION,hollow,5061,EXACT_HEADWORD_FORM_ONLY,SOURCE_LEMMA_ONLY_NOT_SENSE_OR_POS,UNREVIEWED_NOT_SEMANTICALLY_APPROVED,NOT_CLEARED,true
lex:B2:holy,B2,holy,NGSL_SFI_31K_EXTENSION,holy,4158,EXACT_HEADWORD_FORM_ONLY,SOURCE_LEMMA_ONLY_NOT_SENSE_OR_POS,UNREVIEWED_NOT_SEMANTICALLY_APPROVED,NOT_CLEARED,true
lex:B2:honour,B2,honour,NO_DIRECT_SOURCE_LEMMA,,,NO_DIRECT_MATCH,SOURCE_LEMMA_ONLY_NOT_SENSE_OR_POS,UNREVIEWED_NOT_SEMANTICALLY_APPROVED,NOT_CLEARED,true
lex:B2:host,B2,host,NGSL_1_2_CORE,host,1327,EXACT_HEADWORD_FORM_ONLY,SOURCE_LEMMA_ONLY_NOT_SENSE_OR_POS,UNREVIEWED_NOT_SEMANTICALLY_APPROVED,NOT_CLEARED,true
lex:B2:house,B2,house,NGSL_1_2_CORE,house,165,EXACT_HEADWORD_FORM_ONLY,SOURCE_LEMMA_ONLY_NOT_SENSE_OR_POS,UNREVIEWED_NOT_SEMANTICALLY_APPROVED,NOT_CLEARED,true
lex:B2:household,B2,household,NGSL_1_2_CORE,household,1746,EXACT_HEADWORD_FORM_ONLY,SOURCE_LEMMA_ONLY_NOT_SENSE_OR_POS,UNREVIEWED_NOT_SEMANTICALLY_APPROVED,NOT_CLEARED,true
lex:B2:housing,B2,housing,NO_DIRECT_SOURCE_LEMMA,,,NO_DIRECT_MATCH,SOURCE_LEMMA_ONLY_NOT_SENSE_OR_POS,UNREVIEWED_NOT_SEMANTICALLY_APPROVED,NOT_CLEARED,true
lex:B2:humorous,B2,humorous,NGSL_SFI_31K_EXTENSION,humorous,7154,EXACT_HEADWORD_FORM_ONLY,SOURCE_LEMMA_ONLY_NOT_SENSE_OR_POS,UNREVIEWED_NOT_SEMANTICALLY_APPROVED,NOT_CLEARED,true
lex:B2:humour,B2,humour,NO_DIRECT_SOURCE_LEMMA,,,NO_DIRECT_MATCH,SOURCE_LEMMA_ONLY_NOT_SENSE_OR_POS,UNREVIEWED_NOT_SEMANTICALLY_APPROVED,NOT_CLEARED,true
lex:B2:hunt,B2,hunt,NGSL_1_2_CORE,hunt,1998,EXACT_HEADWORD_FORM_ONLY,SOURCE_LEMMA_ONLY_NOT_SENSE_OR_POS,UNREVIEWED_NOT_SEMANTICALLY_APPROVED,NOT_CLEARED,true
lex:B2:hunting,B2,hunting,NO_DIRECT_SOURCE_LEMMA,,,NO_DIRECT_MATCH,SOURCE_LEMMA_ONLY_NOT_SENSE_OR_POS,UNREVIEWED_NOT_SEMANTICALLY_APPROVED,NOT_CLEARED,true
lex:B2:hurt,B2,hurt,NGSL_1_2_CORE,hurt,1421,EXACT_HEADWORD_FORM_ONLY,SOURCE_LEMMA_ONLY_NOT_SENSE_OR_POS,UNREVIEWED_NOT_SEMANTICALLY_APPROVED,NOT_CLEARED,true
lex:B2:ideal,B2,ideal,NGSL_1_2_CORE,ideal,1674,EXACT_HEADWORD_FORM_ONLY,SOURCE_LEMMA_ONLY_NOT_SENSE_OR_POS,UNREVIEWED_NOT_SEMANTICALLY_APPROVED,NOT_CLEARED,true
lex:B2:illustrate,B2,illustrate,NGSL_1_2_CORE,illustrate,1817,EXACT_HEADWORD_FORM_ONLY,SOURCE_LEMMA_ONLY_NOT_SENSE_OR_POS,UNREVIEWED_NOT_SEMANTICALLY_APPROVED,NOT_CLEARED,true
lex:B2:illustration,B2,illustration,NGSL_1_2_CORE,illustration,2435,EXACT_HEADWORD_FORM_ONLY,SOURCE_LEMMA_ONLY_NOT_SENSE_OR_POS,UNREVIEWED_NOT_SEMANTICALLY_APPROVED,NOT_CLEARED,true
lex:B2:imagination,B2,imagination,NGSL_1_2_CORE,imagination,2502,EXACT_HEADWORD_FORM_ONLY,SOURCE_LEMMA_ONLY_NOT_SENSE_OR_POS,UNREVIEWED_NOT_SEMANTICALLY_APPROVED,NOT_CLEARED,true
lex:B2:impatient,B2,impatient,NGSL_SFI_31K_EXTENSION,impatient,6180,EXACT_HEADWORD_FORM_ONLY,SOURCE_LEMMA_ONLY_NOT_SENSE_OR_POS,UNREVIEWED_NOT_SEMANTICALLY_APPROVED,NOT_CLEARED,true
lex:B2:imply,B2,imply,NGSL_1_2_CORE,imply,1818,EXACT_HEADWORD_FORM_ONLY,SOURCE_LEMMA_ONLY_NOT_SENSE_OR_POS,UNREVIEWED_NOT_SEMANTICALLY_APPROVED,NOT_CLEARED,true
lex:B2:impose,B2,impose,NGSL_1_2_CORE,impose,1723,EXACT_HEADWORD_FORM_ONLY,SOURCE_LEMMA_ONLY_NOT_SENSE_OR_POS,UNREVIEWED_NOT_SEMANTICALLY_APPROVED,NOT_CLEARED,true
lex:B2:impress,B2,impress,NGSL_1_2_CORE,impress,2243,EXACT_HEADWORD_FORM_ONLY,SOURCE_LEMMA_ONLY_NOT_SENSE_OR_POS,UNREVIEWED_NOT_SEMANTICALLY_APPROVED,NOT_CLEARED,true
lex:B2:impressed,B2,impressed,NO_DIRECT_SOURCE_LEMMA,,,NO_DIRECT_MATCH,SOURCE_LEMMA_ONLY_NOT_SENSE_OR_POS,UNREVIEWED_NOT_SEMANTICALLY_APPROVED,NOT_CLEARED,true
lex:B2:inch,B2,inch,NGSL_1_2_CORE,inch,2048,EXACT_HEADWORD_FORM_ONLY,SOURCE_LEMMA_ONLY_NOT_SENSE_OR_POS,UNREVIEWED_NOT_SEMANTICALLY_APPROVED,NOT_CLEARED,true
lex:B2:incident,B2,incident,NGSL_1_2_CORE,incident,1807,EXACT_HEADWORD_FORM_ONLY,SOURCE_LEMMA_ONLY_NOT_SENSE_OR_POS,UNREVIEWED_NOT_SEMANTICALLY_APPROVED,NOT_CLEARED,true
lex:B2:income,B2,income,NGSL_1_2_CORE,income,920,EXACT_HEADWORD_FORM_ONLY,SOURCE_LEMMA_ONLY_NOT_SENSE_OR_POS,UNREVIEWED_NOT_SEMANTICALLY_APPROVED,NOT_CLEARED,true
lex:B2:increasingly,B2,increasingly,NGSL_1_2_CORE,increasingly,1612,EXACT_HEADWORD_FORM_ONLY,SOURCE_LEMMA_ONLY_NOT_SENSE_OR_POS,UNREVIEWED_NOT_SEMANTICALLY_APPROVED,NOT_CLEARED,true
lex:B2:industrial,B2,industrial,NGSL_1_2_CORE,industrial,1494,EXACT_HEADWORD_FORM_ONLY,SOURCE_LEMMA_ONLY_NOT_SENSE_OR_POS,UNREVIEWED_NOT_SEMANTICALLY_APPROVED,NOT_CLEARED,true
lex:B2:infection,B2,infection,NGSL_1_2_CORE,infection,2252,EXACT_HEADWORD_FORM_ONLY,SOURCE_LEMMA_ONLY_NOT_SENSE_OR_POS,UNREVIEWED_NOT_SEMANTICALLY_APPROVED,NOT_CLEARED,true
lex:B2:inform,B2,inform,NGSL_1_2_CORE,inform,1070,EXACT_HEADWORD_FORM_ONLY,SOURCE_LEMMA_ONLY_NOT_SENSE_OR_POS,UNREVIEWED_NOT_SEMANTICALLY_APPROVED,NOT_CLEARED,true
lex:B2:initial,B2,initial,NGSL_1_2_CORE,initial,1282,EXACT_HEADWORD_FORM_ONLY,SOURCE_LEMMA_ONLY_NOT_SENSE_OR_POS,UNREVIEWED_NOT_SEMANTICALLY_APPROVED,NOT_CLEARED,true
lex:B2:initially,B2,initially,NGSL_1_2_CORE,initially,2146,EXACT_HEADWORD_FORM_ONLY,SOURCE_LEMMA_ONLY_NOT_SENSE_OR_POS,UNREVIEWED_NOT_SEMANTICALLY_APPROVED,NOT_CLEARED,true
lex:B2:initiative,B2,initiative,NGSL_1_2_CORE,initiative,1845,EXACT_HEADWORD_FORM_ONLY,SOURCE_LEMMA_ONLY_NOT_SENSE_OR_POS,UNREVIEWED_NOT_SEMANTICALLY_APPROVED,NOT_CLEARED,true
lex:B2:inner,B2,inner,NGSL_1_2_CORE,inner,2235,EXACT_HEADWORD_FORM_ONLY,SOURCE_LEMMA_ONLY_NOT_SENSE_OR_POS,UNREVIEWED_NOT_SEMANTICALLY_APPROVED,NOT_CLEARED,true
lex:B2:insight,B2,insight,NGSL_1_2_CORE,insight,2505,EXACT_HEADWORD_FORM_ONLY,SOURCE_LEMMA_ONLY_NOT_SENSE_OR_POS,UNREVIEWED_NOT_SEMANTICALLY_APPROVED,NOT_CLEARED,true
lex:B2:insist,B2,insist,NGSL_1_2_CORE,insist,1551,EXACT_HEADWORD_FORM_ONLY,SOURCE_LEMMA_ONLY_NOT_SENSE_OR_POS,UNREVIEWED_NOT_SEMANTICALLY_APPROVED,NOT_CLEARED,true
lex:B2:inspire,B2,inspire,NGSL_1_2_CORE,inspire,2092,EXACT_HEADWORD_FORM_ONLY,SOURCE_LEMMA_ONLY_NOT_SENSE_OR_POS,UNREVIEWED_NOT_SEMANTICALLY_APPROVED,NOT_CLEARED,true
lex:B2:install,B2,install,NGSL_1_2_CORE,install,1924,EXACT_HEADWORD_FORM_ONLY,SOURCE_LEMMA_ONLY_NOT_SENSE_OR_POS,UNREVIEWED_NOT_SEMANTICALLY_APPROVED,NOT_CLEARED,true
lex:B2:instance,B2,instance,NGSL_1_2_CORE,instance,864,EXACT_HEADWORD_FORM_ONLY,SOURCE_LEMMA_ONLY_NOT_SENSE_OR_POS,UNREVIEWED_NOT_SEMANTICALLY_APPROVED,NOT_CLEARED,true
lex:B2:institute,B2,institute,NGSL_SFI_31K_EXTENSION,institute,3676,EXACT_HEADWORD_FORM_ONLY,SOURCE_LEMMA_ONLY_NOT_SENSE_OR_POS,UNREVIEWED_NOT_SEMANTICALLY_APPROVED,NOT_CLEARED,true
lex:B2:institution,B2,institution,NGSL_1_2_CORE,institution,1137,EXACT_HEADWORD_FORM_ONLY,SOURCE_LEMMA_ONLY_NOT_SENSE_OR_POS,UNREVIEWED_NOT_SEMANTICALLY_APPROVED,NOT_CLEARED,true
lex:B2:insurance,B2,insurance,NGSL_1_2_CORE,insurance,1314,EXACT_HEADWORD_FORM_ONLY,SOURCE_LEMMA_ONLY_NOT_SENSE_OR_POS,UNREVIEWED_NOT_SEMANTICALLY_APPROVED,NOT_CLEARED,true
lex:B2:intended,B2,intended,NO_DIRECT_SOURCE_LEMMA,,,NO_DIRECT_MATCH,SOURCE_LEMMA_ONLY_NOT_SENSE_OR_POS,UNREVIEWED_NOT_SEMANTICALLY_APPROVED,NOT_CLEARED,true
lex:B2:intense,B2,intense,NGSL_1_2_CORE,intense,2564,EXACT_HEADWORD_FORM_ONLY,SOURCE_LEMMA_ONLY_NOT_SENSE_OR_POS,UNREVIEWED_NOT_SEMANTICALLY_APPROVED,NOT_CLEARED,true
lex:B2:internal,B2,internal,NGSL_1_2_CORE,internal,1517,EXACT_HEADWORD_FORM_ONLY,SOURCE_LEMMA_ONLY_NOT_SENSE_OR_POS,UNREVIEWED_NOT_SEMANTICALLY_APPROVED,NOT_CLEARED,true
lex:B2:interpret,B2,interpret,NGSL_1_2_CORE,interpret,2232,EXACT_HEADWORD_FORM_ONLY,SOURCE_LEMMA_ONLY_NOT_SENSE_OR_POS,UNREVIEWED_NOT_SEMANTICALLY_APPROVED,NOT_CLEARED,true
lex:B2:interrupt,B2,interrupt,NGSL_SFI_31K_EXTENSION,interrupt,3114,EXACT_HEADWORD_FORM_ONLY,SOURCE_LEMMA_ONLY_NOT_SENSE_OR_POS,UNREVIEWED_NOT_SEMANTICALLY_APPROVED,NOT_CLEARED,true
lex:B2:investigation,B2,investigation,NGSL_1_2_CORE,investigation,1318,EXACT_HEADWORD_FORM_ONLY,SOURCE_LEMMA_ONLY_NOT_SENSE_OR_POS,UNREVIEWED_NOT_SEMANTICALLY_APPROVED,NOT_CLEARED,true
lex:B2:investment,B2,investment,NGSL_1_2_CORE,investment,822,EXACT_HEADWORD_FORM_ONLY,SOURCE_LEMMA_ONLY_NOT_SENSE_OR_POS,UNREVIEWED_NOT_SEMANTICALLY_APPROVED,NOT_CLEARED,true
lex:B2:issue,B2,issue,NGSL_1_2_CORE,issue,218,EXACT_HEADWORD_FORM_ONLY,SOURCE_LEMMA_ONLY_NOT_SENSE_OR_POS,UNREVIEWED_NOT_SEMANTICALLY_APPROVED,NOT_CLEARED,true
lex:B2:joy,B2,joy,NGSL_1_2_CORE,joy,2510,EXACT_HEADWORD_FORM_ONLY,SOURCE_LEMMA_ONLY_NOT_SENSE_OR_POS,UNREVIEWED_NOT_SEMANTICALLY_APPROVED,NOT_CLEARED,true
lex:B2:judgement,B2,judgement,NO_DIRECT_SOURCE_LEMMA,,,NO_DIRECT_MATCH,SOURCE_LEMMA_ONLY_NOT_SENSE_OR_POS,UNREVIEWED_NOT_SEMANTICALLY_APPROVED,NOT_CLEARED,true
lex:B2:junior,B2,junior,NGSL_SFI_31K_EXTENSION,junior,2883,EXACT_HEADWORD_FORM_ONLY,SOURCE_LEMMA_ONLY_NOT_SENSE_OR_POS,UNREVIEWED_NOT_SEMANTICALLY_APPROVED,NOT_CLEARED,true
lex:B2:justice,B2,justice,NGSL_1_2_CORE,justice,1696,EXACT_HEADWORD_FORM_ONLY,SOURCE_LEMMA_ONLY_NOT_SENSE_OR_POS,UNREVIEWED_NOT_SEMANTICALLY_APPROVED,NOT_CLEARED,true
lex:B2:justify,B2,justify,NGSL_1_2_CORE,justify,2122,EXACT_HEADWORD_FORM_ONLY,SOURCE_LEMMA_ONLY_NOT_SENSE_OR_POS,UNREVIEWED_NOT_SEMANTICALLY_APPROVED,NOT_CLEARED,true
lex:B2:labour,B2,labour,NO_DIRECT_SOURCE_LEMMA,,,NO_DIRECT_MATCH,SOURCE_LEMMA_ONLY_NOT_SENSE_OR_POS,UNREVIEWED_NOT_SEMANTICALLY_APPROVED,NOT_CLEARED,true
lex:B2:landscape,B2,landscape,NGSL_1_2_CORE,landscape,1992,EXACT_HEADWORD_FORM_ONLY,SOURCE_LEMMA_ONLY_NOT_SENSE_OR_POS,UNREVIEWED_NOT_SEMANTICALLY_APPROVED,NOT_CLEARED,true
lex:B2:largely,B2,largely,NGSL_1_2_CORE,largely,1564,EXACT_HEADWORD_FORM_ONLY,SOURCE_LEMMA_ONLY_NOT_SENSE_OR_POS,UNREVIEWED_NOT_SEMANTICALLY_APPROVED,NOT_CLEARED,true
lex:B2:latest,B2,latest,NO_DIRECT_SOURCE_LEMMA,,,NO_DIRECT_MATCH,SOURCE_LEMMA_ONLY_NOT_SENSE_OR_POS,UNREVIEWED_NOT_SEMANTICALLY_APPROVED,NOT_CLEARED,true
lex:B2:launch,B2,launch,NGSL_1_2_CORE,launch,1131,EXACT_HEADWORD_FORM_ONLY,SOURCE_LEMMA_ONLY_NOT_SENSE_OR_POS,UNREVIEWED_NOT_SEMANTICALLY_APPROVED,NOT_CLEARED,true
lex:B2:leadership,B2,leadership,NGSL_1_2_CORE,leadership,1506,EXACT_HEADWORD_FORM_ONLY,SOURCE_LEMMA_ONLY_NOT_SENSE_OR_POS,UNREVIEWED_NOT_SEMANTICALLY_APPROVED,NOT_CLEARED,true
lex:B2:league,B2,league,NGSL_1_2_CORE,league,2386,EXACT_HEADWORD_FORM_ONLY,SOURCE_LEMMA_ONLY_NOT_SENSE_OR_POS,UNREVIEWED_NOT_SEMANTICALLY_APPROVED,NOT_CLEARED,true
lex:B2:lean,B2,lean,NGSL_1_2_CORE,lean,1974,EXACT_HEADWORD_FORM_ONLY,SOURCE_LEMMA_ONLY_NOT_SENSE_OR_POS,UNREVIEWED_NOT_SEMANTICALLY_APPROVED,NOT_CLEARED,true
lex:B2:leave,B2,leave,NGSL_1_2_CORE,leave,126,EXACT_HEADWORD_FORM_ONLY,SOURCE_LEMMA_ONLY_NOT_SENSE_OR_POS,UNREVIEWED_NOT_SEMANTICALLY_APPROVED,NOT_CLEARED,true
lex:B2:level,B2,level,NGSL_1_2_CORE,level,262,EXACT_HEADWORD_FORM_ONLY,SOURCE_LEMMA_ONLY_NOT_SENSE_OR_POS,UNREVIEWED_NOT_SEMANTICALLY_APPROVED,NOT_CLEARED,true
lex:B2:licence,B2,licence,NO_DIRECT_SOURCE_LEMMA,,,NO_DIRECT_MATCH,SOURCE_LEMMA_ONLY_NOT_SENSE_OR_POS,UNREVIEWED_NOT_SEMANTICALLY_APPROVED,NOT_CLEARED,true
lex:B2:limited,B2,limited,NO_DIRECT_SOURCE_LEMMA,,,NO_DIRECT_MATCH,SOURCE_LEMMA_ONLY_NOT_SENSE_OR_POS,UNREVIEWED_NOT_SEMANTICALLY_APPROVED,NOT_CLEARED,true
lex:B2:line,B2,line,NGSL_1_2_CORE,line,274,EXACT_HEADWORD_FORM_ONLY,SOURCE_LEMMA_ONLY_NOT_SENSE_OR_POS,UNREVIEWED_NOT_SEMANTICALLY_APPROVED,NOT_CLEARED,true
lex:B2:lively,B2,lively,NGSL_SFI_31K_EXTENSION,lively,3314,EXACT_HEADWORD_FORM_ONLY,SOURCE_LEMMA_ONLY_NOT_SENSE_OR_POS,UNREVIEWED_NOT_SEMANTICALLY_APPROVED,NOT_CLEARED,true
lex:B2:load,B2,load,NGSL_1_2_CORE,load,1455,EXACT_HEADWORD_FORM_ONLY,SOURCE_LEMMA_ONLY_NOT_SENSE_OR_POS,UNREVIEWED_NOT_SEMANTICALLY_APPROVED,NOT_CLEARED,true
lex:B2:loan,B2,loan,NGSL_1_2_CORE,loan,1576,EXACT_HEADWORD_FORM_ONLY,SOURCE_LEMMA_ONLY_NOT_SENSE_OR_POS,UNREVIEWED_NOT_SEMANTICALLY_APPROVED,NOT_CLEARED,true
lex:B2:logical,B2,logical,NGSL_SFI_31K_EXTENSION,logical,3177,EXACT_HEADWORD_FORM_ONLY,SOURCE_LEMMA_ONLY_NOT_SENSE_OR_POS,UNREVIEWED_NOT_SEMANTICALLY_APPROVED,NOT_CLEARED,true
lex:B2:long-term,B2,long-term,NO_DIRECT_SOURCE_LEMMA,,,NO_DIRECT_MATCH,SOURCE_LEMMA_ONLY_NOT_SENSE_OR_POS,UNREVIEWED_NOT_SEMANTICALLY_APPROVED,NOT_CLEARED,true
lex:B2:loose,B2,loose,NGSL_1_2_CORE,loose,2185,EXACT_HEADWORD_FORM_ONLY,SOURCE_LEMMA_ONLY_NOT_SENSE_OR_POS,UNREVIEWED_NOT_SEMANTICALLY_APPROVED,NOT_CLEARED,true
lex:B2:lord,B2,lord,NGSL_SFI_31K_EXTENSION,lord,3843,EXACT_HEADWORD_FORM_ONLY,SOURCE_LEMMA_ONLY_NOT_SENSE_OR_POS,UNREVIEWED_NOT_SEMANTICALLY_APPROVED,NOT_CLEARED,true
lex:B2:low,B2,low,NGSL_1_2_CORE,low,283,EXACT_HEADWORD_FORM_ONLY,SOURCE_LEMMA_ONLY_NOT_SENSE_OR_POS,UNREVIEWED_NOT_SEMANTICALLY_APPROVED,NOT_CLEARED,true
lex:B2:lower,B2,lower,NO_DIRECT_SOURCE_LEMMA,,,NO_DIRECT_MATCH,SOURCE_LEMMA_ONLY_NOT_SENSE_OR_POS,UNREVIEWED_NOT_SEMANTICALLY_APPROVED,NOT_CLEARED,true
lex:B2:lung,B2,lung,NGSL_SFI_31K_EXTENSION,lung,3204,EXACT_HEADWORD_FORM_ONLY,SOURCE_LEMMA_ONLY_NOT_SENSE_OR_POS,UNREVIEWED_NOT_SEMANTICALLY_APPROVED,NOT_CLEARED,true
lex:B2:maintain,B2,maintain,NGSL_1_2_CORE,maintain,943,EXACT_HEADWORD_FORM_ONLY,SOURCE_LEMMA_ONLY_NOT_SENSE_OR_POS,UNREVIEWED_NOT_SEMANTICALLY_APPROVED,NOT_CLEARED,true
lex:B2:majority,B2,majority,NGSL_1_2_CORE,majority,1009,EXACT_HEADWORD_FORM_ONLY,SOURCE_LEMMA_ONLY_NOT_SENSE_OR_POS,UNREVIEWED_NOT_SEMANTICALLY_APPROVED,NOT_CLEARED,true
lex:B2:make,B2,make,NGSL_1_2_CORE,make,48,EXACT_HEADWORD_FORM_ONLY,SOURCE_LEMMA_ONLY_NOT_SENSE_OR_POS,UNREVIEWED_NOT_SEMANTICALLY_APPROVED,NOT_CLEARED,true
lex:B2:map,B2,map,NGSL_1_2_CORE,map,1212,EXACT_HEADWORD_FORM_ONLY,SOURCE_LEMMA_ONLY_NOT_SENSE_OR_POS,UNREVIEWED_NOT_SEMANTICALLY_APPROVED,NOT_CLEARED,true
lex:B2:mass,B2,mass,NGSL_1_2_CORE,mass,1236,EXACT_HEADWORD_FORM_ONLY,SOURCE_LEMMA_ONLY_NOT_SENSE_OR_POS,UNREVIEWED_NOT_SEMANTICALLY_APPROVED,NOT_CLEARED,true
lex:B2:massive,B2,massive,NGSL_1_2_CORE,massive,1923,EXACT_HEADWORD_FORM_ONLY,SOURCE_LEMMA_ONLY_NOT_SENSE_OR_POS,UNREVIEWED_NOT_SEMANTICALLY_APPROVED,NOT_CLEARED,true
lex:B2:master,B2,master,NGSL_1_2_CORE,master,1556,EXACT_HEADWORD_FORM_ONLY,SOURCE_LEMMA_ONLY_NOT_SENSE_OR_POS,UNREVIEWED_NOT_SEMANTICALLY_APPROVED,NOT_CLEARED,true
lex:B2:matching,B2,matching,NO_DIRECT_SOURCE_LEMMA,,,NO_DIRECT_MATCH,SOURCE_LEMMA_ONLY_NOT_SENSE_OR_POS,UNREVIEWED_NOT_SEMANTICALLY_APPROVED,NOT_CLEARED,true
lex:B2:material,B2,material,NGSL_1_2_CORE,material,571,EXACT_HEADWORD_FORM_ONLY,SOURCE_LEMMA_ONLY_NOT_SENSE_OR_POS,UNREVIEWED_NOT_SEMANTICALLY_APPROVED,NOT_CLEARED,true
lex:B2:maximum,B2,maximum,NGSL_1_2_CORE,maximum,1841,EXACT_HEADWORD_FORM_ONLY,SOURCE_LEMMA_ONLY_NOT_SENSE_OR_POS,UNREVIEWED_NOT_SEMANTICALLY_APPROVED,NOT_CLEARED,true
lex:B2:means,B2,means,NO_DIRECT_SOURCE_LEMMA,,,NO_DIRECT_MATCH,SOURCE_LEMMA_ONLY_NOT_SENSE_OR_POS,UNREVIEWED_NOT_SEMANTICALLY_APPROVED,NOT_CLEARED,true
lex:B2:measurement,B2,measurement,NGSL_1_2_CORE,measurement,2431,EXACT_HEADWORD_FORM_ONLY,SOURCE_LEMMA_ONLY_NOT_SENSE_OR_POS,UNREVIEWED_NOT_SEMANTICALLY_APPROVED,NOT_CLEARED,true
lex:B2:medium,B2,medium,NGSL_1_2_CORE,medium,689,EXACT_HEADWORD_FORM_ONLY,SOURCE_LEMMA_ONLY_NOT_SENSE_OR_POS,UNREVIEWED_NOT_SEMANTICALLY_APPROVED,NOT_CLEARED,true
lex:B2:melt,B2,melt,NGSL_SFI_31K_EXTENSION,melt,3219,EXACT_HEADWORD_FORM_ONLY,SOURCE_LEMMA_ONLY_NOT_SENSE_OR_POS,UNREVIEWED_NOT_SEMANTICALLY_APPROVED,NOT_CLEARED,true
lex:B2:military,B2,military,NGSL_1_2_CORE,military,758,EXACT_HEADWORD_FORM_ONLY,SOURCE_LEMMA_ONLY_NOT_SENSE_OR_POS,UNREVIEWED_NOT_SEMANTICALLY_APPROVED,NOT_CLEARED,true
lex:B2:mineral,B2,mineral,NGSL_SFI_31K_EXTENSION,mineral,3302,EXACT_HEADWORD_FORM_ONLY,SOURCE_LEMMA_ONLY_NOT_SENSE_OR_POS,UNREVIEWED_NOT_SEMANTICALLY_APPROVED,NOT_CLEARED,true
lex:B2:minimum,B2,minimum,NGSL_1_2_CORE,minimum,1769,EXACT_HEADWORD_FORM_ONLY,SOURCE_LEMMA_ONLY_NOT_SENSE_OR_POS,UNREVIEWED_NOT_SEMANTICALLY_APPROVED,NOT_CLEARED,true
lex:B2:minister,B2,minister,NGSL_1_2_CORE,minister,1437,EXACT_HEADWORD_FORM_ONLY,SOURCE_LEMMA_ONLY_NOT_SENSE_OR_POS,UNREVIEWED_NOT_SEMANTICALLY_APPROVED,NOT_CLEARED,true
lex:B2:minor,B2,minor,NGSL_1_2_CORE,minor,1997,EXACT_HEADWORD_FORM_ONLY,SOURCE_LEMMA_ONLY_NOT_SENSE_OR_POS,UNREVIEWED_NOT_SEMANTICALLY_APPROVED,NOT_CLEARED,true
lex:B2:minority,B2,minority,NGSL_1_2_CORE,minority,1987,EXACT_HEADWORD_FORM_ONLY,SOURCE_LEMMA_ONLY_NOT_SENSE_OR_POS,UNREVIEWED_NOT_SEMANTICALLY_APPROVED,NOT_CLEARED,true
lex:B2:mission,B2,mission,NGSL_1_2_CORE,mission,1691,EXACT_HEADWORD_FORM_ONLY,SOURCE_LEMMA_ONLY_NOT_SENSE_OR_POS,UNREVIEWED_NOT_SEMANTICALLY_APPROVED,NOT_CLEARED,true
lex:B2:mistake,B2,mistake,NGSL_1_2_CORE,mistake,1152,EXACT_HEADWORD_FORM_ONLY,SOURCE_LEMMA_ONLY_NOT_SENSE_OR_POS,UNREVIEWED_NOT_SEMANTICALLY_APPROVED,NOT_CLEARED,true
lex:B2:mixed,B2,mixed,NO_DIRECT_SOURCE_LEMMA,,,NO_DIRECT_MATCH,SOURCE_LEMMA_ONLY_NOT_SENSE_OR_POS,UNREVIEWED_NOT_SEMANTICALLY_APPROVED,NOT_CLEARED,true
lex:B2:model,B2,model,NGSL_1_2_CORE,model,485,EXACT_HEADWORD_FORM_ONLY,SOURCE_LEMMA_ONLY_NOT_SENSE_OR_POS,UNREVIEWED_NOT_SEMANTICALLY_APPROVED,NOT_CLEARED,true
lex:B2:modify,B2,modify,NGSL_1_2_CORE,modify,2484,EXACT_HEADWORD_FORM_ONLY,SOURCE_LEMMA_ONLY_NOT_SENSE_OR_POS,UNREVIEWED_NOT_SEMANTICALLY_APPROVED,NOT_CLEARED,true
lex:B2:monitor,B2,monitor,NGSL_1_2_CORE,monitor,1377,EXACT_HEADWORD_FORM_ONLY,SOURCE_LEMMA_ONLY_NOT_SENSE_OR_POS,UNREVIEWED_NOT_SEMANTICALLY_APPROVED,NOT_CLEARED,true
lex:B2:moral,B2,moral,NGSL_1_2_CORE,moral,1550,EXACT_HEADWORD_FORM_ONLY,SOURCE_LEMMA_ONLY_NOT_SENSE_OR_POS,UNREVIEWED_NOT_SEMANTICALLY_APPROVED,NOT_CLEARED,true
lex:B2:motor,B2,motor,NGSL_1_2_CORE,motor,2410,EXACT_HEADWORD_FORM_ONLY,SOURCE_LEMMA_ONLY_NOT_SENSE_OR_POS,UNREVIEWED_NOT_SEMANTICALLY_APPROVED,NOT_CLEARED,true
lex:B2:mount,B2,mount,NGSL_1_2_CORE,mount,2333,EXACT_HEADWORD_FORM_ONLY,SOURCE_LEMMA_ONLY_NOT_SENSE_OR_POS,UNREVIEWED_NOT_SEMANTICALLY_APPROVED,NOT_CLEARED,true
lex:B2:multiple,B2,multiple,NGSL_1_2_CORE,multiple,1732,EXACT_HEADWORD_FORM_ONLY,SOURCE_LEMMA_ONLY_NOT_SENSE_OR_POS,UNREVIEWED_NOT_SEMANTICALLY_APPROVED,NOT_CLEARED,true
lex:B2:multiply,B2,multiply,NGSL_SFI_31K_EXTENSION,multiply,4459,EXACT_HEADWORD_FORM_ONLY,SOURCE_LEMMA_ONLY_NOT_SENSE_OR_POS,UNREVIEWED_NOT_SEMANTICALLY_APPROVED,NOT_CLEARED,true
lex:B2:mysterious,B2,mysterious,NGSL_SFI_31K_EXTENSION,mysterious,3991,EXACT_HEADWORD_FORM_ONLY,SOURCE_LEMMA_ONLY_NOT_SENSE_OR_POS,UNREVIEWED_NOT_SEMANTICALLY_APPROVED,NOT_CLEARED,true
lex:B2:narrow,B2,narrow,NGSL_1_2_CORE,narrow,1585,EXACT_HEADWORD_FORM_ONLY,SOURCE_LEMMA_ONLY_NOT_SENSE_OR_POS,UNREVIEWED_NOT_SEMANTICALLY_APPROVED,NOT_CLEARED,true
lex:B2:national,B2,national,NGSL_1_2_CORE,national,537,EXACT_HEADWORD_FORM_ONLY,SOURCE_LEMMA_ONLY_NOT_SENSE_OR_POS,UNREVIEWED_NOT_SEMANTICALLY_APPROVED,NOT_CLEARED,true
lex:B2:neat,B2,neat,NGSL_SFI_31K_EXTENSION,neat,3271,EXACT_HEADWORD_FORM_ONLY,SOURCE_LEMMA_ONLY_NOT_SENSE_OR_POS,UNREVIEWED_NOT_SEMANTICALLY_APPROVED,NOT_CLEARED,true
lex:B2:negative,B2,negative,NGSL_1_2_CORE,negative,1086,EXACT_HEADWORD_FORM_ONLY,SOURCE_LEMMA_ONLY_NOT_SENSE_OR_POS,UNREVIEWED_NOT_SEMANTICALLY_APPROVED,NOT_CLEARED,true
lex:B2:nerve,B2,nerve,NGSL_1_2_CORE,nerve,2676,EXACT_HEADWORD_FORM_ONLY,SOURCE_LEMMA_ONLY_NOT_SENSE_OR_POS,UNREVIEWED_NOT_SEMANTICALLY_APPROVED,NOT_CLEARED,true
lex:B2:nevertheless,B2,nevertheless,NGSL_1_2_CORE,nevertheless,1560,EXACT_HEADWORD_FORM_ONLY,SOURCE_LEMMA_ONLY_NOT_SENSE_OR_POS,UNREVIEWED_NOT_SEMANTICALLY_APPROVED,NOT_CLEARED,true
lex:B2:nightmare,B2,nightmare,NGSL_SFI_31K_EXTENSION,nightmare,3293,EXACT_HEADWORD_FORM_ONLY,SOURCE_LEMMA_ONLY_NOT_SENSE_OR_POS,UNREVIEWED_NOT_SEMANTICALLY_APPROVED,NOT_CLEARED,true
lex:B2:notion,B2,notion,NGSL_1_2_CORE,notion,1619,EXACT_HEADWORD_FORM_ONLY,SOURCE_LEMMA_ONLY_NOT_SENSE_OR_POS,UNREVIEWED_NOT_SEMANTICALLY_APPROVED,NOT_CLEARED,true
lex:B2:numerous,B2,numerous,NGSL_1_2_CORE,numerous,2069,EXACT_HEADWORD_FORM_ONLY,SOURCE_LEMMA_ONLY_NOT_SENSE_OR_POS,UNREVIEWED_NOT_SEMANTICALLY_APPROVED,NOT_CLEARED,true
lex:B2:obey,B2,obey,NGSL_SFI_31K_EXTENSION,obey,4496,EXACT_HEADWORD_FORM_ONLY,SOURCE_LEMMA_ONLY_NOT_SENSE_OR_POS,UNREVIEWED_NOT_SEMANTICALLY_APPROVED,NOT_CLEARED,true
lex:B2:object,B2,object,NGSL_1_2_CORE,object,942,EXACT_HEADWORD_FORM_ONLY,SOURCE_LEMMA_ONLY_NOT_SENSE_OR_POS,UNREVIEWED_NOT_SEMANTICALLY_APPROVED,NOT_CLEARED,true
lex:B2:objective,B2,objective,NGSL_1_2_CORE,objective,1402,EXACT_HEADWORD_FORM_ONLY,SOURCE_LEMMA_ONLY_NOT_SENSE_OR_POS,UNREVIEWED_NOT_SEMANTICALLY_APPROVED,NOT_CLEARED,true
lex:B2:obligation,B2,obligation,NGSL_1_2_CORE,obligation,2137,EXACT_HEADWORD_FORM_ONLY,SOURCE_LEMMA_ONLY_NOT_SENSE_OR_POS,UNREVIEWED_NOT_SEMANTICALLY_APPROVED,NOT_CLEARED,true
lex:B2:observation,B2,observation,NGSL_1_2_CORE,observation,1868,EXACT_HEADWORD_FORM_ONLY,SOURCE_LEMMA_ONLY_NOT_SENSE_OR_POS,UNREVIEWED_NOT_SEMANTICALLY_APPROVED,NOT_CLEARED,true
lex:B2:observe,B2,observe,NGSL_1_2_CORE,observe,1098,EXACT_HEADWORD_FORM_ONLY,SOURCE_LEMMA_ONLY_NOT_SENSE_OR_POS,UNREVIEWED_NOT_SEMANTICALLY_APPROVED,NOT_CLEARED,true
lex:B2:obtain,B2,obtain,NGSL_SFI_31K_EXTENSION,obtain,1060,EXACT_HEADWORD_FORM_ONLY,SOURCE_LEMMA_ONLY_NOT_SENSE_OR_POS,UNREVIEWED_NOT_SEMANTICALLY_APPROVED,NOT_CLEARED,true
lex:B2:occasionally,B2,occasionally,NGSL_1_2_CORE,occasionally,2289,EXACT_HEADWORD_FORM_ONLY,SOURCE_LEMMA_ONLY_NOT_SENSE_OR_POS,UNREVIEWED_NOT_SEMANTICALLY_APPROVED,NOT_CLEARED,true
lex:B2:offence,B2,offence,NO_DIRECT_SOURCE_LEMMA,,,NO_DIRECT_MATCH,SOURCE_LEMMA_ONLY_NOT_SENSE_OR_POS,UNREVIEWED_NOT_SEMANTICALLY_APPROVED,NOT_CLEARED,true
lex:B2:offend,B2,offend,NGSL_SFI_31K_EXTENSION,offend,3758,EXACT_HEADWORD_FORM_ONLY,SOURCE_LEMMA_ONLY_NOT_SENSE_OR_POS,UNREVIEWED_NOT_SEMANTICALLY_APPROVED,NOT_CLEARED,true
lex:B2:offensive,B2,offensive,NGSL_SFI_31K_EXTENSION,offensive,3420,EXACT_HEADWORD_FORM_ONLY,SOURCE_LEMMA_ONLY_NOT_SENSE_OR_POS,UNREVIEWED_NOT_SEMANTICALLY_APPROVED,NOT_CLEARED,true
lex:B2:official,B2,official,NGSL_1_2_CORE,official,643,EXACT_HEADWORD_FORM_ONLY,SOURCE_LEMMA_ONLY_NOT_SENSE_OR_POS,UNREVIEWED_NOT_SEMANTICALLY_APPROVED,NOT_CLEARED,true
lex:B2:opening,B2,opening,NO_DIRECT_SOURCE_LEMMA,,,NO_DIRECT_MATCH,SOURCE_LEMMA_ONLY_NOT_SENSE_OR_POS,UNREVIEWED_NOT_SEMANTICALLY_APPROVED,NOT_CLEARED,true
lex:B2:operate,B2,operate,NGSL_1_2_CORE,operate,915,EXACT_HEADWORD_FORM_ONLY,SOURCE_LEMMA_ONLY_NOT_SENSE_OR_POS,UNREVIEWED_NOT_SEMANTICALLY_APPROVED,NOT_CLEARED,true
lex:B2:opponent,B2,opponent,NGSL_1_2_CORE,opponent,2395,EXACT_HEADWORD_FORM_ONLY,SOURCE_LEMMA_ONLY_NOT_SENSE_OR_POS,UNREVIEWED_NOT_SEMANTICALLY_APPROVED,NOT_CLEARED,true
lex:B2:oppose,B2,oppose,NGSL_1_2_CORE,oppose,1406,EXACT_HEADWORD_FORM_ONLY,SOURCE_LEMMA_ONLY_NOT_SENSE_OR_POS,UNREVIEWED_NOT_SEMANTICALLY_APPROVED,NOT_CLEARED,true
lex:B2:opposed,B2,opposed,NO_DIRECT_SOURCE_LEMMA,,,NO_DIRECT_MATCH,SOURCE_LEMMA_ONLY_NOT_SENSE_OR_POS,UNREVIEWED_NOT_SEMANTICALLY_APPROVED,NOT_CLEARED,true
lex:B2:opposition,B2,opposition,NGSL_1_2_CORE,opposition,1622,EXACT_HEADWORD_FORM_ONLY,SOURCE_LEMMA_ONLY_NOT_SENSE_OR_POS,UNREVIEWED_NOT_SEMANTICALLY_APPROVED,NOT_CLEARED,true
lex:B2:organ,B2,organ,NGSL_SFI_31K_EXTENSION,organ,2971,EXACT_HEADWORD_FORM_ONLY,SOURCE_LEMMA_ONLY_NOT_SENSE_OR_POS,UNREVIEWED_NOT_SEMANTICALLY_APPROVED,NOT_CLEARED,true
lex:B2:origin,B2,origin,NGSL_1_2_CORE,origin,1988,EXACT_HEADWORD_FORM_ONLY,SOURCE_LEMMA_ONLY_NOT_SENSE_OR_POS,UNREVIEWED_NOT_SEMANTICALLY_APPROVED,NOT_CLEARED,true
lex:B2:otherwise,B2,otherwise,NGSL_1_2_CORE,otherwise,1056,EXACT_HEADWORD_FORM_ONLY,SOURCE_LEMMA_ONLY_NOT_SENSE_OR_POS,UNREVIEWED_NOT_SEMANTICALLY_APPROVED,NOT_CLEARED,true
lex:B2:outcome,B2,outcome,NGSL_1_2_CORE,outcome,1626,EXACT_HEADWORD_FORM_ONLY,SOURCE_LEMMA_ONLY_NOT_SENSE_OR_POS,UNREVIEWED_NOT_SEMANTICALLY_APPROVED,NOT_CLEARED,true
lex:B2:outer,B2,outer,NGSL_SFI_31K_EXTENSION,outer,3378,EXACT_HEADWORD_FORM_ONLY,SOURCE_LEMMA_ONLY_NOT_SENSE_OR_POS,UNREVIEWED_NOT_SEMANTICALLY_APPROVED,NOT_CLEARED,true
lex:B2:outline,B2,outline,NGSL_1_2_CORE,outline,1931,EXACT_HEADWORD_FORM_ONLY,SOURCE_LEMMA_ONLY_NOT_SENSE_OR_POS,UNREVIEWED_NOT_SEMANTICALLY_APPROVED,NOT_CLEARED,true
lex:B2:overall,B2,overall,NGSL_1_2_CORE,overall,1113,EXACT_HEADWORD_FORM_ONLY,SOURCE_LEMMA_ONLY_NOT_SENSE_OR_POS,UNREVIEWED_NOT_SEMANTICALLY_APPROVED,NOT_CLEARED,true
lex:B2:owe,B2,owe,NGSL_1_2_CORE,owe,2053,EXACT_HEADWORD_FORM_ONLY,SOURCE_LEMMA_ONLY_NOT_SENSE_OR_POS,UNREVIEWED_NOT_SEMANTICALLY_APPROVED,NOT_CLEARED,true
lex:B2:pace,B2,pace,NGSL_1_2_CORE,pace,2118,EXACT_HEADWORD_FORM_ONLY,SOURCE_LEMMA_ONLY_NOT_SENSE_OR_POS,UNREVIEWED_NOT_SEMANTICALLY_APPROVED,NOT_CLEARED,true
lex:B2:package,B2,package,NGSL_1_2_CORE,package,1319,EXACT_HEADWORD_FORM_ONLY,SOURCE_LEMMA_ONLY_NOT_SENSE_OR_POS,UNREVIEWED_NOT_SEMANTICALLY_APPROVED,NOT_CLEARED,true
lex:B2:panel,B2,panel,NGSL_1_2_CORE,panel,1837,EXACT_HEADWORD_FORM_ONLY,SOURCE_LEMMA_ONLY_NOT_SENSE_OR_POS,UNREVIEWED_NOT_SEMANTICALLY_APPROVED,NOT_CLEARED,true
lex:B2:parliament,B2,parliament,NGSL_SFI_31K_EXTENSION,parliament,3016,EXACT_HEADWORD_FORM_ONLY,SOURCE_LEMMA_ONLY_NOT_SENSE_OR_POS,UNREVIEWED_NOT_SEMANTICALLY_APPROVED,NOT_CLEARED,true
lex:B2:participant,B2,participant,NGSL_1_2_CORE,participant,1650,EXACT_HEADWORD_FORM_ONLY,SOURCE_LEMMA_ONLY_NOT_SENSE_OR_POS,UNREVIEWED_NOT_SEMANTICALLY_APPROVED,NOT_CLEARED,true
lex:B2:partly,B2,partly,NGSL_1_2_CORE,partly,1916,EXACT_HEADWORD_FORM_ONLY,SOURCE_LEMMA_ONLY_NOT_SENSE_OR_POS,UNREVIEWED_NOT_SEMANTICALLY_APPROVED,NOT_CLEARED,true
lex:B2:passage,B2,passage,NGSL_1_2_CORE,passage,1858,EXACT_HEADWORD_FORM_ONLY,SOURCE_LEMMA_ONLY_NOT_SENSE_OR_POS,UNREVIEWED_NOT_SEMANTICALLY_APPROVED,NOT_CLEARED,true
lex:B2:patient,B2,patient,NGSL_1_2_CORE,patient,589,EXACT_HEADWORD_FORM_ONLY,SOURCE_LEMMA_ONLY_NOT_SENSE_OR_POS,UNREVIEWED_NOT_SEMANTICALLY_APPROVED,NOT_CLEARED,true
lex:B2:pension,B2,pension¹,NGSL_1_2_CORE,pension,2008,HEADWORD_NORMALIZED_REQUIRES_REVIEW,SOURCE_LEMMA_ONLY_NOT_SENSE_OR_POS,UNREVIEWED_NOT_SEMANTICALLY_APPROVED,NOT_CLEARED,true
lex:B2:permanent,B2,permanent,NGSL_1_2_CORE,permanent,1782,EXACT_HEADWORD_FORM_ONLY,SOURCE_LEMMA_ONLY_NOT_SENSE_OR_POS,UNREVIEWED_NOT_SEMANTICALLY_APPROVED,NOT_CLEARED,true
lex:B2:permit,B2,permit,NGSL_1_2_CORE,permit,1589,EXACT_HEADWORD_FORM_ONLY,SOURCE_LEMMA_ONLY_NOT_SENSE_OR_POS,UNREVIEWED_NOT_SEMANTICALLY_APPROVED,NOT_CLEARED,true
lex:B2:perspective,B2,perspective,NGSL_1_2_CORE,perspective,1496,EXACT_HEADWORD_FORM_ONLY,SOURCE_LEMMA_ONLY_NOT_SENSE_OR_POS,UNREVIEWED_NOT_SEMANTICALLY_APPROVED,NOT_CLEARED,true
lex:B2:phase,B2,phase,NGSL_1_2_CORE,phase,1697,EXACT_HEADWORD_FORM_ONLY,SOURCE_LEMMA_ONLY_NOT_SENSE_OR_POS,UNREVIEWED_NOT_SEMANTICALLY_APPROVED,NOT_CLEARED,true
lex:B2:phenomenon,B2,phenomenon,NGSL_1_2_CORE,phenomenon,2096,EXACT_HEADWORD_FORM_ONLY,SOURCE_LEMMA_ONLY_NOT_SENSE_OR_POS,UNREVIEWED_NOT_SEMANTICALLY_APPROVED,NOT_CLEARED,true
lex:B2:philosophy,B2,philosophy,NGSL_1_2_CORE,philosophy,2298,EXACT_HEADWORD_FORM_ONLY,SOURCE_LEMMA_ONLY_NOT_SENSE_OR_POS,UNREVIEWED_NOT_SEMANTICALLY_APPROVED,NOT_CLEARED,true
lex:B2:pick,B2,pick,NGSL_1_2_CORE,pick,583,EXACT_HEADWORD_FORM_ONLY,SOURCE_LEMMA_ONLY_NOT_SENSE_OR_POS,UNREVIEWED_NOT_SEMANTICALLY_APPROVED,NOT_CLEARED,true
lex:B2:picture,B2,picture,NGSL_1_2_CORE,picture,509,EXACT_HEADWORD_FORM_ONLY,SOURCE_LEMMA_ONLY_NOT_SENSE_OR_POS,UNREVIEWED_NOT_SEMANTICALLY_APPROVED,NOT_CLEARED,true
lex:B2:pile,B2,pile,NGSL_1_2_CORE,pile,2518,EXACT_HEADWORD_FORM_ONLY,SOURCE_LEMMA_ONLY_NOT_SENSE_OR_POS,UNREVIEWED_NOT_SEMANTICALLY_APPROVED,NOT_CLEARED,true
lex:B2:pitch,B2,pitch,NGSL_1_2_CORE,pitch,2057,EXACT_HEADWORD_FORM_ONLY,SOURCE_LEMMA_ONLY_NOT_SENSE_OR_POS,UNREVIEWED_NOT_SEMANTICALLY_APPROVED,NOT_CLEARED,true
lex:B2:plain,B2,plain,NGSL_1_2_CORE,plain,1961,EXACT_HEADWORD_FORM_ONLY,SOURCE_LEMMA_ONLY_NOT_SENSE_OR_POS,UNREVIEWED_NOT_SEMANTICALLY_APPROVED,NOT_CLEARED,true
lex:B2:plot,B2,plot,NGSL_1_2_CORE,plot,1951,EXACT_HEADWORD_FORM_ONLY,SOURCE_LEMMA_ONLY_NOT_SENSE_OR_POS,UNREVIEWED_NOT_SEMANTICALLY_APPROVED,NOT_CLEARED,true
lex:B2:plus,B2,plus¹,NGSL_1_2_CORE,plus,1256,HEADWORD_NORMALIZED_REQUIRES_REVIEW,SOURCE_LEMMA_ONLY_NOT_SENSE_OR_POS,UNREVIEWED_NOT_SEMANTICALLY_APPROVED,NOT_CLEARED,true
lex:B2:pointed,B2,pointed,NO_DIRECT_SOURCE_LEMMA,,,NO_DIRECT_MATCH,SOURCE_LEMMA_ONLY_NOT_SENSE_OR_POS,UNREVIEWED_NOT_SEMANTICALLY_APPROVED,NOT_CLEARED,true
lex:B2:popularity,B2,popularity,NGSL_SFI_31K_EXTENSION,popularity,3249,EXACT_HEADWORD_FORM_ONLY,SOURCE_LEMMA_ONLY_NOT_SENSE_OR_POS,UNREVIEWED_NOT_SEMANTICALLY_APPROVED,NOT_CLEARED,true
lex:B2:pose,B2,pose,NGSL_1_2_CORE,pose,2207,EXACT_HEADWORD_FORM_ONLY,SOURCE_LEMMA_ONLY_NOT_SENSE_OR_POS,UNREVIEWED_NOT_SEMANTICALLY_APPROVED,NOT_CLEARED,true
lex:B2:position,B2,position,NGSL_1_2_CORE,position,426,EXACT_HEADWORD_FORM_ONLY,SOURCE_LEMMA_ONLY_NOT_SENSE_OR_POS,UNREVIEWED_NOT_SEMANTICALLY_APPROVED,NOT_CLEARED,true
lex:B2:positive,B2,positive,NGSL_1_2_CORE,positive,859,EXACT_HEADWORD_FORM_ONLY,SOURCE_LEMMA_ONLY_NOT_SENSE_OR_POS,UNREVIEWED_NOT_SEMANTICALLY_APPROVED,NOT_CLEARED,true
lex:B2:possess,B2,possess,NGSL_1_2_CORE,possess,2413,EXACT_HEADWORD_FORM_ONLY,SOURCE_LEMMA_ONLY_NOT_SENSE_OR_POS,UNREVIEWED_NOT_SEMANTICALLY_APPROVED,NOT_CLEARED,true
lex:B2:potential,B2,potential,NGSL_1_2_CORE,potential,830,EXACT_HEADWORD_FORM_ONLY,SOURCE_LEMMA_ONLY_NOT_SENSE_OR_POS,UNREVIEWED_NOT_SEMANTICALLY_APPROVED,NOT_CLEARED,true
lex:B2:power,B2,power,NGSL_1_2_CORE,power,331,EXACT_HEADWORD_FORM_ONLY,SOURCE_LEMMA_ONLY_NOT_SENSE_OR_POS,UNREVIEWED_NOT_SEMANTICALLY_APPROVED,NOT_CLEARED,true
lex:B2:praise,B2,praise,NGSL_1_2_CORE,praise,2473,EXACT_HEADWORD_FORM_ONLY,SOURCE_LEMMA_ONLY_NOT_SENSE_OR_POS,UNREVIEWED_NOT_SEMANTICALLY_APPROVED,NOT_CLEARED,true
lex:B2:pregnant,B2,pregnant,NGSL_1_2_CORE,pregnant,2511,EXACT_HEADWORD_FORM_ONLY,SOURCE_LEMMA_ONLY_NOT_SENSE_OR_POS,UNREVIEWED_NOT_SEMANTICALLY_APPROVED,NOT_CLEARED,true
lex:B2:preparation,B2,preparation,NGSL_1_2_CORE,preparation,2028,EXACT_HEADWORD_FORM_ONLY,SOURCE_LEMMA_ONLY_NOT_SENSE_OR_POS,UNREVIEWED_NOT_SEMANTICALLY_APPROVED,NOT_CLEARED,true
lex:B2:presence,B2,presence,NGSL_1_2_CORE,presence,1186,EXACT_HEADWORD_FORM_ONLY,SOURCE_LEMMA_ONLY_NOT_SENSE_OR_POS,UNREVIEWED_NOT_SEMANTICALLY_APPROVED,NOT_CLEARED,true
lex:B2:preserve,B2,preserve,NGSL_1_2_CORE,preserve,1935,EXACT_HEADWORD_FORM_ONLY,SOURCE_LEMMA_ONLY_NOT_SENSE_OR_POS,UNREVIEWED_NOT_SEMANTICALLY_APPROVED,NOT_CLEARED,true
lex:B2:price,B2,price,NGSL_1_2_CORE,price,296,EXACT_HEADWORD_FORM_ONLY,SOURCE_LEMMA_ONLY_NOT_SENSE_OR_POS,UNREVIEWED_NOT_SEMANTICALLY_APPROVED,NOT_CLEARED,true
lex:B2:prime,B2,prime,NGSL_1_2_CORE,prime,1838,EXACT_HEADWORD_FORM_ONLY,SOURCE_LEMMA_ONLY_NOT_SENSE_OR_POS,UNREVIEWED_NOT_SEMANTICALLY_APPROVED,NOT_CLEARED,true
lex:B2:principle,B2,principle,NGSL_1_2_CORE,principle,1071,EXACT_HEADWORD_FORM_ONLY,SOURCE_LEMMA_ONLY_NOT_SENSE_OR_POS,UNREVIEWED_NOT_SEMANTICALLY_APPROVED,NOT_CLEARED,true
lex:B2:print,B2,print,NGSL_1_2_CORE,print,1100,EXACT_HEADWORD_FORM_ONLY,SOURCE_LEMMA_ONLY_NOT_SENSE_OR_POS,UNREVIEWED_NOT_SEMANTICALLY_APPROVED,NOT_CLEARED,true
lex:B2:priority,B2,priority,NGSL_1_2_CORE,priority,1793,EXACT_HEADWORD_FORM_ONLY,SOURCE_LEMMA_ONLY_NOT_SENSE_OR_POS,UNREVIEWED_NOT_SEMANTICALLY_APPROVED,NOT_CLEARED,true
lex:B2:privacy,B2,privacy,NGSL_SFI_31K_EXTENSION,privacy,3245,EXACT_HEADWORD_FORM_ONLY,SOURCE_LEMMA_ONLY_NOT_SENSE_OR_POS,UNREVIEWED_NOT_SEMANTICALLY_APPROVED,NOT_CLEARED,true
lex:B2:procedure,B2,procedure,NGSL_1_2_CORE,procedure,1168,EXACT_HEADWORD_FORM_ONLY,SOURCE_LEMMA_ONLY_NOT_SENSE_OR_POS,UNREVIEWED_NOT_SEMANTICALLY_APPROVED,NOT_CLEARED,true
lex:B2:process,B2,process,NGSL_1_2_CORE,process,286,EXACT_HEADWORD_FORM_ONLY,SOURCE_LEMMA_ONLY_NOT_SENSE_OR_POS,UNREVIEWED_NOT_SEMANTICALLY_APPROVED,NOT_CLEARED,true
lex:B2:produce,B2,produce,NGSL_1_2_CORE,produce,417,EXACT_HEADWORD_FORM_ONLY,SOURCE_LEMMA_ONLY_NOT_SENSE_OR_POS,UNREVIEWED_NOT_SEMANTICALLY_APPROVED,NOT_CLEARED,true
lex:B2:professional,B2,professional,NGSL_1_2_CORE,professional,936,EXACT_HEADWORD_FORM_ONLY,SOURCE_LEMMA_ONLY_NOT_SENSE_OR_POS,UNREVIEWED_NOT_SEMANTICALLY_APPROVED,NOT_CLEARED,true
lex:B2:progress,B2,progress,NGSL_1_2_CORE,progress,1101,EXACT_HEADWORD_FORM_ONLY,SOURCE_LEMMA_ONLY_NOT_SENSE_OR_POS,UNREVIEWED_NOT_SEMANTICALLY_APPROVED,NOT_CLEARED,true
lex:B2:project,B2,project,NGSL_1_2_CORE,project,518,EXACT_HEADWORD_FORM_ONLY,SOURCE_LEMMA_ONLY_NOT_SENSE_OR_POS,UNREVIEWED_NOT_SEMANTICALLY_APPROVED,NOT_CLEARED,true
lex:B2:proof,B2,proof,NGSL_1_2_CORE,proof,2021,EXACT_HEADWORD_FORM_ONLY,SOURCE_LEMMA_ONLY_NOT_SENSE_OR_POS,UNREVIEWED_NOT_SEMANTICALLY_APPROVED,NOT_CLEARED,true
lex:B2:proposal,B2,proposal,NGSL_1_2_CORE,proposal,980,EXACT_HEADWORD_FORM_ONLY,SOURCE_LEMMA_ONLY_NOT_SENSE_OR_POS,UNREVIEWED_NOT_SEMANTICALLY_APPROVED,NOT_CLEARED,true
lex:B2:propose,B2,propose,NGSL_1_2_CORE,propose,877,EXACT_HEADWORD_FORM_ONLY,SOURCE_LEMMA_ONLY_NOT_SENSE_OR_POS,UNREVIEWED_NOT_SEMANTICALLY_APPROVED,NOT_CLEARED,true
lex:B2:prospect,B2,prospect,NGSL_1_2_CORE,prospect,1949,EXACT_HEADWORD_FORM_ONLY,SOURCE_LEMMA_ONLY_NOT_SENSE_OR_POS,UNREVIEWED_NOT_SEMANTICALLY_APPROVED,NOT_CLEARED,true
lex:B2:protection,B2,protection,NGSL_1_2_CORE,protection,1563,EXACT_HEADWORD_FORM_ONLY,SOURCE_LEMMA_ONLY_NOT_SENSE_OR_POS,UNREVIEWED_NOT_SEMANTICALLY_APPROVED,NOT_CLEARED,true
lex:B2:psychologist,B2,psychologist,NGSL_SFI_31K_EXTENSION,psychologist,4122,EXACT_HEADWORD_FORM_ONLY,SOURCE_LEMMA_ONLY_NOT_SENSE_OR_POS,UNREVIEWED_NOT_SEMANTICALLY_APPROVED,NOT_CLEARED,true
lex:B2:psychology,B2,psychology,NGSL_SFI_31K_EXTENSION,psychology,3372,EXACT_HEADWORD_FORM_ONLY,SOURCE_LEMMA_ONLY_NOT_SENSE_OR_POS,UNREVIEWED_NOT_SEMANTICALLY_APPROVED,NOT_CLEARED,true
lex:B2:publication,B2,publication,NGSL_1_2_CORE,publication,2041,EXACT_HEADWORD_FORM_ONLY,SOURCE_LEMMA_ONLY_NOT_SENSE_OR_POS,UNREVIEWED_NOT_SEMANTICALLY_APPROVED,NOT_CLEARED,true
lex:B2:pupil,B2,pupil,NGSL_1_2_CORE,pupil,2097,EXACT_HEADWORD_FORM_ONLY,SOURCE_LEMMA_ONLY_NOT_SENSE_OR_POS,UNREVIEWED_NOT_SEMANTICALLY_APPROVED,NOT_CLEARED,true
lex:B2:purchase,B2,purchase,NGSL_1_2_CORE,purchase,1002,EXACT_HEADWORD_FORM_ONLY,SOURCE_LEMMA_ONLY_NOT_SENSE_OR_POS,UNREVIEWED_NOT_SEMANTICALLY_APPROVED,NOT_CLEARED,true
lex:B2:pure,B2,pure,NGSL_1_2_CORE,pure,2264,EXACT_HEADWORD_FORM_ONLY,SOURCE_LEMMA_ONLY_NOT_SENSE_OR_POS,UNREVIEWED_NOT_SEMANTICALLY_APPROVED,NOT_CLEARED,true
lex:B2:pursue,B2,pursue,NGSL_1_2_CORE,pursue,1784,EXACT_HEADWORD_FORM_ONLY,SOURCE_LEMMA_ONLY_NOT_SENSE_OR_POS,UNREVIEWED_NOT_SEMANTICALLY_APPROVED,NOT_CLEARED,true
lex:B2:range,B2,range,NGSL_1_2_CORE,range,516,EXACT_HEADWORD_FORM_ONLY,SOURCE_LEMMA_ONLY_NOT_SENSE_OR_POS,UNREVIEWED_NOT_SEMANTICALLY_APPROVED,NOT_CLEARED,true
lex:B2:rank,B2,rank,NGSL_1_2_CORE,rank,1535,EXACT_HEADWORD_FORM_ONLY,SOURCE_LEMMA_ONLY_NOT_SENSE_OR_POS,UNREVIEWED_NOT_SEMANTICALLY_APPROVED,NOT_CLEARED,true
lex:B2:rapid,B2,rapid,NGSL_1_2_CORE,rapid,2389,EXACT_HEADWORD_FORM_ONLY,SOURCE_LEMMA_ONLY_NOT_SENSE_OR_POS,UNREVIEWED_NOT_SEMANTICALLY_APPROVED,NOT_CLEARED,true
lex:B2:rapidly,B2,rapidly,NGSL_1_2_CORE,rapidly,1968,EXACT_HEADWORD_FORM_ONLY,SOURCE_LEMMA_ONLY_NOT_SENSE_OR_POS,UNREVIEWED_NOT_SEMANTICALLY_APPROVED,NOT_CLEARED,true
lex:B2:rate,B2,rate,NGSL_1_2_CORE,rate,312,EXACT_HEADWORD_FORM_ONLY,SOURCE_LEMMA_ONLY_NOT_SENSE_OR_POS,UNREVIEWED_NOT_SEMANTICALLY_APPROVED,NOT_CLEARED,true
lex:B2:raw,B2,raw,NGSL_1_2_CORE,raw,2686,EXACT_HEADWORD_FORM_ONLY,SOURCE_LEMMA_ONLY_NOT_SENSE_OR_POS,UNREVIEWED_NOT_SEMANTICALLY_APPROVED,NOT_CLEARED,true
lex:B2:reach,B2,reach,NGSL_1_2_CORE,reach,380,EXACT_HEADWORD_FORM_ONLY,SOURCE_LEMMA_ONLY_NOT_SENSE_OR_POS,UNREVIEWED_NOT_SEMANTICALLY_APPROVED,NOT_CLEARED,true
lex:B2:realistic,B2,realistic,NGSL_SFI_31K_EXTENSION,realistic,3222,EXACT_HEADWORD_FORM_ONLY,SOURCE_LEMMA_ONLY_NOT_SENSE_OR_POS,UNREVIEWED_NOT_SEMANTICALLY_APPROVED,NOT_CLEARED,true
lex:B2:reasonable,B2,reasonable,NGSL_1_2_CORE,reasonable,1569,EXACT_HEADWORD_FORM_ONLY,SOURCE_LEMMA_ONLY_NOT_SENSE_OR_POS,UNREVIEWED_NOT_SEMANTICALLY_APPROVED,NOT_CLEARED,true
lex:B2:recall,B2,recall,NGSL_1_2_CORE,recall,1388,EXACT_HEADWORD_FORM_ONLY,SOURCE_LEMMA_ONLY_NOT_SENSE_OR_POS,UNREVIEWED_NOT_SEMANTICALLY_APPROVED,NOT_CLEARED,true
lex:B2:recover,B2,recover,NGSL_1_2_CORE,recover,1631,EXACT_HEADWORD_FORM_ONLY,SOURCE_LEMMA_ONLY_NOT_SENSE_OR_POS,UNREVIEWED_NOT_SEMANTICALLY_APPROVED,NOT_CLEARED,true
lex:B2:reduction,B2,reduction,NGSL_1_2_CORE,reduction,1687,EXACT_HEADWORD_FORM_ONLY,SOURCE_LEMMA_ONLY_NOT_SENSE_OR_POS,UNREVIEWED_NOT_SEMANTICALLY_APPROVED,NOT_CLEARED,true
lex:B2:regard,B2,regard,NGSL_1_2_CORE,regard,511,EXACT_HEADWORD_FORM_ONLY,SOURCE_LEMMA_ONLY_NOT_SENSE_OR_POS,UNREVIEWED_NOT_SEMANTICALLY_APPROVED,NOT_CLEARED,true
lex:B2:regional,B2,regional,NGSL_1_2_CORE,regional,1805,EXACT_HEADWORD_FORM_ONLY,SOURCE_LEMMA_ONLY_NOT_SENSE_OR_POS,UNREVIEWED_NOT_SEMANTICALLY_APPROVED,NOT_CLEARED,true
lex:B2:register,B2,register,NGSL_1_2_CORE,register,1500,EXACT_HEADWORD_FORM_ONLY,SOURCE_LEMMA_ONLY_NOT_SENSE_OR_POS,UNREVIEWED_NOT_SEMANTICALLY_APPROVED,NOT_CLEARED,true
lex:B2:regret,B2,regret,NGSL_1_2_CORE,regret,2391,EXACT_HEADWORD_FORM_ONLY,SOURCE_LEMMA_ONLY_NOT_SENSE_OR_POS,UNREVIEWED_NOT_SEMANTICALLY_APPROVED,NOT_CLEARED,true
lex:B2:regulation,B2,regulation,NGSL_1_2_CORE,regulation,1481,EXACT_HEADWORD_FORM_ONLY,SOURCE_LEMMA_ONLY_NOT_SENSE_OR_POS,UNREVIEWED_NOT_SEMANTICALLY_APPROVED,NOT_CLEARED,true
lex:B2:relatively,B2,relatively,NGSL_1_2_CORE,relatively,1326,EXACT_HEADWORD_FORM_ONLY,SOURCE_LEMMA_ONLY_NOT_SENSE_OR_POS,UNREVIEWED_NOT_SEMANTICALLY_APPROVED,NOT_CLEARED,true
lex:B2:relevant,B2,relevant,NGSL_1_2_CORE,relevant,1504,EXACT_HEADWORD_FORM_ONLY,SOURCE_LEMMA_ONLY_NOT_SENSE_OR_POS,UNREVIEWED_NOT_SEMANTICALLY_APPROVED,NOT_CLEARED,true
lex:B2:relief,B2,relief,NGSL_1_2_CORE,relief,1623,EXACT_HEADWORD_FORM_ONLY,SOURCE_LEMMA_ONLY_NOT_SENSE_OR_POS,UNREVIEWED_NOT_SEMANTICALLY_APPROVED,NOT_CLEARED,true
lex:B2:rely,B2,rely,NGSL_1_2_CORE,rely,1584,EXACT_HEADWORD_FORM_ONLY,SOURCE_LEMMA_ONLY_NOT_SENSE_OR_POS,UNREVIEWED_NOT_SEMANTICALLY_APPROVED,NOT_CLEARED,true
lex:B2:remark,B2,remark,NGSL_1_2_CORE,remark,1760,EXACT_HEADWORD_FORM_ONLY,SOURCE_LEMMA_ONLY_NOT_SENSE_OR_POS,UNREVIEWED_NOT_SEMANTICALLY_APPROVED,NOT_CLEARED,true
lex:B2:representative,B2,representative,NGSL_1_2_CORE,representative,1471,EXACT_HEADWORD_FORM_ONLY,SOURCE_LEMMA_ONLY_NOT_SENSE_OR_POS,UNREVIEWED_NOT_SEMANTICALLY_APPROVED,NOT_CLEARED,true
lex:B2:reputation,B2,reputation,NGSL_1_2_CORE,reputation,1859,EXACT_HEADWORD_FORM_ONLY,SOURCE_LEMMA_ONLY_NOT_SENSE_OR_POS,UNREVIEWED_NOT_SEMANTICALLY_APPROVED,NOT_CLEARED,true
lex:B2:requirement,B2,requirement,NGSL_1_2_CORE,requirement,1204,EXACT_HEADWORD_FORM_ONLY,SOURCE_LEMMA_ONLY_NOT_SENSE_OR_POS,UNREVIEWED_NOT_SEMANTICALLY_APPROVED,NOT_CLEARED,true
lex:B2:rescue,B2,rescue,NGSL_1_2_CORE,rescue,2381,EXACT_HEADWORD_FORM_ONLY,SOURCE_LEMMA_ONLY_NOT_SENSE_OR_POS,UNREVIEWED_NOT_SEMANTICALLY_APPROVED,NOT_CLEARED,true
lex:B2:reserve,B2,reserve,NGSL_1_2_CORE,reserve,1688,EXACT_HEADWORD_FORM_ONLY,SOURCE_LEMMA_ONLY_NOT_SENSE_OR_POS,UNREVIEWED_NOT_SEMANTICALLY_APPROVED,NOT_CLEARED,true
lex:B2:resident,B2,resident,NGSL_1_2_CORE,resident,1539,EXACT_HEADWORD_FORM_ONLY,SOURCE_LEMMA_ONLY_NOT_SENSE_OR_POS,UNREVIEWED_NOT_SEMANTICALLY_APPROVED,NOT_CLEARED,true
lex:B2:resist,B2,resist,NGSL_1_2_CORE,resist,2396,EXACT_HEADWORD_FORM_ONLY,SOURCE_LEMMA_ONLY_NOT_SENSE_OR_POS,UNREVIEWED_NOT_SEMANTICALLY_APPROVED,NOT_CLEARED,true
lex:B2:resolve,B2,resolve,NGSL_1_2_CORE,resolve,1777,EXACT_HEADWORD_FORM_ONLY,SOURCE_LEMMA_ONLY_NOT_SENSE_OR_POS,UNREVIEWED_NOT_SEMANTICALLY_APPROVED,NOT_CLEARED,true
lex:B2:resort,B2,resort,NGSL_1_2_CORE,resort,2258,EXACT_HEADWORD_FORM_ONLY,SOURCE_LEMMA_ONLY_NOT_SENSE_OR_POS,UNREVIEWED_NOT_SEMANTICALLY_APPROVED,NOT_CLEARED,true
lex:B2:retain,B2,retain,NGSL_1_2_CORE,retain,1959,EXACT_HEADWORD_FORM_ONLY,SOURCE_LEMMA_ONLY_NOT_SENSE_OR_POS,UNREVIEWED_NOT_SEMANTICALLY_APPROVED,NOT_CLEARED,true
lex:B2:reveal,B2,reveal,NGSL_1_2_CORE,reveal,1124,EXACT_HEADWORD_FORM_ONLY,SOURCE_LEMMA_ONLY_NOT_SENSE_OR_POS,UNREVIEWED_NOT_SEMANTICALLY_APPROVED,NOT_CLEARED,true
lex:B2:revolution,B2,revolution,NGSL_1_2_CORE,revolution,1970,EXACT_HEADWORD_FORM_ONLY,SOURCE_LEMMA_ONLY_NOT_SENSE_OR_POS,UNREVIEWED_NOT_SEMANTICALLY_APPROVED,NOT_CLEARED,true
lex:B2:reward,B2,reward,NGSL_1_2_CORE,reward,1748,EXACT_HEADWORD_FORM_ONLY,SOURCE_LEMMA_ONLY_NOT_SENSE_OR_POS,UNREVIEWED_NOT_SEMANTICALLY_APPROVED,NOT_CLEARED,true
lex:B2:rhythm,B2,rhythm,NGSL_SFI_31K_EXTENSION,rhythm,3214,EXACT_HEADWORD_FORM_ONLY,SOURCE_LEMMA_ONLY_NOT_SENSE_OR_POS,UNREVIEWED_NOT_SEMANTICALLY_APPROVED,NOT_CLEARED,true
lex:B2:rid,B2,rid,NGSL_1_2_CORE,rid,2403,EXACT_HEADWORD_FORM_ONLY,SOURCE_LEMMA_ONLY_NOT_SENSE_OR_POS,UNREVIEWED_NOT_SEMANTICALLY_APPROVED,NOT_CLEARED,true
lex:B2:root,B2,root,NGSL_1_2_CORE,root,1529,EXACT_HEADWORD_FORM_ONLY,SOURCE_LEMMA_ONLY_NOT_SENSE_OR_POS,UNREVIEWED_NOT_SEMANTICALLY_APPROVED,NOT_CLEARED,true
lex:B2:round,B2,round,NGSL_1_2_CORE,round,519,EXACT_HEADWORD_FORM_ONLY,SOURCE_LEMMA_ONLY_NOT_SENSE_OR_POS,UNREVIEWED_NOT_SEMANTICALLY_APPROVED,NOT_CLEARED,true
lex:B2:routine,B2,routine,NGSL_1_2_CORE,routine,2104,EXACT_HEADWORD_FORM_ONLY,SOURCE_LEMMA_ONLY_NOT_SENSE_OR_POS,UNREVIEWED_NOT_SEMANTICALLY_APPROVED,NOT_CLEARED,true
lex:B2:rub,B2,rub,NGSL_SFI_31K_EXTENSION,rub,3435,EXACT_HEADWORD_FORM_ONLY,SOURCE_LEMMA_ONLY_NOT_SENSE_OR_POS,UNREVIEWED_NOT_SEMANTICALLY_APPROVED,NOT_CLEARED,true
lex:B2:rubber,B2,rubber,NGSL_SFI_31K_EXTENSION,rubber,3224,EXACT_HEADWORD_FORM_ONLY,SOURCE_LEMMA_ONLY_NOT_SENSE_OR_POS,UNREVIEWED_NOT_SEMANTICALLY_APPROVED,NOT_CLEARED,true
lex:B2:rural,B2,rural,NGSL_1_2_CORE,rural,1963,EXACT_HEADWORD_FORM_ONLY,SOURCE_LEMMA_ONLY_NOT_SENSE_OR_POS,UNREVIEWED_NOT_SEMANTICALLY_APPROVED,NOT_CLEARED,true
lex:B2:rush,B2,rush,NGSL_1_2_CORE,rush,1699,EXACT_HEADWORD_FORM_ONLY,SOURCE_LEMMA_ONLY_NOT_SENSE_OR_POS,UNREVIEWED_NOT_SEMANTICALLY_APPROVED,NOT_CLEARED,true
lex:B2:sample,B2,sample,NGSL_1_2_CORE,sample,1062,EXACT_HEADWORD_FORM_ONLY,SOURCE_LEMMA_ONLY_NOT_SENSE_OR_POS,UNREVIEWED_NOT_SEMANTICALLY_APPROVED,NOT_CLEARED,true
lex:B2:satellite,B2,satellite,NGSL_SFI_31K_EXTENSION,satellite,2753,EXACT_HEADWORD_FORM_ONLY,SOURCE_LEMMA_ONLY_NOT_SENSE_OR_POS,UNREVIEWED_NOT_SEMANTICALLY_APPROVED,NOT_CLEARED,true
lex:B2:satisfied,B2,satisfied,NO_DIRECT_SOURCE_LEMMA,,,NO_DIRECT_MATCH,SOURCE_LEMMA_ONLY_NOT_SENSE_OR_POS,UNREVIEWED_NOT_SEMANTICALLY_APPROVED,NOT_CLEARED,true
lex:B2:satisfy,B2,satisfy,NGSL_1_2_CORE,satisfy,1154,EXACT_HEADWORD_FORM_ONLY,SOURCE_LEMMA_ONLY_NOT_SENSE_OR_POS,UNREVIEWED_NOT_SEMANTICALLY_APPROVED,NOT_CLEARED,true
lex:B2:saving,B2,saving,NO_DIRECT_SOURCE_LEMMA,,,NO_DIRECT_MATCH,SOURCE_LEMMA_ONLY_NOT_SENSE_OR_POS,UNREVIEWED_NOT_SEMANTICALLY_APPROVED,NOT_CLEARED,true
lex:B2:scale,B2,scale,NGSL_1_2_CORE,scale,1199,EXACT_HEADWORD_FORM_ONLY,SOURCE_LEMMA_ONLY_NOT_SENSE_OR_POS,UNREVIEWED_NOT_SEMANTICALLY_APPROVED,NOT_CLEARED,true
lex:B2:schedule,B2,schedule,NGSL_1_2_CORE,schedule,1240,EXACT_HEADWORD_FORM_ONLY,SOURCE_LEMMA_ONLY_NOT_SENSE_OR_POS,UNREVIEWED_NOT_SEMANTICALLY_APPROVED,NOT_CLEARED,true
lex:B2:scheme,B2,scheme,NGSL_1_2_CORE,scheme,1267,EXACT_HEADWORD_FORM_ONLY,SOURCE_LEMMA_ONLY_NOT_SENSE_OR_POS,UNREVIEWED_NOT_SEMANTICALLY_APPROVED,NOT_CLEARED,true
lex:B2:scream,B2,scream,NGSL_1_2_CORE,scream,2162,EXACT_HEADWORD_FORM_ONLY,SOURCE_LEMMA_ONLY_NOT_SENSE_OR_POS,UNREVIEWED_NOT_SEMANTICALLY_APPROVED,NOT_CLEARED,true
lex:B2:screen,B2,screen,NGSL_1_2_CORE,screen,957,EXACT_HEADWORD_FORM_ONLY,SOURCE_LEMMA_ONLY_NOT_SENSE_OR_POS,UNREVIEWED_NOT_SEMANTICALLY_APPROVED,NOT_CLEARED,true
lex:B2:seat,B2,seat,NGSL_1_2_CORE,seat,852,EXACT_HEADWORD_FORM_ONLY,SOURCE_LEMMA_ONLY_NOT_SENSE_OR_POS,UNREVIEWED_NOT_SEMANTICALLY_APPROVED,NOT_CLEARED,true
lex:B2:sector,B2,sector,NGSL_1_2_CORE,sector,1151,EXACT_HEADWORD_FORM_ONLY,SOURCE_LEMMA_ONLY_NOT_SENSE_OR_POS,UNREVIEWED_NOT_SEMANTICALLY_APPROVED,NOT_CLEARED,true
lex:B2:secure,B2,secure,NGSL_1_2_CORE,secure,1523,EXACT_HEADWORD_FORM_ONLY,SOURCE_LEMMA_ONLY_NOT_SENSE_OR_POS,UNREVIEWED_NOT_SEMANTICALLY_APPROVED,NOT_CLEARED,true
lex:B2:seek,B2,seek,NGSL_1_2_CORE,seek,778,EXACT_HEADWORD_FORM_ONLY,SOURCE_LEMMA_ONLY_NOT_SENSE_OR_POS,UNREVIEWED_NOT_SEMANTICALLY_APPROVED,NOT_CLEARED,true
lex:B2:select,B2,select,NGSL_1_2_CORE,select,1173,EXACT_HEADWORD_FORM_ONLY,SOURCE_LEMMA_ONLY_NOT_SENSE_OR_POS,UNREVIEWED_NOT_SEMANTICALLY_APPROVED,NOT_CLEARED,true
lex:B2:selection,B2,selection,NGSL_1_2_CORE,selection,1647,EXACT_HEADWORD_FORM_ONLY,SOURCE_LEMMA_ONLY_NOT_SENSE_OR_POS,UNREVIEWED_NOT_SEMANTICALLY_APPROVED,NOT_CLEARED,true
lex:B2:self,B2,self,NGSL_1_2_CORE,self,1833,EXACT_HEADWORD_FORM_ONLY,SOURCE_LEMMA_ONLY_NOT_SENSE_OR_POS,UNREVIEWED_NOT_SEMANTICALLY_APPROVED,NOT_CLEARED,true
lex:B2:senior,B2,senior,NGSL_1_2_CORE,senior,1207,EXACT_HEADWORD_FORM_ONLY,SOURCE_LEMMA_ONLY_NOT_SENSE_OR_POS,UNREVIEWED_NOT_SEMANTICALLY_APPROVED,NOT_CLEARED,true
lex:B2:sense,B2,sense,NGSL_1_2_CORE,sense,412,EXACT_HEADWORD_FORM_ONLY,SOURCE_LEMMA_ONLY_NOT_SENSE_OR_POS,UNREVIEWED_NOT_SEMANTICALLY_APPROVED,NOT_CLEARED,true
lex:B2:sensitive,B2,sensitive,NGSL_1_2_CORE,sensitive,2077,EXACT_HEADWORD_FORM_ONLY,SOURCE_LEMMA_ONLY_NOT_SENSE_OR_POS,UNREVIEWED_NOT_SEMANTICALLY_APPROVED,NOT_CLEARED,true
lex:B2:sentence,B2,sentence,NGSL_1_2_CORE,sentence,1099,EXACT_HEADWORD_FORM_ONLY,SOURCE_LEMMA_ONLY_NOT_SENSE_OR_POS,UNREVIEWED_NOT_SEMANTICALLY_APPROVED,NOT_CLEARED,true
lex:B2:sequence,B2,sequence,NGSL_1_2_CORE,sequence,1960,EXACT_HEADWORD_FORM_ONLY,SOURCE_LEMMA_ONLY_NOT_SENSE_OR_POS,UNREVIEWED_NOT_SEMANTICALLY_APPROVED,NOT_CLEARED,true
lex:B2:session,B2,session,NGSL_1_2_CORE,session,1558,EXACT_HEADWORD_FORM_ONLY,SOURCE_LEMMA_ONLY_NOT_SENSE_OR_POS,UNREVIEWED_NOT_SEMANTICALLY_APPROVED,NOT_CLEARED,true
lex:B2:settle,B2,settle,NGSL_1_2_CORE,settle,1303,EXACT_HEADWORD_FORM_ONLY,SOURCE_LEMMA_ONLY_NOT_SENSE_OR_POS,UNREVIEWED_NOT_SEMANTICALLY_APPROVED,NOT_CLEARED,true
lex:B2:severe,B2,severe,NGSL_1_2_CORE,severe,1947,EXACT_HEADWORD_FORM_ONLY,SOURCE_LEMMA_ONLY_NOT_SENSE_OR_POS,UNREVIEWED_NOT_SEMANTICALLY_APPROVED,NOT_CLEARED,true
lex:B2:shade,B2,shade,NGSL_1_2_CORE,shade,2726,EXACT_HEADWORD_FORM_ONLY,SOURCE_LEMMA_ONLY_NOT_SENSE_OR_POS,UNREVIEWED_NOT_SEMANTICALLY_APPROVED,NOT_CLEARED,true
lex:B2:shadow,B2,shadow,NGSL_1_2_CORE,shadow,2239,EXACT_HEADWORD_FORM_ONLY,SOURCE_LEMMA_ONLY_NOT_SENSE_OR_POS,UNREVIEWED_NOT_SEMANTICALLY_APPROVED,NOT_CLEARED,true
lex:B2:shallow,B2,shallow,NGSL_SFI_31K_EXTENSION,shallow,4202,EXACT_HEADWORD_FORM_ONLY,SOURCE_LEMMA_ONLY_NOT_SENSE_OR_POS,UNREVIEWED_NOT_SEMANTICALLY_APPROVED,NOT_CLEARED,true
lex:B2:shame,B2,shame,NGSL_SFI_31K_EXTENSION,shame,2849,EXACT_HEADWORD_FORM_ONLY,SOURCE_LEMMA_ONLY_NOT_SENSE_OR_POS,UNREVIEWED_NOT_SEMANTICALLY_APPROVED,NOT_CLEARED,true
lex:B2:shape,B2,shape,NGSL_1_2_CORE,shape,986,EXACT_HEADWORD_FORM_ONLY,SOURCE_LEMMA_ONLY_NOT_SENSE_OR_POS,UNREVIEWED_NOT_SEMANTICALLY_APPROVED,NOT_CLEARED,true
lex:B2:shelter,B2,shelter,NGSL_1_2_CORE,shelter,2581,EXACT_HEADWORD_FORM_ONLY,SOURCE_LEMMA_ONLY_NOT_SENSE_OR_POS,UNREVIEWED_NOT_SEMANTICALLY_APPROVED,NOT_CLEARED,true
lex:B2:shift,B2,shift,NGSL_1_2_CORE,shift,1190,EXACT_HEADWORD_FORM_ONLY,SOURCE_LEMMA_ONLY_NOT_SENSE_OR_POS,UNREVIEWED_NOT_SEMANTICALLY_APPROVED,NOT_CLEARED,true
lex:B2:ship,B2,ship,NGSL_1_2_CORE,ship,1093,EXACT_HEADWORD_FORM_ONLY,SOURCE_LEMMA_ONLY_NOT_SENSE_OR_POS,UNREVIEWED_NOT_SEMANTICALLY_APPROVED,NOT_CLEARED,true
lex:B2:shock,B2,shock,NGSL_1_2_CORE,shock,1383,EXACT_HEADWORD_FORM_ONLY,SOURCE_LEMMA_ONLY_NOT_SENSE_OR_POS,UNREVIEWED_NOT_SEMANTICALLY_APPROVED,NOT_CLEARED,true
lex:B2:shocked,B2,shocked,NO_DIRECT_SOURCE_LEMMA,,,NO_DIRECT_MATCH,SOURCE_LEMMA_ONLY_NOT_SENSE_OR_POS,UNREVIEWED_NOT_SEMANTICALLY_APPROVED,NOT_CLEARED,true
lex:B2:shooting,B2,shooting,NO_DIRECT_SOURCE_LEMMA,,,NO_DIRECT_MATCH,SOURCE_LEMMA_ONLY_NOT_SENSE_OR_POS,UNREVIEWED_NOT_SEMANTICALLY_APPROVED,NOT_CLEARED,true
lex:B2:shot,B2,shot,NGSL_1_2_CORE,shot,1567,EXACT_HEADWORD_FORM_ONLY,SOURCE_LEMMA_ONLY_NOT_SENSE_OR_POS,UNREVIEWED_NOT_SEMANTICALLY_APPROVED,NOT_CLEARED,true
lex:B2:significant,B2,significant,NGSL_1_2_CORE,significant,720,EXACT_HEADWORD_FORM_ONLY,SOURCE_LEMMA_ONLY_NOT_SENSE_OR_POS,UNREVIEWED_NOT_SEMANTICALLY_APPROVED,NOT_CLEARED,true
lex:B2:significantly,B2,significantly,NGSL_1_2_CORE,significantly,1669,EXACT_HEADWORD_FORM_ONLY,SOURCE_LEMMA_ONLY_NOT_SENSE_OR_POS,UNREVIEWED_NOT_SEMANTICALLY_APPROVED,NOT_CLEARED,true
lex:B2:silence,B2,silence,NGSL_1_2_CORE,silence,1967,EXACT_HEADWORD_FORM_ONLY,SOURCE_LEMMA_ONLY_NOT_SENSE_OR_POS,UNREVIEWED_NOT_SEMANTICALLY_APPROVED,NOT_CLEARED,true
lex:B2:silk,B2,silk,NGSL_SFI_31K_EXTENSION,silk,3811,EXACT_HEADWORD_FORM_ONLY,SOURCE_LEMMA_ONLY_NOT_SENSE_OR_POS,UNREVIEWED_NOT_SEMANTICALLY_APPROVED,NOT_CLEARED,true
lex:B2:sincere,B2,sincere,NGSL_SFI_31K_EXTENSION,sincere,5618,EXACT_HEADWORD_FORM_ONLY,SOURCE_LEMMA_ONLY_NOT_SENSE_OR_POS,UNREVIEWED_NOT_SEMANTICALLY_APPROVED,NOT_CLEARED,true
lex:B2:slave,B2,slave,NGSL_1_2_CORE,slave,2425,EXACT_HEADWORD_FORM_ONLY,SOURCE_LEMMA_ONLY_NOT_SENSE_OR_POS,UNREVIEWED_NOT_SEMANTICALLY_APPROVED,NOT_CLEARED,true
lex:B2:slide,B2,slide,NGSL_1_2_CORE,slide,1897,EXACT_HEADWORD_FORM_ONLY,SOURCE_LEMMA_ONLY_NOT_SENSE_OR_POS,UNREVIEWED_NOT_SEMANTICALLY_APPROVED,NOT_CLEARED,true
lex:B2:slight,B2,slight,NGSL_1_2_CORE,slight,2042,EXACT_HEADWORD_FORM_ONLY,SOURCE_LEMMA_ONLY_NOT_SENSE_OR_POS,UNREVIEWED_NOT_SEMANTICALLY_APPROVED,NOT_CLEARED,true
lex:B2:slip,B2,slip,NGSL_1_2_CORE,slip,1810,EXACT_HEADWORD_FORM_ONLY,SOURCE_LEMMA_ONLY_NOT_SENSE_OR_POS,UNREVIEWED_NOT_SEMANTICALLY_APPROVED,NOT_CLEARED,true
lex:B2:slope,B2,slope,NGSL_1_2_CORE,slope,2696,EXACT_HEADWORD_FORM_ONLY,SOURCE_LEMMA_ONLY_NOT_SENSE_OR_POS,UNREVIEWED_NOT_SEMANTICALLY_APPROVED,NOT_CLEARED,true
lex:B2:solar,B2,solar,NGSL_1_2_CORE,solar,2796,EXACT_HEADWORD_FORM_ONLY,SOURCE_LEMMA_ONLY_NOT_SENSE_OR_POS,UNREVIEWED_NOT_SEMANTICALLY_APPROVED,NOT_CLEARED,true
lex:B2:somewhat,B2,somewhat,NGSL_1_2_CORE,somewhat,1679,EXACT_HEADWORD_FORM_ONLY,SOURCE_LEMMA_ONLY_NOT_SENSE_OR_POS,UNREVIEWED_NOT_SEMANTICALLY_APPROVED,NOT_CLEARED,true
lex:B2:soul,B2,soul,NGSL_1_2_CORE,soul,1884,EXACT_HEADWORD_FORM_ONLY,SOURCE_LEMMA_ONLY_NOT_SENSE_OR_POS,UNREVIEWED_NOT_SEMANTICALLY_APPROVED,NOT_CLEARED,true
lex:B2:specialist,B2,specialist,NGSL_1_2_CORE,specialist,2063,EXACT_HEADWORD_FORM_ONLY,SOURCE_LEMMA_ONLY_NOT_SENSE_OR_POS,UNREVIEWED_NOT_SEMANTICALLY_APPROVED,NOT_CLEARED,true
lex:B2:species,B2,species,NGSL_1_2_CORE,species,2598,EXACT_HEADWORD_FORM_ONLY,SOURCE_LEMMA_ONLY_NOT_SENSE_OR_POS,UNREVIEWED_NOT_SEMANTICALLY_APPROVED,NOT_CLEARED,true
lex:B2:speed,B2,speed,NGSL_1_2_CORE,speed,1106,EXACT_HEADWORD_FORM_ONLY,SOURCE_LEMMA_ONLY_NOT_SENSE_OR_POS,UNREVIEWED_NOT_SEMANTICALLY_APPROVED,NOT_CLEARED,true
lex:B2:spiritual,B2,spiritual,NGSL_SFI_31K_EXTENSION,spiritual,2844,EXACT_HEADWORD_FORM_ONLY,SOURCE_LEMMA_ONLY_NOT_SENSE_OR_POS,UNREVIEWED_NOT_SEMANTICALLY_APPROVED,NOT_CLEARED,true
lex:B2:split,B2,split,NGSL_1_2_CORE,split,1936,EXACT_HEADWORD_FORM_ONLY,SOURCE_LEMMA_ONLY_NOT_SENSE_OR_POS,UNREVIEWED_NOT_SEMANTICALLY_APPROVED,NOT_CLEARED,true
lex:B2:sponsor,B2,sponsor,NGSL_1_2_CORE,sponsor,2281,EXACT_HEADWORD_FORM_ONLY,SOURCE_LEMMA_ONLY_NOT_SENSE_OR_POS,UNREVIEWED_NOT_SEMANTICALLY_APPROVED,NOT_CLEARED,true
lex:B2:spot,B2,spot,NGSL_1_2_CORE,spot,1138,EXACT_HEADWORD_FORM_ONLY,SOURCE_LEMMA_ONLY_NOT_SENSE_OR_POS,UNREVIEWED_NOT_SEMANTICALLY_APPROVED,NOT_CLEARED,true
lex:B2:spread,B2,spread,NGSL_1_2_CORE,spread,1197,EXACT_HEADWORD_FORM_ONLY,SOURCE_LEMMA_ONLY_NOT_SENSE_OR_POS,UNREVIEWED_NOT_SEMANTICALLY_APPROVED,NOT_CLEARED,true
lex:B2:stable,B2,stable,NGSL_1_2_CORE,stable,1797,EXACT_HEADWORD_FORM_ONLY,SOURCE_LEMMA_ONLY_NOT_SENSE_OR_POS,UNREVIEWED_NOT_SEMANTICALLY_APPROVED,NOT_CLEARED,true
lex:B2:stage,B2,stage,NGSL_1_2_CORE,stage,551,EXACT_HEADWORD_FORM_ONLY,SOURCE_LEMMA_ONLY_NOT_SENSE_OR_POS,UNREVIEWED_NOT_SEMANTICALLY_APPROVED,NOT_CLEARED,true
lex:B2:stand,B2,stand,NGSL_1_2_CORE,stand,309,EXACT_HEADWORD_FORM_ONLY,SOURCE_LEMMA_ONLY_NOT_SENSE_OR_POS,UNREVIEWED_NOT_SEMANTICALLY_APPROVED,NOT_CLEARED,true
lex:B2:stare,B2,stare,NGSL_1_2_CORE,stare,2106,EXACT_HEADWORD_FORM_ONLY,SOURCE_LEMMA_ONLY_NOT_SENSE_OR_POS,UNREVIEWED_NOT_SEMANTICALLY_APPROVED,NOT_CLEARED,true
lex:B2:status,B2,status,NGSL_1_2_CORE,status,1127,EXACT_HEADWORD_FORM_ONLY,SOURCE_LEMMA_ONLY_NOT_SENSE_OR_POS,UNREVIEWED_NOT_SEMANTICALLY_APPROVED,NOT_CLEARED,true
lex:B2:steady,B2,steady,NGSL_1_2_CORE,steady,2111,EXACT_HEADWORD_FORM_ONLY,SOURCE_LEMMA_ONLY_NOT_SENSE_OR_POS,UNREVIEWED_NOT_SEMANTICALLY_APPROVED,NOT_CLEARED,true
lex:B2:steel,B2,steel,NGSL_1_2_CORE,steel,2172,EXACT_HEADWORD_FORM_ONLY,SOURCE_LEMMA_ONLY_NOT_SENSE_OR_POS,UNREVIEWED_NOT_SEMANTICALLY_APPROVED,NOT_CLEARED,true
lex:B2:steep,B2,steep,NGSL_SFI_31K_EXTENSION,steep,3263,EXACT_HEADWORD_FORM_ONLY,SOURCE_LEMMA_ONLY_NOT_SENSE_OR_POS,UNREVIEWED_NOT_SEMANTICALLY_APPROVED,NOT_CLEARED,true
lex:B2:step,B2,step,NGSL_1_2_CORE,step,477,EXACT_HEADWORD_FORM_ONLY,SOURCE_LEMMA_ONLY_NOT_SENSE_OR_POS,UNREVIEWED_NOT_SEMANTICALLY_APPROVED,NOT_CLEARED,true
lex:B2:sticky,B2,sticky,NGSL_SFI_31K_EXTENSION,sticky,5623,EXACT_HEADWORD_FORM_ONLY,SOURCE_LEMMA_ONLY_NOT_SENSE_OR_POS,UNREVIEWED_NOT_SEMANTICALLY_APPROVED,NOT_CLEARED,true
lex:B2:stiff,B2,stiff,NGSL_SFI_31K_EXTENSION,stiff,3972,EXACT_HEADWORD_FORM_ONLY,SOURCE_LEMMA_ONLY_NOT_SENSE_OR_POS,UNREVIEWED_NOT_SEMANTICALLY_APPROVED,NOT_CLEARED,true
lex:B2:stock,B2,stock,NGSL_1_2_CORE,stock,691,EXACT_HEADWORD_FORM_ONLY,SOURCE_LEMMA_ONLY_NOT_SENSE_OR_POS,UNREVIEWED_NOT_SEMANTICALLY_APPROVED,NOT_CLEARED,true
lex:B2:stream,B2,stream,NGSL_1_2_CORE,stream,2148,EXACT_HEADWORD_FORM_ONLY,SOURCE_LEMMA_ONLY_NOT_SENSE_OR_POS,UNREVIEWED_NOT_SEMANTICALLY_APPROVED,NOT_CLEARED,true
lex:B2:stretch,B2,stretch,NGSL_1_2_CORE,stretch,1633,EXACT_HEADWORD_FORM_ONLY,SOURCE_LEMMA_ONLY_NOT_SENSE_OR_POS,UNREVIEWED_NOT_SEMANTICALLY_APPROVED,NOT_CLEARED,true
lex:B2:strict,B2,strict,NGSL_1_2_CORE,strict,2568,EXACT_HEADWORD_FORM_ONLY,SOURCE_LEMMA_ONLY_NOT_SENSE_OR_POS,UNREVIEWED_NOT_SEMANTICALLY_APPROVED,NOT_CLEARED,true
lex:B2:strike,B2,strike,NGSL_1_2_CORE,strike,776,EXACT_HEADWORD_FORM_ONLY,SOURCE_LEMMA_ONLY_NOT_SENSE_OR_POS,UNREVIEWED_NOT_SEMANTICALLY_APPROVED,NOT_CLEARED,true
lex:B2:structure,B2,structure,NGSL_1_2_CORE,structure,667,EXACT_HEADWORD_FORM_ONLY,SOURCE_LEMMA_ONLY_NOT_SENSE_OR_POS,UNREVIEWED_NOT_SEMANTICALLY_APPROVED,NOT_CLEARED,true
lex:B2:struggle,B2,struggle,NGSL_1_2_CORE,struggle,1171,EXACT_HEADWORD_FORM_ONLY,SOURCE_LEMMA_ONLY_NOT_SENSE_OR_POS,UNREVIEWED_NOT_SEMANTICALLY_APPROVED,NOT_CLEARED,true
lex:B2:stuff,B2,stuff,NGSL_1_2_CORE,stuff,752,EXACT_HEADWORD_FORM_ONLY,SOURCE_LEMMA_ONLY_NOT_SENSE_OR_POS,UNREVIEWED_NOT_SEMANTICALLY_APPROVED,NOT_CLEARED,true
lex:B2:subject,B2,subject,NGSL_1_2_CORE,subject,361,EXACT_HEADWORD_FORM_ONLY,SOURCE_LEMMA_ONLY_NOT_SENSE_OR_POS,UNREVIEWED_NOT_SEMANTICALLY_APPROVED,NOT_CLEARED,true
lex:B2:submit,B2,submit,NGSL_1_2_CORE,submit,2070,EXACT_HEADWORD_FORM_ONLY,SOURCE_LEMMA_ONLY_NOT_SENSE_OR_POS,UNREVIEWED_NOT_SEMANTICALLY_APPROVED,NOT_CLEARED,true
lex:B2:sum,B2,sum,NGSL_1_2_CORE,sum,1375,EXACT_HEADWORD_FORM_ONLY,SOURCE_LEMMA_ONLY_NOT_SENSE_OR_POS,UNREVIEWED_NOT_SEMANTICALLY_APPROVED,NOT_CLEARED,true
lex:B2:surgery,B2,surgery,NGSL_1_2_CORE,surgery,2349,EXACT_HEADWORD_FORM_ONLY,SOURCE_LEMMA_ONLY_NOT_SENSE_OR_POS,UNREVIEWED_NOT_SEMANTICALLY_APPROVED,NOT_CLEARED,true
lex:B2:surround,B2,surround,NGSL_1_2_CORE,surround,1174,EXACT_HEADWORD_FORM_ONLY,SOURCE_LEMMA_ONLY_NOT_SENSE_OR_POS,UNREVIEWED_NOT_SEMANTICALLY_APPROVED,NOT_CLEARED,true
lex:B2:surrounding,B2,surrounding,NO_DIRECT_SOURCE_LEMMA,,,NO_DIRECT_MATCH,SOURCE_LEMMA_ONLY_NOT_SENSE_OR_POS,UNREVIEWED_NOT_SEMANTICALLY_APPROVED,NOT_CLEARED,true
lex:B2:survey,B2,survey,NGSL_1_2_CORE,survey,1008,EXACT_HEADWORD_FORM_ONLY,SOURCE_LEMMA_ONLY_NOT_SENSE_OR_POS,UNREVIEWED_NOT_SEMANTICALLY_APPROVED,NOT_CLEARED,true
lex:B2:suspect,B2,suspect,NGSL_1_2_CORE,suspect,1490,EXACT_HEADWORD_FORM_ONLY,SOURCE_LEMMA_ONLY_NOT_SENSE_OR_POS,UNREVIEWED_NOT_SEMANTICALLY_APPROVED,NOT_CLEARED,true
lex:B2:swear,B2,swear,NGSL_1_2_CORE,swear,2735,EXACT_HEADWORD_FORM_ONLY,SOURCE_LEMMA_ONLY_NOT_SENSE_OR_POS,UNREVIEWED_NOT_SEMANTICALLY_APPROVED,NOT_CLEARED,true
lex:B2:sweep,B2,sweep,NGSL_1_2_CORE,sweep,2136,EXACT_HEADWORD_FORM_ONLY,SOURCE_LEMMA_ONLY_NOT_SENSE_OR_POS,UNREVIEWED_NOT_SEMANTICALLY_APPROVED,NOT_CLEARED,true
lex:B2:switch,B2,switch,NGSL_1_2_CORE,switch,1463,EXACT_HEADWORD_FORM_ONLY,SOURCE_LEMMA_ONLY_NOT_SENSE_OR_POS,UNREVIEWED_NOT_SEMANTICALLY_APPROVED,NOT_CLEARED,true
lex:B2:sympathy,B2,sympathy,NGSL_SFI_31K_EXTENSION,sympathy,3312,EXACT_HEADWORD_FORM_ONLY,SOURCE_LEMMA_ONLY_NOT_SENSE_OR_POS,UNREVIEWED_NOT_SEMANTICALLY_APPROVED,NOT_CLEARED,true
lex:B2:tale,B2,tale,NGSL_1_2_CORE,tale,2546,EXACT_HEADWORD_FORM_ONLY,SOURCE_LEMMA_ONLY_NOT_SENSE_OR_POS,UNREVIEWED_NOT_SEMANTICALLY_APPROVED,NOT_CLEARED,true
lex:B2:tank,B2,tank,NGSL_1_2_CORE,tank,2189,EXACT_HEADWORD_FORM_ONLY,SOURCE_LEMMA_ONLY_NOT_SENSE_OR_POS,UNREVIEWED_NOT_SEMANTICALLY_APPROVED,NOT_CLEARED,true
lex:B2:target,B2,target,NGSL_1_2_CORE,target,797,EXACT_HEADWORD_FORM_ONLY,SOURCE_LEMMA_ONLY_NOT_SENSE_OR_POS,UNREVIEWED_NOT_SEMANTICALLY_APPROVED,NOT_CLEARED,true
lex:B2:tear,B2,tear¹,NGSL_1_2_CORE,tear,1470,HEADWORD_NORMALIZED_REQUIRES_REVIEW,SOURCE_LEMMA_ONLY_NOT_SENSE_OR_POS,UNREVIEWED_NOT_SEMANTICALLY_APPROVED,NOT_CLEARED,true
lex:B2:tear-2,B2,tear²,NGSL_1_2_CORE,tear,1470,HEADWORD_NORMALIZED_REQUIRES_REVIEW,SOURCE_LEMMA_ONLY_NOT_SENSE_OR_POS,UNREVIEWED_NOT_SEMANTICALLY_APPROVED,NOT_CLEARED,true
lex:B2:temporary,B2,temporary,NGSL_1_2_CORE,temporary,1820,EXACT_HEADWORD_FORM_ONLY,SOURCE_LEMMA_ONLY_NOT_SENSE_OR_POS,UNREVIEWED_NOT_SEMANTICALLY_APPROVED,NOT_CLEARED,true
lex:B2:term,B2,term,NGSL_1_2_CORE,term,280,EXACT_HEADWORD_FORM_ONLY,SOURCE_LEMMA_ONLY_NOT_SENSE_OR_POS,UNREVIEWED_NOT_SEMANTICALLY_APPROVED,NOT_CLEARED,true
lex:B2:therapy,B2,therapy,NGSL_1_2_CORE,therapy,2498,EXACT_HEADWORD_FORM_ONLY,SOURCE_LEMMA_ONLY_NOT_SENSE_OR_POS,UNREVIEWED_NOT_SEMANTICALLY_APPROVED,NOT_CLEARED,true
lex:B2:threat,B2,threat,NGSL_1_2_CORE,threat,1348,EXACT_HEADWORD_FORM_ONLY,SOURCE_LEMMA_ONLY_NOT_SENSE_OR_POS,UNREVIEWED_NOT_SEMANTICALLY_APPROVED,NOT_CLEARED,true
lex:B2:threaten,B2,threaten,NGSL_1_2_CORE,threaten,1521,EXACT_HEADWORD_FORM_ONLY,SOURCE_LEMMA_ONLY_NOT_SENSE_OR_POS,UNREVIEWED_NOT_SEMANTICALLY_APPROVED,NOT_CLEARED,true
lex:B2:thus,B2,thus,NGSL_1_2_CORE,thus,684,EXACT_HEADWORD_FORM_ONLY,SOURCE_LEMMA_ONLY_NOT_SENSE_OR_POS,UNREVIEWED_NOT_SEMANTICALLY_APPROVED,NOT_CLEARED,true
lex:B2:time,B2,time,NGSL_1_2_CORE,time,49,EXACT_HEADWORD_FORM_ONLY,SOURCE_LEMMA_ONLY_NOT_SENSE_OR_POS,UNREVIEWED_NOT_SEMANTICALLY_APPROVED,NOT_CLEARED,true
lex:B2:title,B2,title,NGSL_1_2_CORE,title,1057,EXACT_HEADWORD_FORM_ONLY,SOURCE_LEMMA_ONLY_NOT_SENSE_OR_POS,UNREVIEWED_NOT_SEMANTICALLY_APPROVED,NOT_CLEARED,true
lex:B2:tone,B2,tone,NGSL_1_2_CORE,tone,1693,EXACT_HEADWORD_FORM_ONLY,SOURCE_LEMMA_ONLY_NOT_SENSE_OR_POS,UNREVIEWED_NOT_SEMANTICALLY_APPROVED,NOT_CLEARED,true
lex:B2:tough,B2,tough,NGSL_1_2_CORE,tough,1469,EXACT_HEADWORD_FORM_ONLY,SOURCE_LEMMA_ONLY_NOT_SENSE_OR_POS,UNREVIEWED_NOT_SEMANTICALLY_APPROVED,NOT_CLEARED,true
lex:B2:track,B2,track,NGSL_1_2_CORE,track,958,EXACT_HEADWORD_FORM_ONLY,SOURCE_LEMMA_ONLY_NOT_SENSE_OR_POS,UNREVIEWED_NOT_SEMANTICALLY_APPROVED,NOT_CLEARED,true
lex:B2:transfer,B2,transfer,NGSL_1_2_CORE,transfer,1110,EXACT_HEADWORD_FORM_ONLY,SOURCE_LEMMA_ONLY_NOT_SENSE_OR_POS,UNREVIEWED_NOT_SEMANTICALLY_APPROVED,NOT_CLEARED,true
lex:B2:transform,B2,transform,NGSL_1_2_CORE,transform,2174,EXACT_HEADWORD_FORM_ONLY,SOURCE_LEMMA_ONLY_NOT_SENSE_OR_POS,UNREVIEWED_NOT_SEMANTICALLY_APPROVED,NOT_CLEARED,true
lex:B2:transition,B2,transition,NGSL_1_2_CORE,transition,2195,EXACT_HEADWORD_FORM_ONLY,SOURCE_LEMMA_ONLY_NOT_SENSE_OR_POS,UNREVIEWED_NOT_SEMANTICALLY_APPROVED,NOT_CLEARED,true
lex:B2:trial,B2,trial,NGSL_1_2_CORE,trial,1043,EXACT_HEADWORD_FORM_ONLY,SOURCE_LEMMA_ONLY_NOT_SENSE_OR_POS,UNREVIEWED_NOT_SEMANTICALLY_APPROVED,NOT_CLEARED,true
lex:B2:trip,B2,trip,NGSL_1_2_CORE,trip,825,EXACT_HEADWORD_FORM_ONLY,SOURCE_LEMMA_ONLY_NOT_SENSE_OR_POS,UNREVIEWED_NOT_SEMANTICALLY_APPROVED,NOT_CLEARED,true
lex:B2:tropical,B2,tropical,NGSL_SFI_31K_EXTENSION,tropical,3631,EXACT_HEADWORD_FORM_ONLY,SOURCE_LEMMA_ONLY_NOT_SENSE_OR_POS,UNREVIEWED_NOT_SEMANTICALLY_APPROVED,NOT_CLEARED,true
lex:B2:trouble,B2,trouble,NGSL_1_2_CORE,trouble,832,EXACT_HEADWORD_FORM_ONLY,SOURCE_LEMMA_ONLY_NOT_SENSE_OR_POS,UNREVIEWED_NOT_SEMANTICALLY_APPROVED,NOT_CLEARED,true
lex:B2:truly,B2,truly,NGSL_1_2_CORE,truly,1825,EXACT_HEADWORD_FORM_ONLY,SOURCE_LEMMA_ONLY_NOT_SENSE_OR_POS,UNREVIEWED_NOT_SEMANTICALLY_APPROVED,NOT_CLEARED,true
lex:B2:trust,B2,trust,NGSL_1_2_CORE,trust,1075,EXACT_HEADWORD_FORM_ONLY,SOURCE_LEMMA_ONLY_NOT_SENSE_OR_POS,UNREVIEWED_NOT_SEMANTICALLY_APPROVED,NOT_CLEARED,true
lex:B2:try,B2,try,NGSL_1_2_CORE,try,125,EXACT_HEADWORD_FORM_ONLY,SOURCE_LEMMA_ONLY_NOT_SENSE_OR_POS,UNREVIEWED_NOT_SEMANTICALLY_APPROVED,NOT_CLEARED,true
lex:B2:tune,B2,tune,NGSL_1_2_CORE,tune,2192,EXACT_HEADWORD_FORM_ONLY,SOURCE_LEMMA_ONLY_NOT_SENSE_OR_POS,UNREVIEWED_NOT_SEMANTICALLY_APPROVED,NOT_CLEARED,true
lex:B2:tunnel,B2,tunnel,NGSL_SFI_31K_EXTENSION,tunnel,3246,EXACT_HEADWORD_FORM_ONLY,SOURCE_LEMMA_ONLY_NOT_SENSE_OR_POS,UNREVIEWED_NOT_SEMANTICALLY_APPROVED,NOT_CLEARED,true
lex:B2:ultimately,B2,ultimately,NGSL_1_2_CORE,ultimately,2020,EXACT_HEADWORD_FORM_ONLY,SOURCE_LEMMA_ONLY_NOT_SENSE_OR_POS,UNREVIEWED_NOT_SEMANTICALLY_APPROVED,NOT_CLEARED,true
lex:B2:unconscious,B2,unconscious,NGSL_SFI_31K_EXTENSION,unconscious,4912,EXACT_HEADWORD_FORM_ONLY,SOURCE_LEMMA_ONLY_NOT_SENSE_OR_POS,UNREVIEWED_NOT_SEMANTICALLY_APPROVED,NOT_CLEARED,true
lex:B2:unexpected,B2,unexpected,NGSL_SFI_31K_EXTENSION,unexpected,2935,EXACT_HEADWORD_FORM_ONLY,SOURCE_LEMMA_ONLY_NOT_SENSE_OR_POS,UNREVIEWED_NOT_SEMANTICALLY_APPROVED,NOT_CLEARED,true
lex:B2:unique,B2,unique,NGSL_1_2_CORE,unique,1594,EXACT_HEADWORD_FORM_ONLY,SOURCE_LEMMA_ONLY_NOT_SENSE_OR_POS,UNREVIEWED_NOT_SEMANTICALLY_APPROVED,NOT_CLEARED,true
lex:B2:universe,B2,universe,NGSL_1_2_CORE,universe,2708,EXACT_HEADWORD_FORM_ONLY,SOURCE_LEMMA_ONLY_NOT_SENSE_OR_POS,UNREVIEWED_NOT_SEMANTICALLY_APPROVED,NOT_CLEARED,true
lex:B2:unknown,B2,unknown,NGSL_1_2_CORE,unknown,2043,EXACT_HEADWORD_FORM_ONLY,SOURCE_LEMMA_ONLY_NOT_SENSE_OR_POS,UNREVIEWED_NOT_SEMANTICALLY_APPROVED,NOT_CLEARED,true
lex:B2:upper,B2,upper,NGSL_1_2_CORE,upper,1928,EXACT_HEADWORD_FORM_ONLY,SOURCE_LEMMA_ONLY_NOT_SENSE_OR_POS,UNREVIEWED_NOT_SEMANTICALLY_APPROVED,NOT_CLEARED,true
lex:B2:upwards,B2,upwards,NO_DIRECT_SOURCE_LEMMA,,,NO_DIRECT_MATCH,SOURCE_LEMMA_ONLY_NOT_SENSE_OR_POS,UNREVIEWED_NOT_SEMANTICALLY_APPROVED,NOT_CLEARED,true
lex:B2:urban,B2,urban,NGSL_1_2_CORE,urban,1918,EXACT_HEADWORD_FORM_ONLY,SOURCE_LEMMA_ONLY_NOT_SENSE_OR_POS,UNREVIEWED_NOT_SEMANTICALLY_APPROVED,NOT_CLEARED,true
lex:B2:urge,B2,urge,NGSL_1_2_CORE,urge,1786,EXACT_HEADWORD_FORM_ONLY,SOURCE_LEMMA_ONLY_NOT_SENSE_OR_POS,UNREVIEWED_NOT_SEMANTICALLY_APPROVED,NOT_CLEARED,true
lex:B2:value,B2,value,NGSL_1_2_CORE,value,342,EXACT_HEADWORD_FORM_ONLY,SOURCE_LEMMA_ONLY_NOT_SENSE_OR_POS,UNREVIEWED_NOT_SEMANTICALLY_APPROVED,NOT_CLEARED,true
lex:B2:vary,B2,vary,NGSL_1_2_CORE,vary,1359,EXACT_HEADWORD_FORM_ONLY,SOURCE_LEMMA_ONLY_NOT_SENSE_OR_POS,UNREVIEWED_NOT_SEMANTICALLY_APPROVED,NOT_CLEARED,true
lex:B2:vast,B2,vast,NGSL_1_2_CORE,vast,1802,EXACT_HEADWORD_FORM_ONLY,SOURCE_LEMMA_ONLY_NOT_SENSE_OR_POS,UNREVIEWED_NOT_SEMANTICALLY_APPROVED,NOT_CLEARED,true
lex:B2:venue,B2,venue,NGSL_SFI_31K_EXTENSION,venue,3317,EXACT_HEADWORD_FORM_ONLY,SOURCE_LEMMA_ONLY_NOT_SENSE_OR_POS,UNREVIEWED_NOT_SEMANTICALLY_APPROVED,NOT_CLEARED,true
lex:B2:very,B2,very,NGSL_1_2_CORE,very,63,EXACT_HEADWORD_FORM_ONLY,SOURCE_LEMMA_ONLY_NOT_SENSE_OR_POS,UNREVIEWED_NOT_SEMANTICALLY_APPROVED,NOT_CLEARED,true
lex:B2:via,B2,via,NGSL_1_2_CORE,via,1734,EXACT_HEADWORD_FORM_ONLY,SOURCE_LEMMA_ONLY_NOT_SENSE_OR_POS,UNREVIEWED_NOT_SEMANTICALLY_APPROVED,NOT_CLEARED,true
lex:B2:victory,B2,victory,NGSL_1_2_CORE,victory,1776,EXACT_HEADWORD_FORM_ONLY,SOURCE_LEMMA_ONLY_NOT_SENSE_OR_POS,UNREVIEWED_NOT_SEMANTICALLY_APPROVED,NOT_CLEARED,true
lex:B2:violence,B2,violence,NGSL_1_2_CORE,violence,1436,EXACT_HEADWORD_FORM_ONLY,SOURCE_LEMMA_ONLY_NOT_SENSE_OR_POS,UNREVIEWED_NOT_SEMANTICALLY_APPROVED,NOT_CLEARED,true
lex:B2:virtual,B2,virtual,NGSL_SFI_31K_EXTENSION,virtual,3650,EXACT_HEADWORD_FORM_ONLY,SOURCE_LEMMA_ONLY_NOT_SENSE_OR_POS,UNREVIEWED_NOT_SEMANTICALLY_APPROVED,NOT_CLEARED,true
lex:B2:vision,B2,vision,NGSL_1_2_CORE,vision,1651,EXACT_HEADWORD_FORM_ONLY,SOURCE_LEMMA_ONLY_NOT_SENSE_OR_POS,UNREVIEWED_NOT_SEMANTICALLY_APPROVED,NOT_CLEARED,true
lex:B2:visual,B2,visual,NGSL_1_2_CORE,visual,2362,EXACT_HEADWORD_FORM_ONLY,SOURCE_LEMMA_ONLY_NOT_SENSE_OR_POS,UNREVIEWED_NOT_SEMANTICALLY_APPROVED,NOT_CLEARED,true
lex:B2:vital,B2,vital,NGSL_1_2_CORE,vital,2123,EXACT_HEADWORD_FORM_ONLY,SOURCE_LEMMA_ONLY_NOT_SENSE_OR_POS,UNREVIEWED_NOT_SEMANTICALLY_APPROVED,NOT_CLEARED,true
lex:B2:vitamin,B2,vitamin,NGSL_SFI_31K_EXTENSION,vitamin,4077,EXACT_HEADWORD_FORM_ONLY,SOURCE_LEMMA_ONLY_NOT_SENSE_OR_POS,UNREVIEWED_NOT_SEMANTICALLY_APPROVED,NOT_CLEARED,true
lex:B2:volume,B2,volume,NGSL_1_2_CORE,volume,1364,EXACT_HEADWORD_FORM_ONLY,SOURCE_LEMMA_ONLY_NOT_SENSE_OR_POS,UNREVIEWED_NOT_SEMANTICALLY_APPROVED,NOT_CLEARED,true
lex:B2:wage,B2,wage,NGSL_1_2_CORE,wage,1757,EXACT_HEADWORD_FORM_ONLY,SOURCE_LEMMA_ONLY_NOT_SENSE_OR_POS,UNREVIEWED_NOT_SEMANTICALLY_APPROVED,NOT_CLEARED,true
lex:B2:way,B2,way,NGSL_1_2_CORE,way,80,EXACT_HEADWORD_FORM_ONLY,SOURCE_LEMMA_ONLY_NOT_SENSE_OR_POS,UNREVIEWED_NOT_SEMANTICALLY_APPROVED,NOT_CLEARED,true
lex:B2:weakness,B2,weakness,NGSL_1_2_CORE,weakness,2457,EXACT_HEADWORD_FORM_ONLY,SOURCE_LEMMA_ONLY_NOT_SENSE_OR_POS,UNREVIEWED_NOT_SEMANTICALLY_APPROVED,NOT_CLEARED,true
lex:B2:wealth,B2,wealth,NGSL_1_2_CORE,wealth,2187,EXACT_HEADWORD_FORM_ONLY,SOURCE_LEMMA_ONLY_NOT_SENSE_OR_POS,UNREVIEWED_NOT_SEMANTICALLY_APPROVED,NOT_CLEARED,true
lex:B2:wealthy,B2,wealthy,NGSL_1_2_CORE,wealthy,2426,EXACT_HEADWORD_FORM_ONLY,SOURCE_LEMMA_ONLY_NOT_SENSE_OR_POS,UNREVIEWED_NOT_SEMANTICALLY_APPROVED,NOT_CLEARED,true
lex:B2:whereas,B2,whereas,NGSL_1_2_CORE,whereas,1372,EXACT_HEADWORD_FORM_ONLY,SOURCE_LEMMA_ONLY_NOT_SENSE_OR_POS,UNREVIEWED_NOT_SEMANTICALLY_APPROVED,NOT_CLEARED,true
lex:B2:wherever,B2,wherever,NGSL_1_2_CORE,wherever,2662,EXACT_HEADWORD_FORM_ONLY,SOURCE_LEMMA_ONLY_NOT_SENSE_OR_POS,UNREVIEWED_NOT_SEMANTICALLY_APPROVED,NOT_CLEARED,true
lex:B2:whisper,B2,whisper,NGSL_1_2_CORE,whisper,2595,EXACT_HEADWORD_FORM_ONLY,SOURCE_LEMMA_ONLY_NOT_SENSE_OR_POS,UNREVIEWED_NOT_SEMANTICALLY_APPROVED,NOT_CLEARED,true
lex:B2:whom,B2,whom,NO_DIRECT_SOURCE_LEMMA,,,NO_DIRECT_MATCH,SOURCE_LEMMA_ONLY_NOT_SENSE_OR_POS,UNREVIEWED_NOT_SEMANTICALLY_APPROVED,NOT_CLEARED,true
lex:B2:widely,B2,widely,NGSL_1_2_CORE,widely,1768,EXACT_HEADWORD_FORM_ONLY,SOURCE_LEMMA_ONLY_NOT_SENSE_OR_POS,UNREVIEWED_NOT_SEMANTICALLY_APPROVED,NOT_CLEARED,true
lex:B2:wildlife,B2,wildlife,NGSL_SFI_31K_EXTENSION,wildlife,4129,EXACT_HEADWORD_FORM_ONLY,SOURCE_LEMMA_ONLY_NOT_SENSE_OR_POS,UNREVIEWED_NOT_SEMANTICALLY_APPROVED,NOT_CLEARED,true
lex:B2:willing,B2,willing,NO_DIRECT_SOURCE_LEMMA,,,NO_DIRECT_MATCH,SOURCE_LEMMA_ONLY_NOT_SENSE_OR_POS,UNREVIEWED_NOT_SEMANTICALLY_APPROVED,NOT_CLEARED,true
lex:B2:wind,B2,wind²,NGSL_1_2_CORE,wind,1013,HEADWORD_NORMALIZED_REQUIRES_REVIEW,SOURCE_LEMMA_ONLY_NOT_SENSE_OR_POS,UNREVIEWED_NOT_SEMANTICALLY_APPROVED,NOT_CLEARED,true
lex:B2:wire,B2,wire,NGSL_1_2_CORE,wire,2038,EXACT_HEADWORD_FORM_ONLY,SOURCE_LEMMA_ONLY_NOT_SENSE_OR_POS,UNREVIEWED_NOT_SEMANTICALLY_APPROVED,NOT_CLEARED,true
lex:B2:wise,B2,wise,NGSL_1_2_CORE,wise,2577,EXACT_HEADWORD_FORM_ONLY,SOURCE_LEMMA_ONLY_NOT_SENSE_OR_POS,UNREVIEWED_NOT_SEMANTICALLY_APPROVED,NOT_CLEARED,true
lex:B2:witness,B2,witness,NGSL_1_2_CORE,witness,1642,EXACT_HEADWORD_FORM_ONLY,SOURCE_LEMMA_ONLY_NOT_SENSE_OR_POS,UNREVIEWED_NOT_SEMANTICALLY_APPROVED,NOT_CLEARED,true
lex:B2:worse,B2,worse,NO_DIRECT_SOURCE_LEMMA,,,NO_DIRECT_MATCH,SOURCE_LEMMA_ONLY_NOT_SENSE_OR_POS,UNREVIEWED_NOT_SEMANTICALLY_APPROVED,NOT_CLEARED,true
lex:B2:worst,B2,worst,NO_DIRECT_SOURCE_LEMMA,,,NO_DIRECT_MATCH,SOURCE_LEMMA_ONLY_NOT_SENSE_OR_POS,UNREVIEWED_NOT_SEMANTICALLY_APPROVED,NOT_CLEARED,true
lex:B2:worth,B2,worth,NGSL_1_2_CORE,worth,816,EXACT_HEADWORD_FORM_ONLY,SOURCE_LEMMA_ONLY_NOT_SENSE_OR_POS,UNREVIEWED_NOT_SEMANTICALLY_APPROVED,NOT_CLEARED,true
lex:B2:wound,B2,wound,NGSL_1_2_CORE,wound,2175,EXACT_HEADWORD_FORM_ONLY,SOURCE_LEMMA_ONLY_NOT_SENSE_OR_POS,UNREVIEWED_NOT_SEMANTICALLY_APPROVED,NOT_CLEARED,true
lex:B2:wrap,B2,wrap,NGSL_1_2_CORE,wrap,2334,EXACT_HEADWORD_FORM_ONLY,SOURCE_LEMMA_ONLY_NOT_SENSE_OR_POS,UNREVIEWED_NOT_SEMANTICALLY_APPROVED,NOT_CLEARED,true
lex:B2:wrong,B2,wrong,NGSL_1_2_CORE,wrong,575,EXACT_HEADWORD_FORM_ONLY,SOURCE_LEMMA_ONLY_NOT_SENSE_OR_POS,UNREVIEWED_NOT_SEMANTICALLY_APPROVED,NOT_CLEARED,true
lex:B2:yet,B2,yet,NGSL_1_2_CORE,yet,311,EXACT_HEADWORD_FORM_ONLY,SOURCE_LEMMA_ONLY_NOT_SENSE_OR_POS,UNREVIEWED_NOT_SEMANTICALLY_APPROVED,NOT_CLEARED,true
lex:B2:zone,B2,zone,NGSL_1_2_CORE,zone,2045,EXACT_HEADWORD_FORM_ONLY,SOURCE_LEMMA_ONLY_NOT_SENSE_OR_POS,UNREVIEWED_NOT_SEMANTICALLY_APPROVED,NOT_CLEARED,true
lex:B2x:absorb,B2x,absorb,NGSL_SFI_31K_EXTENSION,absorb,2697,EXACT_HEADWORD_FORM_ONLY,SOURCE_LEMMA_ONLY_NOT_SENSE_OR_POS,UNREVIEWED_NOT_SEMANTICALLY_APPROVED,NOT_CLEARED,true
lex:B2x:abstract,B2x,abstract,NGSL_1_2_CORE,abstract,2721,EXACT_HEADWORD_FORM_ONLY,SOURCE_LEMMA_ONLY_NOT_SENSE_OR_POS,UNREVIEWED_NOT_SEMANTICALLY_APPROVED,NOT_CLEARED,true
lex:B2x:accent,B2x,accent,NGSL_SFI_31K_EXTENSION,accent,2949,EXACT_HEADWORD_FORM_ONLY,SOURCE_LEMMA_ONLY_NOT_SENSE_OR_POS,UNREVIEWED_NOT_SEMANTICALLY_APPROVED,NOT_CLEARED,true
lex:B2x:accidentally,B2x,accidentally,NGSL_SFI_31K_EXTENSION,accidentally,5912,EXACT_HEADWORD_FORM_ONLY,SOURCE_LEMMA_ONLY_NOT_SENSE_OR_POS,UNREVIEWED_NOT_SEMANTICALLY_APPROVED,NOT_CLEARED,true
lex:B2x:accommodate,B2x,accommodate,NGSL_SFI_31K_EXTENSION,accommodate,3296,EXACT_HEADWORD_FORM_ONLY,SOURCE_LEMMA_ONLY_NOT_SENSE_OR_POS,UNREVIEWED_NOT_SEMANTICALLY_APPROVED,NOT_CLEARED,true
lex:B2x:accomplish,B2x,accomplish,NGSL_1_2_CORE,accomplish,2456,EXACT_HEADWORD_FORM_ONLY,SOURCE_LEMMA_ONLY_NOT_SENSE_OR_POS,UNREVIEWED_NOT_SEMANTICALLY_APPROVED,NOT_CLEARED,true
lex:B2x:accountant,B2x,accountant,NGSL_SFI_31K_EXTENSION,accountant,3957,EXACT_HEADWORD_FORM_ONLY,SOURCE_LEMMA_ONLY_NOT_SENSE_OR_POS,UNREVIEWED_NOT_SEMANTICALLY_APPROVED,NOT_CLEARED,true
lex:B2x:accuracy,B2x,accuracy,NGSL_SFI_31K_EXTENSION,accuracy,3548,EXACT_HEADWORD_FORM_ONLY,SOURCE_LEMMA_ONLY_NOT_SENSE_OR_POS,UNREVIEWED_NOT_SEMANTICALLY_APPROVED,NOT_CLEARED,true
lex:B2x:accurately,B2x,accurately,NGSL_SFI_31K_EXTENSION,accurately,3926,EXACT_HEADWORD_FORM_ONLY,SOURCE_LEMMA_ONLY_NOT_SENSE_OR_POS,UNREVIEWED_NOT_SEMANTICALLY_APPROVED,NOT_CLEARED,true
lex:B2x:acid,B2x,acid,NGSL_SFI_31K_EXTENSION,acid,2135,EXACT_HEADWORD_FORM_ONLY,SOURCE_LEMMA_ONLY_NOT_SENSE_OR_POS,UNREVIEWED_NOT_SEMANTICALLY_APPROVED,NOT_CLEARED,true
lex:B2x:activate,B2x,activate,NGSL_SFI_31K_EXTENSION,activate,3784,EXACT_HEADWORD_FORM_ONLY,SOURCE_LEMMA_ONLY_NOT_SENSE_OR_POS,UNREVIEWED_NOT_SEMANTICALLY_APPROVED,NOT_CLEARED,true
lex:B2x:addiction,B2x,addiction,NGSL_SFI_31K_EXTENSION,addiction,4982,EXACT_HEADWORD_FORM_ONLY,SOURCE_LEMMA_ONLY_NOT_SENSE_OR_POS,UNREVIEWED_NOT_SEMANTICALLY_APPROVED,NOT_CLEARED,true
lex:B2x:additionally,B2x,additionally,NGSL_SFI_31K_EXTENSION,additionally,4404,EXACT_HEADWORD_FORM_ONLY,SOURCE_LEMMA_ONLY_NOT_SENSE_OR_POS,UNREVIEWED_NOT_SEMANTICALLY_APPROVED,NOT_CLEARED,true
lex:B2x:adequate,B2x,adequate,NGSL_1_2_CORE,adequate,2358,EXACT_HEADWORD_FORM_ONLY,SOURCE_LEMMA_ONLY_NOT_SENSE_OR_POS,UNREVIEWED_NOT_SEMANTICALLY_APPROVED,NOT_CLEARED,true
lex:B2x:adequately,B2x,adequately,NGSL_SFI_31K_EXTENSION,adequately,4753,EXACT_HEADWORD_FORM_ONLY,SOURCE_LEMMA_ONLY_NOT_SENSE_OR_POS,UNREVIEWED_NOT_SEMANTICALLY_APPROVED,NOT_CLEARED,true
lex:B2x:adjust,B2x,adjust,NGSL_1_2_CORE,adjust,2208,EXACT_HEADWORD_FORM_ONLY,SOURCE_LEMMA_ONLY_NOT_SENSE_OR_POS,UNREVIEWED_NOT_SEMANTICALLY_APPROVED,NOT_CLEARED,true
lex:B2x:affordable,B2x,affordable,NGSL_SFI_31K_EXTENSION,affordable,4827,EXACT_HEADWORD_FORM_ONLY,SOURCE_LEMMA_ONLY_NOT_SENSE_OR_POS,UNREVIEWED_NOT_SEMANTICALLY_APPROVED,NOT_CLEARED,true
lex:B2x:agriculture,B2x,agriculture,NGSL_SFI_31K_EXTENSION,agriculture,3019,EXACT_HEADWORD_FORM_ONLY,SOURCE_LEMMA_ONLY_NOT_SENSE_OR_POS,UNREVIEWED_NOT_SEMANTICALLY_APPROVED,NOT_CLEARED,true
lex:B2x:aids,B2x,AIDS,NO_DIRECT_SOURCE_LEMMA,,,NO_DIRECT_MATCH,SOURCE_LEMMA_ONLY_NOT_SENSE_OR_POS,UNREVIEWED_NOT_SEMANTICALLY_APPROVED,NOT_CLEARED,true
lex:B2x:alien,B2x,alien,NGSL_SFI_31K_EXTENSION,alien,3724,EXACT_HEADWORD_FORM_ONLY,SOURCE_LEMMA_ONLY_NOT_SENSE_OR_POS,UNREVIEWED_NOT_SEMANTICALLY_APPROVED,NOT_CLEARED,true
lex:B2x:alongside,B2x,alongside,NGSL_1_2_CORE,alongside,2766,EXACT_HEADWORD_FORM_ONLY,SOURCE_LEMMA_ONLY_NOT_SENSE_OR_POS,UNREVIEWED_NOT_SEMANTICALLY_APPROVED,NOT_CLEARED,true
lex:B2x:altogether,B2x,altogether,NGSL_1_2_CORE,altogether,2678,EXACT_HEADWORD_FORM_ONLY,SOURCE_LEMMA_ONLY_NOT_SENSE_OR_POS,UNREVIEWED_NOT_SEMANTICALLY_APPROVED,NOT_CLEARED,true
lex:B2x:ambulance,B2x,ambulance,NGSL_SFI_31K_EXTENSION,ambulance,4598,EXACT_HEADWORD_FORM_ONLY,SOURCE_LEMMA_ONLY_NOT_SENSE_OR_POS,UNREVIEWED_NOT_SEMANTICALLY_APPROVED,NOT_CLEARED,true
lex:B2x:amusing,B2x,amusing,NO_DIRECT_SOURCE_LEMMA,,,NO_DIRECT_MATCH,SOURCE_LEMMA_ONLY_NOT_SENSE_OR_POS,UNREVIEWED_NOT_SEMANTICALLY_APPROVED,NOT_CLEARED,true
lex:B2x:analyst,B2x,analyst,NGSL_1_2_CORE,analyst,2170,EXACT_HEADWORD_FORM_ONLY,SOURCE_LEMMA_ONLY_NOT_SENSE_OR_POS,UNREVIEWED_NOT_SEMANTICALLY_APPROVED,NOT_CLEARED,true
lex:B2x:ancestor,B2x,ancestor,NGSL_SFI_31K_EXTENSION,ancestor,4030,EXACT_HEADWORD_FORM_ONLY,SOURCE_LEMMA_ONLY_NOT_SENSE_OR_POS,UNREVIEWED_NOT_SEMANTICALLY_APPROVED,NOT_CLEARED,true
lex:B2x:animation,B2x,animation,NGSL_SFI_31K_EXTENSION,animation,5922,EXACT_HEADWORD_FORM_ONLY,SOURCE_LEMMA_ONLY_NOT_SENSE_OR_POS,UNREVIEWED_NOT_SEMANTICALLY_APPROVED,NOT_CLEARED,true
lex:B2x:annually,B2x,annually,NGSL_SFI_31K_EXTENSION,annually,4114,EXACT_HEADWORD_FORM_ONLY,SOURCE_LEMMA_ONLY_NOT_SENSE_OR_POS,UNREVIEWED_NOT_SEMANTICALLY_APPROVED,NOT_CLEARED,true
lex:B2x:anticipate,B2x,anticipate,NGSL_1_2_CORE,anticipate,2335,EXACT_HEADWORD_FORM_ONLY,SOURCE_LEMMA_ONLY_NOT_SENSE_OR_POS,UNREVIEWED_NOT_SEMANTICALLY_APPROVED,NOT_CLEARED,true
lex:B2x:anxiety,B2x,anxiety,NGSL_1_2_CORE,anxiety,2340,EXACT_HEADWORD_FORM_ONLY,SOURCE_LEMMA_ONLY_NOT_SENSE_OR_POS,UNREVIEWED_NOT_SEMANTICALLY_APPROVED,NOT_CLEARED,true
lex:B2x:apology,B2x,apology,NGSL_SFI_31K_EXTENSION,apology,3414,EXACT_HEADWORD_FORM_ONLY,SOURCE_LEMMA_ONLY_NOT_SENSE_OR_POS,UNREVIEWED_NOT_SEMANTICALLY_APPROVED,NOT_CLEARED,true
lex:B2x:applicant,B2x,applicant,NGSL_SFI_31K_EXTENSION,applicant,4117,EXACT_HEADWORD_FORM_ONLY,SOURCE_LEMMA_ONLY_NOT_SENSE_OR_POS,UNREVIEWED_NOT_SEMANTICALLY_APPROVED,NOT_CLEARED,true
lex:B2x:appropriately,B2x,appropriately,NGSL_SFI_31K_EXTENSION,appropriately,4831,EXACT_HEADWORD_FORM_ONLY,SOURCE_LEMMA_ONLY_NOT_SENSE_OR_POS,UNREVIEWED_NOT_SEMANTICALLY_APPROVED,NOT_CLEARED,true
lex:B2x:arrow,B2x,arrow,NGSL_SFI_31K_EXTENSION,arrow,4046,EXACT_HEADWORD_FORM_ONLY,SOURCE_LEMMA_ONLY_NOT_SENSE_OR_POS,UNREVIEWED_NOT_SEMANTICALLY_APPROVED,NOT_CLEARED,true
lex:B2x:artwork,B2x,artwork,NGSL_SFI_31K_EXTENSION,artwork,7237,EXACT_HEADWORD_FORM_ONLY,SOURCE_LEMMA_ONLY_NOT_SENSE_OR_POS,UNREVIEWED_NOT_SEMANTICALLY_APPROVED,NOT_CLEARED,true
lex:B2x:aside,B2x,aside,NGSL_1_2_CORE,aside,1944,EXACT_HEADWORD_FORM_ONLY,SOURCE_LEMMA_ONLY_NOT_SENSE_OR_POS,UNREVIEWED_NOT_SEMANTICALLY_APPROVED,NOT_CLEARED,true
lex:B2x:asset,B2x,asset,NGSL_1_2_CORE,asset,1501,EXACT_HEADWORD_FORM_ONLY,SOURCE_LEMMA_ONLY_NOT_SENSE_OR_POS,UNREVIEWED_NOT_SEMANTICALLY_APPROVED,NOT_CLEARED,true
lex:B2x:assign,B2x,assign,NGSL_1_2_CORE,assign,2493,EXACT_HEADWORD_FORM_ONLY,SOURCE_LEMMA_ONLY_NOT_SENSE_OR_POS,UNREVIEWED_NOT_SEMANTICALLY_APPROVED,NOT_CLEARED,true
lex:B2x:assistance,B2x,assistance,NGSL_1_2_CORE,assistance,2015,EXACT_HEADWORD_FORM_ONLY,SOURCE_LEMMA_ONLY_NOT_SENSE_OR_POS,UNREVIEWED_NOT_SEMANTICALLY_APPROVED,NOT_CLEARED,true
lex:B2x:assumption,B2x,assumption,NGSL_1_2_CORE,assumption,1855,EXACT_HEADWORD_FORM_ONLY,SOURCE_LEMMA_ONLY_NOT_SENSE_OR_POS,UNREVIEWED_NOT_SEMANTICALLY_APPROVED,NOT_CLEARED,true
lex:B2x:assure,B2x,assure,NGSL_1_2_CORE,assure,2064,EXACT_HEADWORD_FORM_ONLY,SOURCE_LEMMA_ONLY_NOT_SENSE_OR_POS,UNREVIEWED_NOT_SEMANTICALLY_APPROVED,NOT_CLEARED,true
lex:B2x:astonishing,B2x,astonishing,NO_DIRECT_SOURCE_LEMMA,,,NO_DIRECT_MATCH,SOURCE_LEMMA_ONLY_NOT_SENSE_OR_POS,UNREVIEWED_NOT_SEMANTICALLY_APPROVED,NOT_CLEARED,true
lex:B2x:attachment,B2x,attachment,NGSL_1_2_CORE,attachment,2794,EXACT_HEADWORD_FORM_ONLY,SOURCE_LEMMA_ONLY_NOT_SENSE_OR_POS,UNREVIEWED_NOT_SEMANTICALLY_APPROVED,NOT_CLEARED,true
lex:B2x:auction,B2x,auction,NGSL_SFI_31K_EXTENSION,auction,3677,EXACT_HEADWORD_FORM_ONLY,SOURCE_LEMMA_ONLY_NOT_SENSE_OR_POS,UNREVIEWED_NOT_SEMANTICALLY_APPROVED,NOT_CLEARED,true
lex:B2x:audio,B2x,audio,NGSL_SFI_31K_EXTENSION,audio,3908,EXACT_HEADWORD_FORM_ONLY,SOURCE_LEMMA_ONLY_NOT_SENSE_OR_POS,UNREVIEWED_NOT_SEMANTICALLY_APPROVED,NOT_CLEARED,true
lex:B2x:automatic,B2x,automatic,NGSL_SFI_31K_EXTENSION,automatic,3092,EXACT_HEADWORD_FORM_ONLY,SOURCE_LEMMA_ONLY_NOT_SENSE_OR_POS,UNREVIEWED_NOT_SEMANTICALLY_APPROVED,NOT_CLEARED,true
lex:B2x:automatically,B2x,automatically,NGSL_1_2_CORE,automatically,2521,EXACT_HEADWORD_FORM_ONLY,SOURCE_LEMMA_ONLY_NOT_SENSE_OR_POS,UNREVIEWED_NOT_SEMANTICALLY_APPROVED,NOT_CLEARED,true
lex:B2x:awareness,B2x,awareness,NGSL_1_2_CORE,awareness,2423,EXACT_HEADWORD_FORM_ONLY,SOURCE_LEMMA_ONLY_NOT_SENSE_OR_POS,UNREVIEWED_NOT_SEMANTICALLY_APPROVED,NOT_CLEARED,true
lex:B2x:awkward,B2x,awkward,NGSL_SFI_31K_EXTENSION,awkward,4132,EXACT_HEADWORD_FORM_ONLY,SOURCE_LEMMA_ONLY_NOT_SENSE_OR_POS,UNREVIEWED_NOT_SEMANTICALLY_APPROVED,NOT_CLEARED,true
lex:B2x:badge,B2x,badge,NGSL_SFI_31K_EXTENSION,badge,6188,EXACT_HEADWORD_FORM_ONLY,SOURCE_LEMMA_ONLY_NOT_SENSE_OR_POS,UNREVIEWED_NOT_SEMANTICALLY_APPROVED,NOT_CLEARED,true
lex:B2x:balanced,B2x,balanced,NO_DIRECT_SOURCE_LEMMA,,,NO_DIRECT_MATCH,SOURCE_LEMMA_ONLY_NOT_SENSE_OR_POS,UNREVIEWED_NOT_SEMANTICALLY_APPROVED,NOT_CLEARED,true
lex:B2x:ballet,B2x,ballet,NGSL_SFI_31K_EXTENSION,ballet,4705,EXACT_HEADWORD_FORM_ONLY,SOURCE_LEMMA_ONLY_NOT_SENSE_OR_POS,UNREVIEWED_NOT_SEMANTICALLY_APPROVED,NOT_CLEARED,true
lex:B2x:balloon,B2x,balloon,NGSL_SFI_31K_EXTENSION,balloon,3593,EXACT_HEADWORD_FORM_ONLY,SOURCE_LEMMA_ONLY_NOT_SENSE_OR_POS,UNREVIEWED_NOT_SEMANTICALLY_APPROVED,NOT_CLEARED,true
lex:B2x:barely,B2x,barely,NGSL_1_2_CORE,barely,2626,EXACT_HEADWORD_FORM_ONLY,SOURCE_LEMMA_ONLY_NOT_SENSE_OR_POS,UNREVIEWED_NOT_SEMANTICALLY_APPROVED,NOT_CLEARED,true
lex:B2x:bargain,B2x,bargain,NGSL_SFI_31K_EXTENSION,bargain,2846,EXACT_HEADWORD_FORM_ONLY,SOURCE_LEMMA_ONLY_NOT_SENSE_OR_POS,UNREVIEWED_NOT_SEMANTICALLY_APPROVED,NOT_CLEARED,true
lex:B2x:basement,B2x,basement,NGSL_SFI_31K_EXTENSION,basement,4038,EXACT_HEADWORD_FORM_ONLY,SOURCE_LEMMA_ONLY_NOT_SENSE_OR_POS,UNREVIEWED_NOT_SEMANTICALLY_APPROVED,NOT_CLEARED,true
lex:B2x:basket,B2x,basket,NGSL_SFI_31K_EXTENSION,basket,3462,EXACT_HEADWORD_FORM_ONLY,SOURCE_LEMMA_ONLY_NOT_SENSE_OR_POS,UNREVIEWED_NOT_SEMANTICALLY_APPROVED,NOT_CLEARED,true
lex:B2x:bat,B2x,bat,NGSL_SFI_31K_EXTENSION,bat,3155,EXACT_HEADWORD_FORM_ONLY,SOURCE_LEMMA_ONLY_NOT_SENSE_OR_POS,UNREVIEWED_NOT_SEMANTICALLY_APPROVED,NOT_CLEARED,true
lex:B2x:beneficial,B2x,beneficial,NGSL_SFI_31K_EXTENSION,beneficial,3160,EXACT_HEADWORD_FORM_ONLY,SOURCE_LEMMA_ONLY_NOT_SENSE_OR_POS,UNREVIEWED_NOT_SEMANTICALLY_APPROVED,NOT_CLEARED,true
lex:B2x:beside,B2x,beside,NGSL_1_2_CORE,beside,2115,EXACT_HEADWORD_FORM_ONLY,SOURCE_LEMMA_ONLY_NOT_SENSE_OR_POS,UNREVIEWED_NOT_SEMANTICALLY_APPROVED,NOT_CLEARED,true
lex:B2x:besides,B2x,besides,NGSL_1_2_CORE,besides,1725,EXACT_HEADWORD_FORM_ONLY,SOURCE_LEMMA_ONLY_NOT_SENSE_OR_POS,UNREVIEWED_NOT_SEMANTICALLY_APPROVED,NOT_CLEARED,true
lex:B2x:bias,B2x,bias,NGSL_1_2_CORE,bias,2649,EXACT_HEADWORD_FORM_ONLY,SOURCE_LEMMA_ONLY_NOT_SENSE_OR_POS,UNREVIEWED_NOT_SEMANTICALLY_APPROVED,NOT_CLEARED,true
lex:B2x:bid,B2x,bid,NGSL_1_2_CORE,bid,2197,EXACT_HEADWORD_FORM_ONLY,SOURCE_LEMMA_ONLY_NOT_SENSE_OR_POS,UNREVIEWED_NOT_SEMANTICALLY_APPROVED,NOT_CLEARED,true
lex:B2x:biological,B2x,biological,NGSL_1_2_CORE,biological,2658,EXACT_HEADWORD_FORM_ONLY,SOURCE_LEMMA_ONLY_NOT_SENSE_OR_POS,UNREVIEWED_NOT_SEMANTICALLY_APPROVED,NOT_CLEARED,true
lex:B2x:blanket,B2x,blanket,NGSL_SFI_31K_EXTENSION,blanket,3675,EXACT_HEADWORD_FORM_ONLY,SOURCE_LEMMA_ONLY_NOT_SENSE_OR_POS,UNREVIEWED_NOT_SEMANTICALLY_APPROVED,NOT_CLEARED,true
lex:B2x:blow,B2x,blow,NGSL_1_2_CORE,blow,1363,EXACT_HEADWORD_FORM_ONLY,SOURCE_LEMMA_ONLY_NOT_SENSE_OR_POS,UNREVIEWED_NOT_SEMANTICALLY_APPROVED,NOT_CLEARED,true
lex:B2x:bold,B2x,bold,NGSL_SFI_31K_EXTENSION,bold,3680,EXACT_HEADWORD_FORM_ONLY,SOURCE_LEMMA_ONLY_NOT_SENSE_OR_POS,UNREVIEWED_NOT_SEMANTICALLY_APPROVED,NOT_CLEARED,true
lex:B2x:bombing,B2x,bombing,NO_DIRECT_SOURCE_LEMMA,,,NO_DIRECT_MATCH,SOURCE_LEMMA_ONLY_NOT_SENSE_OR_POS,UNREVIEWED_NOT_SEMANTICALLY_APPROVED,NOT_CLEARED,true
lex:B2x:booking,B2x,booking,NO_DIRECT_SOURCE_LEMMA,,,NO_DIRECT_MATCH,SOURCE_LEMMA_ONLY_NOT_SENSE_OR_POS,UNREVIEWED_NOT_SEMANTICALLY_APPROVED,NOT_CLEARED,true
lex:B2x:boost,B2x,boost,NGSL_1_2_CORE,boost,2539,EXACT_HEADWORD_FORM_ONLY,SOURCE_LEMMA_ONLY_NOT_SENSE_OR_POS,UNREVIEWED_NOT_SEMANTICALLY_APPROVED,NOT_CLEARED,true
lex:B2x:bound,B2x,bound,NGSL_SFI_31K_EXTENSION,bound,3348,EXACT_HEADWORD_FORM_ONLY,SOURCE_LEMMA_ONLY_NOT_SENSE_OR_POS,UNREVIEWED_NOT_SEMANTICALLY_APPROVED,NOT_CLEARED,true
lex:B2x:brick,B2x,brick,NGSL_SFI_31K_EXTENSION,brick,2860,EXACT_HEADWORD_FORM_ONLY,SOURCE_LEMMA_ONLY_NOT_SENSE_OR_POS,UNREVIEWED_NOT_SEMANTICALLY_APPROVED,NOT_CLEARED,true
lex:B2x:briefly,B2x,briefly,NGSL_1_2_CORE,briefly,2270,EXACT_HEADWORD_FORM_ONLY,SOURCE_LEMMA_ONLY_NOT_SENSE_OR_POS,UNREVIEWED_NOT_SEMANTICALLY_APPROVED,NOT_CLEARED,true
lex:B2x:broadcaster,B2x,broadcaster,NGSL_SFI_31K_EXTENSION,broadcaster,7012,EXACT_HEADWORD_FORM_ONLY,SOURCE_LEMMA_ONLY_NOT_SENSE_OR_POS,UNREVIEWED_NOT_SEMANTICALLY_APPROVED,NOT_CLEARED,true
lex:B2x:broadly,B2x,broadly,NGSL_SFI_31K_EXTENSION,broadly,4023,EXACT_HEADWORD_FORM_ONLY,SOURCE_LEMMA_ONLY_NOT_SENSE_OR_POS,UNREVIEWED_NOT_SEMANTICALLY_APPROVED,NOT_CLEARED,true
lex:B2x:bug,B2x,bug,NGSL_SFI_31K_EXTENSION,bug,3960,EXACT_HEADWORD_FORM_ONLY,SOURCE_LEMMA_ONLY_NOT_SENSE_OR_POS,UNREVIEWED_NOT_SEMANTICALLY_APPROVED,NOT_CLEARED,true
lex:B2x:cabin,B2x,cabin,NGSL_SFI_31K_EXTENSION,cabin,3623,EXACT_HEADWORD_FORM_ONLY,SOURCE_LEMMA_ONLY_NOT_SENSE_OR_POS,UNREVIEWED_NOT_SEMANTICALLY_APPROVED,NOT_CLEARED,true
lex:B2x:canal,B2x,canal,NGSL_SFI_31K_EXTENSION,canal,4056,EXACT_HEADWORD_FORM_ONLY,SOURCE_LEMMA_ONLY_NOT_SENSE_OR_POS,UNREVIEWED_NOT_SEMANTICALLY_APPROVED,NOT_CLEARED,true
lex:B2x:candle,B2x,candle,NGSL_SFI_31K_EXTENSION,candle,3731,EXACT_HEADWORD_FORM_ONLY,SOURCE_LEMMA_ONLY_NOT_SENSE_OR_POS,UNREVIEWED_NOT_SEMANTICALLY_APPROVED,NOT_CLEARED,true
lex:B2x:carbon,B2x,carbon,NGSL_1_2_CORE,carbon,2583,EXACT_HEADWORD_FORM_ONLY,SOURCE_LEMMA_ONLY_NOT_SENSE_OR_POS,UNREVIEWED_NOT_SEMANTICALLY_APPROVED,NOT_CLEARED,true
lex:B2x:casual,B2x,casual,NGSL_SFI_31K_EXTENSION,casual,3452,EXACT_HEADWORD_FORM_ONLY,SOURCE_LEMMA_ONLY_NOT_SENSE_OR_POS,UNREVIEWED_NOT_SEMANTICALLY_APPROVED,NOT_CLEARED,true
lex:B2x:cave,B2x,cave,NGSL_SFI_31K_EXTENSION,cave,3565,EXACT_HEADWORD_FORM_ONLY,SOURCE_LEMMA_ONLY_NOT_SENSE_OR_POS,UNREVIEWED_NOT_SEMANTICALLY_APPROVED,NOT_CLEARED,true
lex:B2x:certainty,B2x,certainty,NGSL_SFI_31K_EXTENSION,certainty,4402,EXACT_HEADWORD_FORM_ONLY,SOURCE_LEMMA_ONLY_NOT_SENSE_OR_POS,UNREVIEWED_NOT_SEMANTICALLY_APPROVED,NOT_CLEARED,true
lex:B2x:certificate,B2x,certificate,NGSL_SFI_31K_EXTENSION,certificate,2841,EXACT_HEADWORD_FORM_ONLY,SOURCE_LEMMA_ONLY_NOT_SENSE_OR_POS,UNREVIEWED_NOT_SEMANTICALLY_APPROVED,NOT_CLEARED,true
lex:B2x:challenging,B2x,challenging,NO_DIRECT_SOURCE_LEMMA,,,NO_DIRECT_MATCH,SOURCE_LEMMA_ONLY_NOT_SENSE_OR_POS,UNREVIEWED_NOT_SEMANTICALLY_APPROVED,NOT_CLEARED,true
lex:B2x:championship,B2x,championship,NGSL_1_2_CORE,championship,2640,EXACT_HEADWORD_FORM_ONLY,SOURCE_LEMMA_ONLY_NOT_SENSE_OR_POS,UNREVIEWED_NOT_SEMANTICALLY_APPROVED,NOT_CLEARED,true
lex:B2x:charming,B2x,charming,NO_DIRECT_SOURCE_LEMMA,,,NO_DIRECT_MATCH,SOURCE_LEMMA_ONLY_NOT_SENSE_OR_POS,UNREVIEWED_NOT_SEMANTICALLY_APPROVED,NOT_CLEARED,true
lex:B2x:chase,B2x,chase,NGSL_1_2_CORE,chase,2706,EXACT_HEADWORD_FORM_ONLY,SOURCE_LEMMA_ONLY_NOT_SENSE_OR_POS,UNREVIEWED_NOT_SEMANTICALLY_APPROVED,NOT_CLEARED,true
lex:B2x:cheek,B2x,cheek,NGSL_1_2_CORE,cheek,2793,EXACT_HEADWORD_FORM_ONLY,SOURCE_LEMMA_ONLY_NOT_SENSE_OR_POS,UNREVIEWED_NOT_SEMANTICALLY_APPROVED,NOT_CLEARED,true
lex:B2x:cheer,B2x,cheer,NGSL_SFI_31K_EXTENSION,cheer,3029,EXACT_HEADWORD_FORM_ONLY,SOURCE_LEMMA_ONLY_NOT_SENSE_OR_POS,UNREVIEWED_NOT_SEMANTICALLY_APPROVED,NOT_CLEARED,true
lex:B2x:choir,B2x,choir,NGSL_SFI_31K_EXTENSION,choir,4875,EXACT_HEADWORD_FORM_ONLY,SOURCE_LEMMA_ONLY_NOT_SENSE_OR_POS,UNREVIEWED_NOT_SEMANTICALLY_APPROVED,NOT_CLEARED,true
lex:B2x:chop,B2x,chop,NGSL_SFI_31K_EXTENSION,chop,3644,EXACT_HEADWORD_FORM_ONLY,SOURCE_LEMMA_ONLY_NOT_SENSE_OR_POS,UNREVIEWED_NOT_SEMANTICALLY_APPROVED,NOT_CLEARED,true
lex:B2x:circuit,B2x,circuit,NGSL_SFI_31K_EXTENSION,circuit,2936,EXACT_HEADWORD_FORM_ONLY,SOURCE_LEMMA_ONLY_NOT_SENSE_OR_POS,UNREVIEWED_NOT_SEMANTICALLY_APPROVED,NOT_CLEARED,true
lex:B2x:civilization,B2x,civilization,NGSL_SFI_31K_EXTENSION,civilization,3259,EXACT_HEADWORD_FORM_ONLY,SOURCE_LEMMA_ONLY_NOT_SENSE_OR_POS,UNREVIEWED_NOT_SEMANTICALLY_APPROVED,NOT_CLEARED,true
lex:B2x:clarify,B2x,clarify,NGSL_SFI_31K_EXTENSION,clarify,3295,EXACT_HEADWORD_FORM_ONLY,SOURCE_LEMMA_ONLY_NOT_SENSE_OR_POS,UNREVIEWED_NOT_SEMANTICALLY_APPROVED,NOT_CLEARED,true
lex:B2x:classify,B2x,classify,NGSL_SFI_31K_EXTENSION,classify,2942,EXACT_HEADWORD_FORM_ONLY,SOURCE_LEMMA_ONLY_NOT_SENSE_OR_POS,UNREVIEWED_NOT_SEMANTICALLY_APPROVED,NOT_CLEARED,true
lex:B2x:clerk,B2x,clerk,NGSL_SFI_31K_EXTENSION,clerk,3775,EXACT_HEADWORD_FORM_ONLY,SOURCE_LEMMA_ONLY_NOT_SENSE_OR_POS,UNREVIEWED_NOT_SEMANTICALLY_APPROVED,NOT_CLEARED,true
lex:B2x:cliff,B2x,cliff,NGSL_SFI_31K_EXTENSION,cliff,3748,EXACT_HEADWORD_FORM_ONLY,SOURCE_LEMMA_ONLY_NOT_SENSE_OR_POS,UNREVIEWED_NOT_SEMANTICALLY_APPROVED,NOT_CLEARED,true
lex:B2x:clinic,B2x,clinic,NGSL_SFI_31K_EXTENSION,clinic,3086,EXACT_HEADWORD_FORM_ONLY,SOURCE_LEMMA_ONLY_NOT_SENSE_OR_POS,UNREVIEWED_NOT_SEMANTICALLY_APPROVED,NOT_CLEARED,true
lex:B2x:clip,B2x,clip,NGSL_SFI_31K_EXTENSION,clip,3180,EXACT_HEADWORD_FORM_ONLY,SOURCE_LEMMA_ONLY_NOT_SENSE_OR_POS,UNREVIEWED_NOT_SEMANTICALLY_APPROVED,NOT_CLEARED,true
lex:B2x:coincidence,B2x,coincidence,NGSL_SFI_31K_EXTENSION,coincidence,4905,EXACT_HEADWORD_FORM_ONLY,SOURCE_LEMMA_ONLY_NOT_SENSE_OR_POS,UNREVIEWED_NOT_SEMANTICALLY_APPROVED,NOT_CLEARED,true
lex:B2x:collector,B2x,collector,NGSL_SFI_31K_EXTENSION,collector,4159,EXACT_HEADWORD_FORM_ONLY,SOURCE_LEMMA_ONLY_NOT_SENSE_OR_POS,UNREVIEWED_NOT_SEMANTICALLY_APPROVED,NOT_CLEARED,true
lex:B2x:colony,B2x,colony,NGSL_SFI_31K_EXTENSION,colony,3298,EXACT_HEADWORD_FORM_ONLY,SOURCE_LEMMA_ONLY_NOT_SENSE_OR_POS,UNREVIEWED_NOT_SEMANTICALLY_APPROVED,NOT_CLEARED,true
lex:B2x:colourful,B2x,colourful,NO_DIRECT_SOURCE_LEMMA,,,NO_DIRECT_MATCH,SOURCE_LEMMA_ONLY_NOT_SENSE_OR_POS,UNREVIEWED_NOT_SEMANTICALLY_APPROVED,NOT_CLEARED,true
lex:B2x:comic,B2x,comic,NGSL_SFI_31K_EXTENSION,comic,3352,EXACT_HEADWORD_FORM_ONLY,SOURCE_LEMMA_ONLY_NOT_SENSE_OR_POS,UNREVIEWED_NOT_SEMANTICALLY_APPROVED,NOT_CLEARED,true
lex:B2x:commander,B2x,commander,NGSL_SFI_31K_EXTENSION,commander,3022,EXACT_HEADWORD_FORM_ONLY,SOURCE_LEMMA_ONLY_NOT_SENSE_OR_POS,UNREVIEWED_NOT_SEMANTICALLY_APPROVED,NOT_CLEARED,true
lex:B2x:comparative,B2x,comparative,NGSL_SFI_31K_EXTENSION,comparative,4047,EXACT_HEADWORD_FORM_ONLY,SOURCE_LEMMA_ONLY_NOT_SENSE_OR_POS,UNREVIEWED_NOT_SEMANTICALLY_APPROVED,NOT_CLEARED,true
lex:B2x:completion,B2x,completion,NGSL_SFI_31K_EXTENSION,completion,3708,EXACT_HEADWORD_FORM_ONLY,SOURCE_LEMMA_ONLY_NOT_SENSE_OR_POS,UNREVIEWED_NOT_SEMANTICALLY_APPROVED,NOT_CLEARED,true
lex:B2x:compose,B2x,compose,NGSL_1_2_CORE,compose,2579,EXACT_HEADWORD_FORM_ONLY,SOURCE_LEMMA_ONLY_NOT_SENSE_OR_POS,UNREVIEWED_NOT_SEMANTICALLY_APPROVED,NOT_CLEARED,true
lex:B2x:composer,B2x,composer,NGSL_SFI_31K_EXTENSION,composer,3152,EXACT_HEADWORD_FORM_ONLY,SOURCE_LEMMA_ONLY_NOT_SENSE_OR_POS,UNREVIEWED_NOT_SEMANTICALLY_APPROVED,NOT_CLEARED,true
lex:B2x:compound,B2x,compound,NGSL_1_2_CORE,compound,2380,EXACT_HEADWORD_FORM_ONLY,SOURCE_LEMMA_ONLY_NOT_SENSE_OR_POS,UNREVIEWED_NOT_SEMANTICALLY_APPROVED,NOT_CLEARED,true
lex:B2x:comprehensive,B2x,comprehensive,NGSL_1_2_CORE,comprehensive,2384,EXACT_HEADWORD_FORM_ONLY,SOURCE_LEMMA_ONLY_NOT_SENSE_OR_POS,UNREVIEWED_NOT_SEMANTICALLY_APPROVED,NOT_CLEARED,true
lex:B2x:comprise,B2x,comprise,NGSL_1_2_CORE,comprise,2739,EXACT_HEADWORD_FORM_ONLY,SOURCE_LEMMA_ONLY_NOT_SENSE_OR_POS,UNREVIEWED_NOT_SEMANTICALLY_APPROVED,NOT_CLEARED,true
lex:B2x:compulsory,B2x,compulsory,NGSL_SFI_31K_EXTENSION,compulsory,5376,EXACT_HEADWORD_FORM_ONLY,SOURCE_LEMMA_ONLY_NOT_SENSE_OR_POS,UNREVIEWED_NOT_SEMANTICALLY_APPROVED,NOT_CLEARED,true
lex:B2x:concrete,B2x,concrete,NGSL_1_2_CORE,concrete,2569,EXACT_HEADWORD_FORM_ONLY,SOURCE_LEMMA_ONLY_NOT_SENSE_OR_POS,UNREVIEWED_NOT_SEMANTICALLY_APPROVED,NOT_CLEARED,true
lex:B2x:confess,B2x,confess,NGSL_SFI_31K_EXTENSION,confess,3479,EXACT_HEADWORD_FORM_ONLY,SOURCE_LEMMA_ONLY_NOT_SENSE_OR_POS,UNREVIEWED_NOT_SEMANTICALLY_APPROVED,NOT_CLEARED,true
lex:B2x:confusion,B2x,confusion,NGSL_1_2_CORE,confusion,2682,EXACT_HEADWORD_FORM_ONLY,SOURCE_LEMMA_ONLY_NOT_SENSE_OR_POS,UNREVIEWED_NOT_SEMANTICALLY_APPROVED,NOT_CLEARED,true
lex:B2x:consequently,B2x,consequently,NGSL_1_2_CORE,consequently,2549,EXACT_HEADWORD_FORM_ONLY,SOURCE_LEMMA_ONLY_NOT_SENSE_OR_POS,UNREVIEWED_NOT_SEMANTICALLY_APPROVED,NOT_CLEARED,true
lex:B2x:conservation,B2x,conservation,NGSL_SFI_31K_EXTENSION,conservation,3602,EXACT_HEADWORD_FORM_ONLY,SOURCE_LEMMA_ONLY_NOT_SENSE_OR_POS,UNREVIEWED_NOT_SEMANTICALLY_APPROVED,NOT_CLEARED,true
lex:B2x:considerable,B2x,considerable,NGSL_1_2_CORE,considerable,1671,EXACT_HEADWORD_FORM_ONLY,SOURCE_LEMMA_ONLY_NOT_SENSE_OR_POS,UNREVIEWED_NOT_SEMANTICALLY_APPROVED,NOT_CLEARED,true
lex:B2x:considerably,B2x,considerably,NGSL_SFI_31K_EXTENSION,considerably,2813,EXACT_HEADWORD_FORM_ONLY,SOURCE_LEMMA_ONLY_NOT_SENSE_OR_POS,UNREVIEWED_NOT_SEMANTICALLY_APPROVED,NOT_CLEARED,true
lex:B2x:consistently,B2x,consistently,NGSL_SFI_31K_EXTENSION,consistently,3370,EXACT_HEADWORD_FORM_ONLY,SOURCE_LEMMA_ONLY_NOT_SENSE_OR_POS,UNREVIEWED_NOT_SEMANTICALLY_APPROVED,NOT_CLEARED,true
lex:B2x:conspiracy,B2x,conspiracy,NGSL_SFI_31K_EXTENSION,conspiracy,4393,EXACT_HEADWORD_FORM_ONLY,SOURCE_LEMMA_ONLY_NOT_SENSE_OR_POS,UNREVIEWED_NOT_SEMANTICALLY_APPROVED,NOT_CLEARED,true
lex:B2x:consult,B2x,consult,NGSL_1_2_CORE,consult,2237,EXACT_HEADWORD_FORM_ONLY,SOURCE_LEMMA_ONLY_NOT_SENSE_OR_POS,UNREVIEWED_NOT_SEMANTICALLY_APPROVED,NOT_CLEARED,true
lex:B2x:consultant,B2x,consultant,NGSL_1_2_CORE,consultant,2359,EXACT_HEADWORD_FORM_ONLY,SOURCE_LEMMA_ONLY_NOT_SENSE_OR_POS,UNREVIEWED_NOT_SEMANTICALLY_APPROVED,NOT_CLEARED,true
lex:B2x:consumption,B2x,consumption,NGSL_SFI_31K_EXTENSION,consumption,2691,EXACT_HEADWORD_FORM_ONLY,SOURCE_LEMMA_ONLY_NOT_SENSE_OR_POS,UNREVIEWED_NOT_SEMANTICALLY_APPROVED,NOT_CLEARED,true
lex:B2x:controversial,B2x,controversial,NGSL_1_2_CORE,controversial,2685,EXACT_HEADWORD_FORM_ONLY,SOURCE_LEMMA_ONLY_NOT_SENSE_OR_POS,UNREVIEWED_NOT_SEMANTICALLY_APPROVED,NOT_CLEARED,true
lex:B2x:controversy,B2x,controversy,NGSL_SFI_31K_EXTENSION,controversy,2906,EXACT_HEADWORD_FORM_ONLY,SOURCE_LEMMA_ONLY_NOT_SENSE_OR_POS,UNREVIEWED_NOT_SEMANTICALLY_APPROVED,NOT_CLEARED,true
lex:B2x:convenience,B2x,convenience,NGSL_SFI_31K_EXTENSION,convenience,3820,EXACT_HEADWORD_FORM_ONLY,SOURCE_LEMMA_ONLY_NOT_SENSE_OR_POS,UNREVIEWED_NOT_SEMANTICALLY_APPROVED,NOT_CLEARED,true
lex:B2x:convention,B2x,convention,NGSL_1_2_CORE,convention,1957,EXACT_HEADWORD_FORM_ONLY,SOURCE_LEMMA_ONLY_NOT_SENSE_OR_POS,UNREVIEWED_NOT_SEMANTICALLY_APPROVED,NOT_CLEARED,true
lex:B2x:conventional,B2x,conventional,NGSL_1_2_CORE,conventional,2308,EXACT_HEADWORD_FORM_ONLY,SOURCE_LEMMA_ONLY_NOT_SENSE_OR_POS,UNREVIEWED_NOT_SEMANTICALLY_APPROVED,NOT_CLEARED,true
lex:B2x:convey,B2x,convey,NGSL_SFI_31K_EXTENSION,convey,3048,EXACT_HEADWORD_FORM_ONLY,SOURCE_LEMMA_ONLY_NOT_SENSE_OR_POS,UNREVIEWED_NOT_SEMANTICALLY_APPROVED,NOT_CLEARED,true
lex:B2x:convincing,B2x,convincing,NO_DIRECT_SOURCE_LEMMA,,,NO_DIRECT_MATCH,SOURCE_LEMMA_ONLY_NOT_SENSE_OR_POS,UNREVIEWED_NOT_SEMANTICALLY_APPROVED,NOT_CLEARED,true
lex:B2x:cope,B2x,cope,NGSL_1_2_CORE,cope,1901,EXACT_HEADWORD_FORM_ONLY,SOURCE_LEMMA_ONLY_NOT_SENSE_OR_POS,UNREVIEWED_NOT_SEMANTICALLY_APPROVED,NOT_CLEARED,true
lex:B2x:corporation,B2x,corporation,NGSL_1_2_CORE,corporation,1909,EXACT_HEADWORD_FORM_ONLY,SOURCE_LEMMA_ONLY_NOT_SENSE_OR_POS,UNREVIEWED_NOT_SEMANTICALLY_APPROVED,NOT_CLEARED,true
lex:B2x:corridor,B2x,corridor,NGSL_SFI_31K_EXTENSION,corridor,3388,EXACT_HEADWORD_FORM_ONLY,SOURCE_LEMMA_ONLY_NOT_SENSE_OR_POS,UNREVIEWED_NOT_SEMANTICALLY_APPROVED,NOT_CLEARED,true
lex:B2x:counter-long-flat-surface,B2x,counter (long flat surface),NGSL_1_2_CORE,counter,2412,HEADWORD_NORMALIZED_REQUIRES_REVIEW,SOURCE_LEMMA_ONLY_NOT_SENSE_OR_POS,UNREVIEWED_NOT_SEMANTICALLY_APPROVED,NOT_CLEARED,true
lex:B2x:coverage,B2x,coverage,NGSL_1_2_CORE,coverage,2074,EXACT_HEADWORD_FORM_ONLY,SOURCE_LEMMA_ONLY_NOT_SENSE_OR_POS,UNREVIEWED_NOT_SEMANTICALLY_APPROVED,NOT_CLEARED,true
lex:B2x:crack,B2x,crack,NGSL_1_2_CORE,crack,2068,EXACT_HEADWORD_FORM_ONLY,SOURCE_LEMMA_ONLY_NOT_SENSE_OR_POS,UNREVIEWED_NOT_SEMANTICALLY_APPROVED,NOT_CLEARED,true
lex:B2x:craft,B2x,craft,NGSL_1_2_CORE,craft,2567,EXACT_HEADWORD_FORM_ONLY,SOURCE_LEMMA_ONLY_NOT_SENSE_OR_POS,UNREVIEWED_NOT_SEMANTICALLY_APPROVED,NOT_CLEARED,true
lex:B2x:creativity,B2x,creativity,NGSL_SFI_31K_EXTENSION,creativity,4392,EXACT_HEADWORD_FORM_ONLY,SOURCE_LEMMA_ONLY_NOT_SENSE_OR_POS,UNREVIEWED_NOT_SEMANTICALLY_APPROVED,NOT_CLEARED,true
lex:B2x:critically,B2x,critically,NGSL_SFI_31K_EXTENSION,critically,5896,EXACT_HEADWORD_FORM_ONLY,SOURCE_LEMMA_ONLY_NOT_SENSE_OR_POS,UNREVIEWED_NOT_SEMANTICALLY_APPROVED,NOT_CLEARED,true
lex:B2x:cruise,B2x,cruise,NGSL_SFI_31K_EXTENSION,cruise,3410,EXACT_HEADWORD_FORM_ONLY,SOURCE_LEMMA_ONLY_NOT_SENSE_OR_POS,UNREVIEWED_NOT_SEMANTICALLY_APPROVED,NOT_CLEARED,true
lex:B2x:cue,B2x,cue,NGSL_SFI_31K_EXTENSION,cue,4374,EXACT_HEADWORD_FORM_ONLY,SOURCE_LEMMA_ONLY_NOT_SENSE_OR_POS,UNREVIEWED_NOT_SEMANTICALLY_APPROVED,NOT_CLEARED,true
lex:B2x:curious,B2x,curious,NGSL_1_2_CORE,curious,2543,EXACT_HEADWORD_FORM_ONLY,SOURCE_LEMMA_ONLY_NOT_SENSE_OR_POS,UNREVIEWED_NOT_SEMANTICALLY_APPROVED,NOT_CLEARED,true
lex:B2x:curriculum,B2x,curriculum,NGSL_SFI_31K_EXTENSION,curriculum,2749,EXACT_HEADWORD_FORM_ONLY,SOURCE_LEMMA_ONLY_NOT_SENSE_OR_POS,UNREVIEWED_NOT_SEMANTICALLY_APPROVED,NOT_CLEARED,true
lex:B2x:cute,B2x,cute,NGSL_SFI_31K_EXTENSION,cute,3979,EXACT_HEADWORD_FORM_ONLY,SOURCE_LEMMA_ONLY_NOT_SENSE_OR_POS,UNREVIEWED_NOT_SEMANTICALLY_APPROVED,NOT_CLEARED,true
lex:B2x:dairy,B2x,dairy,NGSL_SFI_31K_EXTENSION,dairy,4562,EXACT_HEADWORD_FORM_ONLY,SOURCE_LEMMA_ONLY_NOT_SENSE_OR_POS,UNREVIEWED_NOT_SEMANTICALLY_APPROVED,NOT_CLEARED,true
lex:B2x:dare,B2x,dare,NGSL_1_2_CORE,dare,2401,EXACT_HEADWORD_FORM_ONLY,SOURCE_LEMMA_ONLY_NOT_SENSE_OR_POS,UNREVIEWED_NOT_SEMANTICALLY_APPROVED,NOT_CLEARED,true
lex:B2x:darkness,B2x,darkness,NGSL_1_2_CORE,darkness,2780,EXACT_HEADWORD_FORM_ONLY,SOURCE_LEMMA_ONLY_NOT_SENSE_OR_POS,UNREVIEWED_NOT_SEMANTICALLY_APPROVED,NOT_CLEARED,true
lex:B2x:database,B2x,database,NGSL_1_2_CORE,database,2145,EXACT_HEADWORD_FORM_ONLY,SOURCE_LEMMA_ONLY_NOT_SENSE_OR_POS,UNREVIEWED_NOT_SEMANTICALLY_APPROVED,NOT_CLEARED,true
lex:B2x:deadline,B2x,deadline,NGSL_SFI_31K_EXTENSION,deadline,3299,EXACT_HEADWORD_FORM_ONLY,SOURCE_LEMMA_ONLY_NOT_SENSE_OR_POS,UNREVIEWED_NOT_SEMANTICALLY_APPROVED,NOT_CLEARED,true
lex:B2x:deadly,B2x,deadly,NGSL_SFI_31K_EXTENSION,deadly,4292,EXACT_HEADWORD_FORM_ONLY,SOURCE_LEMMA_ONLY_NOT_SENSE_OR_POS,UNREVIEWED_NOT_SEMANTICALLY_APPROVED,NOT_CLEARED,true
lex:B2x:dealer,B2x,dealer,NGSL_1_2_CORE,dealer,2284,EXACT_HEADWORD_FORM_ONLY,SOURCE_LEMMA_ONLY_NOT_SENSE_OR_POS,UNREVIEWED_NOT_SEMANTICALLY_APPROVED,NOT_CLEARED,true
lex:B2x:deck,B2x,deck,NGSL_SFI_31K_EXTENSION,deck,3492,EXACT_HEADWORD_FORM_ONLY,SOURCE_LEMMA_ONLY_NOT_SENSE_OR_POS,UNREVIEWED_NOT_SEMANTICALLY_APPROVED,NOT_CLEARED,true
lex:B2x:defender,B2x,defender,NGSL_SFI_31K_EXTENSION,defender,4453,EXACT_HEADWORD_FORM_ONLY,SOURCE_LEMMA_ONLY_NOT_SENSE_OR_POS,UNREVIEWED_NOT_SEMANTICALLY_APPROVED,NOT_CLEARED,true
lex:B2x:delete,B2x,delete,NGSL_SFI_31K_EXTENSION,delete,4618,EXACT_HEADWORD_FORM_ONLY,SOURCE_LEMMA_ONLY_NOT_SENSE_OR_POS,UNREVIEWED_NOT_SEMANTICALLY_APPROVED,NOT_CLEARED,true
lex:B2x:democracy,B2x,democracy,NGSL_1_2_CORE,democracy,1864,EXACT_HEADWORD_FORM_ONLY,SOURCE_LEMMA_ONLY_NOT_SENSE_OR_POS,UNREVIEWED_NOT_SEMANTICALLY_APPROVED,NOT_CLEARED,true
lex:B2x:democratic,B2x,democratic,NGSL_1_2_CORE,democratic,2547,EXACT_HEADWORD_FORM_ONLY,SOURCE_LEMMA_ONLY_NOT_SENSE_OR_POS,UNREVIEWED_NOT_SEMANTICALLY_APPROVED,NOT_CLEARED,true
lex:B2x:demonstration,B2x,demonstration,NGSL_1_2_CORE,demonstration,2169,EXACT_HEADWORD_FORM_ONLY,SOURCE_LEMMA_ONLY_NOT_SENSE_OR_POS,UNREVIEWED_NOT_SEMANTICALLY_APPROVED,NOT_CLEARED,true
lex:B2x:depart,B2x,depart,NGSL_SFI_31K_EXTENSION,depart,3569,EXACT_HEADWORD_FORM_ONLY,SOURCE_LEMMA_ONLY_NOT_SENSE_OR_POS,UNREVIEWED_NOT_SEMANTICALLY_APPROVED,NOT_CLEARED,true
lex:B2x:dependent,B2x,dependent,NGSL_1_2_CORE,dependent,2336,EXACT_HEADWORD_FORM_ONLY,SOURCE_LEMMA_ONLY_NOT_SENSE_OR_POS,UNREVIEWED_NOT_SEMANTICALLY_APPROVED,NOT_CLEARED,true
lex:B2x:deposit,B2x,deposit,NGSL_1_2_CORE,deposit,2313,EXACT_HEADWORD_FORM_ONLY,SOURCE_LEMMA_ONLY_NOT_SENSE_OR_POS,UNREVIEWED_NOT_SEMANTICALLY_APPROVED,NOT_CLEARED,true
lex:B2x:depression,B2x,depression,NGSL_1_2_CORE,depression,2128,EXACT_HEADWORD_FORM_ONLY,SOURCE_LEMMA_ONLY_NOT_SENSE_OR_POS,UNREVIEWED_NOT_SEMANTICALLY_APPROVED,NOT_CLEARED,true
lex:B2x:derive,B2x,derive,NGSL_1_2_CORE,derive,1982,EXACT_HEADWORD_FORM_ONLY,SOURCE_LEMMA_ONLY_NOT_SENSE_OR_POS,UNREVIEWED_NOT_SEMANTICALLY_APPROVED,NOT_CLEARED,true
lex:B2x:desperately,B2x,desperately,NGSL_SFI_31K_EXTENSION,desperately,3679,EXACT_HEADWORD_FORM_ONLY,SOURCE_LEMMA_ONLY_NOT_SENSE_OR_POS,UNREVIEWED_NOT_SEMANTICALLY_APPROVED,NOT_CLEARED,true
lex:B2x:destruction,B2x,destruction,NGSL_1_2_CORE,destruction,2588,EXACT_HEADWORD_FORM_ONLY,SOURCE_LEMMA_ONLY_NOT_SENSE_OR_POS,UNREVIEWED_NOT_SEMANTICALLY_APPROVED,NOT_CLEARED,true
lex:B2x:determination,B2x,determination,NGSL_1_2_CORE,determination,2677,EXACT_HEADWORD_FORM_ONLY,SOURCE_LEMMA_ONLY_NOT_SENSE_OR_POS,UNREVIEWED_NOT_SEMANTICALLY_APPROVED,NOT_CLEARED,true
lex:B2x:devote,B2x,devote,NGSL_1_2_CORE,devote,2120,EXACT_HEADWORD_FORM_ONLY,SOURCE_LEMMA_ONLY_NOT_SENSE_OR_POS,UNREVIEWED_NOT_SEMANTICALLY_APPROVED,NOT_CLEARED,true
lex:B2x:differ,B2x,differ,NGSL_1_2_CORE,differ,1976,EXACT_HEADWORD_FORM_ONLY,SOURCE_LEMMA_ONLY_NOT_SENSE_OR_POS,UNREVIEWED_NOT_SEMANTICALLY_APPROVED,NOT_CLEARED,true
lex:B2x:disability,B2x,disability,NGSL_SFI_31K_EXTENSION,disability,3315,EXACT_HEADWORD_FORM_ONLY,SOURCE_LEMMA_ONLY_NOT_SENSE_OR_POS,UNREVIEWED_NOT_SEMANTICALLY_APPROVED,NOT_CLEARED,true
lex:B2x:disabled,B2x,disabled,NO_DIRECT_SOURCE_LEMMA,,,NO_DIRECT_MATCH,SOURCE_LEMMA_ONLY_NOT_SENSE_OR_POS,UNREVIEWED_NOT_SEMANTICALLY_APPROVED,NOT_CLEARED,true
lex:B2x:disagreement,B2x,disagreement,NGSL_SFI_31K_EXTENSION,disagreement,4016,EXACT_HEADWORD_FORM_ONLY,SOURCE_LEMMA_ONLY_NOT_SENSE_OR_POS,UNREVIEWED_NOT_SEMANTICALLY_APPROVED,NOT_CLEARED,true
lex:B2x:disappoint,B2x,disappoint,NGSL_1_2_CORE,disappoint,1853,EXACT_HEADWORD_FORM_ONLY,SOURCE_LEMMA_ONLY_NOT_SENSE_OR_POS,UNREVIEWED_NOT_SEMANTICALLY_APPROVED,NOT_CLEARED,true
lex:B2x:disappointment,B2x,disappointment,NGSL_SFI_31K_EXTENSION,disappointment,3622,EXACT_HEADWORD_FORM_ONLY,SOURCE_LEMMA_ONLY_NOT_SENSE_OR_POS,UNREVIEWED_NOT_SEMANTICALLY_APPROVED,NOT_CLEARED,true
lex:B2x:discourage,B2x,discourage,NGSL_SFI_31K_EXTENSION,discourage,3949,EXACT_HEADWORD_FORM_ONLY,SOURCE_LEMMA_ONLY_NOT_SENSE_OR_POS,UNREVIEWED_NOT_SEMANTICALLY_APPROVED,NOT_CLEARED,true
lex:B2x:disorder,B2x,disorder,NGSL_1_2_CORE,disorder,2165,EXACT_HEADWORD_FORM_ONLY,SOURCE_LEMMA_ONLY_NOT_SENSE_OR_POS,UNREVIEWED_NOT_SEMANTICALLY_APPROVED,NOT_CLEARED,true
lex:B2x:distant,B2x,distant,NGSL_1_2_CORE,distant,2724,EXACT_HEADWORD_FORM_ONLY,SOURCE_LEMMA_ONLY_NOT_SENSE_OR_POS,UNREVIEWED_NOT_SEMANTICALLY_APPROVED,NOT_CLEARED,true
lex:B2x:distinct,B2x,distinct,NGSL_1_2_CORE,distinct,2572,EXACT_HEADWORD_FORM_ONLY,SOURCE_LEMMA_ONLY_NOT_SENSE_OR_POS,UNREVIEWED_NOT_SEMANTICALLY_APPROVED,NOT_CLEARED,true
lex:B2x:distinguish,B2x,distinguish,NGSL_1_2_CORE,distinguish,1893,EXACT_HEADWORD_FORM_ONLY,SOURCE_LEMMA_ONLY_NOT_SENSE_OR_POS,UNREVIEWED_NOT_SEMANTICALLY_APPROVED,NOT_CLEARED,true
lex:B2x:distract,B2x,distract,NGSL_SFI_31K_EXTENSION,distract,4255,EXACT_HEADWORD_FORM_ONLY,SOURCE_LEMMA_ONLY_NOT_SENSE_OR_POS,UNREVIEWED_NOT_SEMANTICALLY_APPROVED,NOT_CLEARED,true
lex:B2x:disturb,B2x,disturb,NGSL_1_2_CORE,disturb,2272,EXACT_HEADWORD_FORM_ONLY,SOURCE_LEMMA_ONLY_NOT_SENSE_OR_POS,UNREVIEWED_NOT_SEMANTICALLY_APPROVED,NOT_CLEARED,true
lex:B2x:dive,B2x,dive,NGSL_SFI_31K_EXTENSION,dive,3053,EXACT_HEADWORD_FORM_ONLY,SOURCE_LEMMA_ONLY_NOT_SENSE_OR_POS,UNREVIEWED_NOT_SEMANTICALLY_APPROVED,NOT_CLEARED,true
lex:B2x:diverse,B2x,diverse,NGSL_SFI_31K_EXTENSION,diverse,2984,EXACT_HEADWORD_FORM_ONLY,SOURCE_LEMMA_ONLY_NOT_SENSE_OR_POS,UNREVIEWED_NOT_SEMANTICALLY_APPROVED,NOT_CLEARED,true
lex:B2x:diversity,B2x,diversity,NGSL_1_2_CORE,diversity,2561,EXACT_HEADWORD_FORM_ONLY,SOURCE_LEMMA_ONLY_NOT_SENSE_OR_POS,UNREVIEWED_NOT_SEMANTICALLY_APPROVED,NOT_CLEARED,true
lex:B2x:divorce,B2x,divorce,NGSL_1_2_CORE,divorce,2404,EXACT_HEADWORD_FORM_ONLY,SOURCE_LEMMA_ONLY_NOT_SENSE_OR_POS,UNREVIEWED_NOT_SEMANTICALLY_APPROVED,NOT_CLEARED,true
lex:B2x:dominant,B2x,dominant,NGSL_SFI_31K_EXTENSION,dominant,2864,EXACT_HEADWORD_FORM_ONLY,SOURCE_LEMMA_ONLY_NOT_SENSE_OR_POS,UNREVIEWED_NOT_SEMANTICALLY_APPROVED,NOT_CLEARED,true
lex:B2x:donation,B2x,donation,NGSL_SFI_31K_EXTENSION,donation,4032,EXACT_HEADWORD_FORM_ONLY,SOURCE_LEMMA_ONLY_NOT_SENSE_OR_POS,UNREVIEWED_NOT_SEMANTICALLY_APPROVED,NOT_CLEARED,true
lex:B2x:dot,B2x,dot,NGSL_SFI_31K_EXTENSION,dot,3209,EXACT_HEADWORD_FORM_ONLY,SOURCE_LEMMA_ONLY_NOT_SENSE_OR_POS,UNREVIEWED_NOT_SEMANTICALLY_APPROVED,NOT_CLEARED,true
lex:B2x:downtown,B2x,downtown,NGSL_SFI_31K_EXTENSION,downtown,3277,EXACT_HEADWORD_FORM_ONLY,SOURCE_LEMMA_ONLY_NOT_SENSE_OR_POS,UNREVIEWED_NOT_SEMANTICALLY_APPROVED,NOT_CLEARED,true
lex:B2x:dramatically,B2x,dramatically,NGSL_1_2_CORE,dramatically,2524,EXACT_HEADWORD_FORM_ONLY,SOURCE_LEMMA_ONLY_NOT_SENSE_OR_POS,UNREVIEWED_NOT_SEMANTICALLY_APPROVED,NOT_CLEARED,true
lex:B2x:drought,B2x,drought,NGSL_SFI_31K_EXTENSION,drought,4920,EXACT_HEADWORD_FORM_ONLY,SOURCE_LEMMA_ONLY_NOT_SENSE_OR_POS,UNREVIEWED_NOT_SEMANTICALLY_APPROVED,NOT_CLEARED,true
lex:B2x:dull,B2x,dull,NGSL_SFI_31K_EXTENSION,dull,3472,EXACT_HEADWORD_FORM_ONLY,SOURCE_LEMMA_ONLY_NOT_SENSE_OR_POS,UNREVIEWED_NOT_SEMANTICALLY_APPROVED,NOT_CLEARED,true
lex:B2x:dump,B2x,dump,NGSL_SFI_31K_EXTENSION,dump,2910,EXACT_HEADWORD_FORM_ONLY,SOURCE_LEMMA_ONLY_NOT_SENSE_OR_POS,UNREVIEWED_NOT_SEMANTICALLY_APPROVED,NOT_CLEARED,true
lex:B2x:duration,B2x,duration,NGSL_SFI_31K_EXTENSION,duration,3355,EXACT_HEADWORD_FORM_ONLY,SOURCE_LEMMA_ONLY_NOT_SENSE_OR_POS,UNREVIEWED_NOT_SEMANTICALLY_APPROVED,NOT_CLEARED,true
lex:B2x:dynamic,B2x,dynamic,NGSL_SFI_31K_EXTENSION,dynamic,2176,EXACT_HEADWORD_FORM_ONLY,SOURCE_LEMMA_ONLY_NOT_SENSE_OR_POS,UNREVIEWED_NOT_SEMANTICALLY_APPROVED,NOT_CLEARED,true
lex:B2x:economics,B2x,economics,NO_DIRECT_SOURCE_LEMMA,,,NO_DIRECT_MATCH,SOURCE_LEMMA_ONLY_NOT_SENSE_OR_POS,UNREVIEWED_NOT_SEMANTICALLY_APPROVED,NOT_CLEARED,true
lex:B2x:economist,B2x,economist,NGSL_SFI_31K_EXTENSION,economist,2950,EXACT_HEADWORD_FORM_ONLY,SOURCE_LEMMA_ONLY_NOT_SENSE_OR_POS,UNREVIEWED_NOT_SEMANTICALLY_APPROVED,NOT_CLEARED,true
lex:B2x:editorial,B2x,editorial,NGSL_SFI_31K_EXTENSION,editorial,3132,EXACT_HEADWORD_FORM_ONLY,SOURCE_LEMMA_ONLY_NOT_SENSE_OR_POS,UNREVIEWED_NOT_SEMANTICALLY_APPROVED,NOT_CLEARED,true
lex:B2x:efficiently,B2x,efficiently,NGSL_SFI_31K_EXTENSION,efficiently,4210,EXACT_HEADWORD_FORM_ONLY,SOURCE_LEMMA_ONLY_NOT_SENSE_OR_POS,UNREVIEWED_NOT_SEMANTICALLY_APPROVED,NOT_CLEARED,true
lex:B2x:elbow,B2x,elbow,NGSL_SFI_31K_EXTENSION,elbow,4231,EXACT_HEADWORD_FORM_ONLY,SOURCE_LEMMA_ONLY_NOT_SENSE_OR_POS,UNREVIEWED_NOT_SEMANTICALLY_APPROVED,NOT_CLEARED,true
lex:B2x:electronics,B2x,electronics,NO_DIRECT_SOURCE_LEMMA,,,NO_DIRECT_MATCH,SOURCE_LEMMA_ONLY_NOT_SENSE_OR_POS,UNREVIEWED_NOT_SEMANTICALLY_APPROVED,NOT_CLEARED,true
lex:B2x:elegant,B2x,elegant,NGSL_SFI_31K_EXTENSION,elegant,3358,EXACT_HEADWORD_FORM_ONLY,SOURCE_LEMMA_ONLY_NOT_SENSE_OR_POS,UNREVIEWED_NOT_SEMANTICALLY_APPROVED,NOT_CLEARED,true
lex:B2x:elementary,B2x,elementary,NGSL_SFI_31K_EXTENSION,elementary,4169,EXACT_HEADWORD_FORM_ONLY,SOURCE_LEMMA_ONLY_NOT_SENSE_OR_POS,UNREVIEWED_NOT_SEMANTICALLY_APPROVED,NOT_CLEARED,true
lex:B2x:eliminate,B2x,eliminate,NGSL_1_2_CORE,eliminate,2082,EXACT_HEADWORD_FORM_ONLY,SOURCE_LEMMA_ONLY_NOT_SENSE_OR_POS,UNREVIEWED_NOT_SEMANTICALLY_APPROVED,NOT_CLEARED,true
lex:B2x:embrace,B2x,embrace,NGSL_1_2_CORE,embrace,2472,EXACT_HEADWORD_FORM_ONLY,SOURCE_LEMMA_ONLY_NOT_SENSE_OR_POS,UNREVIEWED_NOT_SEMANTICALLY_APPROVED,NOT_CLEARED,true
lex:B2x:emission,B2x,emission,NGSL_SFI_31K_EXTENSION,emission,2823,EXACT_HEADWORD_FORM_ONLY,SOURCE_LEMMA_ONLY_NOT_SENSE_OR_POS,UNREVIEWED_NOT_SEMANTICALLY_APPROVED,NOT_CLEARED,true
lex:B2x:emotionally,B2x,emotionally,NGSL_SFI_31K_EXTENSION,emotionally,4730,EXACT_HEADWORD_FORM_ONLY,SOURCE_LEMMA_ONLY_NOT_SENSE_OR_POS,UNREVIEWED_NOT_SEMANTICALLY_APPROVED,NOT_CLEARED,true
lex:B2x:empire,B2x,empire,NGSL_1_2_CORE,empire,2748,EXACT_HEADWORD_FORM_ONLY,SOURCE_LEMMA_ONLY_NOT_SENSE_OR_POS,UNREVIEWED_NOT_SEMANTICALLY_APPROVED,NOT_CLEARED,true
lex:B2x:enjoyable,B2x,enjoyable,NGSL_SFI_31K_EXTENSION,enjoyable,3854,EXACT_HEADWORD_FORM_ONLY,SOURCE_LEMMA_ONLY_NOT_SENSE_OR_POS,UNREVIEWED_NOT_SEMANTICALLY_APPROVED,NOT_CLEARED,true
lex:B2x:entertaining,B2x,entertaining,NO_DIRECT_SOURCE_LEMMA,,,NO_DIRECT_MATCH,SOURCE_LEMMA_ONLY_NOT_SENSE_OR_POS,UNREVIEWED_NOT_SEMANTICALLY_APPROVED,NOT_CLEARED,true
lex:B2x:entrepreneur,B2x,entrepreneur,NGSL_SFI_31K_EXTENSION,entrepreneur,3656,EXACT_HEADWORD_FORM_ONLY,SOURCE_LEMMA_ONLY_NOT_SENSE_OR_POS,UNREVIEWED_NOT_SEMANTICALLY_APPROVED,NOT_CLEARED,true
lex:B2x:envelope,B2x,envelope,NGSL_1_2_CORE,envelope,2656,EXACT_HEADWORD_FORM_ONLY,SOURCE_LEMMA_ONLY_NOT_SENSE_OR_POS,UNREVIEWED_NOT_SEMANTICALLY_APPROVED,NOT_CLEARED,true
lex:B2x:equip,B2x,equip,NGSL_SFI_31K_EXTENSION,equip,3118,EXACT_HEADWORD_FORM_ONLY,SOURCE_LEMMA_ONLY_NOT_SENSE_OR_POS,UNREVIEWED_NOT_SEMANTICALLY_APPROVED,NOT_CLEARED,true
lex:B2x:equivalent,B2x,equivalent,NGSL_1_2_CORE,equivalent,2049,EXACT_HEADWORD_FORM_ONLY,SOURCE_LEMMA_ONLY_NOT_SENSE_OR_POS,UNREVIEWED_NOT_SEMANTICALLY_APPROVED,NOT_CLEARED,true
lex:B2x:era,B2x,era,NGSL_1_2_CORE,era,2073,EXACT_HEADWORD_FORM_ONLY,SOURCE_LEMMA_ONLY_NOT_SENSE_OR_POS,UNREVIEWED_NOT_SEMANTICALLY_APPROVED,NOT_CLEARED,true
lex:B2x:erupt,B2x,erupt,NGSL_SFI_31K_EXTENSION,erupt,5525,EXACT_HEADWORD_FORM_ONLY,SOURCE_LEMMA_ONLY_NOT_SENSE_OR_POS,UNREVIEWED_NOT_SEMANTICALLY_APPROVED,NOT_CLEARED,true
lex:B2x:essentially,B2x,essentially,NGSL_SFI_31K_EXTENSION,essentially,1961,EXACT_HEADWORD_FORM_ONLY,SOURCE_LEMMA_ONLY_NOT_SENSE_OR_POS,UNREVIEWED_NOT_SEMANTICALLY_APPROVED,NOT_CLEARED,true
lex:B2x:ethic,B2x,ethic,NO_DIRECT_SOURCE_LEMMA,,,NO_DIRECT_MATCH,SOURCE_LEMMA_ONLY_NOT_SENSE_OR_POS,UNREVIEWED_NOT_SEMANTICALLY_APPROVED,NOT_CLEARED,true
lex:B2x:ethnic,B2x,ethnic,NGSL_1_2_CORE,ethnic,2365,EXACT_HEADWORD_FORM_ONLY,SOURCE_LEMMA_ONLY_NOT_SENSE_OR_POS,UNREVIEWED_NOT_SEMANTICALLY_APPROVED,NOT_CLEARED,true
lex:B2x:evaluation,B2x,evaluation,NGSL_1_2_CORE,evaluation,2454,EXACT_HEADWORD_FORM_ONLY,SOURCE_LEMMA_ONLY_NOT_SENSE_OR_POS,UNREVIEWED_NOT_SEMANTICALLY_APPROVED,NOT_CLEARED,true
lex:B2x:evident,B2x,evident,NGSL_SFI_31K_EXTENSION,evident,2996,EXACT_HEADWORD_FORM_ONLY,SOURCE_LEMMA_ONLY_NOT_SENSE_OR_POS,UNREVIEWED_NOT_SEMANTICALLY_APPROVED,NOT_CLEARED,true
lex:B2x:evolution,B2x,evolution,NGSL_1_2_CORE,evolution,2422,EXACT_HEADWORD_FORM_ONLY,SOURCE_LEMMA_ONLY_NOT_SENSE_OR_POS,UNREVIEWED_NOT_SEMANTICALLY_APPROVED,NOT_CLEARED,true
lex:B2x:evolve,B2x,evolve,NGSL_1_2_CORE,evolve,2536,EXACT_HEADWORD_FORM_ONLY,SOURCE_LEMMA_ONLY_NOT_SENSE_OR_POS,UNREVIEWED_NOT_SEMANTICALLY_APPROVED,NOT_CLEARED,true
lex:B2x:exceed,B2x,exceed,NGSL_1_2_CORE,exceed,2508,EXACT_HEADWORD_FORM_ONLY,SOURCE_LEMMA_ONLY_NOT_SENSE_OR_POS,UNREVIEWED_NOT_SEMANTICALLY_APPROVED,NOT_CLEARED,true
lex:B2x:exception,B2x,exception,NGSL_1_2_CORE,exception,1908,EXACT_HEADWORD_FORM_ONLY,SOURCE_LEMMA_ONLY_NOT_SENSE_OR_POS,UNREVIEWED_NOT_SEMANTICALLY_APPROVED,NOT_CLEARED,true
lex:B2x:excessive,B2x,excessive,NGSL_SFI_31K_EXTENSION,excessive,3825,EXACT_HEADWORD_FORM_ONLY,SOURCE_LEMMA_ONLY_NOT_SENSE_OR_POS,UNREVIEWED_NOT_SEMANTICALLY_APPROVED,NOT_CLEARED,true
lex:B2x:exclude,B2x,exclude,NGSL_1_2_CORE,exclude,2088,EXACT_HEADWORD_FORM_ONLY,SOURCE_LEMMA_ONLY_NOT_SENSE_OR_POS,UNREVIEWED_NOT_SEMANTICALLY_APPROVED,NOT_CLEARED,true
lex:B2x:exhibit,B2x,exhibit,NGSL_1_2_CORE,exhibit,1996,EXACT_HEADWORD_FORM_ONLY,SOURCE_LEMMA_ONLY_NOT_SENSE_OR_POS,UNREVIEWED_NOT_SEMANTICALLY_APPROVED,NOT_CLEARED,true
lex:B2x:exit,B2x,exit,NGSL_SFI_31K_EXTENSION,exit,2748,EXACT_HEADWORD_FORM_ONLY,SOURCE_LEMMA_ONLY_NOT_SENSE_OR_POS,UNREVIEWED_NOT_SEMANTICALLY_APPROVED,NOT_CLEARED,true
lex:B2x:exotic,B2x,exotic,NGSL_SFI_31K_EXTENSION,exotic,3849,EXACT_HEADWORD_FORM_ONLY,SOURCE_LEMMA_ONLY_NOT_SENSE_OR_POS,UNREVIEWED_NOT_SEMANTICALLY_APPROVED,NOT_CLEARED,true
lex:B2x:expansion,B2x,expansion,NGSL_1_2_CORE,expansion,2153,EXACT_HEADWORD_FORM_ONLY,SOURCE_LEMMA_ONLY_NOT_SENSE_OR_POS,UNREVIEWED_NOT_SEMANTICALLY_APPROVED,NOT_CLEARED,true
lex:B2x:expertise,B2x,expertise,NGSL_SFI_31K_EXTENSION,expertise,3123,EXACT_HEADWORD_FORM_ONLY,SOURCE_LEMMA_ONLY_NOT_SENSE_OR_POS,UNREVIEWED_NOT_SEMANTICALLY_APPROVED,NOT_CLEARED,true
lex:B2x:exploit,B2x,exploit,NGSL_SFI_31K_EXTENSION,exploit,2807,EXACT_HEADWORD_FORM_ONLY,SOURCE_LEMMA_ONLY_NOT_SENSE_OR_POS,UNREVIEWED_NOT_SEMANTICALLY_APPROVED,NOT_CLEARED,true
lex:B2x:exposure,B2x,exposure,NGSL_1_2_CORE,exposure,2307,EXACT_HEADWORD_FORM_ONLY,SOURCE_LEMMA_ONLY_NOT_SENSE_OR_POS,UNREVIEWED_NOT_SEMANTICALLY_APPROVED,NOT_CLEARED,true
lex:B2x:extension,B2x,extension,NGSL_1_2_CORE,extension,2186,EXACT_HEADWORD_FORM_ONLY,SOURCE_LEMMA_ONLY_NOT_SENSE_OR_POS,UNREVIEWED_NOT_SEMANTICALLY_APPROVED,NOT_CLEARED,true
lex:B2x:extensive,B2x,extensive,NGSL_1_2_CORE,extensive,2231,EXACT_HEADWORD_FORM_ONLY,SOURCE_LEMMA_ONLY_NOT_SENSE_OR_POS,UNREVIEWED_NOT_SEMANTICALLY_APPROVED,NOT_CLEARED,true
lex:B2x:extensively,B2x,extensively,NGSL_SFI_31K_EXTENSION,extensively,4971,EXACT_HEADWORD_FORM_ONLY,SOURCE_LEMMA_ONLY_NOT_SENSE_OR_POS,UNREVIEWED_NOT_SEMANTICALLY_APPROVED,NOT_CLEARED,true
lex:B2x:extract,B2x,extract,NGSL_1_2_CORE,extract,2647,EXACT_HEADWORD_FORM_ONLY,SOURCE_LEMMA_ONLY_NOT_SENSE_OR_POS,UNREVIEWED_NOT_SEMANTICALLY_APPROVED,NOT_CLEARED,true
lex:B2x:fabric,B2x,fabric,NGSL_SFI_31K_EXTENSION,fabric,3191,EXACT_HEADWORD_FORM_ONLY,SOURCE_LEMMA_ONLY_NOT_SENSE_OR_POS,UNREVIEWED_NOT_SEMANTICALLY_APPROVED,NOT_CLEARED,true
lex:B2x:fabulous,B2x,fabulous,NGSL_SFI_31K_EXTENSION,fabulous,4616,EXACT_HEADWORD_FORM_ONLY,SOURCE_LEMMA_ONLY_NOT_SENSE_OR_POS,UNREVIEWED_NOT_SEMANTICALLY_APPROVED,NOT_CLEARED,true
lex:B2x:failed,B2x,failed,NO_DIRECT_SOURCE_LEMMA,,,NO_DIRECT_MATCH,SOURCE_LEMMA_ONLY_NOT_SENSE_OR_POS,UNREVIEWED_NOT_SEMANTICALLY_APPROVED,NOT_CLEARED,true
lex:B2x:fake,B2x,fake,NGSL_SFI_31K_EXTENSION,fake,4140,EXACT_HEADWORD_FORM_ONLY,SOURCE_LEMMA_ONLY_NOT_SENSE_OR_POS,UNREVIEWED_NOT_SEMANTICALLY_APPROVED,NOT_CLEARED,true
lex:B2x:fame,B2x,fame,NGSL_SFI_31K_EXTENSION,fame,3213,EXACT_HEADWORD_FORM_ONLY,SOURCE_LEMMA_ONLY_NOT_SENSE_OR_POS,UNREVIEWED_NOT_SEMANTICALLY_APPROVED,NOT_CLEARED,true
lex:B2x:fantasy,B2x,fantasy,NGSL_SFI_31K_EXTENSION,fantasy,3269,EXACT_HEADWORD_FORM_ONLY,SOURCE_LEMMA_ONLY_NOT_SENSE_OR_POS,UNREVIEWED_NOT_SEMANTICALLY_APPROVED,NOT_CLEARED,true
lex:B2x:fare,B2x,fare,NGSL_SFI_31K_EXTENSION,fare,3041,EXACT_HEADWORD_FORM_ONLY,SOURCE_LEMMA_ONLY_NOT_SENSE_OR_POS,UNREVIEWED_NOT_SEMANTICALLY_APPROVED,NOT_CLEARED,true
lex:B2x:federal,B2x,federal,NGSL_1_2_CORE,federal,1123,EXACT_HEADWORD_FORM_ONLY,SOURCE_LEMMA_ONLY_NOT_SENSE_OR_POS,UNREVIEWED_NOT_SEMANTICALLY_APPROVED,NOT_CLEARED,true
lex:B2x:fever,B2x,fever,NGSL_SFI_31K_EXTENSION,fever,4096,EXACT_HEADWORD_FORM_ONLY,SOURCE_LEMMA_ONLY_NOT_SENSE_OR_POS,UNREVIEWED_NOT_SEMANTICALLY_APPROVED,NOT_CLEARED,true
lex:B2x:firefighter,B2x,firefighter,NGSL_SFI_31K_EXTENSION,firefighter,7344,EXACT_HEADWORD_FORM_ONLY,SOURCE_LEMMA_ONLY_NOT_SENSE_OR_POS,UNREVIEWED_NOT_SEMANTICALLY_APPROVED,NOT_CLEARED,true
lex:B2x:firework,B2x,firework,NGSL_SFI_31K_EXTENSION,firework,6088,EXACT_HEADWORD_FORM_ONLY,SOURCE_LEMMA_ONLY_NOT_SENSE_OR_POS,UNREVIEWED_NOT_SEMANTICALLY_APPROVED,NOT_CLEARED,true
lex:B2x:firm,B2x,firm,NGSL_1_2_CORE,firm,628,EXACT_HEADWORD_FORM_ONLY,SOURCE_LEMMA_ONLY_NOT_SENSE_OR_POS,UNREVIEWED_NOT_SEMANTICALLY_APPROVED,NOT_CLEARED,true
lex:B2x:firmly,B2x,firmly,NGSL_1_2_CORE,firmly,2635,EXACT_HEADWORD_FORM_ONLY,SOURCE_LEMMA_ONLY_NOT_SENSE_OR_POS,UNREVIEWED_NOT_SEMANTICALLY_APPROVED,NOT_CLEARED,true
lex:B2x:flavour,B2x,flavour,NO_DIRECT_SOURCE_LEMMA,,,NO_DIRECT_MATCH,SOURCE_LEMMA_ONLY_NOT_SENSE_OR_POS,UNREVIEWED_NOT_SEMANTICALLY_APPROVED,NOT_CLEARED,true
lex:B2x:fond,B2x,fond,NGSL_SFI_31K_EXTENSION,fond,3882,EXACT_HEADWORD_FORM_ONLY,SOURCE_LEMMA_ONLY_NOT_SENSE_OR_POS,UNREVIEWED_NOT_SEMANTICALLY_APPROVED,NOT_CLEARED,true
lex:B2x:fool,B2x,fool,NGSL_1_2_CORE,fool,2765,EXACT_HEADWORD_FORM_ONLY,SOURCE_LEMMA_ONLY_NOT_SENSE_OR_POS,UNREVIEWED_NOT_SEMANTICALLY_APPROVED,NOT_CLEARED,true
lex:B2x:forbid,B2x,forbid,NGSL_SFI_31K_EXTENSION,forbid,3515,EXACT_HEADWORD_FORM_ONLY,SOURCE_LEMMA_ONLY_NOT_SENSE_OR_POS,UNREVIEWED_NOT_SEMANTICALLY_APPROVED,NOT_CLEARED,true
lex:B2x:forecast,B2x,forecast,NGSL_1_2_CORE,forecast,2369,EXACT_HEADWORD_FORM_ONLY,SOURCE_LEMMA_ONLY_NOT_SENSE_OR_POS,UNREVIEWED_NOT_SEMANTICALLY_APPROVED,NOT_CLEARED,true
lex:B2x:format,B2x,format,NGSL_1_2_CORE,format,2469,EXACT_HEADWORD_FORM_ONLY,SOURCE_LEMMA_ONLY_NOT_SENSE_OR_POS,UNREVIEWED_NOT_SEMANTICALLY_APPROVED,NOT_CLEARED,true
lex:B2x:formation,B2x,formation,NGSL_1_2_CORE,formation,2312,EXACT_HEADWORD_FORM_ONLY,SOURCE_LEMMA_ONLY_NOT_SENSE_OR_POS,UNREVIEWED_NOT_SEMANTICALLY_APPROVED,NOT_CLEARED,true
lex:B2x:formerly,B2x,formerly,NGSL_SFI_31K_EXTENSION,formerly,3610,EXACT_HEADWORD_FORM_ONLY,SOURCE_LEMMA_ONLY_NOT_SENSE_OR_POS,UNREVIEWED_NOT_SEMANTICALLY_APPROVED,NOT_CLEARED,true
lex:B2x:fortunate,B2x,fortunate,NGSL_1_2_CORE,fortunate,2800,EXACT_HEADWORD_FORM_ONLY,SOURCE_LEMMA_ONLY_NOT_SENSE_OR_POS,UNREVIEWED_NOT_SEMANTICALLY_APPROVED,NOT_CLEARED,true
lex:B2x:forum,B2x,forum,NGSL_SFI_31K_EXTENSION,forum,4288,EXACT_HEADWORD_FORM_ONLY,SOURCE_LEMMA_ONLY_NOT_SENSE_OR_POS,UNREVIEWED_NOT_SEMANTICALLY_APPROVED,NOT_CLEARED,true
lex:B2x:fossil,B2x,fossil,NGSL_SFI_31K_EXTENSION,fossil,4772,EXACT_HEADWORD_FORM_ONLY,SOURCE_LEMMA_ONLY_NOT_SENSE_OR_POS,UNREVIEWED_NOT_SEMANTICALLY_APPROVED,NOT_CLEARED,true
lex:B2x:foundation,B2x,foundation,NGSL_1_2_CORE,foundation,2177,EXACT_HEADWORD_FORM_ONLY,SOURCE_LEMMA_ONLY_NOT_SENSE_OR_POS,UNREVIEWED_NOT_SEMANTICALLY_APPROVED,NOT_CLEARED,true
lex:B2x:founder,B2x,founder,NGSL_SFI_31K_EXTENSION,founder,2835,EXACT_HEADWORD_FORM_ONLY,SOURCE_LEMMA_ONLY_NOT_SENSE_OR_POS,UNREVIEWED_NOT_SEMANTICALLY_APPROVED,NOT_CLEARED,true
lex:B2x:fraction,B2x,fraction,NGSL_SFI_31K_EXTENSION,fraction,3276,EXACT_HEADWORD_FORM_ONLY,SOURCE_LEMMA_ONLY_NOT_SENSE_OR_POS,UNREVIEWED_NOT_SEMANTICALLY_APPROVED,NOT_CLEARED,true
lex:B2x:fragment,B2x,fragment,NGSL_1_2_CORE,fragment,2784,EXACT_HEADWORD_FORM_ONLY,SOURCE_LEMMA_ONLY_NOT_SENSE_OR_POS,UNREVIEWED_NOT_SEMANTICALLY_APPROVED,NOT_CLEARED,true
lex:B2x:framework,B2x,framework,NGSL_1_2_CORE,framework,2044,EXACT_HEADWORD_FORM_ONLY,SOURCE_LEMMA_ONLY_NOT_SENSE_OR_POS,UNREVIEWED_NOT_SEMANTICALLY_APPROVED,NOT_CLEARED,true
lex:B2x:fraud,B2x,fraud,NGSL_SFI_31K_EXTENSION,fraud,3474,EXACT_HEADWORD_FORM_ONLY,SOURCE_LEMMA_ONLY_NOT_SENSE_OR_POS,UNREVIEWED_NOT_SEMANTICALLY_APPROVED,NOT_CLEARED,true
lex:B2x:freely,B2x,freely,NGSL_SFI_31K_EXTENSION,freely,3609,EXACT_HEADWORD_FORM_ONLY,SOURCE_LEMMA_ONLY_NOT_SENSE_OR_POS,UNREVIEWED_NOT_SEMANTICALLY_APPROVED,NOT_CLEARED,true
lex:B2x:frequent,B2x,frequent,NGSL_1_2_CORE,frequent,2409,EXACT_HEADWORD_FORM_ONLY,SOURCE_LEMMA_ONLY_NOT_SENSE_OR_POS,UNREVIEWED_NOT_SEMANTICALLY_APPROVED,NOT_CLEARED,true
lex:B2x:fulfil,B2x,fulfil,NO_DIRECT_SOURCE_LEMMA,,,NO_DIRECT_MATCH,SOURCE_LEMMA_ONLY_NOT_SENSE_OR_POS,UNREVIEWED_NOT_SEMANTICALLY_APPROVED,NOT_CLEARED,true
lex:B2x:full-time,B2x,full-time,NO_DIRECT_SOURCE_LEMMA,,,NO_DIRECT_MATCH,SOURCE_LEMMA_ONLY_NOT_SENSE_OR_POS,UNREVIEWED_NOT_SEMANTICALLY_APPROVED,NOT_CLEARED,true
lex:B2x:fundamentally,B2x,fundamentally,NGSL_SFI_31K_EXTENSION,fundamentally,4644,EXACT_HEADWORD_FORM_ONLY,SOURCE_LEMMA_ONLY_NOT_SENSE_OR_POS,UNREVIEWED_NOT_SEMANTICALLY_APPROVED,NOT_CLEARED,true
lex:B2x:furious,B2x,furious,NGSL_SFI_31K_EXTENSION,furious,4625,EXACT_HEADWORD_FORM_ONLY,SOURCE_LEMMA_ONLY_NOT_SENSE_OR_POS,UNREVIEWED_NOT_SEMANTICALLY_APPROVED,NOT_CLEARED,true
lex:B2x:gaming,B2x,gaming,NO_DIRECT_SOURCE_LEMMA,,,NO_DIRECT_MATCH,SOURCE_LEMMA_ONLY_NOT_SENSE_OR_POS,UNREVIEWED_NOT_SEMANTICALLY_APPROVED,NOT_CLEARED,true
lex:B2x:gay,B2x,gay,NGSL_1_2_CORE,gay,2040,EXACT_HEADWORD_FORM_ONLY,SOURCE_LEMMA_ONLY_NOT_SENSE_OR_POS,UNREVIEWED_NOT_SEMANTICALLY_APPROVED,NOT_CLEARED,true
lex:B2x:gender,B2x,gender,NGSL_1_2_CORE,gender,2280,EXACT_HEADWORD_FORM_ONLY,SOURCE_LEMMA_ONLY_NOT_SENSE_OR_POS,UNREVIEWED_NOT_SEMANTICALLY_APPROVED,NOT_CLEARED,true
lex:B2x:gene,B2x,gene,NGSL_1_2_CORE,gene,1948,EXACT_HEADWORD_FORM_ONLY,SOURCE_LEMMA_ONLY_NOT_SENSE_OR_POS,UNREVIEWED_NOT_SEMANTICALLY_APPROVED,NOT_CLEARED,true
lex:B2x:genetic,B2x,genetic,NGSL_1_2_CORE,genetic,2466,EXACT_HEADWORD_FORM_ONLY,SOURCE_LEMMA_ONLY_NOT_SENSE_OR_POS,UNREVIEWED_NOT_SEMANTICALLY_APPROVED,NOT_CLEARED,true
lex:B2x:genius,B2x,genius,NGSL_SFI_31K_EXTENSION,genius,4097,EXACT_HEADWORD_FORM_ONLY,SOURCE_LEMMA_ONLY_NOT_SENSE_OR_POS,UNREVIEWED_NOT_SEMANTICALLY_APPROVED,NOT_CLEARED,true
lex:B2x:genuine,B2x,genuine,NGSL_1_2_CORE,genuine,2698,EXACT_HEADWORD_FORM_ONLY,SOURCE_LEMMA_ONLY_NOT_SENSE_OR_POS,UNREVIEWED_NOT_SEMANTICALLY_APPROVED,NOT_CLEARED,true
lex:B2x:genuinely,B2x,genuinely,NGSL_SFI_31K_EXTENSION,genuinely,4531,EXACT_HEADWORD_FORM_ONLY,SOURCE_LEMMA_ONLY_NOT_SENSE_OR_POS,UNREVIEWED_NOT_SEMANTICALLY_APPROVED,NOT_CLEARED,true
lex:B2x:gesture,B2x,gesture,NGSL_1_2_CORE,gesture,2490,EXACT_HEADWORD_FORM_ONLY,SOURCE_LEMMA_ONLY_NOT_SENSE_OR_POS,UNREVIEWED_NOT_SEMANTICALLY_APPROVED,NOT_CLEARED,true
lex:B2x:gig,B2x,gig,NGSL_SFI_31K_EXTENSION,gig,5336,EXACT_HEADWORD_FORM_ONLY,SOURCE_LEMMA_ONLY_NOT_SENSE_OR_POS,UNREVIEWED_NOT_SEMANTICALLY_APPROVED,NOT_CLEARED,true
lex:B2x:globalization,B2x,globalization,NGSL_SFI_31K_EXTENSION,globalization,4344,EXACT_HEADWORD_FORM_ONLY,SOURCE_LEMMA_ONLY_NOT_SENSE_OR_POS,UNREVIEWED_NOT_SEMANTICALLY_APPROVED,NOT_CLEARED,true
lex:B2x:globe,B2x,globe,NGSL_SFI_31K_EXTENSION,globe,4483,EXACT_HEADWORD_FORM_ONLY,SOURCE_LEMMA_ONLY_NOT_SENSE_OR_POS,UNREVIEWED_NOT_SEMANTICALLY_APPROVED,NOT_CLEARED,true
lex:B2x:golden,B2x,golden,NGSL_1_2_CORE,golden,2653,EXACT_HEADWORD_FORM_ONLY,SOURCE_LEMMA_ONLY_NOT_SENSE_OR_POS,UNREVIEWED_NOT_SEMANTICALLY_APPROVED,NOT_CLEARED,true
lex:B2x:goodness,B2x,goodness,NGSL_SFI_31K_EXTENSION,goodness,3702,EXACT_HEADWORD_FORM_ONLY,SOURCE_LEMMA_ONLY_NOT_SENSE_OR_POS,UNREVIEWED_NOT_SEMANTICALLY_APPROVED,NOT_CLEARED,true
lex:B2x:gorgeous,B2x,gorgeous,NGSL_SFI_31K_EXTENSION,gorgeous,4682,EXACT_HEADWORD_FORM_ONLY,SOURCE_LEMMA_ONLY_NOT_SENSE_OR_POS,UNREVIEWED_NOT_SEMANTICALLY_APPROVED,NOT_CLEARED,true
lex:B2x:governor,B2x,governor,NGSL_1_2_CORE,governor,2054,EXACT_HEADWORD_FORM_ONLY,SOURCE_LEMMA_ONLY_NOT_SENSE_OR_POS,UNREVIEWED_NOT_SEMANTICALLY_APPROVED,NOT_CLEARED,true
lex:B2x:graphic,B2x,graphic,NGSL_SFI_31K_EXTENSION,graphic,4596,EXACT_HEADWORD_FORM_ONLY,SOURCE_LEMMA_ONLY_NOT_SENSE_OR_POS,UNREVIEWED_NOT_SEMANTICALLY_APPROVED,NOT_CLEARED,true
lex:B2x:graphics,B2x,graphics,NGSL_SFI_31K_EXTENSION,graphics,3687,EXACT_HEADWORD_FORM_ONLY,SOURCE_LEMMA_ONLY_NOT_SENSE_OR_POS,UNREVIEWED_NOT_SEMANTICALLY_APPROVED,NOT_CLEARED,true
lex:B2x:greatly,B2x,greatly,NGSL_1_2_CORE,greatly,2418,EXACT_HEADWORD_FORM_ONLY,SOURCE_LEMMA_ONLY_NOT_SENSE_OR_POS,UNREVIEWED_NOT_SEMANTICALLY_APPROVED,NOT_CLEARED,true
lex:B2x:greenhouse,B2x,greenhouse,NGSL_SFI_31K_EXTENSION,greenhouse,4824,EXACT_HEADWORD_FORM_ONLY,SOURCE_LEMMA_ONLY_NOT_SENSE_OR_POS,UNREVIEWED_NOT_SEMANTICALLY_APPROVED,NOT_CLEARED,true
lex:B2x:grocery,B2x,grocery,NGSL_SFI_31K_EXTENSION,grocery,4331,EXACT_HEADWORD_FORM_ONLY,SOURCE_LEMMA_ONLY_NOT_SENSE_OR_POS,UNREVIEWED_NOT_SEMANTICALLY_APPROVED,NOT_CLEARED,true
lex:B2x:guideline,B2x,guideline,NGSL_1_2_CORE,guideline,2655,EXACT_HEADWORD_FORM_ONLY,SOURCE_LEMMA_ONLY_NOT_SENSE_OR_POS,UNREVIEWED_NOT_SEMANTICALLY_APPROVED,NOT_CLEARED,true
lex:B2x:habitat,B2x,habitat,NGSL_SFI_31K_EXTENSION,habitat,4295,EXACT_HEADWORD_FORM_ONLY,SOURCE_LEMMA_ONLY_NOT_SENSE_OR_POS,UNREVIEWED_NOT_SEMANTICALLY_APPROVED,NOT_CLEARED,true
lex:B2x:harbour,B2x,harbour,NO_DIRECT_SOURCE_LEMMA,,,NO_DIRECT_MATCH,SOURCE_LEMMA_ONLY_NOT_SENSE_OR_POS,UNREVIEWED_NOT_SEMANTICALLY_APPROVED,NOT_CLEARED,true
lex:B2x:headquarters,B2x,headquarters,NO_DIRECT_SOURCE_LEMMA,,,NO_DIRECT_MATCH,SOURCE_LEMMA_ONLY_NOT_SENSE_OR_POS,UNREVIEWED_NOT_SEMANTICALLY_APPROVED,NOT_CLEARED,true
lex:B2x:heal,B2x,heal,NGSL_SFI_31K_EXTENSION,heal,3266,EXACT_HEADWORD_FORM_ONLY,SOURCE_LEMMA_ONLY_NOT_SENSE_OR_POS,UNREVIEWED_NOT_SEMANTICALLY_APPROVED,NOT_CLEARED,true
lex:B2x:healthcare,B2x,healthcare,NGSL_SFI_31K_EXTENSION,healthcare,6184,EXACT_HEADWORD_FORM_ONLY,SOURCE_LEMMA_ONLY_NOT_SENSE_OR_POS,UNREVIEWED_NOT_SEMANTICALLY_APPROVED,NOT_CLEARED,true
lex:B2x:helmet,B2x,helmet,NGSL_SFI_31K_EXTENSION,helmet,4887,EXACT_HEADWORD_FORM_ONLY,SOURCE_LEMMA_ONLY_NOT_SENSE_OR_POS,UNREVIEWED_NOT_SEMANTICALLY_APPROVED,NOT_CLEARED,true
lex:B2x:hence,B2x,hence,NGSL_1_2_CORE,hence,2094,EXACT_HEADWORD_FORM_ONLY,SOURCE_LEMMA_ONLY_NOT_SENSE_OR_POS,UNREVIEWED_NOT_SEMANTICALLY_APPROVED,NOT_CLEARED,true
lex:B2x:herb,B2x,herb,NGSL_SFI_31K_EXTENSION,herb,4999,EXACT_HEADWORD_FORM_ONLY,SOURCE_LEMMA_ONLY_NOT_SENSE_OR_POS,UNREVIEWED_NOT_SEMANTICALLY_APPROVED,NOT_CLEARED,true
lex:B2x:hidden,B2x,hidden,NO_DIRECT_SOURCE_LEMMA,,,NO_DIRECT_MATCH,SOURCE_LEMMA_ONLY_NOT_SENSE_OR_POS,UNREVIEWED_NOT_SEMANTICALLY_APPROVED,NOT_CLEARED,true
lex:B2x:highway,B2x,highway,NGSL_SFI_31K_EXTENSION,highway,3162,EXACT_HEADWORD_FORM_ONLY,SOURCE_LEMMA_ONLY_NOT_SENSE_OR_POS,UNREVIEWED_NOT_SEMANTICALLY_APPROVED,NOT_CLEARED,true
lex:B2x:hilarious,B2x,hilarious,NGSL_SFI_31K_EXTENSION,hilarious,7165,EXACT_HEADWORD_FORM_ONLY,SOURCE_LEMMA_ONLY_NOT_SENSE_OR_POS,UNREVIEWED_NOT_SEMANTICALLY_APPROVED,NOT_CLEARED,true
lex:B2x:hip,B2x,hip,NGSL_SFI_31K_EXTENSION,hip,3102,EXACT_HEADWORD_FORM_ONLY,SOURCE_LEMMA_ONLY_NOT_SENSE_OR_POS,UNREVIEWED_NOT_SEMANTICALLY_APPROVED,NOT_CLEARED,true
lex:B2x:historian,B2x,historian,NGSL_1_2_CORE,historian,2360,EXACT_HEADWORD_FORM_ONLY,SOURCE_LEMMA_ONLY_NOT_SENSE_OR_POS,UNREVIEWED_NOT_SEMANTICALLY_APPROVED,NOT_CLEARED,true
lex:B2x:homeless,B2x,homeless,NGSL_SFI_31K_EXTENSION,homeless,3759,EXACT_HEADWORD_FORM_ONLY,SOURCE_LEMMA_ONLY_NOT_SENSE_OR_POS,UNREVIEWED_NOT_SEMANTICALLY_APPROVED,NOT_CLEARED,true
lex:B2x:honesty,B2x,honesty,NGSL_SFI_31K_EXTENSION,honesty,5151,EXACT_HEADWORD_FORM_ONLY,SOURCE_LEMMA_ONLY_NOT_SENSE_OR_POS,UNREVIEWED_NOT_SEMANTICALLY_APPROVED,NOT_CLEARED,true
lex:B2x:hook,B2x,hook,NGSL_1_2_CORE,hook,2690,EXACT_HEADWORD_FORM_ONLY,SOURCE_LEMMA_ONLY_NOT_SENSE_OR_POS,UNREVIEWED_NOT_SEMANTICALLY_APPROVED,NOT_CLEARED,true
lex:B2x:hopefully,B2x,hopefully,NGSL_1_2_CORE,hopefully,2615,EXACT_HEADWORD_FORM_ONLY,SOURCE_LEMMA_ONLY_NOT_SENSE_OR_POS,UNREVIEWED_NOT_SEMANTICALLY_APPROVED,NOT_CLEARED,true
lex:B2x:hunger,B2x,hunger,NGSL_1_2_CORE,hunger,2804,EXACT_HEADWORD_FORM_ONLY,SOURCE_LEMMA_ONLY_NOT_SENSE_OR_POS,UNREVIEWED_NOT_SEMANTICALLY_APPROVED,NOT_CLEARED,true
lex:B2x:hypothesis,B2x,hypothesis,NGSL_1_2_CORE,hypothesis,2775,EXACT_HEADWORD_FORM_ONLY,SOURCE_LEMMA_ONLY_NOT_SENSE_OR_POS,UNREVIEWED_NOT_SEMANTICALLY_APPROVED,NOT_CLEARED,true
lex:B2x:icon,B2x,icon,NGSL_SFI_31K_EXTENSION,icon,4149,EXACT_HEADWORD_FORM_ONLY,SOURCE_LEMMA_ONLY_NOT_SENSE_OR_POS,UNREVIEWED_NOT_SEMANTICALLY_APPROVED,NOT_CLEARED,true
lex:B2x:id,B2x,ID,NGSL_SFI_31K_EXTENSION,id,4405,EXACT_HEADWORD_FORM_ONLY,SOURCE_LEMMA_ONLY_NOT_SENSE_OR_POS,UNREVIEWED_NOT_SEMANTICALLY_APPROVED,NOT_CLEARED,true
lex:B2x:identical,B2x,identical,NGSL_SFI_31K_EXTENSION,identical,3081,EXACT_HEADWORD_FORM_ONLY,SOURCE_LEMMA_ONLY_NOT_SENSE_OR_POS,UNREVIEWED_NOT_SEMANTICALLY_APPROVED,NOT_CLEARED,true
lex:B2x:illusion,B2x,illusion,NGSL_SFI_31K_EXTENSION,illusion,4342,EXACT_HEADWORD_FORM_ONLY,SOURCE_LEMMA_ONLY_NOT_SENSE_OR_POS,UNREVIEWED_NOT_SEMANTICALLY_APPROVED,NOT_CLEARED,true
lex:B2x:immigration,B2x,immigration,NGSL_1_2_CORE,immigration,2786,EXACT_HEADWORD_FORM_ONLY,SOURCE_LEMMA_ONLY_NOT_SENSE_OR_POS,UNREVIEWED_NOT_SEMANTICALLY_APPROVED,NOT_CLEARED,true
lex:B2x:immune,B2x,immune,NGSL_SFI_31K_EXTENSION,immune,3996,EXACT_HEADWORD_FORM_ONLY,SOURCE_LEMMA_ONLY_NOT_SENSE_OR_POS,UNREVIEWED_NOT_SEMANTICALLY_APPROVED,NOT_CLEARED,true
lex:B2x:implement,B2x,implement,NGSL_1_2_CORE,implement,1740,EXACT_HEADWORD_FORM_ONLY,SOURCE_LEMMA_ONLY_NOT_SENSE_OR_POS,UNREVIEWED_NOT_SEMANTICALLY_APPROVED,NOT_CLEARED,true
lex:B2x:implication,B2x,implication,NGSL_1_2_CORE,implication,1871,EXACT_HEADWORD_FORM_ONLY,SOURCE_LEMMA_ONLY_NOT_SENSE_OR_POS,UNREVIEWED_NOT_SEMANTICALLY_APPROVED,NOT_CLEARED,true
lex:B2x:incentive,B2x,incentive,NGSL_1_2_CORE,incentive,2385,EXACT_HEADWORD_FORM_ONLY,SOURCE_LEMMA_ONLY_NOT_SENSE_OR_POS,UNREVIEWED_NOT_SEMANTICALLY_APPROVED,NOT_CLEARED,true
lex:B2x:incorporate,B2x,incorporate,NGSL_1_2_CORE,incorporate,2134,EXACT_HEADWORD_FORM_ONLY,SOURCE_LEMMA_ONLY_NOT_SENSE_OR_POS,UNREVIEWED_NOT_SEMANTICALLY_APPROVED,NOT_CLEARED,true
lex:B2x:incorrect,B2x,incorrect,NGSL_SFI_31K_EXTENSION,incorrect,4634,EXACT_HEADWORD_FORM_ONLY,SOURCE_LEMMA_ONLY_NOT_SENSE_OR_POS,UNREVIEWED_NOT_SEMANTICALLY_APPROVED,NOT_CLEARED,true
lex:B2x:independence,B2x,independence,NGSL_1_2_CORE,independence,2233,EXACT_HEADWORD_FORM_ONLY,SOURCE_LEMMA_ONLY_NOT_SENSE_OR_POS,UNREVIEWED_NOT_SEMANTICALLY_APPROVED,NOT_CLEARED,true
lex:B2x:index,B2x,index,NGSL_1_2_CORE,index,1709,EXACT_HEADWORD_FORM_ONLY,SOURCE_LEMMA_ONLY_NOT_SENSE_OR_POS,UNREVIEWED_NOT_SEMANTICALLY_APPROVED,NOT_CLEARED,true
lex:B2x:indication,B2x,indication,NGSL_1_2_CORE,indication,2575,EXACT_HEADWORD_FORM_ONLY,SOURCE_LEMMA_ONLY_NOT_SENSE_OR_POS,UNREVIEWED_NOT_SEMANTICALLY_APPROVED,NOT_CLEARED,true
lex:B2x:inevitable,B2x,inevitable,NGSL_SFI_31K_EXTENSION,inevitable,3085,EXACT_HEADWORD_FORM_ONLY,SOURCE_LEMMA_ONLY_NOT_SENSE_OR_POS,UNREVIEWED_NOT_SEMANTICALLY_APPROVED,NOT_CLEARED,true
lex:B2x:inevitably,B2x,inevitably,NGSL_SFI_31K_EXTENSION,inevitably,3232,EXACT_HEADWORD_FORM_ONLY,SOURCE_LEMMA_ONLY_NOT_SENSE_OR_POS,UNREVIEWED_NOT_SEMANTICALLY_APPROVED,NOT_CLEARED,true
lex:B2x:infer,B2x,infer,NGSL_SFI_31K_EXTENSION,infer,5988,EXACT_HEADWORD_FORM_ONLY,SOURCE_LEMMA_ONLY_NOT_SENSE_OR_POS,UNREVIEWED_NOT_SEMANTICALLY_APPROVED,NOT_CLEARED,true
lex:B2x:inflation,B2x,inflation,NGSL_1_2_CORE,inflation,2494,EXACT_HEADWORD_FORM_ONLY,SOURCE_LEMMA_ONLY_NOT_SENSE_OR_POS,UNREVIEWED_NOT_SEMANTICALLY_APPROVED,NOT_CLEARED,true
lex:B2x:info,B2x,info,NGSL_SFI_31K_EXTENSION,info,6730,EXACT_HEADWORD_FORM_ONLY,SOURCE_LEMMA_ONLY_NOT_SENSE_OR_POS,UNREVIEWED_NOT_SEMANTICALLY_APPROVED,NOT_CLEARED,true
lex:B2x:infrastructure,B2x,infrastructure,NGSL_SFI_31K_EXTENSION,infrastructure,2855,EXACT_HEADWORD_FORM_ONLY,SOURCE_LEMMA_ONLY_NOT_SENSE_OR_POS,UNREVIEWED_NOT_SEMANTICALLY_APPROVED,NOT_CLEARED,true
lex:B2x:inhabitant,B2x,inhabitant,NGSL_SFI_31K_EXTENSION,inhabitant,3761,EXACT_HEADWORD_FORM_ONLY,SOURCE_LEMMA_ONLY_NOT_SENSE_OR_POS,UNREVIEWED_NOT_SEMANTICALLY_APPROVED,NOT_CLEARED,true
lex:B2x:inherit,B2x,inherit,NGSL_SFI_31K_EXTENSION,inherit,3454,EXACT_HEADWORD_FORM_ONLY,SOURCE_LEMMA_ONLY_NOT_SENSE_OR_POS,UNREVIEWED_NOT_SEMANTICALLY_APPROVED,NOT_CLEARED,true
lex:B2x:ink,B2x,ink,NGSL_SFI_31K_EXTENSION,ink,4386,EXACT_HEADWORD_FORM_ONLY,SOURCE_LEMMA_ONLY_NOT_SENSE_OR_POS,UNREVIEWED_NOT_SEMANTICALLY_APPROVED,NOT_CLEARED,true
lex:B2x:innovation,B2x,innovation,NGSL_1_2_CORE,innovation,2180,EXACT_HEADWORD_FORM_ONLY,SOURCE_LEMMA_ONLY_NOT_SENSE_OR_POS,UNREVIEWED_NOT_SEMANTICALLY_APPROVED,NOT_CLEARED,true
lex:B2x:innovative,B2x,innovative,NGSL_SFI_31K_EXTENSION,innovative,3550,EXACT_HEADWORD_FORM_ONLY,SOURCE_LEMMA_ONLY_NOT_SENSE_OR_POS,UNREVIEWED_NOT_SEMANTICALLY_APPROVED,NOT_CLEARED,true
lex:B2x:input,B2x,input,NGSL_1_2_CORE,input,2079,EXACT_HEADWORD_FORM_ONLY,SOURCE_LEMMA_ONLY_NOT_SENSE_OR_POS,UNREVIEWED_NOT_SEMANTICALLY_APPROVED,NOT_CLEARED,true
lex:B2x:insert,B2x,insert,NGSL_SFI_31K_EXTENSION,insert,3280,EXACT_HEADWORD_FORM_ONLY,SOURCE_LEMMA_ONLY_NOT_SENSE_OR_POS,UNREVIEWED_NOT_SEMANTICALLY_APPROVED,NOT_CLEARED,true
lex:B2x:inspector,B2x,inspector,NGSL_SFI_31K_EXTENSION,inspector,3139,EXACT_HEADWORD_FORM_ONLY,SOURCE_LEMMA_ONLY_NOT_SENSE_OR_POS,UNREVIEWED_NOT_SEMANTICALLY_APPROVED,NOT_CLEARED,true
lex:B2x:installation,B2x,installation,NGSL_SFI_31K_EXTENSION,installation,3199,EXACT_HEADWORD_FORM_ONLY,SOURCE_LEMMA_ONLY_NOT_SENSE_OR_POS,UNREVIEWED_NOT_SEMANTICALLY_APPROVED,NOT_CLEARED,true
lex:B2x:instant,B2x,instant,NGSL_SFI_31K_EXTENSION,instant,3025,EXACT_HEADWORD_FORM_ONLY,SOURCE_LEMMA_ONLY_NOT_SENSE_OR_POS,UNREVIEWED_NOT_SEMANTICALLY_APPROVED,NOT_CLEARED,true
lex:B2x:instantly,B2x,instantly,NGSL_SFI_31K_EXTENSION,instantly,3915,EXACT_HEADWORD_FORM_ONLY,SOURCE_LEMMA_ONLY_NOT_SENSE_OR_POS,UNREVIEWED_NOT_SEMANTICALLY_APPROVED,NOT_CLEARED,true
lex:B2x:integrate,B2x,integrate,NGSL_1_2_CORE,integrate,1955,EXACT_HEADWORD_FORM_ONLY,SOURCE_LEMMA_ONLY_NOT_SENSE_OR_POS,UNREVIEWED_NOT_SEMANTICALLY_APPROVED,NOT_CLEARED,true
lex:B2x:intellectual,B2x,intellectual,NGSL_1_2_CORE,intellectual,1981,EXACT_HEADWORD_FORM_ONLY,SOURCE_LEMMA_ONLY_NOT_SENSE_OR_POS,UNREVIEWED_NOT_SEMANTICALLY_APPROVED,NOT_CLEARED,true
lex:B2x:interact,B2x,interact,NGSL_SFI_31K_EXTENSION,interact,3236,EXACT_HEADWORD_FORM_ONLY,SOURCE_LEMMA_ONLY_NOT_SENSE_OR_POS,UNREVIEWED_NOT_SEMANTICALLY_APPROVED,NOT_CLEARED,true
lex:B2x:interaction,B2x,interaction,NGSL_1_2_CORE,interaction,1877,EXACT_HEADWORD_FORM_ONLY,SOURCE_LEMMA_ONLY_NOT_SENSE_OR_POS,UNREVIEWED_NOT_SEMANTICALLY_APPROVED,NOT_CLEARED,true
lex:B2x:interpretation,B2x,interpretation,NGSL_1_2_CORE,interpretation,1989,EXACT_HEADWORD_FORM_ONLY,SOURCE_LEMMA_ONLY_NOT_SENSE_OR_POS,UNREVIEWED_NOT_SEMANTICALLY_APPROVED,NOT_CLEARED,true
lex:B2x:interval,B2x,interval,NGSL_SFI_31K_EXTENSION,interval,2898,EXACT_HEADWORD_FORM_ONLY,SOURCE_LEMMA_ONLY_NOT_SENSE_OR_POS,UNREVIEWED_NOT_SEMANTICALLY_APPROVED,NOT_CLEARED,true
lex:B2x:invade,B2x,invade,NGSL_SFI_31K_EXTENSION,invade,3925,EXACT_HEADWORD_FORM_ONLY,SOURCE_LEMMA_ONLY_NOT_SENSE_OR_POS,UNREVIEWED_NOT_SEMANTICALLY_APPROVED,NOT_CLEARED,true
lex:B2x:invasion,B2x,invasion,NGSL_SFI_31K_EXTENSION,invasion,3182,EXACT_HEADWORD_FORM_ONLY,SOURCE_LEMMA_ONLY_NOT_SENSE_OR_POS,UNREVIEWED_NOT_SEMANTICALLY_APPROVED,NOT_CLEARED,true
lex:B2x:investor,B2x,investor,NGSL_1_2_CORE,investor,1597,EXACT_HEADWORD_FORM_ONLY,SOURCE_LEMMA_ONLY_NOT_SENSE_OR_POS,UNREVIEWED_NOT_SEMANTICALLY_APPROVED,NOT_CLEARED,true
lex:B2x:isolate,B2x,isolate,NGSL_1_2_CORE,isolate,2080,EXACT_HEADWORD_FORM_ONLY,SOURCE_LEMMA_ONLY_NOT_SENSE_OR_POS,UNREVIEWED_NOT_SEMANTICALLY_APPROVED,NOT_CLEARED,true
lex:B2x:isolated,B2x,isolated,NO_DIRECT_SOURCE_LEMMA,,,NO_DIRECT_MATCH,SOURCE_LEMMA_ONLY_NOT_SENSE_OR_POS,UNREVIEWED_NOT_SEMANTICALLY_APPROVED,NOT_CLEARED,true
lex:B2x:jail,B2x,jail,NGSL_1_2_CORE,jail,2580,EXACT_HEADWORD_FORM_ONLY,SOURCE_LEMMA_ONLY_NOT_SENSE_OR_POS,UNREVIEWED_NOT_SEMANTICALLY_APPROVED,NOT_CLEARED,true
lex:B2x:jet,B2x,jet,NGSL_SFI_31K_EXTENSION,jet,3104,EXACT_HEADWORD_FORM_ONLY,SOURCE_LEMMA_ONLY_NOT_SENSE_OR_POS,UNREVIEWED_NOT_SEMANTICALLY_APPROVED,NOT_CLEARED,true
lex:B2x:joint,B2x,joint,NGSL_1_2_CORE,joint,1682,EXACT_HEADWORD_FORM_ONLY,SOURCE_LEMMA_ONLY_NOT_SENSE_OR_POS,UNREVIEWED_NOT_SEMANTICALLY_APPROVED,NOT_CLEARED,true
lex:B2x:journalism,B2x,journalism,NGSL_SFI_31K_EXTENSION,journalism,4731,EXACT_HEADWORD_FORM_ONLY,SOURCE_LEMMA_ONLY_NOT_SENSE_OR_POS,UNREVIEWED_NOT_SEMANTICALLY_APPROVED,NOT_CLEARED,true
lex:B2x:jury,B2x,jury,NGSL_1_2_CORE,jury,2605,EXACT_HEADWORD_FORM_ONLY,SOURCE_LEMMA_ONLY_NOT_SENSE_OR_POS,UNREVIEWED_NOT_SEMANTICALLY_APPROVED,NOT_CLEARED,true
lex:B2x:kit,B2x,kit,NGSL_SFI_31K_EXTENSION,kit,3590,EXACT_HEADWORD_FORM_ONLY,SOURCE_LEMMA_ONLY_NOT_SENSE_OR_POS,UNREVIEWED_NOT_SEMANTICALLY_APPROVED,NOT_CLEARED,true
lex:B2x:ladder,B2x,ladder,NGSL_SFI_31K_EXTENSION,ladder,4272,EXACT_HEADWORD_FORM_ONLY,SOURCE_LEMMA_ONLY_NOT_SENSE_OR_POS,UNREVIEWED_NOT_SEMANTICALLY_APPROVED,NOT_CLEARED,true
lex:B2x:landing,B2x,landing,NO_DIRECT_SOURCE_LEMMA,,,NO_DIRECT_MATCH,SOURCE_LEMMA_ONLY_NOT_SENSE_OR_POS,UNREVIEWED_NOT_SEMANTICALLY_APPROVED,NOT_CLEARED,true
lex:B2x:lane,B2x,lane,NGSL_SFI_31K_EXTENSION,lane,2979,EXACT_HEADWORD_FORM_ONLY,SOURCE_LEMMA_ONLY_NOT_SENSE_OR_POS,UNREVIEWED_NOT_SEMANTICALLY_APPROVED,NOT_CLEARED,true
lex:B2x:lately,B2x,lately,NGSL_SFI_31K_EXTENSION,lately,3451,EXACT_HEADWORD_FORM_ONLY,SOURCE_LEMMA_ONLY_NOT_SENSE_OR_POS,UNREVIEWED_NOT_SEMANTICALLY_APPROVED,NOT_CLEARED,true
lex:B2x:leaflet,B2x,leaflet,NGSL_SFI_31K_EXTENSION,leaflet,3792,EXACT_HEADWORD_FORM_ONLY,SOURCE_LEMMA_ONLY_NOT_SENSE_OR_POS,UNREVIEWED_NOT_SEMANTICALLY_APPROVED,NOT_CLEARED,true
lex:B2x:legend,B2x,legend,NGSL_SFI_31K_EXTENSION,legend,3395,EXACT_HEADWORD_FORM_ONLY,SOURCE_LEMMA_ONLY_NOT_SENSE_OR_POS,UNREVIEWED_NOT_SEMANTICALLY_APPROVED,NOT_CLEARED,true
lex:B2x:lens,B2x,lens,NGSL_SFI_31K_EXTENSION,lens,3911,EXACT_HEADWORD_FORM_ONLY,SOURCE_LEMMA_ONLY_NOT_SENSE_OR_POS,UNREVIEWED_NOT_SEMANTICALLY_APPROVED,NOT_CLEARED,true
lex:B2x:lifetime,B2x,lifetime,NGSL_SFI_31K_EXTENSION,lifetime,2785,EXACT_HEADWORD_FORM_ONLY,SOURCE_LEMMA_ONLY_NOT_SENSE_OR_POS,UNREVIEWED_NOT_SEMANTICALLY_APPROVED,NOT_CLEARED,true
lex:B2x:lighting,B2x,lighting,NO_DIRECT_SOURCE_LEMMA,,,NO_DIRECT_MATCH,SOURCE_LEMMA_ONLY_NOT_SENSE_OR_POS,UNREVIEWED_NOT_SEMANTICALLY_APPROVED,NOT_CLEARED,true
lex:B2x:likewise,B2x,likewise,NGSL_SFI_31K_EXTENSION,likewise,3955,EXACT_HEADWORD_FORM_ONLY,SOURCE_LEMMA_ONLY_NOT_SENSE_OR_POS,UNREVIEWED_NOT_SEMANTICALLY_APPROVED,NOT_CLEARED,true
lex:B2x:limitation,B2x,limitation,NGSL_1_2_CORE,limitation,2574,EXACT_HEADWORD_FORM_ONLY,SOURCE_LEMMA_ONLY_NOT_SENSE_OR_POS,UNREVIEWED_NOT_SEMANTICALLY_APPROVED,NOT_CLEARED,true
lex:B2x:literally,B2x,literally,NGSL_1_2_CORE,literally,2488,EXACT_HEADWORD_FORM_ONLY,SOURCE_LEMMA_ONLY_NOT_SENSE_OR_POS,UNREVIEWED_NOT_SEMANTICALLY_APPROVED,NOT_CLEARED,true
lex:B2x:literary,B2x,literary,NGSL_1_2_CORE,literary,2470,EXACT_HEADWORD_FORM_ONLY,SOURCE_LEMMA_ONLY_NOT_SENSE_OR_POS,UNREVIEWED_NOT_SEMANTICALLY_APPROVED,NOT_CLEARED,true
lex:B2x:litre,B2x,litre,NO_DIRECT_SOURCE_LEMMA,,,NO_DIRECT_MATCH,SOURCE_LEMMA_ONLY_NOT_SENSE_OR_POS,UNREVIEWED_NOT_SEMANTICALLY_APPROVED,NOT_CLEARED,true
lex:B2x:litter,B2x,litter,NGSL_SFI_31K_EXTENSION,litter,4339,EXACT_HEADWORD_FORM_ONLY,SOURCE_LEMMA_ONLY_NOT_SENSE_OR_POS,UNREVIEWED_NOT_SEMANTICALLY_APPROVED,NOT_CLEARED,true
lex:B2x:logo,B2x,logo,NGSL_SFI_31K_EXTENSION,logo,5339,EXACT_HEADWORD_FORM_ONLY,SOURCE_LEMMA_ONLY_NOT_SENSE_OR_POS,UNREVIEWED_NOT_SEMANTICALLY_APPROVED,NOT_CLEARED,true
lex:B2x:lottery,B2x,lottery,NGSL_SFI_31K_EXTENSION,lottery,5305,EXACT_HEADWORD_FORM_ONLY,SOURCE_LEMMA_ONLY_NOT_SENSE_OR_POS,UNREVIEWED_NOT_SEMANTICALLY_APPROVED,NOT_CLEARED,true
lex:B2x:loyal,B2x,loyal,NGSL_SFI_31K_EXTENSION,loyal,3869,EXACT_HEADWORD_FORM_ONLY,SOURCE_LEMMA_ONLY_NOT_SENSE_OR_POS,UNREVIEWED_NOT_SEMANTICALLY_APPROVED,NOT_CLEARED,true
lex:B2x:lyric,B2x,lyric,NGSL_SFI_31K_EXTENSION,lyric,4237,EXACT_HEADWORD_FORM_ONLY,SOURCE_LEMMA_ONLY_NOT_SENSE_OR_POS,UNREVIEWED_NOT_SEMANTICALLY_APPROVED,NOT_CLEARED,true
lex:B2x:magnificent,B2x,magnificent,NGSL_SFI_31K_EXTENSION,magnificent,3690,EXACT_HEADWORD_FORM_ONLY,SOURCE_LEMMA_ONLY_NOT_SENSE_OR_POS,UNREVIEWED_NOT_SEMANTICALLY_APPROVED,NOT_CLEARED,true
lex:B2x:make-up,B2x,make-up,NO_DIRECT_SOURCE_LEMMA,,,NO_DIRECT_MATCH,SOURCE_LEMMA_ONLY_NOT_SENSE_OR_POS,UNREVIEWED_NOT_SEMANTICALLY_APPROVED,NOT_CLEARED,true
lex:B2x:making,B2x,making,NO_DIRECT_SOURCE_LEMMA,,,NO_DIRECT_MATCH,SOURCE_LEMMA_ONLY_NOT_SENSE_OR_POS,UNREVIEWED_NOT_SEMANTICALLY_APPROVED,NOT_CLEARED,true
lex:B2x:manufacture,B2x,manufacture,NGSL_1_2_CORE,manufacture,1392,EXACT_HEADWORD_FORM_ONLY,SOURCE_LEMMA_ONLY_NOT_SENSE_OR_POS,UNREVIEWED_NOT_SEMANTICALLY_APPROVED,NOT_CLEARED,true
lex:B2x:manufacturing,B2x,manufacturing,NO_DIRECT_SOURCE_LEMMA,,,NO_DIRECT_MATCH,SOURCE_LEMMA_ONLY_NOT_SENSE_OR_POS,UNREVIEWED_NOT_SEMANTICALLY_APPROVED,NOT_CLEARED,true
lex:B2x:marathon,B2x,marathon,NGSL_SFI_31K_EXTENSION,marathon,5979,EXACT_HEADWORD_FORM_ONLY,SOURCE_LEMMA_ONLY_NOT_SENSE_OR_POS,UNREVIEWED_NOT_SEMANTICALLY_APPROVED,NOT_CLEARED,true
lex:B2x:margin,B2x,margin,NGSL_1_2_CORE,margin,2393,EXACT_HEADWORD_FORM_ONLY,SOURCE_LEMMA_ONLY_NOT_SENSE_OR_POS,UNREVIEWED_NOT_SEMANTICALLY_APPROVED,NOT_CLEARED,true
lex:B2x:marker,B2x,marker,NGSL_SFI_31K_EXTENSION,marker,3741,EXACT_HEADWORD_FORM_ONLY,SOURCE_LEMMA_ONLY_NOT_SENSE_OR_POS,UNREVIEWED_NOT_SEMANTICALLY_APPROVED,NOT_CLEARED,true
lex:B2x:martial,B2x,martial,NGSL_SFI_31K_EXTENSION,martial,6919,EXACT_HEADWORD_FORM_ONLY,SOURCE_LEMMA_ONLY_NOT_SENSE_OR_POS,UNREVIEWED_NOT_SEMANTICALLY_APPROVED,NOT_CLEARED,true
lex:B2x:mate,B2x,mate,NGSL_1_2_CORE,mate,2288,EXACT_HEADWORD_FORM_ONLY,SOURCE_LEMMA_ONLY_NOT_SENSE_OR_POS,UNREVIEWED_NOT_SEMANTICALLY_APPROVED,NOT_CLEARED,true
lex:B2x:mayor,B2x,mayor,NGSL_1_2_CORE,mayor,2779,EXACT_HEADWORD_FORM_ONLY,SOURCE_LEMMA_ONLY_NOT_SENSE_OR_POS,UNREVIEWED_NOT_SEMANTICALLY_APPROVED,NOT_CLEARED,true
lex:B2x:mechanic,B2x,mechanic,NGSL_SFI_31K_EXTENSION,mechanic,4387,EXACT_HEADWORD_FORM_ONLY,SOURCE_LEMMA_ONLY_NOT_SENSE_OR_POS,UNREVIEWED_NOT_SEMANTICALLY_APPROVED,NOT_CLEARED,true
lex:B2x:mechanical,B2x,mechanical,NGSL_SFI_31K_EXTENSION,mechanical,3709,EXACT_HEADWORD_FORM_ONLY,SOURCE_LEMMA_ONLY_NOT_SENSE_OR_POS,UNREVIEWED_NOT_SEMANTICALLY_APPROVED,NOT_CLEARED,true
lex:B2x:mechanism,B2x,mechanism,NGSL_1_2_CORE,mechanism,1862,EXACT_HEADWORD_FORM_ONLY,SOURCE_LEMMA_ONLY_NOT_SENSE_OR_POS,UNREVIEWED_NOT_SEMANTICALLY_APPROVED,NOT_CLEARED,true
lex:B2x:medal,B2x,medal,NGSL_SFI_31K_EXTENSION,medal,3371,EXACT_HEADWORD_FORM_ONLY,SOURCE_LEMMA_ONLY_NOT_SENSE_OR_POS,UNREVIEWED_NOT_SEMANTICALLY_APPROVED,NOT_CLEARED,true
lex:B2x:medication,B2x,medication,NGSL_SFI_31K_EXTENSION,medication,3595,EXACT_HEADWORD_FORM_ONLY,SOURCE_LEMMA_ONLY_NOT_SENSE_OR_POS,UNREVIEWED_NOT_SEMANTICALLY_APPROVED,NOT_CLEARED,true
lex:B2x:membership,B2x,membership,NGSL_1_2_CORE,membership,2261,EXACT_HEADWORD_FORM_ONLY,SOURCE_LEMMA_ONLY_NOT_SENSE_OR_POS,UNREVIEWED_NOT_SEMANTICALLY_APPROVED,NOT_CLEARED,true
lex:B2x:memorable,B2x,memorable,NGSL_SFI_31K_EXTENSION,memorable,4760,EXACT_HEADWORD_FORM_ONLY,SOURCE_LEMMA_ONLY_NOT_SENSE_OR_POS,UNREVIEWED_NOT_SEMANTICALLY_APPROVED,NOT_CLEARED,true
lex:B2x:metaphor,B2x,metaphor,NGSL_SFI_31K_EXTENSION,metaphor,3907,EXACT_HEADWORD_FORM_ONLY,SOURCE_LEMMA_ONLY_NOT_SENSE_OR_POS,UNREVIEWED_NOT_SEMANTICALLY_APPROVED,NOT_CLEARED,true
lex:B2x:miner,B2x,miner,NGSL_SFI_31K_EXTENSION,miner,4586,EXACT_HEADWORD_FORM_ONLY,SOURCE_LEMMA_ONLY_NOT_SENSE_OR_POS,UNREVIEWED_NOT_SEMANTICALLY_APPROVED,NOT_CLEARED,true
lex:B2x:miserable,B2x,miserable,NGSL_SFI_31K_EXTENSION,miserable,4227,EXACT_HEADWORD_FORM_ONLY,SOURCE_LEMMA_ONLY_NOT_SENSE_OR_POS,UNREVIEWED_NOT_SEMANTICALLY_APPROVED,NOT_CLEARED,true
lex:B2x:mode,B2x,mode,NGSL_1_2_CORE,mode,2204,EXACT_HEADWORD_FORM_ONLY,SOURCE_LEMMA_ONLY_NOT_SENSE_OR_POS,UNREVIEWED_NOT_SEMANTICALLY_APPROVED,NOT_CLEARED,true
lex:B2x:modest,B2x,modest,NGSL_SFI_31K_EXTENSION,modest,2952,EXACT_HEADWORD_FORM_ONLY,SOURCE_LEMMA_ONLY_NOT_SENSE_OR_POS,UNREVIEWED_NOT_SEMANTICALLY_APPROVED,NOT_CLEARED,true
lex:B2x:monster,B2x,monster,NGSL_SFI_31K_EXTENSION,monster,3856,EXACT_HEADWORD_FORM_ONLY,SOURCE_LEMMA_ONLY_NOT_SENSE_OR_POS,UNREVIEWED_NOT_SEMANTICALLY_APPROVED,NOT_CLEARED,true
lex:B2x:monthly,B2x,monthly,NGSL_1_2_CORE,monthly,2738,EXACT_HEADWORD_FORM_ONLY,SOURCE_LEMMA_ONLY_NOT_SENSE_OR_POS,UNREVIEWED_NOT_SEMANTICALLY_APPROVED,NOT_CLEARED,true
lex:B2x:monument,B2x,monument,NGSL_SFI_31K_EXTENSION,monument,3200,EXACT_HEADWORD_FORM_ONLY,SOURCE_LEMMA_ONLY_NOT_SENSE_OR_POS,UNREVIEWED_NOT_SEMANTICALLY_APPROVED,NOT_CLEARED,true
lex:B2x:moreover,B2x,moreover,NGSL_1_2_CORE,moreover,1403,EXACT_HEADWORD_FORM_ONLY,SOURCE_LEMMA_ONLY_NOT_SENSE_OR_POS,UNREVIEWED_NOT_SEMANTICALLY_APPROVED,NOT_CLEARED,true
lex:B2x:mortgage,B2x,mortgage,NGSL_1_2_CORE,mortgage,2443,EXACT_HEADWORD_FORM_ONLY,SOURCE_LEMMA_ONLY_NOT_SENSE_OR_POS,UNREVIEWED_NOT_SEMANTICALLY_APPROVED,NOT_CLEARED,true
lex:B2x:mosque,B2x,mosque,NGSL_SFI_31K_EXTENSION,mosque,5888,EXACT_HEADWORD_FORM_ONLY,SOURCE_LEMMA_ONLY_NOT_SENSE_OR_POS,UNREVIEWED_NOT_SEMANTICALLY_APPROVED,NOT_CLEARED,true
lex:B2x:motion,B2x,motion,NGSL_1_2_CORE,motion,1848,EXACT_HEADWORD_FORM_ONLY,SOURCE_LEMMA_ONLY_NOT_SENSE_OR_POS,UNREVIEWED_NOT_SEMANTICALLY_APPROVED,NOT_CLEARED,true
lex:B2x:motivate,B2x,motivate,NGSL_1_2_CORE,motivate,2441,EXACT_HEADWORD_FORM_ONLY,SOURCE_LEMMA_ONLY_NOT_SENSE_OR_POS,UNREVIEWED_NOT_SEMANTICALLY_APPROVED,NOT_CLEARED,true
lex:B2x:motivation,B2x,motivation,NGSL_1_2_CORE,motivation,2633,EXACT_HEADWORD_FORM_ONLY,SOURCE_LEMMA_ONLY_NOT_SENSE_OR_POS,UNREVIEWED_NOT_SEMANTICALLY_APPROVED,NOT_CLEARED,true
lex:B2x:moving,B2x,moving,NO_DIRECT_SOURCE_LEMMA,,,NO_DIRECT_MATCH,SOURCE_LEMMA_ONLY_NOT_SENSE_OR_POS,UNREVIEWED_NOT_SEMANTICALLY_APPROVED,NOT_CLEARED,true
lex:B2x:myth,B2x,myth,NGSL_SFI_31K_EXTENSION,myth,3442,EXACT_HEADWORD_FORM_ONLY,SOURCE_LEMMA_ONLY_NOT_SENSE_OR_POS,UNREVIEWED_NOT_SEMANTICALLY_APPROVED,NOT_CLEARED,true
lex:B2x:naked,B2x,naked,NGSL_SFI_31K_EXTENSION,naked,3412,EXACT_HEADWORD_FORM_ONLY,SOURCE_LEMMA_ONLY_NOT_SENSE_OR_POS,UNREVIEWED_NOT_SEMANTICALLY_APPROVED,NOT_CLEARED,true
lex:B2x:nasty,B2x,nasty,NGSL_SFI_31K_EXTENSION,nasty,3498,EXACT_HEADWORD_FORM_ONLY,SOURCE_LEMMA_ONLY_NOT_SENSE_OR_POS,UNREVIEWED_NOT_SEMANTICALLY_APPROVED,NOT_CLEARED,true
lex:B2x:navigation,B2x,navigation,NGSL_SFI_31K_EXTENSION,navigation,6648,EXACT_HEADWORD_FORM_ONLY,SOURCE_LEMMA_ONLY_NOT_SENSE_OR_POS,UNREVIEWED_NOT_SEMANTICALLY_APPROVED,NOT_CLEARED,true
lex:B2x:nearby,B2x,nearby,NGSL_1_2_CORE,nearby,1895,EXACT_HEADWORD_FORM_ONLY,SOURCE_LEMMA_ONLY_NOT_SENSE_OR_POS,UNREVIEWED_NOT_SEMANTICALLY_APPROVED,NOT_CLEARED,true
lex:B2x:necessity,B2x,necessity,NGSL_SFI_31K_EXTENSION,necessity,3042,EXACT_HEADWORD_FORM_ONLY,SOURCE_LEMMA_ONLY_NOT_SENSE_OR_POS,UNREVIEWED_NOT_SEMANTICALLY_APPROVED,NOT_CLEARED,true
lex:B2x:negotiate,B2x,negotiate,NGSL_1_2_CORE,negotiate,2002,EXACT_HEADWORD_FORM_ONLY,SOURCE_LEMMA_ONLY_NOT_SENSE_OR_POS,UNREVIEWED_NOT_SEMANTICALLY_APPROVED,NOT_CLEARED,true
lex:B2x:negotiation,B2x,negotiation,NGSL_1_2_CORE,negotiation,1861,EXACT_HEADWORD_FORM_ONLY,SOURCE_LEMMA_ONLY_NOT_SENSE_OR_POS,UNREVIEWED_NOT_SEMANTICALLY_APPROVED,NOT_CLEARED,true
lex:B2x:neutral,B2x,neutral,NGSL_SFI_31K_EXTENSION,neutral,3727,EXACT_HEADWORD_FORM_ONLY,SOURCE_LEMMA_ONLY_NOT_SENSE_OR_POS,UNREVIEWED_NOT_SEMANTICALLY_APPROVED,NOT_CLEARED,true
lex:B2x:newly,B2x,newly,NGSL_1_2_CORE,newly,2278,EXACT_HEADWORD_FORM_ONLY,SOURCE_LEMMA_ONLY_NOT_SENSE_OR_POS,UNREVIEWED_NOT_SEMANTICALLY_APPROVED,NOT_CLEARED,true
lex:B2x:norm,B2x,norm,NGSL_SFI_31K_EXTENSION,norm,3353,EXACT_HEADWORD_FORM_ONLY,SOURCE_LEMMA_ONLY_NOT_SENSE_OR_POS,UNREVIEWED_NOT_SEMANTICALLY_APPROVED,NOT_CLEARED,true
lex:B2x:notebook,B2x,notebook,NGSL_SFI_31K_EXTENSION,notebook,3415,EXACT_HEADWORD_FORM_ONLY,SOURCE_LEMMA_ONLY_NOT_SENSE_OR_POS,UNREVIEWED_NOT_SEMANTICALLY_APPROVED,NOT_CLEARED,true
lex:B2x:novelist,B2x,novelist,NGSL_SFI_31K_EXTENSION,novelist,4727,EXACT_HEADWORD_FORM_ONLY,SOURCE_LEMMA_ONLY_NOT_SENSE_OR_POS,UNREVIEWED_NOT_SEMANTICALLY_APPROVED,NOT_CLEARED,true
lex:B2x:nowadays,B2x,nowadays,NGSL_1_2_CORE,nowadays,2210,EXACT_HEADWORD_FORM_ONLY,SOURCE_LEMMA_ONLY_NOT_SENSE_OR_POS,UNREVIEWED_NOT_SEMANTICALLY_APPROVED,NOT_CLEARED,true
lex:B2x:nursing,B2x,nursing,NO_DIRECT_SOURCE_LEMMA,,,NO_DIRECT_MATCH,SOURCE_LEMMA_ONLY_NOT_SENSE_OR_POS,UNREVIEWED_NOT_SEMANTICALLY_APPROVED,NOT_CLEARED,true
lex:B2x:nutrition,B2x,nutrition,NGSL_SFI_31K_EXTENSION,nutrition,5301,EXACT_HEADWORD_FORM_ONLY,SOURCE_LEMMA_ONLY_NOT_SENSE_OR_POS,UNREVIEWED_NOT_SEMANTICALLY_APPROVED,NOT_CLEARED,true
lex:B2x:obesity,B2x,obesity,NGSL_SFI_31K_EXTENSION,obesity,5604,EXACT_HEADWORD_FORM_ONLY,SOURCE_LEMMA_ONLY_NOT_SENSE_OR_POS,UNREVIEWED_NOT_SEMANTICALLY_APPROVED,NOT_CLEARED,true
lex:B2x:observer,B2x,observer,NGSL_SFI_31K_EXTENSION,observer,3005,EXACT_HEADWORD_FORM_ONLY,SOURCE_LEMMA_ONLY_NOT_SENSE_OR_POS,UNREVIEWED_NOT_SEMANTICALLY_APPROVED,NOT_CLEARED,true
lex:B2x:obstacle,B2x,obstacle,NGSL_SFI_31K_EXTENSION,obstacle,3423,EXACT_HEADWORD_FORM_ONLY,SOURCE_LEMMA_ONLY_NOT_SENSE_OR_POS,UNREVIEWED_NOT_SEMANTICALLY_APPROVED,NOT_CLEARED,true
lex:B2x:occupation,B2x,occupation,NGSL_SFI_31K_EXTENSION,occupation,2676,EXACT_HEADWORD_FORM_ONLY,SOURCE_LEMMA_ONLY_NOT_SENSE_OR_POS,UNREVIEWED_NOT_SEMANTICALLY_APPROVED,NOT_CLEARED,true
lex:B2x:occupy,B2x,occupy,NGSL_1_2_CORE,occupy,1930,EXACT_HEADWORD_FORM_ONLY,SOURCE_LEMMA_ONLY_NOT_SENSE_OR_POS,UNREVIEWED_NOT_SEMANTICALLY_APPROVED,NOT_CLEARED,true
lex:B2x:offender,B2x,offender,NGSL_SFI_31K_EXTENSION,offender,4552,EXACT_HEADWORD_FORM_ONLY,SOURCE_LEMMA_ONLY_NOT_SENSE_OR_POS,UNREVIEWED_NOT_SEMANTICALLY_APPROVED,NOT_CLEARED,true
lex:B2x:ongoing,B2x,ongoing,NGSL_SFI_31K_EXTENSION,ongoing,2939,EXACT_HEADWORD_FORM_ONLY,SOURCE_LEMMA_ONLY_NOT_SENSE_OR_POS,UNREVIEWED_NOT_SEMANTICALLY_APPROVED,NOT_CLEARED,true
lex:B2x:openly,B2x,openly,NGSL_SFI_31K_EXTENSION,openly,4194,EXACT_HEADWORD_FORM_ONLY,SOURCE_LEMMA_ONLY_NOT_SENSE_OR_POS,UNREVIEWED_NOT_SEMANTICALLY_APPROVED,NOT_CLEARED,true
lex:B2x:opera,B2x,opera,NGSL_1_2_CORE,opera,2461,EXACT_HEADWORD_FORM_ONLY,SOURCE_LEMMA_ONLY_NOT_SENSE_OR_POS,UNREVIEWED_NOT_SEMANTICALLY_APPROVED,NOT_CLEARED,true
lex:B2x:operator,B2x,operator,NGSL_1_2_CORE,operator,2329,EXACT_HEADWORD_FORM_ONLY,SOURCE_LEMMA_ONLY_NOT_SENSE_OR_POS,UNREVIEWED_NOT_SEMANTICALLY_APPROVED,NOT_CLEARED,true
lex:B2x:optimistic,B2x,optimistic,NGSL_SFI_31K_EXTENSION,optimistic,3612,EXACT_HEADWORD_FORM_ONLY,SOURCE_LEMMA_ONLY_NOT_SENSE_OR_POS,UNREVIEWED_NOT_SEMANTICALLY_APPROVED,NOT_CLEARED,true
lex:B2x:orchestra,B2x,orchestra,NGSL_SFI_31K_EXTENSION,orchestra,4251,EXACT_HEADWORD_FORM_ONLY,SOURCE_LEMMA_ONLY_NOT_SENSE_OR_POS,UNREVIEWED_NOT_SEMANTICALLY_APPROVED,NOT_CLEARED,true
lex:B2x:organic,B2x,organic,NGSL_1_2_CORE,organic,2760,EXACT_HEADWORD_FORM_ONLY,SOURCE_LEMMA_ONLY_NOT_SENSE_OR_POS,UNREVIEWED_NOT_SEMANTICALLY_APPROVED,NOT_CLEARED,true
lex:B2x:outfit,B2x,outfit,NGSL_SFI_31K_EXTENSION,outfit,3959,EXACT_HEADWORD_FORM_ONLY,SOURCE_LEMMA_ONLY_NOT_SENSE_OR_POS,UNREVIEWED_NOT_SEMANTICALLY_APPROVED,NOT_CLEARED,true
lex:B2x:output,B2x,output,NGSL_1_2_CORE,output,1921,EXACT_HEADWORD_FORM_ONLY,SOURCE_LEMMA_ONLY_NOT_SENSE_OR_POS,UNREVIEWED_NOT_SEMANTICALLY_APPROVED,NOT_CLEARED,true
lex:B2x:outstanding,B2x,outstanding,NGSL_SFI_31K_EXTENSION,outstanding,2608,EXACT_HEADWORD_FORM_ONLY,SOURCE_LEMMA_ONLY_NOT_SENSE_OR_POS,UNREVIEWED_NOT_SEMANTICALLY_APPROVED,NOT_CLEARED,true
lex:B2x:overcome,B2x,overcome,NGSL_1_2_CORE,overcome,2222,EXACT_HEADWORD_FORM_ONLY,SOURCE_LEMMA_ONLY_NOT_SENSE_OR_POS,UNREVIEWED_NOT_SEMANTICALLY_APPROVED,NOT_CLEARED,true
lex:B2x:overnight,B2x,overnight,NGSL_SFI_31K_EXTENSION,overnight,2896,EXACT_HEADWORD_FORM_ONLY,SOURCE_LEMMA_ONLY_NOT_SENSE_OR_POS,UNREVIEWED_NOT_SEMANTICALLY_APPROVED,NOT_CLEARED,true
lex:B2x:overseas,B2x,overseas,NGSL_1_2_CORE,overseas,2315,EXACT_HEADWORD_FORM_ONLY,SOURCE_LEMMA_ONLY_NOT_SENSE_OR_POS,UNREVIEWED_NOT_SEMANTICALLY_APPROVED,NOT_CLEARED,true
lex:B2x:ownership,B2x,ownership,NGSL_1_2_CORE,ownership,2752,EXACT_HEADWORD_FORM_ONLY,SOURCE_LEMMA_ONLY_NOT_SENSE_OR_POS,UNREVIEWED_NOT_SEMANTICALLY_APPROVED,NOT_CLEARED,true
lex:B2x:oxygen,B2x,oxygen,NGSL_SFI_31K_EXTENSION,oxygen,3383,EXACT_HEADWORD_FORM_ONLY,SOURCE_LEMMA_ONLY_NOT_SENSE_OR_POS,UNREVIEWED_NOT_SEMANTICALLY_APPROVED,NOT_CLEARED,true
lex:B2x:packet,B2x,packet,NGSL_SFI_31K_EXTENSION,packet,4329,EXACT_HEADWORD_FORM_ONLY,SOURCE_LEMMA_ONLY_NOT_SENSE_OR_POS,UNREVIEWED_NOT_SEMANTICALLY_APPROVED,NOT_CLEARED,true
lex:B2x:palm,B2x,palm,NGSL_SFI_31K_EXTENSION,palm,3703,EXACT_HEADWORD_FORM_ONLY,SOURCE_LEMMA_ONLY_NOT_SENSE_OR_POS,UNREVIEWED_NOT_SEMANTICALLY_APPROVED,NOT_CLEARED,true
lex:B2x:panic,B2x,panic,NGSL_1_2_CORE,panic,2693,EXACT_HEADWORD_FORM_ONLY,SOURCE_LEMMA_ONLY_NOT_SENSE_OR_POS,UNREVIEWED_NOT_SEMANTICALLY_APPROVED,NOT_CLEARED,true
lex:B2x:parade,B2x,parade,NGSL_SFI_31K_EXTENSION,parade,3812,EXACT_HEADWORD_FORM_ONLY,SOURCE_LEMMA_ONLY_NOT_SENSE_OR_POS,UNREVIEWED_NOT_SEMANTICALLY_APPROVED,NOT_CLEARED,true
lex:B2x:parallel,B2x,parallel,NGSL_1_2_CORE,parallel,2279,EXACT_HEADWORD_FORM_ONLY,SOURCE_LEMMA_ONLY_NOT_SENSE_OR_POS,UNREVIEWED_NOT_SEMANTICALLY_APPROVED,NOT_CLEARED,true
lex:B2x:participation,B2x,participation,NGSL_1_2_CORE,participation,2528,EXACT_HEADWORD_FORM_ONLY,SOURCE_LEMMA_ONLY_NOT_SENSE_OR_POS,UNREVIEWED_NOT_SEMANTICALLY_APPROVED,NOT_CLEARED,true
lex:B2x:partnership,B2x,partnership,NGSL_1_2_CORE,partnership,2527,EXACT_HEADWORD_FORM_ONLY,SOURCE_LEMMA_ONLY_NOT_SENSE_OR_POS,UNREVIEWED_NOT_SEMANTICALLY_APPROVED,NOT_CLEARED,true
lex:B2x:part-time,B2x,part-time,NO_DIRECT_SOURCE_LEMMA,,,NO_DIRECT_MATCH,SOURCE_LEMMA_ONLY_NOT_SENSE_OR_POS,UNREVIEWED_NOT_SEMANTICALLY_APPROVED,NOT_CLEARED,true
lex:B2x:passionate,B2x,passionate,NGSL_SFI_31K_EXTENSION,passionate,4537,EXACT_HEADWORD_FORM_ONLY,SOURCE_LEMMA_ONLY_NOT_SENSE_OR_POS,UNREVIEWED_NOT_SEMANTICALLY_APPROVED,NOT_CLEARED,true
lex:B2x:password,B2x,password,NGSL_SFI_31K_EXTENSION,password,6816,EXACT_HEADWORD_FORM_ONLY,SOURCE_LEMMA_ONLY_NOT_SENSE_OR_POS,UNREVIEWED_NOT_SEMANTICALLY_APPROVED,NOT_CLEARED,true
lex:B2x:patience,B2x,patience,NGSL_SFI_31K_EXTENSION,patience,3778,EXACT_HEADWORD_FORM_ONLY,SOURCE_LEMMA_ONLY_NOT_SENSE_OR_POS,UNREVIEWED_NOT_SEMANTICALLY_APPROVED,NOT_CLEARED,true
lex:B2x:pause,B2x,pause,NGSL_1_2_CORE,pause,649,EXACT_HEADWORD_FORM_ONLY,SOURCE_LEMMA_ONLY_NOT_SENSE_OR_POS,UNREVIEWED_NOT_SEMANTICALLY_APPROVED,NOT_CLEARED,true
lex:B2x:peer,B2x,peer,NGSL_1_2_CORE,peer,2007,EXACT_HEADWORD_FORM_ONLY,SOURCE_LEMMA_ONLY_NOT_SENSE_OR_POS,UNREVIEWED_NOT_SEMANTICALLY_APPROVED,NOT_CLEARED,true
lex:B2x:penalty,B2x,penalty,NGSL_1_2_CORE,penalty,2530,EXACT_HEADWORD_FORM_ONLY,SOURCE_LEMMA_ONLY_NOT_SENSE_OR_POS,UNREVIEWED_NOT_SEMANTICALLY_APPROVED,NOT_CLEARED,true
lex:B2x:perceive,B2x,perceive,NGSL_1_2_CORE,perceive,2103,EXACT_HEADWORD_FORM_ONLY,SOURCE_LEMMA_ONLY_NOT_SENSE_OR_POS,UNREVIEWED_NOT_SEMANTICALLY_APPROVED,NOT_CLEARED,true
lex:B2x:perception,B2x,perception,NGSL_1_2_CORE,perception,2142,EXACT_HEADWORD_FORM_ONLY,SOURCE_LEMMA_ONLY_NOT_SENSE_OR_POS,UNREVIEWED_NOT_SEMANTICALLY_APPROVED,NOT_CLEARED,true
lex:B2x:permanently,B2x,permanently,NGSL_SFI_31K_EXTENSION,permanently,4488,EXACT_HEADWORD_FORM_ONLY,SOURCE_LEMMA_ONLY_NOT_SENSE_OR_POS,UNREVIEWED_NOT_SEMANTICALLY_APPROVED,NOT_CLEARED,true
lex:B2x:pill,B2x,pill,NGSL_SFI_31K_EXTENSION,pill,3809,EXACT_HEADWORD_FORM_ONLY,SOURCE_LEMMA_ONLY_NOT_SENSE_OR_POS,UNREVIEWED_NOT_SEMANTICALLY_APPROVED,NOT_CLEARED,true
lex:B2x:pity,B2x,pity,NGSL_SFI_31K_EXTENSION,pity,3546,EXACT_HEADWORD_FORM_ONLY,SOURCE_LEMMA_ONLY_NOT_SENSE_OR_POS,UNREVIEWED_NOT_SEMANTICALLY_APPROVED,NOT_CLEARED,true
lex:B2x:placement,B2x,placement,NGSL_SFI_31K_EXTENSION,placement,4473,EXACT_HEADWORD_FORM_ONLY,SOURCE_LEMMA_ONLY_NOT_SENSE_OR_POS,UNREVIEWED_NOT_SEMANTICALLY_APPROVED,NOT_CLEARED,true
lex:B2x:portion,B2x,portion,NGSL_1_2_CORE,portion,2229,EXACT_HEADWORD_FORM_ONLY,SOURCE_LEMMA_ONLY_NOT_SENSE_OR_POS,UNREVIEWED_NOT_SEMANTICALLY_APPROVED,NOT_CLEARED,true
lex:B2x:potentially,B2x,potentially,NGSL_1_2_CORE,potentially,2558,EXACT_HEADWORD_FORM_ONLY,SOURCE_LEMMA_ONLY_NOT_SENSE_OR_POS,UNREVIEWED_NOT_SEMANTICALLY_APPROVED,NOT_CLEARED,true
lex:B2x:precede,B2x,precede,NGSL_SFI_31K_EXTENSION,precede,3117,EXACT_HEADWORD_FORM_ONLY,SOURCE_LEMMA_ONLY_NOT_SENSE_OR_POS,UNREVIEWED_NOT_SEMANTICALLY_APPROVED,NOT_CLEARED,true
lex:B2x:precious,B2x,precious,NGSL_SFI_31K_EXTENSION,precious,3171,EXACT_HEADWORD_FORM_ONLY,SOURCE_LEMMA_ONLY_NOT_SENSE_OR_POS,UNREVIEWED_NOT_SEMANTICALLY_APPROVED,NOT_CLEARED,true
lex:B2x:precise,B2x,precise,NGSL_1_2_CORE,precise,2723,EXACT_HEADWORD_FORM_ONLY,SOURCE_LEMMA_ONLY_NOT_SENSE_OR_POS,UNREVIEWED_NOT_SEMANTICALLY_APPROVED,NOT_CLEARED,true
lex:B2x:precisely,B2x,precisely,NGSL_1_2_CORE,precisely,2342,EXACT_HEADWORD_FORM_ONLY,SOURCE_LEMMA_ONLY_NOT_SENSE_OR_POS,UNREVIEWED_NOT_SEMANTICALLY_APPROVED,NOT_CLEARED,true
lex:B2x:predictable,B2x,predictable,NGSL_SFI_31K_EXTENSION,predictable,4849,EXACT_HEADWORD_FORM_ONLY,SOURCE_LEMMA_ONLY_NOT_SENSE_OR_POS,UNREVIEWED_NOT_SEMANTICALLY_APPROVED,NOT_CLEARED,true
lex:B2x:preference,B2x,preference,NGSL_1_2_CORE,preference,2383,EXACT_HEADWORD_FORM_ONLY,SOURCE_LEMMA_ONLY_NOT_SENSE_OR_POS,UNREVIEWED_NOT_SEMANTICALLY_APPROVED,NOT_CLEARED,true
lex:B2x:pride,B2x,pride,NGSL_1_2_CORE,pride,2563,EXACT_HEADWORD_FORM_ONLY,SOURCE_LEMMA_ONLY_NOT_SENSE_OR_POS,UNREVIEWED_NOT_SEMANTICALLY_APPROVED,NOT_CLEARED,true
lex:B2x:primarily,B2x,primarily,NGSL_1_2_CORE,primarily,1954,EXACT_HEADWORD_FORM_ONLY,SOURCE_LEMMA_ONLY_NOT_SENSE_OR_POS,UNREVIEWED_NOT_SEMANTICALLY_APPROVED,NOT_CLEARED,true
lex:B2x:principal,B2x,principal,NGSL_1_2_CORE,principal,1555,EXACT_HEADWORD_FORM_ONLY,SOURCE_LEMMA_ONLY_NOT_SENSE_OR_POS,UNREVIEWED_NOT_SEMANTICALLY_APPROVED,NOT_CLEARED,true
lex:B2x:prior,B2x,prior,NGSL_1_2_CORE,prior,1792,EXACT_HEADWORD_FORM_ONLY,SOURCE_LEMMA_ONLY_NOT_SENSE_OR_POS,UNREVIEWED_NOT_SEMANTICALLY_APPROVED,NOT_CLEARED,true
lex:B2x:probability,B2x,probability,NGSL_1_2_CORE,probability,2732,EXACT_HEADWORD_FORM_ONLY,SOURCE_LEMMA_ONLY_NOT_SENSE_OR_POS,UNREVIEWED_NOT_SEMANTICALLY_APPROVED,NOT_CLEARED,true
lex:B2x:probable,B2x,probable,NGSL_SFI_31K_EXTENSION,probable,4943,EXACT_HEADWORD_FORM_ONLY,SOURCE_LEMMA_ONLY_NOT_SENSE_OR_POS,UNREVIEWED_NOT_SEMANTICALLY_APPROVED,NOT_CLEARED,true
lex:B2x:proceed,B2x,proceed,NGSL_1_2_CORE,proceed,1367,EXACT_HEADWORD_FORM_ONLY,SOURCE_LEMMA_ONLY_NOT_SENSE_OR_POS,UNREVIEWED_NOT_SEMANTICALLY_APPROVED,NOT_CLEARED,true
lex:B2x:programming,B2x,programming,NO_DIRECT_SOURCE_LEMMA,,,NO_DIRECT_MATCH,SOURCE_LEMMA_ONLY_NOT_SENSE_OR_POS,UNREVIEWED_NOT_SEMANTICALLY_APPROVED,NOT_CLEARED,true
lex:B2x:progressive,B2x,progressive,NGSL_SFI_31K_EXTENSION,progressive,3519,EXACT_HEADWORD_FORM_ONLY,SOURCE_LEMMA_ONLY_NOT_SENSE_OR_POS,UNREVIEWED_NOT_SEMANTICALLY_APPROVED,NOT_CLEARED,true
lex:B2x:prohibit,B2x,prohibit,NGSL_SFI_31K_EXTENSION,prohibit,3891,EXACT_HEADWORD_FORM_ONLY,SOURCE_LEMMA_ONLY_NOT_SENSE_OR_POS,UNREVIEWED_NOT_SEMANTICALLY_APPROVED,NOT_CLEARED,true
lex:B2x:promising,B2x,promising,NO_DIRECT_SOURCE_LEMMA,,,NO_DIRECT_MATCH,SOURCE_LEMMA_ONLY_NOT_SENSE_OR_POS,UNREVIEWED_NOT_SEMANTICALLY_APPROVED,NOT_CLEARED,true
lex:B2x:promotion,B2x,promotion,NGSL_1_2_CORE,promotion,2444,EXACT_HEADWORD_FORM_ONLY,SOURCE_LEMMA_ONLY_NOT_SENSE_OR_POS,UNREVIEWED_NOT_SEMANTICALLY_APPROVED,NOT_CLEARED,true
lex:B2x:prompt,B2x,prompt,NGSL_1_2_CORE,prompt,2375,EXACT_HEADWORD_FORM_ONLY,SOURCE_LEMMA_ONLY_NOT_SENSE_OR_POS,UNREVIEWED_NOT_SEMANTICALLY_APPROVED,NOT_CLEARED,true
lex:B2x:proportion,B2x,proportion,NGSL_1_2_CORE,proportion,1663,EXACT_HEADWORD_FORM_ONLY,SOURCE_LEMMA_ONLY_NOT_SENSE_OR_POS,UNREVIEWED_NOT_SEMANTICALLY_APPROVED,NOT_CLEARED,true
lex:B2x:protein,B2x,protein,NGSL_1_2_CORE,protein,1978,EXACT_HEADWORD_FORM_ONLY,SOURCE_LEMMA_ONLY_NOT_SENSE_OR_POS,UNREVIEWED_NOT_SEMANTICALLY_APPROVED,NOT_CLEARED,true
lex:B2x:protester,B2x,protester,NGSL_SFI_31K_EXTENSION,protester,5841,EXACT_HEADWORD_FORM_ONLY,SOURCE_LEMMA_ONLY_NOT_SENSE_OR_POS,UNREVIEWED_NOT_SEMANTICALLY_APPROVED,NOT_CLEARED,true
lex:B2x:psychological,B2x,psychological,NGSL_1_2_CORE,psychological,2523,EXACT_HEADWORD_FORM_ONLY,SOURCE_LEMMA_ONLY_NOT_SENSE_OR_POS,UNREVIEWED_NOT_SEMANTICALLY_APPROVED,NOT_CLEARED,true
lex:B2x:publicity,B2x,publicity,NGSL_SFI_31K_EXTENSION,publicity,2924,EXACT_HEADWORD_FORM_ONLY,SOURCE_LEMMA_ONLY_NOT_SENSE_OR_POS,UNREVIEWED_NOT_SEMANTICALLY_APPROVED,NOT_CLEARED,true
lex:B2x:publishing,B2x,publishing,NO_DIRECT_SOURCE_LEMMA,,,NO_DIRECT_MATCH,SOURCE_LEMMA_ONLY_NOT_SENSE_OR_POS,UNREVIEWED_NOT_SEMANTICALLY_APPROVED,NOT_CLEARED,true
lex:B2x:punk,B2x,punk,NGSL_SFI_31K_EXTENSION,punk,5989,EXACT_HEADWORD_FORM_ONLY,SOURCE_LEMMA_ONLY_NOT_SENSE_OR_POS,UNREVIEWED_NOT_SEMANTICALLY_APPROVED,NOT_CLEARED,true
lex:B2x:purely,B2x,purely,NGSL_SFI_31K_EXTENSION,purely,3345,EXACT_HEADWORD_FORM_ONLY,SOURCE_LEMMA_ONLY_NOT_SENSE_OR_POS,UNREVIEWED_NOT_SEMANTICALLY_APPROVED,NOT_CLEARED,true
lex:B2x:pursuit,B2x,pursuit,NGSL_SFI_31K_EXTENSION,pursuit,3444,EXACT_HEADWORD_FORM_ONLY,SOURCE_LEMMA_ONLY_NOT_SENSE_OR_POS,UNREVIEWED_NOT_SEMANTICALLY_APPROVED,NOT_CLEARED,true
lex:B2x:puzzle,B2x,puzzle,NGSL_SFI_31K_EXTENSION,puzzle,2928,EXACT_HEADWORD_FORM_ONLY,SOURCE_LEMMA_ONLY_NOT_SENSE_OR_POS,UNREVIEWED_NOT_SEMANTICALLY_APPROVED,NOT_CLEARED,true
lex:B2x:questionnaire,B2x,questionnaire,NGSL_SFI_31K_EXTENSION,questionnaire,3657,EXACT_HEADWORD_FORM_ONLY,SOURCE_LEMMA_ONLY_NOT_SENSE_OR_POS,UNREVIEWED_NOT_SEMANTICALLY_APPROVED,NOT_CLEARED,true
lex:B2x:racial,B2x,racial,NGSL_1_2_CORE,racial,2613,EXACT_HEADWORD_FORM_ONLY,SOURCE_LEMMA_ONLY_NOT_SENSE_OR_POS,UNREVIEWED_NOT_SEMANTICALLY_APPROVED,NOT_CLEARED,true
lex:B2x:racism,B2x,racism,NGSL_SFI_31K_EXTENSION,racism,4318,EXACT_HEADWORD_FORM_ONLY,SOURCE_LEMMA_ONLY_NOT_SENSE_OR_POS,UNREVIEWED_NOT_SEMANTICALLY_APPROVED,NOT_CLEARED,true
lex:B2x:racist,B2x,racist,NGSL_SFI_31K_EXTENSION,racist,5137,EXACT_HEADWORD_FORM_ONLY,SOURCE_LEMMA_ONLY_NOT_SENSE_OR_POS,UNREVIEWED_NOT_SEMANTICALLY_APPROVED,NOT_CLEARED,true
lex:B2x:radiation,B2x,radiation,NGSL_SFI_31K_EXTENSION,radiation,3585,EXACT_HEADWORD_FORM_ONLY,SOURCE_LEMMA_ONLY_NOT_SENSE_OR_POS,UNREVIEWED_NOT_SEMANTICALLY_APPROVED,NOT_CLEARED,true
lex:B2x:rail,B2x,rail,NGSL_1_2_CORE,rail,2440,EXACT_HEADWORD_FORM_ONLY,SOURCE_LEMMA_ONLY_NOT_SENSE_OR_POS,UNREVIEWED_NOT_SEMANTICALLY_APPROVED,NOT_CLEARED,true
lex:B2x:random,B2x,random,NGSL_1_2_CORE,random,2432,EXACT_HEADWORD_FORM_ONLY,SOURCE_LEMMA_ONLY_NOT_SENSE_OR_POS,UNREVIEWED_NOT_SEMANTICALLY_APPROVED,NOT_CLEARED,true
lex:B2x:rat,B2x,rat,NGSL_1_2_CORE,rat,2712,EXACT_HEADWORD_FORM_ONLY,SOURCE_LEMMA_ONLY_NOT_SENSE_OR_POS,UNREVIEWED_NOT_SEMANTICALLY_APPROVED,NOT_CLEARED,true
lex:B2x:rating,B2x,rating,NO_DIRECT_SOURCE_LEMMA,,,NO_DIRECT_MATCH,SOURCE_LEMMA_ONLY_NOT_SENSE_OR_POS,UNREVIEWED_NOT_SEMANTICALLY_APPROVED,NOT_CLEARED,true
lex:B2x:reasonably,B2x,reasonably,NGSL_1_2_CORE,reasonably,2718,EXACT_HEADWORD_FORM_ONLY,SOURCE_LEMMA_ONLY_NOT_SENSE_OR_POS,UNREVIEWED_NOT_SEMANTICALLY_APPROVED,NOT_CLEARED,true
lex:B2x:rebuild,B2x,rebuild,NGSL_SFI_31K_EXTENSION,rebuild,3097,EXACT_HEADWORD_FORM_ONLY,SOURCE_LEMMA_ONLY_NOT_SENSE_OR_POS,UNREVIEWED_NOT_SEMANTICALLY_APPROVED,NOT_CLEARED,true
lex:B2x:receiver,B2x,receiver,NGSL_SFI_31K_EXTENSION,receiver,3682,EXACT_HEADWORD_FORM_ONLY,SOURCE_LEMMA_ONLY_NOT_SENSE_OR_POS,UNREVIEWED_NOT_SEMANTICALLY_APPROVED,NOT_CLEARED,true
lex:B2x:recession,B2x,recession,NGSL_SFI_31K_EXTENSION,recession,2869,EXACT_HEADWORD_FORM_ONLY,SOURCE_LEMMA_ONLY_NOT_SENSE_OR_POS,UNREVIEWED_NOT_SEMANTICALLY_APPROVED,NOT_CLEARED,true
lex:B2x:reckon,B2x,reckon,NGSL_1_2_CORE,reckon,2701,EXACT_HEADWORD_FORM_ONLY,SOURCE_LEMMA_ONLY_NOT_SENSE_OR_POS,UNREVIEWED_NOT_SEMANTICALLY_APPROVED,NOT_CLEARED,true
lex:B2x:recognition,B2x,recognition,NGSL_1_2_CORE,recognition,2013,EXACT_HEADWORD_FORM_ONLY,SOURCE_LEMMA_ONLY_NOT_SENSE_OR_POS,UNREVIEWED_NOT_SEMANTICALLY_APPROVED,NOT_CLEARED,true
lex:B2x:recovery,B2x,recovery,NGSL_1_2_CORE,recovery,2321,EXACT_HEADWORD_FORM_ONLY,SOURCE_LEMMA_ONLY_NOT_SENSE_OR_POS,UNREVIEWED_NOT_SEMANTICALLY_APPROVED,NOT_CLEARED,true
lex:B2x:recruit,B2x,recruit,NGSL_1_2_CORE,recruit,2087,EXACT_HEADWORD_FORM_ONLY,SOURCE_LEMMA_ONLY_NOT_SENSE_OR_POS,UNREVIEWED_NOT_SEMANTICALLY_APPROVED,NOT_CLEARED,true
lex:B2x:recruitment,B2x,recruitment,NGSL_SFI_31K_EXTENSION,recruitment,3529,EXACT_HEADWORD_FORM_ONLY,SOURCE_LEMMA_ONLY_NOT_SENSE_OR_POS,UNREVIEWED_NOT_SEMANTICALLY_APPROVED,NOT_CLEARED,true
lex:B2x:referee,B2x,referee,NGSL_SFI_31K_EXTENSION,referee,4893,EXACT_HEADWORD_FORM_ONLY,SOURCE_LEMMA_ONLY_NOT_SENSE_OR_POS,UNREVIEWED_NOT_SEMANTICALLY_APPROVED,NOT_CLEARED,true
lex:B2x:refugee,B2x,refugee,NGSL_1_2_CORE,refugee,2736,EXACT_HEADWORD_FORM_ONLY,SOURCE_LEMMA_ONLY_NOT_SENSE_OR_POS,UNREVIEWED_NOT_SEMANTICALLY_APPROVED,NOT_CLEARED,true
lex:B2x:registration,B2x,registration,NGSL_1_2_CORE,registration,2783,EXACT_HEADWORD_FORM_ONLY,SOURCE_LEMMA_ONLY_NOT_SENSE_OR_POS,UNREVIEWED_NOT_SEMANTICALLY_APPROVED,NOT_CLEARED,true
lex:B2x:regulate,B2x,regulate,NGSL_1_2_CORE,regulate,2584,EXACT_HEADWORD_FORM_ONLY,SOURCE_LEMMA_ONLY_NOT_SENSE_OR_POS,UNREVIEWED_NOT_SEMANTICALLY_APPROVED,NOT_CLEARED,true
lex:B2x:reinforce,B2x,reinforce,NGSL_SFI_31K_EXTENSION,reinforce,3070,EXACT_HEADWORD_FORM_ONLY,SOURCE_LEMMA_ONLY_NOT_SENSE_OR_POS,UNREVIEWED_NOT_SEMANTICALLY_APPROVED,NOT_CLEARED,true
lex:B2x:relieve,B2x,relieve,NGSL_SFI_31K_EXTENSION,relieve,2914,EXACT_HEADWORD_FORM_ONLY,SOURCE_LEMMA_ONLY_NOT_SENSE_OR_POS,UNREVIEWED_NOT_SEMANTICALLY_APPROVED,NOT_CLEARED,true
lex:B2x:relieved,B2x,relieved,NO_DIRECT_SOURCE_LEMMA,,,NO_DIRECT_MATCH,SOURCE_LEMMA_ONLY_NOT_SENSE_OR_POS,UNREVIEWED_NOT_SEMANTICALLY_APPROVED,NOT_CLEARED,true
lex:B2x:remarkable,B2x,remarkable,NGSL_1_2_CORE,remarkable,2191,EXACT_HEADWORD_FORM_ONLY,SOURCE_LEMMA_ONLY_NOT_SENSE_OR_POS,UNREVIEWED_NOT_SEMANTICALLY_APPROVED,NOT_CLEARED,true
lex:B2x:remarkably,B2x,remarkably,NGSL_SFI_31K_EXTENSION,remarkably,3994,EXACT_HEADWORD_FORM_ONLY,SOURCE_LEMMA_ONLY_NOT_SENSE_OR_POS,UNREVIEWED_NOT_SEMANTICALLY_APPROVED,NOT_CLEARED,true
lex:B2x:reporting,B2x,reporting,NO_DIRECT_SOURCE_LEMMA,,,NO_DIRECT_MATCH,SOURCE_LEMMA_ONLY_NOT_SENSE_OR_POS,UNREVIEWED_NOT_SEMANTICALLY_APPROVED,NOT_CLEARED,true
lex:B2x:resign,B2x,resign,NGSL_1_2_CORE,resign,2566,EXACT_HEADWORD_FORM_ONLY,SOURCE_LEMMA_ONLY_NOT_SENSE_OR_POS,UNREVIEWED_NOT_SEMANTICALLY_APPROVED,NOT_CLEARED,true
lex:B2x:resolution,B2x,resolution,NGSL_1_2_CORE,resolution,1799,EXACT_HEADWORD_FORM_ONLY,SOURCE_LEMMA_ONLY_NOT_SENSE_OR_POS,UNREVIEWED_NOT_SEMANTICALLY_APPROVED,NOT_CLEARED,true
lex:B2x:restore,B2x,restore,NGSL_1_2_CORE,restore,2100,EXACT_HEADWORD_FORM_ONLY,SOURCE_LEMMA_ONLY_NOT_SENSE_OR_POS,UNREVIEWED_NOT_SEMANTICALLY_APPROVED,NOT_CLEARED,true
lex:B2x:restrict,B2x,restrict,NGSL_1_2_CORE,restrict,2046,EXACT_HEADWORD_FORM_ONLY,SOURCE_LEMMA_ONLY_NOT_SENSE_OR_POS,UNREVIEWED_NOT_SEMANTICALLY_APPROVED,NOT_CLEARED,true
lex:B2x:restriction,B2x,restriction,NGSL_1_2_CORE,restriction,2176,EXACT_HEADWORD_FORM_ONLY,SOURCE_LEMMA_ONLY_NOT_SENSE_OR_POS,UNREVIEWED_NOT_SEMANTICALLY_APPROVED,NOT_CLEARED,true
lex:B2x:retail,B2x,retail,NGSL_1_2_CORE,retail,2037,EXACT_HEADWORD_FORM_ONLY,SOURCE_LEMMA_ONLY_NOT_SENSE_OR_POS,UNREVIEWED_NOT_SEMANTICALLY_APPROVED,NOT_CLEARED,true
lex:B2x:retirement,B2x,retirement,NGSL_1_2_CORE,retirement,2017,EXACT_HEADWORD_FORM_ONLY,SOURCE_LEMMA_ONLY_NOT_SENSE_OR_POS,UNREVIEWED_NOT_SEMANTICALLY_APPROVED,NOT_CLEARED,true
lex:B2x:revenue,B2x,revenue,NGSL_1_2_CORE,revenue,1351,EXACT_HEADWORD_FORM_ONLY,SOURCE_LEMMA_ONLY_NOT_SENSE_OR_POS,UNREVIEWED_NOT_SEMANTICALLY_APPROVED,NOT_CLEARED,true
lex:B2x:revision,B2x,revision,NGSL_SFI_31K_EXTENSION,revision,4522,EXACT_HEADWORD_FORM_ONLY,SOURCE_LEMMA_ONLY_NOT_SENSE_OR_POS,UNREVIEWED_NOT_SEMANTICALLY_APPROVED,NOT_CLEARED,true
lex:B2x:ridiculous,B2x,ridiculous,NGSL_SFI_31K_EXTENSION,ridiculous,3404,EXACT_HEADWORD_FORM_ONLY,SOURCE_LEMMA_ONLY_NOT_SENSE_OR_POS,UNREVIEWED_NOT_SEMANTICALLY_APPROVED,NOT_CLEARED,true
lex:B2x:risky,B2x,risky,NGSL_SFI_31K_EXTENSION,risky,4462,EXACT_HEADWORD_FORM_ONLY,SOURCE_LEMMA_ONLY_NOT_SENSE_OR_POS,UNREVIEWED_NOT_SEMANTICALLY_APPROVED,NOT_CLEARED,true
lex:B2x:rival,B2x,rival,NGSL_1_2_CORE,rival,2343,EXACT_HEADWORD_FORM_ONLY,SOURCE_LEMMA_ONLY_NOT_SENSE_OR_POS,UNREVIEWED_NOT_SEMANTICALLY_APPROVED,NOT_CLEARED,true
lex:B2x:rob,B2x,rob,NGSL_SFI_31K_EXTENSION,rob,4574,EXACT_HEADWORD_FORM_ONLY,SOURCE_LEMMA_ONLY_NOT_SENSE_OR_POS,UNREVIEWED_NOT_SEMANTICALLY_APPROVED,NOT_CLEARED,true
lex:B2x:robbery,B2x,robbery,NGSL_SFI_31K_EXTENSION,robbery,5681,EXACT_HEADWORD_FORM_ONLY,SOURCE_LEMMA_ONLY_NOT_SENSE_OR_POS,UNREVIEWED_NOT_SEMANTICALLY_APPROVED,NOT_CLEARED,true
lex:B2x:rocket,B2x,rocket,NGSL_SFI_31K_EXTENSION,rocket,3858,EXACT_HEADWORD_FORM_ONLY,SOURCE_LEMMA_ONLY_NOT_SENSE_OR_POS,UNREVIEWED_NOT_SEMANTICALLY_APPROVED,NOT_CLEARED,true
lex:B2x:romance,B2x,romance,NGSL_SFI_31K_EXTENSION,romance,3974,EXACT_HEADWORD_FORM_ONLY,SOURCE_LEMMA_ONLY_NOT_SENSE_OR_POS,UNREVIEWED_NOT_SEMANTICALLY_APPROVED,NOT_CLEARED,true
lex:B2x:rose,B2x,rose,NGSL_1_2_CORE,rose,2798,EXACT_HEADWORD_FORM_ONLY,SOURCE_LEMMA_ONLY_NOT_SENSE_OR_POS,UNREVIEWED_NOT_SEMANTICALLY_APPROVED,NOT_CLEARED,true
lex:B2x:roughly,B2x,roughly,NGSL_1_2_CORE,roughly,2450,EXACT_HEADWORD_FORM_ONLY,SOURCE_LEMMA_ONLY_NOT_SENSE_OR_POS,UNREVIEWED_NOT_SEMANTICALLY_APPROVED,NOT_CLEARED,true
lex:B2x:ruin,B2x,ruin,NGSL_1_2_CORE,ruin,2405,EXACT_HEADWORD_FORM_ONLY,SOURCE_LEMMA_ONLY_NOT_SENSE_OR_POS,UNREVIEWED_NOT_SEMANTICALLY_APPROVED,NOT_CLEARED,true
lex:B2x:satisfaction,B2x,satisfaction,NGSL_1_2_CORE,satisfaction,2133,EXACT_HEADWORD_FORM_ONLY,SOURCE_LEMMA_ONLY_NOT_SENSE_OR_POS,UNREVIEWED_NOT_SEMANTICALLY_APPROVED,NOT_CLEARED,true
lex:B2x:scandal,B2x,scandal,NGSL_SFI_31K_EXTENSION,scandal,2964,EXACT_HEADWORD_FORM_ONLY,SOURCE_LEMMA_ONLY_NOT_SENSE_OR_POS,UNREVIEWED_NOT_SEMANTICALLY_APPROVED,NOT_CLEARED,true
lex:B2x:scare,B2x,scare,NGSL_1_2_CORE,scare,2156,EXACT_HEADWORD_FORM_ONLY,SOURCE_LEMMA_ONLY_NOT_SENSE_OR_POS,UNREVIEWED_NOT_SEMANTICALLY_APPROVED,NOT_CLEARED,true
lex:B2x:scenario,B2x,scenario,NGSL_SFI_31K_EXTENSION,scenario,2901,EXACT_HEADWORD_FORM_ONLY,SOURCE_LEMMA_ONLY_NOT_SENSE_OR_POS,UNREVIEWED_NOT_SEMANTICALLY_APPROVED,NOT_CLEARED,true
lex:B2x:scholar,B2x,scholar,NGSL_1_2_CORE,scholar,2522,EXACT_HEADWORD_FORM_ONLY,SOURCE_LEMMA_ONLY_NOT_SENSE_OR_POS,UNREVIEWED_NOT_SEMANTICALLY_APPROVED,NOT_CLEARED,true
lex:B2x:scholarship,B2x,scholarship,NGSL_SFI_31K_EXTENSION,scholarship,3342,EXACT_HEADWORD_FORM_ONLY,SOURCE_LEMMA_ONLY_NOT_SENSE_OR_POS,UNREVIEWED_NOT_SEMANTICALLY_APPROVED,NOT_CLEARED,true
lex:B2x:scratch,B2x,scratch,NGSL_SFI_31K_EXTENSION,scratch,3240,EXACT_HEADWORD_FORM_ONLY,SOURCE_LEMMA_ONLY_NOT_SENSE_OR_POS,UNREVIEWED_NOT_SEMANTICALLY_APPROVED,NOT_CLEARED,true
lex:B2x:screening,B2x,screening,NO_DIRECT_SOURCE_LEMMA,,,NO_DIRECT_MATCH,SOURCE_LEMMA_ONLY_NOT_SENSE_OR_POS,UNREVIEWED_NOT_SEMANTICALLY_APPROVED,NOT_CLEARED,true
lex:B2x:seeker,B2x,seeker,NGSL_SFI_31K_EXTENSION,seeker,8944,EXACT_HEADWORD_FORM_ONLY,SOURCE_LEMMA_ONLY_NOT_SENSE_OR_POS,UNREVIEWED_NOT_SEMANTICALLY_APPROVED,NOT_CLEARED,true
lex:B2x:seminar,B2x,seminar,NGSL_SFI_31K_EXTENSION,seminar,2809,EXACT_HEADWORD_FORM_ONLY,SOURCE_LEMMA_ONLY_NOT_SENSE_OR_POS,UNREVIEWED_NOT_SEMANTICALLY_APPROVED,NOT_CLEARED,true
lex:B2x:settler,B2x,settler,NGSL_SFI_31K_EXTENSION,settler,5349,EXACT_HEADWORD_FORM_ONLY,SOURCE_LEMMA_ONLY_NOT_SENSE_OR_POS,UNREVIEWED_NOT_SEMANTICALLY_APPROVED,NOT_CLEARED,true
lex:B2x:severely,B2x,severely,NGSL_SFI_31K_EXTENSION,severely,3900,EXACT_HEADWORD_FORM_ONLY,SOURCE_LEMMA_ONLY_NOT_SENSE_OR_POS,UNREVIEWED_NOT_SEMANTICALLY_APPROVED,NOT_CLEARED,true
lex:B2x:sexy,B2x,sexy,NGSL_SFI_31K_EXTENSION,sexy,4601,EXACT_HEADWORD_FORM_ONLY,SOURCE_LEMMA_ONLY_NOT_SENSE_OR_POS,UNREVIEWED_NOT_SEMANTICALLY_APPROVED,NOT_CLEARED,true
lex:B2x:shaped,B2x,shaped,NO_DIRECT_SOURCE_LEMMA,,,NO_DIRECT_MATCH,SOURCE_LEMMA_ONLY_NOT_SENSE_OR_POS,UNREVIEWED_NOT_SEMANTICALLY_APPROVED,NOT_CLEARED,true
lex:B2x:shocking,B2x,shocking,NO_DIRECT_SOURCE_LEMMA,,,NO_DIRECT_MATCH,SOURCE_LEMMA_ONLY_NOT_SENSE_OR_POS,UNREVIEWED_NOT_SEMANTICALLY_APPROVED,NOT_CLEARED,true
lex:B2x:shore,B2x,shore,NGSL_1_2_CORE,shore,2737,EXACT_HEADWORD_FORM_ONLY,SOURCE_LEMMA_ONLY_NOT_SENSE_OR_POS,UNREVIEWED_NOT_SEMANTICALLY_APPROVED,NOT_CLEARED,true
lex:B2x:shortage,B2x,shortage,NGSL_SFI_31K_EXTENSION,shortage,3247,EXACT_HEADWORD_FORM_ONLY,SOURCE_LEMMA_ONLY_NOT_SENSE_OR_POS,UNREVIEWED_NOT_SEMANTICALLY_APPROVED,NOT_CLEARED,true
lex:B2x:shortly,B2x,shortly,NGSL_SFI_31K_EXTENSION,shortly,2360,EXACT_HEADWORD_FORM_ONLY,SOURCE_LEMMA_ONLY_NOT_SENSE_OR_POS,UNREVIEWED_NOT_SEMANTICALLY_APPROVED,NOT_CLEARED,true
lex:B2x:short-term,B2x,short-term,NO_DIRECT_SOURCE_LEMMA,,,NO_DIRECT_MATCH,SOURCE_LEMMA_ONLY_NOT_SENSE_OR_POS,UNREVIEWED_NOT_SEMANTICALLY_APPROVED,NOT_CLEARED,true
lex:B2x:sibling,B2x,sibling,NGSL_SFI_31K_EXTENSION,sibling,4441,EXACT_HEADWORD_FORM_ONLY,SOURCE_LEMMA_ONLY_NOT_SENSE_OR_POS,UNREVIEWED_NOT_SEMANTICALLY_APPROVED,NOT_CLEARED,true
lex:B2x:signature,B2x,signature,NGSL_SFI_31K_EXTENSION,signature,3154,EXACT_HEADWORD_FORM_ONLY,SOURCE_LEMMA_ONLY_NOT_SENSE_OR_POS,UNREVIEWED_NOT_SEMANTICALLY_APPROVED,NOT_CLEARED,true
lex:B2x:significance,B2x,significance,NGSL_1_2_CORE,significance,2351,EXACT_HEADWORD_FORM_ONLY,SOURCE_LEMMA_ONLY_NOT_SENSE_OR_POS,UNREVIEWED_NOT_SEMANTICALLY_APPROVED,NOT_CLEARED,true
lex:B2x:skilled,B2x,skilled,NO_DIRECT_SOURCE_LEMMA,,,NO_DIRECT_MATCH,SOURCE_LEMMA_ONLY_NOT_SENSE_OR_POS,UNREVIEWED_NOT_SEMANTICALLY_APPROVED,NOT_CLEARED,true
lex:B2x:skull,B2x,skull,NGSL_SFI_31K_EXTENSION,skull,4667,EXACT_HEADWORD_FORM_ONLY,SOURCE_LEMMA_ONLY_NOT_SENSE_OR_POS,UNREVIEWED_NOT_SEMANTICALLY_APPROVED,NOT_CLEARED,true
lex:B2x:slogan,B2x,slogan,NGSL_SFI_31K_EXTENSION,slogan,5205,EXACT_HEADWORD_FORM_ONLY,SOURCE_LEMMA_ONLY_NOT_SENSE_OR_POS,UNREVIEWED_NOT_SEMANTICALLY_APPROVED,NOT_CLEARED,true
lex:B2x:so-called,B2x,so-called,NO_DIRECT_SOURCE_LEMMA,,,NO_DIRECT_MATCH,SOURCE_LEMMA_ONLY_NOT_SENSE_OR_POS,UNREVIEWED_NOT_SEMANTICALLY_APPROVED,NOT_CLEARED,true
lex:B2x:somehow,B2x,somehow,NGSL_1_2_CORE,somehow,1692,EXACT_HEADWORD_FORM_ONLY,SOURCE_LEMMA_ONLY_NOT_SENSE_OR_POS,UNREVIEWED_NOT_SEMANTICALLY_APPROVED,NOT_CLEARED,true
lex:B2x:sometime,B2x,sometime,NGSL_SFI_31K_EXTENSION,sometime,3604,EXACT_HEADWORD_FORM_ONLY,SOURCE_LEMMA_ONLY_NOT_SENSE_OR_POS,UNREVIEWED_NOT_SEMANTICALLY_APPROVED,NOT_CLEARED,true
lex:B2x:sophisticated,B2x,sophisticated,NO_DIRECT_SOURCE_LEMMA,,,NO_DIRECT_MATCH,SOURCE_LEMMA_ONLY_NOT_SENSE_OR_POS,UNREVIEWED_NOT_SEMANTICALLY_APPROVED,NOT_CLEARED,true
lex:B2x:spare,B2x,spare,NGSL_1_2_CORE,spare,2126,EXACT_HEADWORD_FORM_ONLY,SOURCE_LEMMA_ONLY_NOT_SENSE_OR_POS,UNREVIEWED_NOT_SEMANTICALLY_APPROVED,NOT_CLEARED,true
lex:B2x:specify,B2x,specify,NGSL_1_2_CORE,specify,2326,EXACT_HEADWORD_FORM_ONLY,SOURCE_LEMMA_ONLY_NOT_SENSE_OR_POS,UNREVIEWED_NOT_SEMANTICALLY_APPROVED,NOT_CLEARED,true
lex:B2x:spectacular,B2x,spectacular,NGSL_SFI_31K_EXTENSION,spectacular,3466,EXACT_HEADWORD_FORM_ONLY,SOURCE_LEMMA_ONLY_NOT_SENSE_OR_POS,UNREVIEWED_NOT_SEMANTICALLY_APPROVED,NOT_CLEARED,true
lex:B2x:spectator,B2x,spectator,NGSL_SFI_31K_EXTENSION,spectator,4814,EXACT_HEADWORD_FORM_ONLY,SOURCE_LEMMA_ONLY_NOT_SENSE_OR_POS,UNREVIEWED_NOT_SEMANTICALLY_APPROVED,NOT_CLEARED,true
lex:B2x:speculate,B2x,speculate,NGSL_SFI_31K_EXTENSION,speculate,4348,EXACT_HEADWORD_FORM_ONLY,SOURCE_LEMMA_ONLY_NOT_SENSE_OR_POS,UNREVIEWED_NOT_SEMANTICALLY_APPROVED,NOT_CLEARED,true
lex:B2x:speculation,B2x,speculation,NGSL_SFI_31K_EXTENSION,speculation,3704,EXACT_HEADWORD_FORM_ONLY,SOURCE_LEMMA_ONLY_NOT_SENSE_OR_POS,UNREVIEWED_NOT_SEMANTICALLY_APPROVED,NOT_CLEARED,true
lex:B2x:spice,B2x,spice,NGSL_SFI_31K_EXTENSION,spice,5319,EXACT_HEADWORD_FORM_ONLY,SOURCE_LEMMA_ONLY_NOT_SENSE_OR_POS,UNREVIEWED_NOT_SEMANTICALLY_APPROVED,NOT_CLEARED,true
lex:B2x:spill,B2x,spill,NGSL_SFI_31K_EXTENSION,spill,3712,EXACT_HEADWORD_FORM_ONLY,SOURCE_LEMMA_ONLY_NOT_SENSE_OR_POS,UNREVIEWED_NOT_SEMANTICALLY_APPROVED,NOT_CLEARED,true
lex:B2x:spite,B2x,spite,NGSL_SFI_31K_EXTENSION,spite,2604,EXACT_HEADWORD_FORM_ONLY,SOURCE_LEMMA_ONLY_NOT_SENSE_OR_POS,UNREVIEWED_NOT_SEMANTICALLY_APPROVED,NOT_CLEARED,true
lex:B2x:spoil,B2x,spoil,NGSL_SFI_31K_EXTENSION,spoil,3288,EXACT_HEADWORD_FORM_ONLY,SOURCE_LEMMA_ONLY_NOT_SENSE_OR_POS,UNREVIEWED_NOT_SEMANTICALLY_APPROVED,NOT_CLEARED,true
lex:B2x:spokesman,B2x,spokesman,NGSL_SFI_31K_EXTENSION,spokesman,2738,EXACT_HEADWORD_FORM_ONLY,SOURCE_LEMMA_ONLY_NOT_SENSE_OR_POS,UNREVIEWED_NOT_SEMANTICALLY_APPROVED,NOT_CLEARED,true
lex:B2x:spokesperson,B2x,spokesperson,NGSL_SFI_31K_EXTENSION,spokesperson,7829,EXACT_HEADWORD_FORM_ONLY,SOURCE_LEMMA_ONLY_NOT_SENSE_OR_POS,UNREVIEWED_NOT_SEMANTICALLY_APPROVED,NOT_CLEARED,true
lex:B2x:spokeswoman,B2x,spokeswoman,NGSL_SFI_31K_EXTENSION,spokeswoman,6934,EXACT_HEADWORD_FORM_ONLY,SOURCE_LEMMA_ONLY_NOT_SENSE_OR_POS,UNREVIEWED_NOT_SEMANTICALLY_APPROVED,NOT_CLEARED,true
lex:B2x:sponsorship,B2x,sponsorship,NGSL_SFI_31K_EXTENSION,sponsorship,5920,EXACT_HEADWORD_FORM_ONLY,SOURCE_LEMMA_ONLY_NOT_SENSE_OR_POS,UNREVIEWED_NOT_SEMANTICALLY_APPROVED,NOT_CLEARED,true
lex:B2x:sporting,B2x,sporting,NO_DIRECT_SOURCE_LEMMA,,,NO_DIRECT_MATCH,SOURCE_LEMMA_ONLY_NOT_SENSE_OR_POS,UNREVIEWED_NOT_SEMANTICALLY_APPROVED,NOT_CLEARED,true
lex:B2x:stall,B2x,stall,NGSL_SFI_31K_EXTENSION,stall,3088,EXACT_HEADWORD_FORM_ONLY,SOURCE_LEMMA_ONLY_NOT_SENSE_OR_POS,UNREVIEWED_NOT_SEMANTICALLY_APPROVED,NOT_CLEARED,true
lex:B2x:stance,B2x,stance,NGSL_SFI_31K_EXTENSION,stance,3583,EXACT_HEADWORD_FORM_ONLY,SOURCE_LEMMA_ONLY_NOT_SENSE_OR_POS,UNREVIEWED_NOT_SEMANTICALLY_APPROVED,NOT_CLEARED,true
lex:B2x:starve,B2x,starve,NGSL_SFI_31K_EXTENSION,starve,4354,EXACT_HEADWORD_FORM_ONLY,SOURCE_LEMMA_ONLY_NOT_SENSE_OR_POS,UNREVIEWED_NOT_SEMANTICALLY_APPROVED,NOT_CLEARED,true
lex:B2x:steadily,B2x,steadily,NGSL_SFI_31K_EXTENSION,steadily,3128,EXACT_HEADWORD_FORM_ONLY,SOURCE_LEMMA_ONLY_NOT_SENSE_OR_POS,UNREVIEWED_NOT_SEMANTICALLY_APPROVED,NOT_CLEARED,true
lex:B2x:steam,B2x,steam,NGSL_SFI_31K_EXTENSION,steam,2938,EXACT_HEADWORD_FORM_ONLY,SOURCE_LEMMA_ONLY_NOT_SENSE_OR_POS,UNREVIEWED_NOT_SEMANTICALLY_APPROVED,NOT_CLEARED,true
lex:B2x:stimulate,B2x,stimulate,NGSL_1_2_CORE,stimulate,2621,EXACT_HEADWORD_FORM_ONLY,SOURCE_LEMMA_ONLY_NOT_SENSE_OR_POS,UNREVIEWED_NOT_SEMANTICALLY_APPROVED,NOT_CLEARED,true
lex:B2x:strengthen,B2x,strengthen,NGSL_1_2_CORE,strengthen,2552,EXACT_HEADWORD_FORM_ONLY,SOURCE_LEMMA_ONLY_NOT_SENSE_OR_POS,UNREVIEWED_NOT_SEMANTICALLY_APPROVED,NOT_CLEARED,true
lex:B2x:strictly,B2x,strictly,NGSL_SFI_31K_EXTENSION,strictly,3244,EXACT_HEADWORD_FORM_ONLY,SOURCE_LEMMA_ONLY_NOT_SENSE_OR_POS,UNREVIEWED_NOT_SEMANTICALLY_APPROVED,NOT_CLEARED,true
lex:B2x:stroke,B2x,stroke,NGSL_1_2_CORE,stroke,2400,EXACT_HEADWORD_FORM_ONLY,SOURCE_LEMMA_ONLY_NOT_SENSE_OR_POS,UNREVIEWED_NOT_SEMANTICALLY_APPROVED,NOT_CLEARED,true
lex:B2x:stunning,B2x,stunning,NO_DIRECT_SOURCE_LEMMA,,,NO_DIRECT_MATCH,SOURCE_LEMMA_ONLY_NOT_SENSE_OR_POS,UNREVIEWED_NOT_SEMANTICALLY_APPROVED,NOT_CLEARED,true
lex:B2x:subsequent,B2x,subsequent,NGSL_1_2_CORE,subsequent,2251,EXACT_HEADWORD_FORM_ONLY,SOURCE_LEMMA_ONLY_NOT_SENSE_OR_POS,UNREVIEWED_NOT_SEMANTICALLY_APPROVED,NOT_CLEARED,true
lex:B2x:subsequently,B2x,subsequently,NGSL_1_2_CORE,subsequently,2749,EXACT_HEADWORD_FORM_ONLY,SOURCE_LEMMA_ONLY_NOT_SENSE_OR_POS,UNREVIEWED_NOT_SEMANTICALLY_APPROVED,NOT_CLEARED,true
lex:B2x:suburb,B2x,suburb,NGSL_SFI_31K_EXTENSION,suburb,3205,EXACT_HEADWORD_FORM_ONLY,SOURCE_LEMMA_ONLY_NOT_SENSE_OR_POS,UNREVIEWED_NOT_SEMANTICALLY_APPROVED,NOT_CLEARED,true
lex:B2x:suffering,B2x,suffering,NO_DIRECT_SOURCE_LEMMA,,,NO_DIRECT_MATCH,SOURCE_LEMMA_ONLY_NOT_SENSE_OR_POS,UNREVIEWED_NOT_SEMANTICALLY_APPROVED,NOT_CLEARED,true
lex:B2x:sufficient,B2x,sufficient,NGSL_1_2_CORE,sufficient,1932,EXACT_HEADWORD_FORM_ONLY,SOURCE_LEMMA_ONLY_NOT_SENSE_OR_POS,UNREVIEWED_NOT_SEMANTICALLY_APPROVED,NOT_CLEARED,true
lex:B2x:sufficiently,B2x,sufficiently,NGSL_SFI_31K_EXTENSION,sufficiently,3493,EXACT_HEADWORD_FORM_ONLY,SOURCE_LEMMA_ONLY_NOT_SENSE_OR_POS,UNREVIEWED_NOT_SEMANTICALLY_APPROVED,NOT_CLEARED,true
lex:B2x:super,B2x,super,NGSL_SFI_31K_EXTENSION,super,3981,EXACT_HEADWORD_FORM_ONLY,SOURCE_LEMMA_ONLY_NOT_SENSE_OR_POS,UNREVIEWED_NOT_SEMANTICALLY_APPROVED,NOT_CLEARED,true
lex:B2x:surgeon,B2x,surgeon,NGSL_SFI_31K_EXTENSION,surgeon,3745,EXACT_HEADWORD_FORM_ONLY,SOURCE_LEMMA_ONLY_NOT_SENSE_OR_POS,UNREVIEWED_NOT_SEMANTICALLY_APPROVED,NOT_CLEARED,true
lex:B2x:survival,B2x,survival,NGSL_1_2_CORE,survival,2411,EXACT_HEADWORD_FORM_ONLY,SOURCE_LEMMA_ONLY_NOT_SENSE_OR_POS,UNREVIEWED_NOT_SEMANTICALLY_APPROVED,NOT_CLEARED,true
lex:B2x:survivor,B2x,survivor,NGSL_SFI_31K_EXTENSION,survivor,3431,EXACT_HEADWORD_FORM_ONLY,SOURCE_LEMMA_ONLY_NOT_SENSE_OR_POS,UNREVIEWED_NOT_SEMANTICALLY_APPROVED,NOT_CLEARED,true
lex:B2x:suspend,B2x,suspend,NGSL_1_2_CORE,suspend,2754,EXACT_HEADWORD_FORM_ONLY,SOURCE_LEMMA_ONLY_NOT_SENSE_OR_POS,UNREVIEWED_NOT_SEMANTICALLY_APPROVED,NOT_CLEARED,true
lex:B2x:sustainable,B2x,sustainable,NGSL_SFI_31K_EXTENSION,sustainable,4188,EXACT_HEADWORD_FORM_ONLY,SOURCE_LEMMA_ONLY_NOT_SENSE_OR_POS,UNREVIEWED_NOT_SEMANTICALLY_APPROVED,NOT_CLEARED,true
lex:B2x:swallow,B2x,swallow,NGSL_SFI_31K_EXTENSION,swallow,3272,EXACT_HEADWORD_FORM_ONLY,SOURCE_LEMMA_ONLY_NOT_SENSE_OR_POS,UNREVIEWED_NOT_SEMANTICALLY_APPROVED,NOT_CLEARED,true
lex:B2x:sympathetic,B2x,sympathetic,NGSL_SFI_31K_EXTENSION,sympathetic,3932,EXACT_HEADWORD_FORM_ONLY,SOURCE_LEMMA_ONLY_NOT_SENSE_OR_POS,UNREVIEWED_NOT_SEMANTICALLY_APPROVED,NOT_CLEARED,true
lex:B2x:tackle,B2x,tackle,NGSL_1_2_CORE,tackle,2506,EXACT_HEADWORD_FORM_ONLY,SOURCE_LEMMA_ONLY_NOT_SENSE_OR_POS,UNREVIEWED_NOT_SEMANTICALLY_APPROVED,NOT_CLEARED,true
lex:B2x:tag,B2x,tag,NGSL_SFI_31K_EXTENSION,tag,3458,EXACT_HEADWORD_FORM_ONLY,SOURCE_LEMMA_ONLY_NOT_SENSE_OR_POS,UNREVIEWED_NOT_SEMANTICALLY_APPROVED,NOT_CLEARED,true
lex:B2x:tap,B2x,tap,NGSL_1_2_CORE,tap,2297,EXACT_HEADWORD_FORM_ONLY,SOURCE_LEMMA_ONLY_NOT_SENSE_OR_POS,UNREVIEWED_NOT_SEMANTICALLY_APPROVED,NOT_CLEARED,true
lex:B2x:technological,B2x,technological,NGSL_SFI_31K_EXTENSION,technological,3001,EXACT_HEADWORD_FORM_ONLY,SOURCE_LEMMA_ONLY_NOT_SENSE_OR_POS,UNREVIEWED_NOT_SEMANTICALLY_APPROVED,NOT_CLEARED,true
lex:B2x:teens,B2x,teens,NO_DIRECT_SOURCE_LEMMA,,,NO_DIRECT_MATCH,SOURCE_LEMMA_ONLY_NOT_SENSE_OR_POS,UNREVIEWED_NOT_SEMANTICALLY_APPROVED,NOT_CLEARED,true
lex:B2x:temple,B2x,temple,NGSL_SFI_31K_EXTENSION,temple,3426,EXACT_HEADWORD_FORM_ONLY,SOURCE_LEMMA_ONLY_NOT_SENSE_OR_POS,UNREVIEWED_NOT_SEMANTICALLY_APPROVED,NOT_CLEARED,true
lex:B2x:temporarily,B2x,temporarily,NGSL_SFI_31K_EXTENSION,temporarily,4440,EXACT_HEADWORD_FORM_ONLY,SOURCE_LEMMA_ONLY_NOT_SENSE_OR_POS,UNREVIEWED_NOT_SEMANTICALLY_APPROVED,NOT_CLEARED,true
lex:B2x:tendency,B2x,tendency,NGSL_1_2_CORE,tendency,2408,EXACT_HEADWORD_FORM_ONLY,SOURCE_LEMMA_ONLY_NOT_SENSE_OR_POS,UNREVIEWED_NOT_SEMANTICALLY_APPROVED,NOT_CLEARED,true
lex:B2x:tension,B2x,tension,NGSL_1_2_CORE,tension,2075,EXACT_HEADWORD_FORM_ONLY,SOURCE_LEMMA_ONLY_NOT_SENSE_OR_POS,UNREVIEWED_NOT_SEMANTICALLY_APPROVED,NOT_CLEARED,true
lex:B2x:terminal,B2x,terminal,NGSL_SFI_31K_EXTENSION,terminal,3112,EXACT_HEADWORD_FORM_ONLY,SOURCE_LEMMA_ONLY_NOT_SENSE_OR_POS,UNREVIEWED_NOT_SEMANTICALLY_APPROVED,NOT_CLEARED,true
lex:B2x:terms,B2x,terms,NO_DIRECT_SOURCE_LEMMA,,,NO_DIRECT_MATCH,SOURCE_LEMMA_ONLY_NOT_SENSE_OR_POS,UNREVIEWED_NOT_SEMANTICALLY_APPROVED,NOT_CLEARED,true
lex:B2x:terribly,B2x,terribly,NGSL_SFI_31K_EXTENSION,terribly,3661,EXACT_HEADWORD_FORM_ONLY,SOURCE_LEMMA_ONLY_NOT_SENSE_OR_POS,UNREVIEWED_NOT_SEMANTICALLY_APPROVED,NOT_CLEARED,true
lex:B2x:terrify,B2x,terrify,NGSL_SFI_31K_EXTENSION,terrify,3615,EXACT_HEADWORD_FORM_ONLY,SOURCE_LEMMA_ONLY_NOT_SENSE_OR_POS,UNREVIEWED_NOT_SEMANTICALLY_APPROVED,NOT_CLEARED,true
lex:B2x:territory,B2x,territory,NGSL_1_2_CORE,territory,2147,EXACT_HEADWORD_FORM_ONLY,SOURCE_LEMMA_ONLY_NOT_SENSE_OR_POS,UNREVIEWED_NOT_SEMANTICALLY_APPROVED,NOT_CLEARED,true
lex:B2x:terror,B2x,terror,NGSL_SFI_31K_EXTENSION,terror,3057,EXACT_HEADWORD_FORM_ONLY,SOURCE_LEMMA_ONLY_NOT_SENSE_OR_POS,UNREVIEWED_NOT_SEMANTICALLY_APPROVED,NOT_CLEARED,true
lex:B2x:terrorism,B2x,terrorism,NGSL_SFI_31K_EXTENSION,terrorism,2965,EXACT_HEADWORD_FORM_ONLY,SOURCE_LEMMA_ONLY_NOT_SENSE_OR_POS,UNREVIEWED_NOT_SEMANTICALLY_APPROVED,NOT_CLEARED,true
lex:B2x:terrorist,B2x,terrorist,NGSL_1_2_CORE,terrorist,2121,EXACT_HEADWORD_FORM_ONLY,SOURCE_LEMMA_ONLY_NOT_SENSE_OR_POS,UNREVIEWED_NOT_SEMANTICALLY_APPROVED,NOT_CLEARED,true
lex:B2x:testing,B2x,testing,NO_DIRECT_SOURCE_LEMMA,,,NO_DIRECT_MATCH,SOURCE_LEMMA_ONLY_NOT_SENSE_OR_POS,UNREVIEWED_NOT_SEMANTICALLY_APPROVED,NOT_CLEARED,true
lex:B2x:textbook,B2x,textbook,NGSL_SFI_31K_EXTENSION,textbook,4628,EXACT_HEADWORD_FORM_ONLY,SOURCE_LEMMA_ONLY_NOT_SENSE_OR_POS,UNREVIEWED_NOT_SEMANTICALLY_APPROVED,NOT_CLEARED,true
lex:B2x:theft,B2x,theft,NGSL_SFI_31K_EXTENSION,theft,4495,EXACT_HEADWORD_FORM_ONLY,SOURCE_LEMMA_ONLY_NOT_SENSE_OR_POS,UNREVIEWED_NOT_SEMANTICALLY_APPROVED,NOT_CLEARED,true
lex:B2x:therapist,B2x,therapist,NGSL_SFI_31K_EXTENSION,therapist,5094,EXACT_HEADWORD_FORM_ONLY,SOURCE_LEMMA_ONLY_NOT_SENSE_OR_POS,UNREVIEWED_NOT_SEMANTICALLY_APPROVED,NOT_CLEARED,true
lex:B2x:thesis,B2x,thesis,NGSL_SFI_31K_EXTENSION,thesis,3776,EXACT_HEADWORD_FORM_ONLY,SOURCE_LEMMA_ONLY_NOT_SENSE_OR_POS,UNREVIEWED_NOT_SEMANTICALLY_APPROVED,NOT_CLEARED,true
lex:B2x:thorough,B2x,thorough,NGSL_SFI_31K_EXTENSION,thorough,4326,EXACT_HEADWORD_FORM_ONLY,SOURCE_LEMMA_ONLY_NOT_SENSE_OR_POS,UNREVIEWED_NOT_SEMANTICALLY_APPROVED,NOT_CLEARED,true
lex:B2x:thoroughly,B2x,thoroughly,NGSL_SFI_31K_EXTENSION,thoroughly,3267,EXACT_HEADWORD_FORM_ONLY,SOURCE_LEMMA_ONLY_NOT_SENSE_OR_POS,UNREVIEWED_NOT_SEMANTICALLY_APPROVED,NOT_CLEARED,true
lex:B2x:thumb,B2x,thumb,NGSL_SFI_31K_EXTENSION,thumb,3968,EXACT_HEADWORD_FORM_ONLY,SOURCE_LEMMA_ONLY_NOT_SENSE_OR_POS,UNREVIEWED_NOT_SEMANTICALLY_APPROVED,NOT_CLEARED,true
lex:B2x:timing,B2x,timing,NO_DIRECT_SOURCE_LEMMA,,,NO_DIRECT_MATCH,SOURCE_LEMMA_ONLY_NOT_SENSE_OR_POS,UNREVIEWED_NOT_SEMANTICALLY_APPROVED,NOT_CLEARED,true
lex:B2x:tissue,B2x,tissue,NGSL_1_2_CORE,tissue,2625,EXACT_HEADWORD_FORM_ONLY,SOURCE_LEMMA_ONLY_NOT_SENSE_OR_POS,UNREVIEWED_NOT_SEMANTICALLY_APPROVED,NOT_CLEARED,true
lex:B2x:ton,B2x,ton,NGSL_SFI_31K_EXTENSION,ton,3023,EXACT_HEADWORD_FORM_ONLY,SOURCE_LEMMA_ONLY_NOT_SENSE_OR_POS,UNREVIEWED_NOT_SEMANTICALLY_APPROVED,NOT_CLEARED,true
lex:B2x:tonne,B2x,tonne,NGSL_SFI_31K_EXTENSION,tonne,3629,EXACT_HEADWORD_FORM_ONLY,SOURCE_LEMMA_ONLY_NOT_SENSE_OR_POS,UNREVIEWED_NOT_SEMANTICALLY_APPROVED,NOT_CLEARED,true
lex:B2x:tournament,B2x,tournament,NGSL_1_2_CORE,tournament,2782,EXACT_HEADWORD_FORM_ONLY,SOURCE_LEMMA_ONLY_NOT_SENSE_OR_POS,UNREVIEWED_NOT_SEMANTICALLY_APPROVED,NOT_CLEARED,true
lex:B2x:trace,B2x,trace,NGSL_1_2_CORE,trace,2047,EXACT_HEADWORD_FORM_ONLY,SOURCE_LEMMA_ONLY_NOT_SENSE_OR_POS,UNREVIEWED_NOT_SEMANTICALLY_APPROVED,NOT_CLEARED,true
lex:B2x:trading,B2x,trading,NO_DIRECT_SOURCE_LEMMA,,,NO_DIRECT_MATCH,SOURCE_LEMMA_ONLY_NOT_SENSE_OR_POS,UNREVIEWED_NOT_SEMANTICALLY_APPROVED,NOT_CLEARED,true
lex:B2x:tragedy,B2x,tragedy,NGSL_SFI_31K_EXTENSION,tragedy,3065,EXACT_HEADWORD_FORM_ONLY,SOURCE_LEMMA_ONLY_NOT_SENSE_OR_POS,UNREVIEWED_NOT_SEMANTICALLY_APPROVED,NOT_CLEARED,true
lex:B2x:tragic,B2x,tragic,NGSL_SFI_31K_EXTENSION,tragic,4177,EXACT_HEADWORD_FORM_ONLY,SOURCE_LEMMA_ONLY_NOT_SENSE_OR_POS,UNREVIEWED_NOT_SEMANTICALLY_APPROVED,NOT_CLEARED,true
lex:B2x:trait,B2x,trait,NGSL_SFI_31K_EXTENSION,trait,3845,EXACT_HEADWORD_FORM_ONLY,SOURCE_LEMMA_ONLY_NOT_SENSE_OR_POS,UNREVIEWED_NOT_SEMANTICALLY_APPROVED,NOT_CLEARED,true
lex:B2x:transmit,B2x,transmit,NGSL_SFI_31K_EXTENSION,transmit,3483,EXACT_HEADWORD_FORM_ONLY,SOURCE_LEMMA_ONLY_NOT_SENSE_OR_POS,UNREVIEWED_NOT_SEMANTICALLY_APPROVED,NOT_CLEARED,true
lex:B2x:transportation,B2x,transportation,NGSL_1_2_CORE,transportation,2703,EXACT_HEADWORD_FORM_ONLY,SOURCE_LEMMA_ONLY_NOT_SENSE_OR_POS,UNREVIEWED_NOT_SEMANTICALLY_APPROVED,NOT_CLEARED,true
lex:B2x:trap,B2x,trap,NGSL_1_2_CORE,trap,2184,EXACT_HEADWORD_FORM_ONLY,SOURCE_LEMMA_ONLY_NOT_SENSE_OR_POS,UNREVIEWED_NOT_SEMANTICALLY_APPROVED,NOT_CLEARED,true
lex:B2x:treasure,B2x,treasure,NGSL_SFI_31K_EXTENSION,treasure,3127,EXACT_HEADWORD_FORM_ONLY,SOURCE_LEMMA_ONLY_NOT_SENSE_OR_POS,UNREVIEWED_NOT_SEMANTICALLY_APPROVED,NOT_CLEARED,true
lex:B2x:tribe,B2x,tribe,NGSL_SFI_31K_EXTENSION,tribe,3310,EXACT_HEADWORD_FORM_ONLY,SOURCE_LEMMA_ONLY_NOT_SENSE_OR_POS,UNREVIEWED_NOT_SEMANTICALLY_APPROVED,NOT_CLEARED,true
lex:B2x:trigger,B2x,trigger,NGSL_1_2_CORE,trigger,2586,EXACT_HEADWORD_FORM_ONLY,SOURCE_LEMMA_ONLY_NOT_SENSE_OR_POS,UNREVIEWED_NOT_SEMANTICALLY_APPROVED,NOT_CLEARED,true
lex:B2x:trillion,B2x,trillion,NGSL_1_2_SUPPLEMENT,trillion,,EXACT_HEADWORD_FORM_ONLY,SOURCE_LEMMA_ONLY_NOT_SENSE_OR_POS,UNREVIEWED_NOT_SEMANTICALLY_APPROVED,NOT_CLEARED,true
lex:B2x:troop,B2x,troop,NGSL_1_2_CORE,troop,1457,EXACT_HEADWORD_FORM_ONLY,SOURCE_LEMMA_ONLY_NOT_SENSE_OR_POS,UNREVIEWED_NOT_SEMANTICALLY_APPROVED,NOT_CLEARED,true
lex:B2x:tsunami,B2x,tsunami,NGSL_SFI_31K_EXTENSION,tsunami,11765,EXACT_HEADWORD_FORM_ONLY,SOURCE_LEMMA_ONLY_NOT_SENSE_OR_POS,UNREVIEWED_NOT_SEMANTICALLY_APPROVED,NOT_CLEARED,true
lex:B2x:ultimate,B2x,ultimate,NGSL_SFI_31K_EXTENSION,ultimate,2786,EXACT_HEADWORD_FORM_ONLY,SOURCE_LEMMA_ONLY_NOT_SENSE_OR_POS,UNREVIEWED_NOT_SEMANTICALLY_APPROVED,NOT_CLEARED,true
lex:B2x:unacceptable,B2x,unacceptable,NGSL_SFI_31K_EXTENSION,unacceptable,4665,EXACT_HEADWORD_FORM_ONLY,SOURCE_LEMMA_ONLY_NOT_SENSE_OR_POS,UNREVIEWED_NOT_SEMANTICALLY_APPROVED,NOT_CLEARED,true
lex:B2x:uncertainty,B2x,uncertainty,NGSL_1_2_CORE,uncertainty,2734,EXACT_HEADWORD_FORM_ONLY,SOURCE_LEMMA_ONLY_NOT_SENSE_OR_POS,UNREVIEWED_NOT_SEMANTICALLY_APPROVED,NOT_CLEARED,true
lex:B2x:undergo,B2x,undergo,NGSL_1_2_CORE,undergo,2557,EXACT_HEADWORD_FORM_ONLY,SOURCE_LEMMA_ONLY_NOT_SENSE_OR_POS,UNREVIEWED_NOT_SEMANTICALLY_APPROVED,NOT_CLEARED,true
lex:B2x:undertake,B2x,undertake,NGSL_1_2_CORE,undertake,2036,EXACT_HEADWORD_FORM_ONLY,SOURCE_LEMMA_ONLY_NOT_SENSE_OR_POS,UNREVIEWED_NOT_SEMANTICALLY_APPROVED,NOT_CLEARED,true
lex:B2x:unfold,B2x,unfold,NGSL_SFI_31K_EXTENSION,unfold,4317,EXACT_HEADWORD_FORM_ONLY,SOURCE_LEMMA_ONLY_NOT_SENSE_OR_POS,UNREVIEWED_NOT_SEMANTICALLY_APPROVED,NOT_CLEARED,true
lex:B2x:unfortunate,B2x,unfortunate,NGSL_SFI_31K_EXTENSION,unfortunate,3577,EXACT_HEADWORD_FORM_ONLY,SOURCE_LEMMA_ONLY_NOT_SENSE_OR_POS,UNREVIEWED_NOT_SEMANTICALLY_APPROVED,NOT_CLEARED,true
lex:B2x:unite,B2x,unite,NGSL_1_2_CORE,unite,2767,EXACT_HEADWORD_FORM_ONLY,SOURCE_LEMMA_ONLY_NOT_SENSE_OR_POS,UNREVIEWED_NOT_SEMANTICALLY_APPROVED,NOT_CLEARED,true
lex:B2x:unity,B2x,unity,NGSL_SFI_31K_EXTENSION,unity,3839,EXACT_HEADWORD_FORM_ONLY,SOURCE_LEMMA_ONLY_NOT_SENSE_OR_POS,UNREVIEWED_NOT_SEMANTICALLY_APPROVED,NOT_CLEARED,true
lex:B2x:universal,B2x,universal,NGSL_1_2_CORE,universal,2355,EXACT_HEADWORD_FORM_ONLY,SOURCE_LEMMA_ONLY_NOT_SENSE_OR_POS,UNREVIEWED_NOT_SEMANTICALLY_APPROVED,NOT_CLEARED,true
lex:B2x:urgent,B2x,urgent,NGSL_SFI_31K_EXTENSION,urgent,3064,EXACT_HEADWORD_FORM_ONLY,SOURCE_LEMMA_ONLY_NOT_SENSE_OR_POS,UNREVIEWED_NOT_SEMANTICALLY_APPROVED,NOT_CLEARED,true
lex:B2x:usage,B2x,usage,NGSL_SFI_31K_EXTENSION,usage,3510,EXACT_HEADWORD_FORM_ONLY,SOURCE_LEMMA_ONLY_NOT_SENSE_OR_POS,UNREVIEWED_NOT_SEMANTICALLY_APPROVED,NOT_CLEARED,true
lex:B2x:useless,B2x,useless,NGSL_SFI_31K_EXTENSION,useless,3930,EXACT_HEADWORD_FORM_ONLY,SOURCE_LEMMA_ONLY_NOT_SENSE_OR_POS,UNREVIEWED_NOT_SEMANTICALLY_APPROVED,NOT_CLEARED,true
lex:B2x:valid,B2x,valid,NGSL_SFI_31K_EXTENSION,valid,3090,EXACT_HEADWORD_FORM_ONLY,SOURCE_LEMMA_ONLY_NOT_SENSE_OR_POS,UNREVIEWED_NOT_SEMANTICALLY_APPROVED,NOT_CLEARED,true
lex:B2x:variation,B2x,variation,NGSL_1_2_CORE,variation,2019,EXACT_HEADWORD_FORM_ONLY,SOURCE_LEMMA_ONLY_NOT_SENSE_OR_POS,UNREVIEWED_NOT_SEMANTICALLY_APPROVED,NOT_CLEARED,true
lex:B2x:vertical,B2x,vertical,NGSL_SFI_31K_EXTENSION,vertical,3619,EXACT_HEADWORD_FORM_ONLY,SOURCE_LEMMA_ONLY_NOT_SENSE_OR_POS,UNREVIEWED_NOT_SEMANTICALLY_APPROVED,NOT_CLEARED,true
lex:B2x:viewpoint,B2x,viewpoint,NGSL_SFI_31K_EXTENSION,viewpoint,4817,EXACT_HEADWORD_FORM_ONLY,SOURCE_LEMMA_ONLY_NOT_SENSE_OR_POS,UNREVIEWED_NOT_SEMANTICALLY_APPROVED,NOT_CLEARED,true
lex:B2x:visa,B2x,visa,NGSL_SFI_31K_EXTENSION,visa,5332,EXACT_HEADWORD_FORM_ONLY,SOURCE_LEMMA_ONLY_NOT_SENSE_OR_POS,UNREVIEWED_NOT_SEMANTICALLY_APPROVED,NOT_CLEARED,true
lex:B2x:visible,B2x,visible,NGSL_1_2_CORE,visible,2419,EXACT_HEADWORD_FORM_ONLY,SOURCE_LEMMA_ONLY_NOT_SENSE_OR_POS,UNREVIEWED_NOT_SEMANTICALLY_APPROVED,NOT_CLEARED,true
lex:B2x:voluntary,B2x,voluntary,NGSL_1_2_CORE,voluntary,2756,EXACT_HEADWORD_FORM_ONLY,SOURCE_LEMMA_ONLY_NOT_SENSE_OR_POS,UNREVIEWED_NOT_SEMANTICALLY_APPROVED,NOT_CLEARED,true
lex:B2x:voting,B2x,voting,NO_DIRECT_SOURCE_LEMMA,,,NO_DIRECT_MATCH,SOURCE_LEMMA_ONLY_NOT_SENSE_OR_POS,UNREVIEWED_NOT_SEMANTICALLY_APPROVED,NOT_CLEARED,true
lex:B2x:wander,B2x,wander,NGSL_1_2_CORE,wander,2747,EXACT_HEADWORD_FORM_ONLY,SOURCE_LEMMA_ONLY_NOT_SENSE_OR_POS,UNREVIEWED_NOT_SEMANTICALLY_APPROVED,NOT_CLEARED,true
lex:B2x:warming,B2x,warming,NO_DIRECT_SOURCE_LEMMA,,,NO_DIRECT_MATCH,SOURCE_LEMMA_ONLY_NOT_SENSE_OR_POS,UNREVIEWED_NOT_SEMANTICALLY_APPROVED,NOT_CLEARED,true
lex:B2x:weekly,B2x,weekly,NGSL_1_2_CORE,weekly,2661,EXACT_HEADWORD_FORM_ONLY,SOURCE_LEMMA_ONLY_NOT_SENSE_OR_POS,UNREVIEWED_NOT_SEMANTICALLY_APPROVED,NOT_CLEARED,true
lex:B2x:weird,B2x,weird,NGSL_1_2_CORE,weird,2771,EXACT_HEADWORD_FORM_ONLY,SOURCE_LEMMA_ONLY_NOT_SENSE_OR_POS,UNREVIEWED_NOT_SEMANTICALLY_APPROVED,NOT_CLEARED,true
lex:B2x:welfare,B2x,welfare,NGSL_1_2_CORE,welfare,2086,EXACT_HEADWORD_FORM_ONLY,SOURCE_LEMMA_ONLY_NOT_SENSE_OR_POS,UNREVIEWED_NOT_SEMANTICALLY_APPROVED,NOT_CLEARED,true
lex:B2x:wheat,B2x,wheat,NGSL_SFI_31K_EXTENSION,wheat,3617,EXACT_HEADWORD_FORM_ONLY,SOURCE_LEMMA_ONLY_NOT_SENSE_OR_POS,UNREVIEWED_NOT_SEMANTICALLY_APPROVED,NOT_CLEARED,true
lex:B2x:whoever,B2x,whoever,NGSL_SFI_31K_EXTENSION,whoever,3552,EXACT_HEADWORD_FORM_ONLY,SOURCE_LEMMA_ONLY_NOT_SENSE_OR_POS,UNREVIEWED_NOT_SEMANTICALLY_APPROVED,NOT_CLEARED,true
lex:B2x:widespread,B2x,widespread,NGSL_SFI_31K_EXTENSION,widespread,2821,EXACT_HEADWORD_FORM_ONLY,SOURCE_LEMMA_ONLY_NOT_SENSE_OR_POS,UNREVIEWED_NOT_SEMANTICALLY_APPROVED,NOT_CLEARED,true
lex:B2x:wisdom,B2x,wisdom,NGSL_SFI_31K_EXTENSION,wisdom,3231,EXACT_HEADWORD_FORM_ONLY,SOURCE_LEMMA_ONLY_NOT_SENSE_OR_POS,UNREVIEWED_NOT_SEMANTICALLY_APPROVED,NOT_CLEARED,true
lex:B2x:withdraw,B2x,withdraw,NGSL_1_2_CORE,withdraw,2163,EXACT_HEADWORD_FORM_ONLY,SOURCE_LEMMA_ONLY_NOT_SENSE_OR_POS,UNREVIEWED_NOT_SEMANTICALLY_APPROVED,NOT_CLEARED,true
lex:B2x:workforce,B2x,workforce,NGSL_SFI_31K_EXTENSION,workforce,4051,EXACT_HEADWORD_FORM_ONLY,SOURCE_LEMMA_ONLY_NOT_SENSE_OR_POS,UNREVIEWED_NOT_SEMANTICALLY_APPROVED,NOT_CLEARED,true
lex:B2x:workplace,B2x,workplace,NGSL_SFI_31K_EXTENSION,workplace,3518,EXACT_HEADWORD_FORM_ONLY,SOURCE_LEMMA_ONLY_NOT_SENSE_OR_POS,UNREVIEWED_NOT_SEMANTICALLY_APPROVED,NOT_CLEARED,true
lex:B2x:workshop,B2x,workshop,NGSL_SFI_31K_EXTENSION,workshop,2671,EXACT_HEADWORD_FORM_ONLY,SOURCE_LEMMA_ONLY_NOT_SENSE_OR_POS,UNREVIEWED_NOT_SEMANTICALLY_APPROVED,NOT_CLEARED,true
lex:B2x:worm,B2x,worm,NGSL_SFI_31K_EXTENSION,worm,4192,EXACT_HEADWORD_FORM_ONLY,SOURCE_LEMMA_ONLY_NOT_SENSE_OR_POS,UNREVIEWED_NOT_SEMANTICALLY_APPROVED,NOT_CLEARED,true
lex:B2x:wrist,B2x,wrist,NGSL_SFI_31K_EXTENSION,wrist,4611,EXACT_HEADWORD_FORM_ONLY,SOURCE_LEMMA_ONLY_NOT_SENSE_OR_POS,UNREVIEWED_NOT_SEMANTICALLY_APPROVED,NOT_CLEARED,true
lex:C1:abolish,C1,abolish,NGSL_SFI_31K_EXTENSION,abolish,4659,EXACT_HEADWORD_FORM_ONLY,SOURCE_LEMMA_ONLY_NOT_SENSE_OR_POS,UNREVIEWED_NOT_SEMANTICALLY_APPROVED,NOT_CLEARED,true
lex:C1:abortion,C1,abortion,NGSL_1_2_CORE,abortion,2542,EXACT_HEADWORD_FORM_ONLY,SOURCE_LEMMA_ONLY_NOT_SENSE_OR_POS,UNREVIEWED_NOT_SEMANTICALLY_APPROVED,NOT_CLEARED,true
lex:C1:absence,C1,absence,NGSL_1_2_CORE,absence,1758,EXACT_HEADWORD_FORM_ONLY,SOURCE_LEMMA_ONLY_NOT_SENSE_OR_POS,UNREVIEWED_NOT_SEMANTICALLY_APPROVED,NOT_CLEARED,true
lex:C1:absent,C1,absent,NGSL_SFI_31K_EXTENSION,absent,3223,EXACT_HEADWORD_FORM_ONLY,SOURCE_LEMMA_ONLY_NOT_SENSE_OR_POS,UNREVIEWED_NOT_SEMANTICALLY_APPROVED,NOT_CLEARED,true
lex:C1:absurd,C1,absurd,NGSL_SFI_31K_EXTENSION,absurd,4932,EXACT_HEADWORD_FORM_ONLY,SOURCE_LEMMA_ONLY_NOT_SENSE_OR_POS,UNREVIEWED_NOT_SEMANTICALLY_APPROVED,NOT_CLEARED,true
lex:C1:abundance,C1,abundance,NGSL_SFI_31K_EXTENSION,abundance,5304,EXACT_HEADWORD_FORM_ONLY,SOURCE_LEMMA_ONLY_NOT_SENSE_OR_POS,UNREVIEWED_NOT_SEMANTICALLY_APPROVED,NOT_CLEARED,true
lex:C1:abuse,C1,abuse,NGSL_1_2_CORE,abuse,1553,EXACT_HEADWORD_FORM_ONLY,SOURCE_LEMMA_ONLY_NOT_SENSE_OR_POS,UNREVIEWED_NOT_SEMANTICALLY_APPROVED,NOT_CLEARED,true
lex:C1:academy,C1,academy,NGSL_SFI_31K_EXTENSION,academy,5722,EXACT_HEADWORD_FORM_ONLY,SOURCE_LEMMA_ONLY_NOT_SENSE_OR_POS,UNREVIEWED_NOT_SEMANTICALLY_APPROVED,NOT_CLEARED,true
lex:C1:accelerate,C1,accelerate,NGSL_SFI_31K_EXTENSION,accelerate,3553,EXACT_HEADWORD_FORM_ONLY,SOURCE_LEMMA_ONLY_NOT_SENSE_OR_POS,UNREVIEWED_NOT_SEMANTICALLY_APPROVED,NOT_CLEARED,true
lex:C1:acceptance,C1,acceptance,NGSL_SFI_31K_EXTENSION,acceptance,3055,EXACT_HEADWORD_FORM_ONLY,SOURCE_LEMMA_ONLY_NOT_SENSE_OR_POS,UNREVIEWED_NOT_SEMANTICALLY_APPROVED,NOT_CLEARED,true
lex:C1:accessible,C1,accessible,NGSL_SFI_31K_EXTENSION,accessible,3158,EXACT_HEADWORD_FORM_ONLY,SOURCE_LEMMA_ONLY_NOT_SENSE_OR_POS,UNREVIEWED_NOT_SEMANTICALLY_APPROVED,NOT_CLEARED,true
lex:C1:accomplishment,C1,accomplishment,NGSL_SFI_31K_EXTENSION,accomplishment,5117,EXACT_HEADWORD_FORM_ONLY,SOURCE_LEMMA_ONLY_NOT_SENSE_OR_POS,UNREVIEWED_NOT_SEMANTICALLY_APPROVED,NOT_CLEARED,true
lex:C1:accordance,C1,accordance,NGSL_SFI_31K_EXTENSION,accordance,4167,EXACT_HEADWORD_FORM_ONLY,SOURCE_LEMMA_ONLY_NOT_SENSE_OR_POS,UNREVIEWED_NOT_SEMANTICALLY_APPROVED,NOT_CLEARED,true
lex:C1:accordingly,C1,accordingly,NGSL_SFI_31K_EXTENSION,accordingly,3390,EXACT_HEADWORD_FORM_ONLY,SOURCE_LEMMA_ONLY_NOT_SENSE_OR_POS,UNREVIEWED_NOT_SEMANTICALLY_APPROVED,NOT_CLEARED,true
lex:C1:accountability,C1,accountability,NGSL_SFI_31K_EXTENSION,accountability,4249,EXACT_HEADWORD_FORM_ONLY,SOURCE_LEMMA_ONLY_NOT_SENSE_OR_POS,UNREVIEWED_NOT_SEMANTICALLY_APPROVED,NOT_CLEARED,true
lex:C1:accountable,C1,accountable,NGSL_SFI_31K_EXTENSION,accountable,5176,EXACT_HEADWORD_FORM_ONLY,SOURCE_LEMMA_ONLY_NOT_SENSE_OR_POS,UNREVIEWED_NOT_SEMANTICALLY_APPROVED,NOT_CLEARED,true
lex:C1:accumulate,C1,accumulate,NGSL_SFI_31K_EXTENSION,accumulate,3737,EXACT_HEADWORD_FORM_ONLY,SOURCE_LEMMA_ONLY_NOT_SENSE_OR_POS,UNREVIEWED_NOT_SEMANTICALLY_APPROVED,NOT_CLEARED,true
lex:C1:accumulation,C1,accumulation,NGSL_SFI_31K_EXTENSION,accumulation,5795,EXACT_HEADWORD_FORM_ONLY,SOURCE_LEMMA_ONLY_NOT_SENSE_OR_POS,UNREVIEWED_NOT_SEMANTICALLY_APPROVED,NOT_CLEARED,true
lex:C1:accusation,C1,accusation,NGSL_SFI_31K_EXTENSION,accusation,4508,EXACT_HEADWORD_FORM_ONLY,SOURCE_LEMMA_ONLY_NOT_SENSE_OR_POS,UNREVIEWED_NOT_SEMANTICALLY_APPROVED,NOT_CLEARED,true
lex:C1:accused,C1,accused,NO_DIRECT_SOURCE_LEMMA,,,NO_DIRECT_MATCH,SOURCE_LEMMA_ONLY_NOT_SENSE_OR_POS,UNREVIEWED_NOT_SEMANTICALLY_APPROVED,NOT_CLEARED,true
lex:C1:acid,C1,acid,NGSL_SFI_31K_EXTENSION,acid,2135,EXACT_HEADWORD_FORM_ONLY,SOURCE_LEMMA_ONLY_NOT_SENSE_OR_POS,UNREVIEWED_NOT_SEMANTICALLY_APPROVED,NOT_CLEARED,true
lex:C1:acquisition,C1,acquisition,NGSL_1_2_CORE,acquisition,2010,EXACT_HEADWORD_FORM_ONLY,SOURCE_LEMMA_ONLY_NOT_SENSE_OR_POS,UNREVIEWED_NOT_SEMANTICALLY_APPROVED,NOT_CLEARED,true
lex:C1:acre,C1,acre,NGSL_SFI_31K_EXTENSION,acre,3237,EXACT_HEADWORD_FORM_ONLY,SOURCE_LEMMA_ONLY_NOT_SENSE_OR_POS,UNREVIEWED_NOT_SEMANTICALLY_APPROVED,NOT_CLEARED,true
lex:C1:activation,C1,activation,NGSL_SFI_31K_EXTENSION,activation,5457,EXACT_HEADWORD_FORM_ONLY,SOURCE_LEMMA_ONLY_NOT_SENSE_OR_POS,UNREVIEWED_NOT_SEMANTICALLY_APPROVED,NOT_CLEARED,true
lex:C1:activist,C1,activist,NGSL_SFI_31K_EXTENSION,activist,3168,EXACT_HEADWORD_FORM_ONLY,SOURCE_LEMMA_ONLY_NOT_SENSE_OR_POS,UNREVIEWED_NOT_SEMANTICALLY_APPROVED,NOT_CLEARED,true
lex:C1:acute,C1,acute,NGSL_SFI_31K_EXTENSION,acute,3838,EXACT_HEADWORD_FORM_ONLY,SOURCE_LEMMA_ONLY_NOT_SENSE_OR_POS,UNREVIEWED_NOT_SEMANTICALLY_APPROVED,NOT_CLEARED,true
lex:C1:adaptation,C1,adaptation,NGSL_SFI_31K_EXTENSION,adaptation,4078,EXACT_HEADWORD_FORM_ONLY,SOURCE_LEMMA_ONLY_NOT_SENSE_OR_POS,UNREVIEWED_NOT_SEMANTICALLY_APPROVED,NOT_CLEARED,true
lex:C1:adhere,C1,adhere,NGSL_SFI_31K_EXTENSION,adhere,5290,EXACT_HEADWORD_FORM_ONLY,SOURCE_LEMMA_ONLY_NOT_SENSE_OR_POS,UNREVIEWED_NOT_SEMANTICALLY_APPROVED,NOT_CLEARED,true
lex:C1:adjacent,C1,adjacent,NGSL_SFI_31K_EXTENSION,adjacent,4024,EXACT_HEADWORD_FORM_ONLY,SOURCE_LEMMA_ONLY_NOT_SENSE_OR_POS,UNREVIEWED_NOT_SEMANTICALLY_APPROVED,NOT_CLEARED,true
lex:C1:adjustment,C1,adjustment,NGSL_1_2_CORE,adjustment,2717,EXACT_HEADWORD_FORM_ONLY,SOURCE_LEMMA_ONLY_NOT_SENSE_OR_POS,UNREVIEWED_NOT_SEMANTICALLY_APPROVED,NOT_CLEARED,true
lex:C1:administer,C1,administer,NGSL_SFI_31K_EXTENSION,administer,3227,EXACT_HEADWORD_FORM_ONLY,SOURCE_LEMMA_ONLY_NOT_SENSE_OR_POS,UNREVIEWED_NOT_SEMANTICALLY_APPROVED,NOT_CLEARED,true
lex:C1:administrative,C1,administrative,NGSL_SFI_31K_EXTENSION,administrative,2887,EXACT_HEADWORD_FORM_ONLY,SOURCE_LEMMA_ONLY_NOT_SENSE_OR_POS,UNREVIEWED_NOT_SEMANTICALLY_APPROVED,NOT_CLEARED,true
lex:C1:administrator,C1,administrator,NGSL_SFI_31K_EXTENSION,administrator,3733,EXACT_HEADWORD_FORM_ONLY,SOURCE_LEMMA_ONLY_NOT_SENSE_OR_POS,UNREVIEWED_NOT_SEMANTICALLY_APPROVED,NOT_CLEARED,true
lex:C1:admission,C1,admission,NGSL_SFI_31K_EXTENSION,admission,2868,EXACT_HEADWORD_FORM_ONLY,SOURCE_LEMMA_ONLY_NOT_SENSE_OR_POS,UNREVIEWED_NOT_SEMANTICALLY_APPROVED,NOT_CLEARED,true
lex:C1:adolescent,C1,adolescent,NGSL_SFI_31K_EXTENSION,adolescent,3338,EXACT_HEADWORD_FORM_ONLY,SOURCE_LEMMA_ONLY_NOT_SENSE_OR_POS,UNREVIEWED_NOT_SEMANTICALLY_APPROVED,NOT_CLEARED,true
lex:C1:adoption,C1,adoption,NGSL_SFI_31K_EXTENSION,adoption,3554,EXACT_HEADWORD_FORM_ONLY,SOURCE_LEMMA_ONLY_NOT_SENSE_OR_POS,UNREVIEWED_NOT_SEMANTICALLY_APPROVED,NOT_CLEARED,true
lex:C1:adverse,C1,adverse,NGSL_SFI_31K_EXTENSION,adverse,4183,EXACT_HEADWORD_FORM_ONLY,SOURCE_LEMMA_ONLY_NOT_SENSE_OR_POS,UNREVIEWED_NOT_SEMANTICALLY_APPROVED,NOT_CLEARED,true
lex:C1:advocate,C1,advocate,NGSL_1_2_CORE,advocate,2316,EXACT_HEADWORD_FORM_ONLY,SOURCE_LEMMA_ONLY_NOT_SENSE_OR_POS,UNREVIEWED_NOT_SEMANTICALLY_APPROVED,NOT_CLEARED,true
lex:C1:aesthetic,C1,aesthetic,NGSL_SFI_31K_EXTENSION,aesthetic,4403,EXACT_HEADWORD_FORM_ONLY,SOURCE_LEMMA_ONLY_NOT_SENSE_OR_POS,UNREVIEWED_NOT_SEMANTICALLY_APPROVED,NOT_CLEARED,true
lex:C1:affection,C1,affection,NGSL_SFI_31K_EXTENSION,affection,3875,EXACT_HEADWORD_FORM_ONLY,SOURCE_LEMMA_ONLY_NOT_SENSE_OR_POS,UNREVIEWED_NOT_SEMANTICALLY_APPROVED,NOT_CLEARED,true
lex:C1:aftermath,C1,aftermath,NGSL_SFI_31K_EXTENSION,aftermath,5265,EXACT_HEADWORD_FORM_ONLY,SOURCE_LEMMA_ONLY_NOT_SENSE_OR_POS,UNREVIEWED_NOT_SEMANTICALLY_APPROVED,NOT_CLEARED,true
lex:C1:aggression,C1,aggression,NGSL_SFI_31K_EXTENSION,aggression,4219,EXACT_HEADWORD_FORM_ONLY,SOURCE_LEMMA_ONLY_NOT_SENSE_OR_POS,UNREVIEWED_NOT_SEMANTICALLY_APPROVED,NOT_CLEARED,true
lex:C1:agricultural,C1,agricultural,NGSL_1_2_CORE,agricultural,2212,EXACT_HEADWORD_FORM_ONLY,SOURCE_LEMMA_ONLY_NOT_SENSE_OR_POS,UNREVIEWED_NOT_SEMANTICALLY_APPROVED,NOT_CLEARED,true
lex:C1:aide,C1,aide,NGSL_SFI_31K_EXTENSION,aide,4099,EXACT_HEADWORD_FORM_ONLY,SOURCE_LEMMA_ONLY_NOT_SENSE_OR_POS,UNREVIEWED_NOT_SEMANTICALLY_APPROVED,NOT_CLEARED,true
lex:C1:albeit,C1,albeit,NGSL_SFI_31K_EXTENSION,albeit,4567,EXACT_HEADWORD_FORM_ONLY,SOURCE_LEMMA_ONLY_NOT_SENSE_OR_POS,UNREVIEWED_NOT_SEMANTICALLY_APPROVED,NOT_CLEARED,true
lex:C1:alert,C1,alert,NGSL_SFI_31K_EXTENSION,alert,3125,EXACT_HEADWORD_FORM_ONLY,SOURCE_LEMMA_ONLY_NOT_SENSE_OR_POS,UNREVIEWED_NOT_SEMANTICALLY_APPROVED,NOT_CLEARED,true
lex:C1:alien,C1,alien,NGSL_SFI_31K_EXTENSION,alien,3724,EXACT_HEADWORD_FORM_ONLY,SOURCE_LEMMA_ONLY_NOT_SENSE_OR_POS,UNREVIEWED_NOT_SEMANTICALLY_APPROVED,NOT_CLEARED,true
lex:C1:align,C1,align,NGSL_SFI_31K_EXTENSION,align,4693,EXACT_HEADWORD_FORM_ONLY,SOURCE_LEMMA_ONLY_NOT_SENSE_OR_POS,UNREVIEWED_NOT_SEMANTICALLY_APPROVED,NOT_CLEARED,true
lex:C1:alignment,C1,alignment,NGSL_SFI_31K_EXTENSION,alignment,6185,EXACT_HEADWORD_FORM_ONLY,SOURCE_LEMMA_ONLY_NOT_SENSE_OR_POS,UNREVIEWED_NOT_SEMANTICALLY_APPROVED,NOT_CLEARED,true
lex:C1:alike,C1,alike,NGSL_SFI_31K_EXTENSION,alike,3732,EXACT_HEADWORD_FORM_ONLY,SOURCE_LEMMA_ONLY_NOT_SENSE_OR_POS,UNREVIEWED_NOT_SEMANTICALLY_APPROVED,NOT_CLEARED,true
lex:C1:allegation,C1,allegation,NGSL_SFI_31K_EXTENSION,allegation,3268,EXACT_HEADWORD_FORM_ONLY,SOURCE_LEMMA_ONLY_NOT_SENSE_OR_POS,UNREVIEWED_NOT_SEMANTICALLY_APPROVED,NOT_CLEARED,true
lex:C1:allege,C1,allege,NGSL_1_2_CORE,allege,2562,EXACT_HEADWORD_FORM_ONLY,SOURCE_LEMMA_ONLY_NOT_SENSE_OR_POS,UNREVIEWED_NOT_SEMANTICALLY_APPROVED,NOT_CLEARED,true
lex:C1:allegedly,C1,allegedly,NGSL_SFI_31K_EXTENSION,allegedly,4550,EXACT_HEADWORD_FORM_ONLY,SOURCE_LEMMA_ONLY_NOT_SENSE_OR_POS,UNREVIEWED_NOT_SEMANTICALLY_APPROVED,NOT_CLEARED,true
lex:C1:alliance,C1,alliance,NGSL_SFI_31K_EXTENSION,alliance,2986,EXACT_HEADWORD_FORM_ONLY,SOURCE_LEMMA_ONLY_NOT_SENSE_OR_POS,UNREVIEWED_NOT_SEMANTICALLY_APPROVED,NOT_CLEARED,true
lex:C1:allocate,C1,allocate,NGSL_SFI_31K_EXTENSION,allocate,3363,EXACT_HEADWORD_FORM_ONLY,SOURCE_LEMMA_ONLY_NOT_SENSE_OR_POS,UNREVIEWED_NOT_SEMANTICALLY_APPROVED,NOT_CLEARED,true
lex:C1:allocation,C1,allocation,NGSL_SFI_31K_EXTENSION,allocation,3706,EXACT_HEADWORD_FORM_ONLY,SOURCE_LEMMA_ONLY_NOT_SENSE_OR_POS,UNREVIEWED_NOT_SEMANTICALLY_APPROVED,NOT_CLEARED,true
lex:C1:allowance,C1,allowance,NGSL_SFI_31K_EXTENSION,allowance,3655,EXACT_HEADWORD_FORM_ONLY,SOURCE_LEMMA_ONLY_NOT_SENSE_OR_POS,UNREVIEWED_NOT_SEMANTICALLY_APPROVED,NOT_CLEARED,true
lex:C1:ally,C1,ally,NGSL_1_2_CORE,ally,2266,EXACT_HEADWORD_FORM_ONLY,SOURCE_LEMMA_ONLY_NOT_SENSE_OR_POS,UNREVIEWED_NOT_SEMANTICALLY_APPROVED,NOT_CLEARED,true
lex:C1:aluminium,C1,aluminium,NO_DIRECT_SOURCE_LEMMA,,,NO_DIRECT_MATCH,SOURCE_LEMMA_ONLY_NOT_SENSE_OR_POS,UNREVIEWED_NOT_SEMANTICALLY_APPROVED,NOT_CLEARED,true
lex:C1:amateur,C1,amateur,NGSL_SFI_31K_EXTENSION,amateur,4041,EXACT_HEADWORD_FORM_ONLY,SOURCE_LEMMA_ONLY_NOT_SENSE_OR_POS,UNREVIEWED_NOT_SEMANTICALLY_APPROVED,NOT_CLEARED,true
lex:C1:ambassador,C1,ambassador,NGSL_SFI_31K_EXTENSION,ambassador,3757,EXACT_HEADWORD_FORM_ONLY,SOURCE_LEMMA_ONLY_NOT_SENSE_OR_POS,UNREVIEWED_NOT_SEMANTICALLY_APPROVED,NOT_CLEARED,true
lex:C1:amend,C1,amend,NGSL_SFI_31K_EXTENSION,amend,3937,EXACT_HEADWORD_FORM_ONLY,SOURCE_LEMMA_ONLY_NOT_SENSE_OR_POS,UNREVIEWED_NOT_SEMANTICALLY_APPROVED,NOT_CLEARED,true
lex:C1:amendment,C1,amendment,NGSL_1_2_CORE,amendment,2603,EXACT_HEADWORD_FORM_ONLY,SOURCE_LEMMA_ONLY_NOT_SENSE_OR_POS,UNREVIEWED_NOT_SEMANTICALLY_APPROVED,NOT_CLEARED,true
lex:C1:amid,C1,amid,NGSL_SFI_31K_EXTENSION,amid,4094,EXACT_HEADWORD_FORM_ONLY,SOURCE_LEMMA_ONLY_NOT_SENSE_OR_POS,UNREVIEWED_NOT_SEMANTICALLY_APPROVED,NOT_CLEARED,true
lex:C1:analogy,C1,analogy,NGSL_SFI_31K_EXTENSION,analogy,4754,EXACT_HEADWORD_FORM_ONLY,SOURCE_LEMMA_ONLY_NOT_SENSE_OR_POS,UNREVIEWED_NOT_SEMANTICALLY_APPROVED,NOT_CLEARED,true
lex:C1:anchor,C1,anchor,NGSL_SFI_31K_EXTENSION,anchor,4146,EXACT_HEADWORD_FORM_ONLY,SOURCE_LEMMA_ONLY_NOT_SENSE_OR_POS,UNREVIEWED_NOT_SEMANTICALLY_APPROVED,NOT_CLEARED,true
lex:C1:angel,C1,angel,NGSL_SFI_31K_EXTENSION,angel,4109,EXACT_HEADWORD_FORM_ONLY,SOURCE_LEMMA_ONLY_NOT_SENSE_OR_POS,UNREVIEWED_NOT_SEMANTICALLY_APPROVED,NOT_CLEARED,true
lex:C1:anonymous,C1,anonymous,NGSL_SFI_31K_EXTENSION,anonymous,4142,EXACT_HEADWORD_FORM_ONLY,SOURCE_LEMMA_ONLY_NOT_SENSE_OR_POS,UNREVIEWED_NOT_SEMANTICALLY_APPROVED,NOT_CLEARED,true
lex:C1:apparatus,C1,apparatus,NGSL_SFI_31K_EXTENSION,apparatus,5377,EXACT_HEADWORD_FORM_ONLY,SOURCE_LEMMA_ONLY_NOT_SENSE_OR_POS,UNREVIEWED_NOT_SEMANTICALLY_APPROVED,NOT_CLEARED,true
lex:C1:appealing,C1,appealing,NO_DIRECT_SOURCE_LEMMA,,,NO_DIRECT_MATCH,SOURCE_LEMMA_ONLY_NOT_SENSE_OR_POS,UNREVIEWED_NOT_SEMANTICALLY_APPROVED,NOT_CLEARED,true
lex:C1:appetite,C1,appetite,NGSL_SFI_31K_EXTENSION,appetite,4780,EXACT_HEADWORD_FORM_ONLY,SOURCE_LEMMA_ONLY_NOT_SENSE_OR_POS,UNREVIEWED_NOT_SEMANTICALLY_APPROVED,NOT_CLEARED,true
lex:C1:applaud,C1,applaud,NGSL_SFI_31K_EXTENSION,applaud,5602,EXACT_HEADWORD_FORM_ONLY,SOURCE_LEMMA_ONLY_NOT_SENSE_OR_POS,UNREVIEWED_NOT_SEMANTICALLY_APPROVED,NOT_CLEARED,true
lex:C1:applicable,C1,applicable,NGSL_SFI_31K_EXTENSION,applicable,4204,EXACT_HEADWORD_FORM_ONLY,SOURCE_LEMMA_ONLY_NOT_SENSE_OR_POS,UNREVIEWED_NOT_SEMANTICALLY_APPROVED,NOT_CLEARED,true
lex:C1:appoint,C1,appoint,NGSL_1_2_CORE,appoint,1788,EXACT_HEADWORD_FORM_ONLY,SOURCE_LEMMA_ONLY_NOT_SENSE_OR_POS,UNREVIEWED_NOT_SEMANTICALLY_APPROVED,NOT_CLEARED,true
lex:C1:appreciation,C1,appreciation,NGSL_SFI_31K_EXTENSION,appreciation,3480,EXACT_HEADWORD_FORM_ONLY,SOURCE_LEMMA_ONLY_NOT_SENSE_OR_POS,UNREVIEWED_NOT_SEMANTICALLY_APPROVED,NOT_CLEARED,true
lex:C1:arbitrary,C1,arbitrary,NGSL_SFI_31K_EXTENSION,arbitrary,5169,EXACT_HEADWORD_FORM_ONLY,SOURCE_LEMMA_ONLY_NOT_SENSE_OR_POS,UNREVIEWED_NOT_SEMANTICALLY_APPROVED,NOT_CLEARED,true
lex:C1:architectural,C1,architectural,NGSL_SFI_31K_EXTENSION,architectural,4426,EXACT_HEADWORD_FORM_ONLY,SOURCE_LEMMA_ONLY_NOT_SENSE_OR_POS,UNREVIEWED_NOT_SEMANTICALLY_APPROVED,NOT_CLEARED,true
lex:C1:archive,C1,archive,NGSL_SFI_31K_EXTENSION,archive,4045,EXACT_HEADWORD_FORM_ONLY,SOURCE_LEMMA_ONLY_NOT_SENSE_OR_POS,UNREVIEWED_NOT_SEMANTICALLY_APPROVED,NOT_CLEARED,true
lex:C1:arena,C1,arena,NGSL_SFI_31K_EXTENSION,arena,4105,EXACT_HEADWORD_FORM_ONLY,SOURCE_LEMMA_ONLY_NOT_SENSE_OR_POS,UNREVIEWED_NOT_SEMANTICALLY_APPROVED,NOT_CLEARED,true
lex:C1:arguably,C1,arguably,NGSL_SFI_31K_EXTENSION,arguably,5657,EXACT_HEADWORD_FORM_ONLY,SOURCE_LEMMA_ONLY_NOT_SENSE_OR_POS,UNREVIEWED_NOT_SEMANTICALLY_APPROVED,NOT_CLEARED,true
lex:C1:arm,C1,arm,NGSL_1_2_CORE,arm,621,EXACT_HEADWORD_FORM_ONLY,SOURCE_LEMMA_ONLY_NOT_SENSE_OR_POS,UNREVIEWED_NOT_SEMANTICALLY_APPROVED,NOT_CLEARED,true
lex:C1:array,C1,array,NGSL_SFI_31K_EXTENSION,array,3576,EXACT_HEADWORD_FORM_ONLY,SOURCE_LEMMA_ONLY_NOT_SENSE_OR_POS,UNREVIEWED_NOT_SEMANTICALLY_APPROVED,NOT_CLEARED,true
lex:C1:articulate,C1,articulate,NGSL_SFI_31K_EXTENSION,articulate,3802,EXACT_HEADWORD_FORM_ONLY,SOURCE_LEMMA_ONLY_NOT_SENSE_OR_POS,UNREVIEWED_NOT_SEMANTICALLY_APPROVED,NOT_CLEARED,true
lex:C1:ash,C1,ash,NGSL_SFI_31K_EXTENSION,ash,4377,EXACT_HEADWORD_FORM_ONLY,SOURCE_LEMMA_ONLY_NOT_SENSE_OR_POS,UNREVIEWED_NOT_SEMANTICALLY_APPROVED,NOT_CLEARED,true
lex:C1:aspiration,C1,aspiration,NGSL_SFI_31K_EXTENSION,aspiration,4569,EXACT_HEADWORD_FORM_ONLY,SOURCE_LEMMA_ONLY_NOT_SENSE_OR_POS,UNREVIEWED_NOT_SEMANTICALLY_APPROVED,NOT_CLEARED,true
lex:C1:aspire,C1,aspire,NGSL_SFI_31K_EXTENSION,aspire,5487,EXACT_HEADWORD_FORM_ONLY,SOURCE_LEMMA_ONLY_NOT_SENSE_OR_POS,UNREVIEWED_NOT_SEMANTICALLY_APPROVED,NOT_CLEARED,true
lex:C1:assassination,C1,assassination,NGSL_SFI_31K_EXTENSION,assassination,5077,EXACT_HEADWORD_FORM_ONLY,SOURCE_LEMMA_ONLY_NOT_SENSE_OR_POS,UNREVIEWED_NOT_SEMANTICALLY_APPROVED,NOT_CLEARED,true
lex:C1:assault,C1,assault,NGSL_SFI_31K_EXTENSION,assault,2780,EXACT_HEADWORD_FORM_ONLY,SOURCE_LEMMA_ONLY_NOT_SENSE_OR_POS,UNREVIEWED_NOT_SEMANTICALLY_APPROVED,NOT_CLEARED,true
lex:C1:assemble,C1,assemble,NGSL_SFI_31K_EXTENSION,assemble,3286,EXACT_HEADWORD_FORM_ONLY,SOURCE_LEMMA_ONLY_NOT_SENSE_OR_POS,UNREVIEWED_NOT_SEMANTICALLY_APPROVED,NOT_CLEARED,true
lex:C1:assembly,C1,assembly,NGSL_SFI_31K_EXTENSION,assembly,2768,EXACT_HEADWORD_FORM_ONLY,SOURCE_LEMMA_ONLY_NOT_SENSE_OR_POS,UNREVIEWED_NOT_SEMANTICALLY_APPROVED,NOT_CLEARED,true
lex:C1:assert,C1,assert,NGSL_SFI_31K_EXTENSION,assert,3251,EXACT_HEADWORD_FORM_ONLY,SOURCE_LEMMA_ONLY_NOT_SENSE_OR_POS,UNREVIEWED_NOT_SEMANTICALLY_APPROVED,NOT_CLEARED,true
lex:C1:assertion,C1,assertion,NGSL_SFI_31K_EXTENSION,assertion,4782,EXACT_HEADWORD_FORM_ONLY,SOURCE_LEMMA_ONLY_NOT_SENSE_OR_POS,UNREVIEWED_NOT_SEMANTICALLY_APPROVED,NOT_CLEARED,true
lex:C1:assurance,C1,assurance,NGSL_SFI_31K_EXTENSION,assurance,3837,EXACT_HEADWORD_FORM_ONLY,SOURCE_LEMMA_ONLY_NOT_SENSE_OR_POS,UNREVIEWED_NOT_SEMANTICALLY_APPROVED,NOT_CLEARED,true
lex:C1:asylum,C1,asylum,NGSL_SFI_31K_EXTENSION,asylum,6070,EXACT_HEADWORD_FORM_ONLY,SOURCE_LEMMA_ONLY_NOT_SENSE_OR_POS,UNREVIEWED_NOT_SEMANTICALLY_APPROVED,NOT_CLEARED,true
lex:C1:atrocity,C1,atrocity,NGSL_SFI_31K_EXTENSION,atrocity,7002,EXACT_HEADWORD_FORM_ONLY,SOURCE_LEMMA_ONLY_NOT_SENSE_OR_POS,UNREVIEWED_NOT_SEMANTICALLY_APPROVED,NOT_CLEARED,true
lex:C1:attain,C1,attain,NGSL_SFI_31K_EXTENSION,attain,4345,EXACT_HEADWORD_FORM_ONLY,SOURCE_LEMMA_ONLY_NOT_SENSE_OR_POS,UNREVIEWED_NOT_SEMANTICALLY_APPROVED,NOT_CLEARED,true
lex:C1:attendance,C1,attendance,NGSL_1_2_CORE,attendance,2751,EXACT_HEADWORD_FORM_ONLY,SOURCE_LEMMA_ONLY_NOT_SENSE_OR_POS,UNREVIEWED_NOT_SEMANTICALLY_APPROVED,NOT_CLEARED,true
lex:C1:attorney,C1,attorney,NGSL_SFI_31K_EXTENSION,attorney,2596,EXACT_HEADWORD_FORM_ONLY,SOURCE_LEMMA_ONLY_NOT_SENSE_OR_POS,UNREVIEWED_NOT_SEMANTICALLY_APPROVED,NOT_CLEARED,true
lex:C1:attribute,C1,attribute,NGSL_1_2_CORE,attribute,2300,EXACT_HEADWORD_FORM_ONLY,SOURCE_LEMMA_ONLY_NOT_SENSE_OR_POS,UNREVIEWED_NOT_SEMANTICALLY_APPROVED,NOT_CLEARED,true
lex:C1:audit,C1,audit,NGSL_SFI_31K_EXTENSION,audit,3047,EXACT_HEADWORD_FORM_ONLY,SOURCE_LEMMA_ONLY_NOT_SENSE_OR_POS,UNREVIEWED_NOT_SEMANTICALLY_APPROVED,NOT_CLEARED,true
lex:C1:authentic,C1,authentic,NGSL_SFI_31K_EXTENSION,authentic,4589,EXACT_HEADWORD_FORM_ONLY,SOURCE_LEMMA_ONLY_NOT_SENSE_OR_POS,UNREVIEWED_NOT_SEMANTICALLY_APPROVED,NOT_CLEARED,true
lex:C1:authorize,C1,authorize,NGSL_SFI_31K_EXTENSION,authorize,3274,EXACT_HEADWORD_FORM_ONLY,SOURCE_LEMMA_ONLY_NOT_SENSE_OR_POS,UNREVIEWED_NOT_SEMANTICALLY_APPROVED,NOT_CLEARED,true
lex:C1:auto,C1,auto,NGSL_SFI_31K_EXTENSION,auto,4291,EXACT_HEADWORD_FORM_ONLY,SOURCE_LEMMA_ONLY_NOT_SENSE_OR_POS,UNREVIEWED_NOT_SEMANTICALLY_APPROVED,NOT_CLEARED,true
lex:C1:autonomy,C1,autonomy,NGSL_SFI_31K_EXTENSION,autonomy,4150,EXACT_HEADWORD_FORM_ONLY,SOURCE_LEMMA_ONLY_NOT_SENSE_OR_POS,UNREVIEWED_NOT_SEMANTICALLY_APPROVED,NOT_CLEARED,true
lex:C1:availability,C1,availability,NGSL_SFI_31K_EXTENSION,availability,3287,EXACT_HEADWORD_FORM_ONLY,SOURCE_LEMMA_ONLY_NOT_SENSE_OR_POS,UNREVIEWED_NOT_SEMANTICALLY_APPROVED,NOT_CLEARED,true
lex:C1:await,C1,await,NGSL_SFI_31K_EXTENSION,await,3405,EXACT_HEADWORD_FORM_ONLY,SOURCE_LEMMA_ONLY_NOT_SENSE_OR_POS,UNREVIEWED_NOT_SEMANTICALLY_APPROVED,NOT_CLEARED,true
lex:C1:backdrop,C1,backdrop,NGSL_SFI_31K_EXTENSION,backdrop,6323,EXACT_HEADWORD_FORM_ONLY,SOURCE_LEMMA_ONLY_NOT_SENSE_OR_POS,UNREVIEWED_NOT_SEMANTICALLY_APPROVED,NOT_CLEARED,true
lex:C1:backing,C1,backing,NO_DIRECT_SOURCE_LEMMA,,,NO_DIRECT_MATCH,SOURCE_LEMMA_ONLY_NOT_SENSE_OR_POS,UNREVIEWED_NOT_SEMANTICALLY_APPROVED,NOT_CLEARED,true
lex:C1:backup,C1,backup,NGSL_SFI_31K_EXTENSION,backup,5748,EXACT_HEADWORD_FORM_ONLY,SOURCE_LEMMA_ONLY_NOT_SENSE_OR_POS,UNREVIEWED_NOT_SEMANTICALLY_APPROVED,NOT_CLEARED,true
lex:C1:bail,C1,bail,NGSL_SFI_31K_EXTENSION,bail,5105,EXACT_HEADWORD_FORM_ONLY,SOURCE_LEMMA_ONLY_NOT_SENSE_OR_POS,UNREVIEWED_NOT_SEMANTICALLY_APPROVED,NOT_CLEARED,true
lex:C1:ballot,C1,ballot,NGSL_SFI_31K_EXTENSION,ballot,3325,EXACT_HEADWORD_FORM_ONLY,SOURCE_LEMMA_ONLY_NOT_SENSE_OR_POS,UNREVIEWED_NOT_SEMANTICALLY_APPROVED,NOT_CLEARED,true
lex:C1:banner,C1,banner,NGSL_SFI_31K_EXTENSION,banner,5095,EXACT_HEADWORD_FORM_ONLY,SOURCE_LEMMA_ONLY_NOT_SENSE_OR_POS,UNREVIEWED_NOT_SEMANTICALLY_APPROVED,NOT_CLEARED,true
lex:C1:bare,C1,bare,NGSL_SFI_31K_EXTENSION,bare,3192,EXACT_HEADWORD_FORM_ONLY,SOURCE_LEMMA_ONLY_NOT_SENSE_OR_POS,UNREVIEWED_NOT_SEMANTICALLY_APPROVED,NOT_CLEARED,true
lex:C1:barrel,C1,barrel,NGSL_SFI_31K_EXTENSION,barrel,3573,EXACT_HEADWORD_FORM_ONLY,SOURCE_LEMMA_ONLY_NOT_SENSE_OR_POS,UNREVIEWED_NOT_SEMANTICALLY_APPROVED,NOT_CLEARED,true
lex:C1:bass,C1,bass¹,NGSL_SFI_31K_EXTENSION,bass,4258,HEADWORD_NORMALIZED_REQUIRES_REVIEW,SOURCE_LEMMA_ONLY_NOT_SENSE_OR_POS,UNREVIEWED_NOT_SEMANTICALLY_APPROVED,NOT_CLEARED,true
lex:C1:bat,C1,bat,NGSL_SFI_31K_EXTENSION,bat,3155,EXACT_HEADWORD_FORM_ONLY,SOURCE_LEMMA_ONLY_NOT_SENSE_OR_POS,UNREVIEWED_NOT_SEMANTICALLY_APPROVED,NOT_CLEARED,true
lex:C1:battlefield,C1,battlefield,NGSL_SFI_31K_EXTENSION,battlefield,6701,EXACT_HEADWORD_FORM_ONLY,SOURCE_LEMMA_ONLY_NOT_SENSE_OR_POS,UNREVIEWED_NOT_SEMANTICALLY_APPROVED,NOT_CLEARED,true
lex:C1:bay,C1,bay,NGSL_SFI_31K_EXTENSION,bay,2994,EXACT_HEADWORD_FORM_ONLY,SOURCE_LEMMA_ONLY_NOT_SENSE_OR_POS,UNREVIEWED_NOT_SEMANTICALLY_APPROVED,NOT_CLEARED,true
lex:C1:beam,C1,beam,NGSL_SFI_31K_EXTENSION,beam,3021,EXACT_HEADWORD_FORM_ONLY,SOURCE_LEMMA_ONLY_NOT_SENSE_OR_POS,UNREVIEWED_NOT_SEMANTICALLY_APPROVED,NOT_CLEARED,true
lex:C1:beast,C1,beast,NGSL_SFI_31K_EXTENSION,beast,4343,EXACT_HEADWORD_FORM_ONLY,SOURCE_LEMMA_ONLY_NOT_SENSE_OR_POS,UNREVIEWED_NOT_SEMANTICALLY_APPROVED,NOT_CLEARED,true
lex:C1:behalf,C1,behalf,NGSL_SFI_31K_EXTENSION,behalf,2183,EXACT_HEADWORD_FORM_ONLY,SOURCE_LEMMA_ONLY_NOT_SENSE_OR_POS,UNREVIEWED_NOT_SEMANTICALLY_APPROVED,NOT_CLEARED,true
lex:C1:beloved,C1,beloved,NGSL_SFI_31K_EXTENSION,beloved,4540,EXACT_HEADWORD_FORM_ONLY,SOURCE_LEMMA_ONLY_NOT_SENSE_OR_POS,UNREVIEWED_NOT_SEMANTICALLY_APPROVED,NOT_CLEARED,true
lex:C1:bench,C1,bench,NGSL_SFI_31K_EXTENSION,bench,3260,EXACT_HEADWORD_FORM_ONLY,SOURCE_LEMMA_ONLY_NOT_SENSE_OR_POS,UNREVIEWED_NOT_SEMANTICALLY_APPROVED,NOT_CLEARED,true
lex:C1:benchmark,C1,benchmark,NGSL_SFI_31K_EXTENSION,benchmark,4955,EXACT_HEADWORD_FORM_ONLY,SOURCE_LEMMA_ONLY_NOT_SENSE_OR_POS,UNREVIEWED_NOT_SEMANTICALLY_APPROVED,NOT_CLEARED,true
lex:C1:beneath,C1,beneath,NGSL_1_2_CORE,beneath,2394,EXACT_HEADWORD_FORM_ONLY,SOURCE_LEMMA_ONLY_NOT_SENSE_OR_POS,UNREVIEWED_NOT_SEMANTICALLY_APPROVED,NOT_CLEARED,true
lex:C1:beneficiary,C1,beneficiary,NGSL_SFI_31K_EXTENSION,beneficiary,5653,EXACT_HEADWORD_FORM_ONLY,SOURCE_LEMMA_ONLY_NOT_SENSE_OR_POS,UNREVIEWED_NOT_SEMANTICALLY_APPROVED,NOT_CLEARED,true
lex:C1:betray,C1,betray,NGSL_SFI_31K_EXTENSION,betray,4347,EXACT_HEADWORD_FORM_ONLY,SOURCE_LEMMA_ONLY_NOT_SENSE_OR_POS,UNREVIEWED_NOT_SEMANTICALLY_APPROVED,NOT_CLEARED,true
lex:C1:bind,C1,bind,NGSL_1_2_CORE,bind,1411,EXACT_HEADWORD_FORM_ONLY,SOURCE_LEMMA_ONLY_NOT_SENSE_OR_POS,UNREVIEWED_NOT_SEMANTICALLY_APPROVED,NOT_CLEARED,true
lex:C1:biography,C1,biography,NGSL_SFI_31K_EXTENSION,biography,3962,EXACT_HEADWORD_FORM_ONLY,SOURCE_LEMMA_ONLY_NOT_SENSE_OR_POS,UNREVIEWED_NOT_SEMANTICALLY_APPROVED,NOT_CLEARED,true
lex:C1:bishop,C1,bishop,NGSL_SFI_31K_EXTENSION,bishop,4022,EXACT_HEADWORD_FORM_ONLY,SOURCE_LEMMA_ONLY_NOT_SENSE_OR_POS,UNREVIEWED_NOT_SEMANTICALLY_APPROVED,NOT_CLEARED,true
lex:C1:bizarre,C1,bizarre,NGSL_SFI_31K_EXTENSION,bizarre,4313,EXACT_HEADWORD_FORM_ONLY,SOURCE_LEMMA_ONLY_NOT_SENSE_OR_POS,UNREVIEWED_NOT_SEMANTICALLY_APPROVED,NOT_CLEARED,true
lex:C1:blade,C1,blade,NGSL_SFI_31K_EXTENSION,blade,3999,EXACT_HEADWORD_FORM_ONLY,SOURCE_LEMMA_ONLY_NOT_SENSE_OR_POS,UNREVIEWED_NOT_SEMANTICALLY_APPROVED,NOT_CLEARED,true
lex:C1:blast,C1,blast,NGSL_SFI_31K_EXTENSION,blast,3303,EXACT_HEADWORD_FORM_ONLY,SOURCE_LEMMA_ONLY_NOT_SENSE_OR_POS,UNREVIEWED_NOT_SEMANTICALLY_APPROVED,NOT_CLEARED,true
lex:C1:bleed,C1,bleed,NGSL_SFI_31K_EXTENSION,bleed,3763,EXACT_HEADWORD_FORM_ONLY,SOURCE_LEMMA_ONLY_NOT_SENSE_OR_POS,UNREVIEWED_NOT_SEMANTICALLY_APPROVED,NOT_CLEARED,true
lex:C1:blend,C1,blend,NGSL_SFI_31K_EXTENSION,blend,3664,EXACT_HEADWORD_FORM_ONLY,SOURCE_LEMMA_ONLY_NOT_SENSE_OR_POS,UNREVIEWED_NOT_SEMANTICALLY_APPROVED,NOT_CLEARED,true
lex:C1:bless,C1,bless,NGSL_1_2_CORE,bless,2601,EXACT_HEADWORD_FORM_ONLY,SOURCE_LEMMA_ONLY_NOT_SENSE_OR_POS,UNREVIEWED_NOT_SEMANTICALLY_APPROVED,NOT_CLEARED,true
lex:C1:blessing,C1,blessing,NO_DIRECT_SOURCE_LEMMA,,,NO_DIRECT_MATCH,SOURCE_LEMMA_ONLY_NOT_SENSE_OR_POS,UNREVIEWED_NOT_SEMANTICALLY_APPROVED,NOT_CLEARED,true
lex:C1:boast,C1,boast,NGSL_SFI_31K_EXTENSION,boast,3662,EXACT_HEADWORD_FORM_ONLY,SOURCE_LEMMA_ONLY_NOT_SENSE_OR_POS,UNREVIEWED_NOT_SEMANTICALLY_APPROVED,NOT_CLEARED,true
lex:C1:bonus,C1,bonus,NGSL_SFI_31K_EXTENSION,bonus,3093,EXACT_HEADWORD_FORM_ONLY,SOURCE_LEMMA_ONLY_NOT_SENSE_OR_POS,UNREVIEWED_NOT_SEMANTICALLY_APPROVED,NOT_CLEARED,true
lex:C1:boom,C1,boom,NGSL_1_2_CORE,boom,2545,EXACT_HEADWORD_FORM_ONLY,SOURCE_LEMMA_ONLY_NOT_SENSE_OR_POS,UNREVIEWED_NOT_SEMANTICALLY_APPROVED,NOT_CLEARED,true
lex:C1:bounce,C1,bounce,NGSL_SFI_31K_EXTENSION,bounce,3628,EXACT_HEADWORD_FORM_ONLY,SOURCE_LEMMA_ONLY_NOT_SENSE_OR_POS,UNREVIEWED_NOT_SEMANTICALLY_APPROVED,NOT_CLEARED,true
lex:C1:boundary,C1,boundary,NGSL_1_2_CORE,boundary,2159,EXACT_HEADWORD_FORM_ONLY,SOURCE_LEMMA_ONLY_NOT_SENSE_OR_POS,UNREVIEWED_NOT_SEMANTICALLY_APPROVED,NOT_CLEARED,true
lex:C1:bow,C1,bow¹,NGSL_SFI_31K_EXTENSION,bow,3185,HEADWORD_NORMALIZED_REQUIRES_REVIEW,SOURCE_LEMMA_ONLY_NOT_SENSE_OR_POS,UNREVIEWED_NOT_SEMANTICALLY_APPROVED,NOT_CLEARED,true
lex:C1:breach,C1,breach,NGSL_SFI_31K_EXTENSION,breach,3653,EXACT_HEADWORD_FORM_ONLY,SOURCE_LEMMA_ONLY_NOT_SENSE_OR_POS,UNREVIEWED_NOT_SEMANTICALLY_APPROVED,NOT_CLEARED,true
lex:C1:breakdown,C1,breakdown,NGSL_SFI_31K_EXTENSION,breakdown,3522,EXACT_HEADWORD_FORM_ONLY,SOURCE_LEMMA_ONLY_NOT_SENSE_OR_POS,UNREVIEWED_NOT_SEMANTICALLY_APPROVED,NOT_CLEARED,true
lex:C1:breakthrough,C1,breakthrough,NGSL_SFI_31K_EXTENSION,breakthrough,4649,EXACT_HEADWORD_FORM_ONLY,SOURCE_LEMMA_ONLY_NOT_SENSE_OR_POS,UNREVIEWED_NOT_SEMANTICALLY_APPROVED,NOT_CLEARED,true
lex:C1:breed,C1,breed,NGSL_1_2_CORE,breed,2198,EXACT_HEADWORD_FORM_ONLY,SOURCE_LEMMA_ONLY_NOT_SENSE_OR_POS,UNREVIEWED_NOT_SEMANTICALLY_APPROVED,NOT_CLEARED,true
lex:C1:broadband,C1,broadband,NGSL_SFI_31K_EXTENSION,broadband,8522,EXACT_HEADWORD_FORM_ONLY,SOURCE_LEMMA_ONLY_NOT_SENSE_OR_POS,UNREVIEWED_NOT_SEMANTICALLY_APPROVED,NOT_CLEARED,true
lex:C1:browser,C1,browser,NGSL_SFI_31K_EXTENSION,browser,5776,EXACT_HEADWORD_FORM_ONLY,SOURCE_LEMMA_ONLY_NOT_SENSE_OR_POS,UNREVIEWED_NOT_SEMANTICALLY_APPROVED,NOT_CLEARED,true
lex:C1:brutal,C1,brutal,NGSL_SFI_31K_EXTENSION,brutal,4966,EXACT_HEADWORD_FORM_ONLY,SOURCE_LEMMA_ONLY_NOT_SENSE_OR_POS,UNREVIEWED_NOT_SEMANTICALLY_APPROVED,NOT_CLEARED,true
lex:C1:buck,C1,buck,NGSL_SFI_31K_EXTENSION,buck,3970,EXACT_HEADWORD_FORM_ONLY,SOURCE_LEMMA_ONLY_NOT_SENSE_OR_POS,UNREVIEWED_NOT_SEMANTICALLY_APPROVED,NOT_CLEARED,true
lex:C1:buddy,C1,buddy,NGSL_SFI_31K_EXTENSION,buddy,5585,EXACT_HEADWORD_FORM_ONLY,SOURCE_LEMMA_ONLY_NOT_SENSE_OR_POS,UNREVIEWED_NOT_SEMANTICALLY_APPROVED,NOT_CLEARED,true
lex:C1:buffer,C1,buffer,NGSL_SFI_31K_EXTENSION,buffer,5053,EXACT_HEADWORD_FORM_ONLY,SOURCE_LEMMA_ONLY_NOT_SENSE_OR_POS,UNREVIEWED_NOT_SEMANTICALLY_APPROVED,NOT_CLEARED,true
lex:C1:bulk,C1,bulk,NGSL_SFI_31K_EXTENSION,bulk,3422,EXACT_HEADWORD_FORM_ONLY,SOURCE_LEMMA_ONLY_NOT_SENSE_OR_POS,UNREVIEWED_NOT_SEMANTICALLY_APPROVED,NOT_CLEARED,true
lex:C1:burden,C1,burden,NGSL_1_2_CORE,burden,2286,EXACT_HEADWORD_FORM_ONLY,SOURCE_LEMMA_ONLY_NOT_SENSE_OR_POS,UNREVIEWED_NOT_SEMANTICALLY_APPROVED,NOT_CLEARED,true
lex:C1:bureaucracy,C1,bureaucracy,NGSL_SFI_31K_EXTENSION,bureaucracy,4652,EXACT_HEADWORD_FORM_ONLY,SOURCE_LEMMA_ONLY_NOT_SENSE_OR_POS,UNREVIEWED_NOT_SEMANTICALLY_APPROVED,NOT_CLEARED,true
lex:C1:burial,C1,burial,NGSL_SFI_31K_EXTENSION,burial,4792,EXACT_HEADWORD_FORM_ONLY,SOURCE_LEMMA_ONLY_NOT_SENSE_OR_POS,UNREVIEWED_NOT_SEMANTICALLY_APPROVED,NOT_CLEARED,true
lex:C1:burst,C1,burst,NGSL_1_2_CORE,burst,2436,EXACT_HEADWORD_FORM_ONLY,SOURCE_LEMMA_ONLY_NOT_SENSE_OR_POS,UNREVIEWED_NOT_SEMANTICALLY_APPROVED,NOT_CLEARED,true
lex:C1:cabinet,C1,cabinet,NGSL_SFI_31K_EXTENSION,cabinet,3103,EXACT_HEADWORD_FORM_ONLY,SOURCE_LEMMA_ONLY_NOT_SENSE_OR_POS,UNREVIEWED_NOT_SEMANTICALLY_APPROVED,NOT_CLEARED,true
lex:C1:calculation,C1,calculation,NGSL_SFI_31K_EXTENSION,calculation,3043,EXACT_HEADWORD_FORM_ONLY,SOURCE_LEMMA_ONLY_NOT_SENSE_OR_POS,UNREVIEWED_NOT_SEMANTICALLY_APPROVED,NOT_CLEARED,true
lex:C1:canvas,C1,canvas,NGSL_SFI_31K_EXTENSION,canvas,4702,EXACT_HEADWORD_FORM_ONLY,SOURCE_LEMMA_ONLY_NOT_SENSE_OR_POS,UNREVIEWED_NOT_SEMANTICALLY_APPROVED,NOT_CLEARED,true
lex:C1:capability,C1,capability,NGSL_1_2_CORE,capability,2397,EXACT_HEADWORD_FORM_ONLY,SOURCE_LEMMA_ONLY_NOT_SENSE_OR_POS,UNREVIEWED_NOT_SEMANTICALLY_APPROVED,NOT_CLEARED,true
lex:C1:capitalism,C1,capitalism,NGSL_SFI_31K_EXTENSION,capitalism,4289,EXACT_HEADWORD_FORM_ONLY,SOURCE_LEMMA_ONLY_NOT_SENSE_OR_POS,UNREVIEWED_NOT_SEMANTICALLY_APPROVED,NOT_CLEARED,true
lex:C1:capitalist,C1,capitalist,NGSL_SFI_31K_EXTENSION,capitalist,4757,EXACT_HEADWORD_FORM_ONLY,SOURCE_LEMMA_ONLY_NOT_SENSE_OR_POS,UNREVIEWED_NOT_SEMANTICALLY_APPROVED,NOT_CLEARED,true
lex:C1:cargo,C1,cargo,NGSL_SFI_31K_EXTENSION,cargo,4911,EXACT_HEADWORD_FORM_ONLY,SOURCE_LEMMA_ONLY_NOT_SENSE_OR_POS,UNREVIEWED_NOT_SEMANTICALLY_APPROVED,NOT_CLEARED,true
lex:C1:carriage,C1,carriage,NGSL_SFI_31K_EXTENSION,carriage,3906,EXACT_HEADWORD_FORM_ONLY,SOURCE_LEMMA_ONLY_NOT_SENSE_OR_POS,UNREVIEWED_NOT_SEMANTICALLY_APPROVED,NOT_CLEARED,true
lex:C1:carve,C1,carve,NGSL_SFI_31K_EXTENSION,carve,3133,EXACT_HEADWORD_FORM_ONLY,SOURCE_LEMMA_ONLY_NOT_SENSE_OR_POS,UNREVIEWED_NOT_SEMANTICALLY_APPROVED,NOT_CLEARED,true
lex:C1:casino,C1,casino,NGSL_SFI_31K_EXTENSION,casino,5175,EXACT_HEADWORD_FORM_ONLY,SOURCE_LEMMA_ONLY_NOT_SENSE_OR_POS,UNREVIEWED_NOT_SEMANTICALLY_APPROVED,NOT_CLEARED,true
lex:C1:casualty,C1,casualty,NGSL_SFI_31K_EXTENSION,casualty,3861,EXACT_HEADWORD_FORM_ONLY,SOURCE_LEMMA_ONLY_NOT_SENSE_OR_POS,UNREVIEWED_NOT_SEMANTICALLY_APPROVED,NOT_CLEARED,true
lex:C1:catalogue,C1,catalogue,NO_DIRECT_SOURCE_LEMMA,,,NO_DIRECT_MATCH,SOURCE_LEMMA_ONLY_NOT_SENSE_OR_POS,UNREVIEWED_NOT_SEMANTICALLY_APPROVED,NOT_CLEARED,true
lex:C1:cater,C1,cater,NGSL_SFI_31K_EXTENSION,cater,3443,EXACT_HEADWORD_FORM_ONLY,SOURCE_LEMMA_ONLY_NOT_SENSE_OR_POS,UNREVIEWED_NOT_SEMANTICALLY_APPROVED,NOT_CLEARED,true
lex:C1:cattle,C1,cattle,NGSL_SFI_31K_EXTENSION,cattle,3027,EXACT_HEADWORD_FORM_ONLY,SOURCE_LEMMA_ONLY_NOT_SENSE_OR_POS,UNREVIEWED_NOT_SEMANTICALLY_APPROVED,NOT_CLEARED,true
lex:C1:caution,C1,caution,NGSL_SFI_31K_EXTENSION,caution,3551,EXACT_HEADWORD_FORM_ONLY,SOURCE_LEMMA_ONLY_NOT_SENSE_OR_POS,UNREVIEWED_NOT_SEMANTICALLY_APPROVED,NOT_CLEARED,true
lex:C1:cautious,C1,cautious,NGSL_SFI_31K_EXTENSION,cautious,4481,EXACT_HEADWORD_FORM_ONLY,SOURCE_LEMMA_ONLY_NOT_SENSE_OR_POS,UNREVIEWED_NOT_SEMANTICALLY_APPROVED,NOT_CLEARED,true
lex:C1:cease,C1,cease,NGSL_SFI_31K_EXTENSION,cease,3159,EXACT_HEADWORD_FORM_ONLY,SOURCE_LEMMA_ONLY_NOT_SENSE_OR_POS,UNREVIEWED_NOT_SEMANTICALLY_APPROVED,NOT_CLEARED,true
lex:C1:cemetery,C1,cemetery,NGSL_SFI_31K_EXTENSION,cemetery,5484,EXACT_HEADWORD_FORM_ONLY,SOURCE_LEMMA_ONLY_NOT_SENSE_OR_POS,UNREVIEWED_NOT_SEMANTICALLY_APPROVED,NOT_CLEARED,true
lex:C1:chamber,C1,chamber,NGSL_1_2_CORE,chamber,2531,EXACT_HEADWORD_FORM_ONLY,SOURCE_LEMMA_ONLY_NOT_SENSE_OR_POS,UNREVIEWED_NOT_SEMANTICALLY_APPROVED,NOT_CLEARED,true
lex:C1:chaos,C1,chaos,NGSL_SFI_31K_EXTENSION,chaos,3862,EXACT_HEADWORD_FORM_ONLY,SOURCE_LEMMA_ONLY_NOT_SENSE_OR_POS,UNREVIEWED_NOT_SEMANTICALLY_APPROVED,NOT_CLEARED,true
lex:C1:characterize,C1,characterize,NGSL_1_2_CORE,characterize,2325,EXACT_HEADWORD_FORM_ONLY,SOURCE_LEMMA_ONLY_NOT_SENSE_OR_POS,UNREVIEWED_NOT_SEMANTICALLY_APPROVED,NOT_CLEARED,true
lex:C1:charm,C1,charm,NGSL_1_2_CORE,charm,2376,EXACT_HEADWORD_FORM_ONLY,SOURCE_LEMMA_ONLY_NOT_SENSE_OR_POS,UNREVIEWED_NOT_SEMANTICALLY_APPROVED,NOT_CLEARED,true
lex:C1:charter,C1,charter,NGSL_SFI_31K_EXTENSION,charter,3308,EXACT_HEADWORD_FORM_ONLY,SOURCE_LEMMA_ONLY_NOT_SENSE_OR_POS,UNREVIEWED_NOT_SEMANTICALLY_APPROVED,NOT_CLEARED,true
lex:C1:chronic,C1,chronic,NGSL_SFI_31K_EXTENSION,chronic,3826,EXACT_HEADWORD_FORM_ONLY,SOURCE_LEMMA_ONLY_NOT_SENSE_OR_POS,UNREVIEWED_NOT_SEMANTICALLY_APPROVED,NOT_CLEARED,true
lex:C1:chunk,C1,chunk,NGSL_SFI_31K_EXTENSION,chunk,4964,EXACT_HEADWORD_FORM_ONLY,SOURCE_LEMMA_ONLY_NOT_SENSE_OR_POS,UNREVIEWED_NOT_SEMANTICALLY_APPROVED,NOT_CLEARED,true
lex:C1:circulate,C1,circulate,NGSL_SFI_31K_EXTENSION,circulate,4201,EXACT_HEADWORD_FORM_ONLY,SOURCE_LEMMA_ONLY_NOT_SENSE_OR_POS,UNREVIEWED_NOT_SEMANTICALLY_APPROVED,NOT_CLEARED,true
lex:C1:circulation,C1,circulation,NGSL_SFI_31K_EXTENSION,circulation,4224,EXACT_HEADWORD_FORM_ONLY,SOURCE_LEMMA_ONLY_NOT_SENSE_OR_POS,UNREVIEWED_NOT_SEMANTICALLY_APPROVED,NOT_CLEARED,true
lex:C1:citizenship,C1,citizenship,NGSL_SFI_31K_EXTENSION,citizenship,4327,EXACT_HEADWORD_FORM_ONLY,SOURCE_LEMMA_ONLY_NOT_SENSE_OR_POS,UNREVIEWED_NOT_SEMANTICALLY_APPROVED,NOT_CLEARED,true
lex:C1:civic,C1,civic,NGSL_SFI_31K_EXTENSION,civic,5163,EXACT_HEADWORD_FORM_ONLY,SOURCE_LEMMA_ONLY_NOT_SENSE_OR_POS,UNREVIEWED_NOT_SEMANTICALLY_APPROVED,NOT_CLEARED,true
lex:C1:civilian,C1,civilian,NGSL_1_2_CORE,civilian,2607,EXACT_HEADWORD_FORM_ONLY,SOURCE_LEMMA_ONLY_NOT_SENSE_OR_POS,UNREVIEWED_NOT_SEMANTICALLY_APPROVED,NOT_CLEARED,true
lex:C1:clarity,C1,clarity,NGSL_SFI_31K_EXTENSION,clarity,4581,EXACT_HEADWORD_FORM_ONLY,SOURCE_LEMMA_ONLY_NOT_SENSE_OR_POS,UNREVIEWED_NOT_SEMANTICALLY_APPROVED,NOT_CLEARED,true
lex:C1:clash,C1,clash,NGSL_SFI_31K_EXTENSION,clash,3642,EXACT_HEADWORD_FORM_ONLY,SOURCE_LEMMA_ONLY_NOT_SENSE_OR_POS,UNREVIEWED_NOT_SEMANTICALLY_APPROVED,NOT_CLEARED,true
lex:C1:classification,C1,classification,NGSL_SFI_31K_EXTENSION,classification,4042,EXACT_HEADWORD_FORM_ONLY,SOURCE_LEMMA_ONLY_NOT_SENSE_OR_POS,UNREVIEWED_NOT_SEMANTICALLY_APPROVED,NOT_CLEARED,true
lex:C1:cling,C1,cling,NGSL_SFI_31K_EXTENSION,cling,4358,EXACT_HEADWORD_FORM_ONLY,SOURCE_LEMMA_ONLY_NOT_SENSE_OR_POS,UNREVIEWED_NOT_SEMANTICALLY_APPROVED,NOT_CLEARED,true
lex:C1:clinical,C1,clinical,NGSL_1_2_CORE,clinical,2367,EXACT_HEADWORD_FORM_ONLY,SOURCE_LEMMA_ONLY_NOT_SENSE_OR_POS,UNREVIEWED_NOT_SEMANTICALLY_APPROVED,NOT_CLEARED,true
lex:C1:closure,C1,closure,NGSL_SFI_31K_EXTENSION,closure,3919,EXACT_HEADWORD_FORM_ONLY,SOURCE_LEMMA_ONLY_NOT_SENSE_OR_POS,UNREVIEWED_NOT_SEMANTICALLY_APPROVED,NOT_CLEARED,true
lex:C1:cluster,C1,cluster,NGSL_1_2_CORE,cluster,2681,EXACT_HEADWORD_FORM_ONLY,SOURCE_LEMMA_ONLY_NOT_SENSE_OR_POS,UNREVIEWED_NOT_SEMANTICALLY_APPROVED,NOT_CLEARED,true
lex:C1:coalition,C1,coalition,NGSL_SFI_31K_EXTENSION,coalition,3153,EXACT_HEADWORD_FORM_ONLY,SOURCE_LEMMA_ONLY_NOT_SENSE_OR_POS,UNREVIEWED_NOT_SEMANTICALLY_APPROVED,NOT_CLEARED,true
lex:C1:coastal,C1,coastal,NGSL_SFI_31K_EXTENSION,coastal,4232,EXACT_HEADWORD_FORM_ONLY,SOURCE_LEMMA_ONLY_NOT_SENSE_OR_POS,UNREVIEWED_NOT_SEMANTICALLY_APPROVED,NOT_CLEARED,true
lex:C1:cocktail,C1,cocktail,NGSL_SFI_31K_EXTENSION,cocktail,4889,EXACT_HEADWORD_FORM_ONLY,SOURCE_LEMMA_ONLY_NOT_SENSE_OR_POS,UNREVIEWED_NOT_SEMANTICALLY_APPROVED,NOT_CLEARED,true
lex:C1:cognitive,C1,cognitive,NGSL_SFI_31K_EXTENSION,cognitive,3384,EXACT_HEADWORD_FORM_ONLY,SOURCE_LEMMA_ONLY_NOT_SENSE_OR_POS,UNREVIEWED_NOT_SEMANTICALLY_APPROVED,NOT_CLEARED,true
lex:C1:coincide,C1,coincide,NGSL_SFI_31K_EXTENSION,coincide,4471,EXACT_HEADWORD_FORM_ONLY,SOURCE_LEMMA_ONLY_NOT_SENSE_OR_POS,UNREVIEWED_NOT_SEMANTICALLY_APPROVED,NOT_CLEARED,true
lex:C1:collaborate,C1,collaborate,NGSL_SFI_31K_EXTENSION,collaborate,5318,EXACT_HEADWORD_FORM_ONLY,SOURCE_LEMMA_ONLY_NOT_SENSE_OR_POS,UNREVIEWED_NOT_SEMANTICALLY_APPROVED,NOT_CLEARED,true
lex:C1:collaboration,C1,collaboration,NGSL_SFI_31K_EXTENSION,collaboration,3850,EXACT_HEADWORD_FORM_ONLY,SOURCE_LEMMA_ONLY_NOT_SENSE_OR_POS,UNREVIEWED_NOT_SEMANTICALLY_APPROVED,NOT_CLEARED,true
lex:C1:collective,C1,collective,NGSL_SFI_31K_EXTENSION,collective,3099,EXACT_HEADWORD_FORM_ONLY,SOURCE_LEMMA_ONLY_NOT_SENSE_OR_POS,UNREVIEWED_NOT_SEMANTICALLY_APPROVED,NOT_CLEARED,true
lex:C1:collision,C1,collision,NGSL_SFI_31K_EXTENSION,collision,5503,EXACT_HEADWORD_FORM_ONLY,SOURCE_LEMMA_ONLY_NOT_SENSE_OR_POS,UNREVIEWED_NOT_SEMANTICALLY_APPROVED,NOT_CLEARED,true
lex:C1:colonial,C1,colonial,NGSL_SFI_31K_EXTENSION,colonial,3923,EXACT_HEADWORD_FORM_ONLY,SOURCE_LEMMA_ONLY_NOT_SENSE_OR_POS,UNREVIEWED_NOT_SEMANTICALLY_APPROVED,NOT_CLEARED,true
lex:C1:columnist,C1,columnist,NGSL_SFI_31K_EXTENSION,columnist,5299,EXACT_HEADWORD_FORM_ONLY,SOURCE_LEMMA_ONLY_NOT_SENSE_OR_POS,UNREVIEWED_NOT_SEMANTICALLY_APPROVED,NOT_CLEARED,true
lex:C1:combat,C1,combat,NGSL_SFI_31K_EXTENSION,combat,2913,EXACT_HEADWORD_FORM_ONLY,SOURCE_LEMMA_ONLY_NOT_SENSE_OR_POS,UNREVIEWED_NOT_SEMANTICALLY_APPROVED,NOT_CLEARED,true
lex:C1:commence,C1,commence,NGSL_SFI_31K_EXTENSION,commence,4885,EXACT_HEADWORD_FORM_ONLY,SOURCE_LEMMA_ONLY_NOT_SENSE_OR_POS,UNREVIEWED_NOT_SEMANTICALLY_APPROVED,NOT_CLEARED,true
lex:C1:commentary,C1,commentary,NGSL_SFI_31K_EXTENSION,commentary,3863,EXACT_HEADWORD_FORM_ONLY,SOURCE_LEMMA_ONLY_NOT_SENSE_OR_POS,UNREVIEWED_NOT_SEMANTICALLY_APPROVED,NOT_CLEARED,true
lex:C1:commentator,C1,commentator,NGSL_SFI_31K_EXTENSION,commentator,4174,EXACT_HEADWORD_FORM_ONLY,SOURCE_LEMMA_ONLY_NOT_SENSE_OR_POS,UNREVIEWED_NOT_SEMANTICALLY_APPROVED,NOT_CLEARED,true
lex:C1:commerce,C1,commerce,NGSL_SFI_31K_EXTENSION,commerce,4298,EXACT_HEADWORD_FORM_ONLY,SOURCE_LEMMA_ONLY_NOT_SENSE_OR_POS,UNREVIEWED_NOT_SEMANTICALLY_APPROVED,NOT_CLEARED,true
lex:C1:commissioner,C1,commissioner,NGSL_SFI_31K_EXTENSION,commissioner,4520,EXACT_HEADWORD_FORM_ONLY,SOURCE_LEMMA_ONLY_NOT_SENSE_OR_POS,UNREVIEWED_NOT_SEMANTICALLY_APPROVED,NOT_CLEARED,true
lex:C1:commodity,C1,commodity,NGSL_SFI_31K_EXTENSION,commodity,3647,EXACT_HEADWORD_FORM_ONLY,SOURCE_LEMMA_ONLY_NOT_SENSE_OR_POS,UNREVIEWED_NOT_SEMANTICALLY_APPROVED,NOT_CLEARED,true
lex:C1:communist,C1,communist,NGSL_SFI_31K_EXTENSION,communist,3134,EXACT_HEADWORD_FORM_ONLY,SOURCE_LEMMA_ONLY_NOT_SENSE_OR_POS,UNREVIEWED_NOT_SEMANTICALLY_APPROVED,NOT_CLEARED,true
lex:C1:companion,C1,companion,NGSL_SFI_31K_EXTENSION,companion,3309,EXACT_HEADWORD_FORM_ONLY,SOURCE_LEMMA_ONLY_NOT_SENSE_OR_POS,UNREVIEWED_NOT_SEMANTICALLY_APPROVED,NOT_CLEARED,true
lex:C1:comparable,C1,comparable,NGSL_SFI_31K_EXTENSION,comparable,3398,EXACT_HEADWORD_FORM_ONLY,SOURCE_LEMMA_ONLY_NOT_SENSE_OR_POS,UNREVIEWED_NOT_SEMANTICALLY_APPROVED,NOT_CLEARED,true
lex:C1:compassion,C1,compassion,NGSL_SFI_31K_EXTENSION,compassion,5616,EXACT_HEADWORD_FORM_ONLY,SOURCE_LEMMA_ONLY_NOT_SENSE_OR_POS,UNREVIEWED_NOT_SEMANTICALLY_APPROVED,NOT_CLEARED,true
lex:C1:compel,C1,compel,NGSL_SFI_31K_EXTENSION,compel,2911,EXACT_HEADWORD_FORM_ONLY,SOURCE_LEMMA_ONLY_NOT_SENSE_OR_POS,UNREVIEWED_NOT_SEMANTICALLY_APPROVED,NOT_CLEARED,true
lex:C1:compelling,C1,compelling,NO_DIRECT_SOURCE_LEMMA,,,NO_DIRECT_MATCH,SOURCE_LEMMA_ONLY_NOT_SENSE_OR_POS,UNREVIEWED_NOT_SEMANTICALLY_APPROVED,NOT_CLEARED,true
lex:C1:compensate,C1,compensate,NGSL_SFI_31K_EXTENSION,compensate,3734,EXACT_HEADWORD_FORM_ONLY,SOURCE_LEMMA_ONLY_NOT_SENSE_OR_POS,UNREVIEWED_NOT_SEMANTICALLY_APPROVED,NOT_CLEARED,true
lex:C1:compensation,C1,compensation,NGSL_1_2_CORE,compensation,2479,EXACT_HEADWORD_FORM_ONLY,SOURCE_LEMMA_ONLY_NOT_SENSE_OR_POS,UNREVIEWED_NOT_SEMANTICALLY_APPROVED,NOT_CLEARED,true
lex:C1:competence,C1,competence,NGSL_SFI_31K_EXTENSION,competence,3588,EXACT_HEADWORD_FORM_ONLY,SOURCE_LEMMA_ONLY_NOT_SENSE_OR_POS,UNREVIEWED_NOT_SEMANTICALLY_APPROVED,NOT_CLEARED,true
lex:C1:competent,C1,competent,NGSL_SFI_31K_EXTENSION,competent,4230,EXACT_HEADWORD_FORM_ONLY,SOURCE_LEMMA_ONLY_NOT_SENSE_OR_POS,UNREVIEWED_NOT_SEMANTICALLY_APPROVED,NOT_CLEARED,true
lex:C1:compile,C1,compile,NGSL_SFI_31K_EXTENSION,compile,4250,EXACT_HEADWORD_FORM_ONLY,SOURCE_LEMMA_ONLY_NOT_SENSE_OR_POS,UNREVIEWED_NOT_SEMANTICALLY_APPROVED,NOT_CLEARED,true
lex:C1:complement,C1,complement,NGSL_SFI_31K_EXTENSION,complement,4090,EXACT_HEADWORD_FORM_ONLY,SOURCE_LEMMA_ONLY_NOT_SENSE_OR_POS,UNREVIEWED_NOT_SEMANTICALLY_APPROVED,NOT_CLEARED,true
lex:C1:complexity,C1,complexity,NGSL_1_2_CORE,complexity,2644,EXACT_HEADWORD_FORM_ONLY,SOURCE_LEMMA_ONLY_NOT_SENSE_OR_POS,UNREVIEWED_NOT_SEMANTICALLY_APPROVED,NOT_CLEARED,true
lex:C1:compliance,C1,compliance,NGSL_SFI_31K_EXTENSION,compliance,3756,EXACT_HEADWORD_FORM_ONLY,SOURCE_LEMMA_ONLY_NOT_SENSE_OR_POS,UNREVIEWED_NOT_SEMANTICALLY_APPROVED,NOT_CLEARED,true
lex:C1:complication,C1,complication,NGSL_SFI_31K_EXTENSION,complication,4269,EXACT_HEADWORD_FORM_ONLY,SOURCE_LEMMA_ONLY_NOT_SENSE_OR_POS,UNREVIEWED_NOT_SEMANTICALLY_APPROVED,NOT_CLEARED,true
lex:C1:comply,C1,comply,NGSL_SFI_31K_EXTENSION,comply,3265,EXACT_HEADWORD_FORM_ONLY,SOURCE_LEMMA_ONLY_NOT_SENSE_OR_POS,UNREVIEWED_NOT_SEMANTICALLY_APPROVED,NOT_CLEARED,true
lex:C1:composition,C1,composition,NGSL_1_2_CORE,composition,2608,EXACT_HEADWORD_FORM_ONLY,SOURCE_LEMMA_ONLY_NOT_SENSE_OR_POS,UNREVIEWED_NOT_SEMANTICALLY_APPROVED,NOT_CLEARED,true
lex:C1:compromise,C1,compromise,NGSL_1_2_CORE,compromise,2455,EXACT_HEADWORD_FORM_ONLY,SOURCE_LEMMA_ONLY_NOT_SENSE_OR_POS,UNREVIEWED_NOT_SEMANTICALLY_APPROVED,NOT_CLEARED,true
lex:C1:compute,C1,compute,NGSL_1_2_CORE,compute,2769,EXACT_HEADWORD_FORM_ONLY,SOURCE_LEMMA_ONLY_NOT_SENSE_OR_POS,UNREVIEWED_NOT_SEMANTICALLY_APPROVED,NOT_CLEARED,true
lex:C1:conceal,C1,conceal,NGSL_SFI_31K_EXTENSION,conceal,3884,EXACT_HEADWORD_FORM_ONLY,SOURCE_LEMMA_ONLY_NOT_SENSE_OR_POS,UNREVIEWED_NOT_SEMANTICALLY_APPROVED,NOT_CLEARED,true
lex:C1:concede,C1,concede,NGSL_SFI_31K_EXTENSION,concede,3940,EXACT_HEADWORD_FORM_ONLY,SOURCE_LEMMA_ONLY_NOT_SENSE_OR_POS,UNREVIEWED_NOT_SEMANTICALLY_APPROVED,NOT_CLEARED,true
lex:C1:conceive,C1,conceive,NGSL_SFI_31K_EXTENSION,conceive,3786,EXACT_HEADWORD_FORM_ONLY,SOURCE_LEMMA_ONLY_NOT_SENSE_OR_POS,UNREVIEWED_NOT_SEMANTICALLY_APPROVED,NOT_CLEARED,true
lex:C1:conception,C1,conception,NGSL_SFI_31K_EXTENSION,conception,3897,EXACT_HEADWORD_FORM_ONLY,SOURCE_LEMMA_ONLY_NOT_SENSE_OR_POS,UNREVIEWED_NOT_SEMANTICALLY_APPROVED,NOT_CLEARED,true
lex:C1:concession,C1,concession,NGSL_SFI_31K_EXTENSION,concession,4071,EXACT_HEADWORD_FORM_ONLY,SOURCE_LEMMA_ONLY_NOT_SENSE_OR_POS,UNREVIEWED_NOT_SEMANTICALLY_APPROVED,NOT_CLEARED,true
lex:C1:condemn,C1,condemn,NGSL_SFI_31K_EXTENSION,condemn,3216,EXACT_HEADWORD_FORM_ONLY,SOURCE_LEMMA_ONLY_NOT_SENSE_OR_POS,UNREVIEWED_NOT_SEMANTICALLY_APPROVED,NOT_CLEARED,true
lex:C1:confer,C1,confer,NGSL_SFI_31K_EXTENSION,confer,5472,EXACT_HEADWORD_FORM_ONLY,SOURCE_LEMMA_ONLY_NOT_SENSE_OR_POS,UNREVIEWED_NOT_SEMANTICALLY_APPROVED,NOT_CLEARED,true
lex:C1:confession,C1,confession,NGSL_SFI_31K_EXTENSION,confession,4954,EXACT_HEADWORD_FORM_ONLY,SOURCE_LEMMA_ONLY_NOT_SENSE_OR_POS,UNREVIEWED_NOT_SEMANTICALLY_APPROVED,NOT_CLEARED,true
lex:C1:configuration,C1,configuration,NGSL_SFI_31K_EXTENSION,configuration,3866,EXACT_HEADWORD_FORM_ONLY,SOURCE_LEMMA_ONLY_NOT_SENSE_OR_POS,UNREVIEWED_NOT_SEMANTICALLY_APPROVED,NOT_CLEARED,true
lex:C1:confine,C1,confine,NGSL_SFI_31K_EXTENSION,confine,3140,EXACT_HEADWORD_FORM_ONLY,SOURCE_LEMMA_ONLY_NOT_SENSE_OR_POS,UNREVIEWED_NOT_SEMANTICALLY_APPROVED,NOT_CLEARED,true
lex:C1:confirmation,C1,confirmation,NGSL_SFI_31K_EXTENSION,confirmation,3678,EXACT_HEADWORD_FORM_ONLY,SOURCE_LEMMA_ONLY_NOT_SENSE_OR_POS,UNREVIEWED_NOT_SEMANTICALLY_APPROVED,NOT_CLEARED,true
lex:C1:confront,C1,confront,NGSL_SFI_31K_EXTENSION,confront,2610,EXACT_HEADWORD_FORM_ONLY,SOURCE_LEMMA_ONLY_NOT_SENSE_OR_POS,UNREVIEWED_NOT_SEMANTICALLY_APPROVED,NOT_CLEARED,true
lex:C1:confrontation,C1,confrontation,NGSL_SFI_31K_EXTENSION,confrontation,4528,EXACT_HEADWORD_FORM_ONLY,SOURCE_LEMMA_ONLY_NOT_SENSE_OR_POS,UNREVIEWED_NOT_SEMANTICALLY_APPROVED,NOT_CLEARED,true
lex:C1:congratulate,C1,congratulate,NGSL_SFI_31K_EXTENSION,congratulate,4900,EXACT_HEADWORD_FORM_ONLY,SOURCE_LEMMA_ONLY_NOT_SENSE_OR_POS,UNREVIEWED_NOT_SEMANTICALLY_APPROVED,NOT_CLEARED,true
lex:C1:congregation,C1,congregation,NGSL_SFI_31K_EXTENSION,congregation,5112,EXACT_HEADWORD_FORM_ONLY,SOURCE_LEMMA_ONLY_NOT_SENSE_OR_POS,UNREVIEWED_NOT_SEMANTICALLY_APPROVED,NOT_CLEARED,true
lex:C1:congressional,C1,congressional,NGSL_SFI_31K_EXTENSION,congressional,3360,EXACT_HEADWORD_FORM_ONLY,SOURCE_LEMMA_ONLY_NOT_SENSE_OR_POS,UNREVIEWED_NOT_SEMANTICALLY_APPROVED,NOT_CLEARED,true
lex:C1:conquer,C1,conquer,NGSL_SFI_31K_EXTENSION,conquer,5057,EXACT_HEADWORD_FORM_ONLY,SOURCE_LEMMA_ONLY_NOT_SENSE_OR_POS,UNREVIEWED_NOT_SEMANTICALLY_APPROVED,NOT_CLEARED,true
lex:C1:conscience,C1,conscience,NGSL_SFI_31K_EXTENSION,conscience,4062,EXACT_HEADWORD_FORM_ONLY,SOURCE_LEMMA_ONLY_NOT_SENSE_OR_POS,UNREVIEWED_NOT_SEMANTICALLY_APPROVED,NOT_CLEARED,true
lex:C1:consciousness,C1,consciousness,NGSL_SFI_31K_EXTENSION,consciousness,3523,EXACT_HEADWORD_FORM_ONLY,SOURCE_LEMMA_ONLY_NOT_SENSE_OR_POS,UNREVIEWED_NOT_SEMANTICALLY_APPROVED,NOT_CLEARED,true
lex:C1:consecutive,C1,consecutive,NGSL_SFI_31K_EXTENSION,consecutive,4801,EXACT_HEADWORD_FORM_ONLY,SOURCE_LEMMA_ONLY_NOT_SENSE_OR_POS,UNREVIEWED_NOT_SEMANTICALLY_APPROVED,NOT_CLEARED,true
lex:C1:consensus,C1,consensus,NGSL_SFI_31K_EXTENSION,consensus,3054,EXACT_HEADWORD_FORM_ONLY,SOURCE_LEMMA_ONLY_NOT_SENSE_OR_POS,UNREVIEWED_NOT_SEMANTICALLY_APPROVED,NOT_CLEARED,true
lex:C1:consent,C1,consent,NGSL_SFI_31K_EXTENSION,consent,2885,EXACT_HEADWORD_FORM_ONLY,SOURCE_LEMMA_ONLY_NOT_SENSE_OR_POS,UNREVIEWED_NOT_SEMANTICALLY_APPROVED,NOT_CLEARED,true
lex:C1:conserve,C1,conserve,NGSL_SFI_31K_EXTENSION,conserve,6085,EXACT_HEADWORD_FORM_ONLY,SOURCE_LEMMA_ONLY_NOT_SENSE_OR_POS,UNREVIEWED_NOT_SEMANTICALLY_APPROVED,NOT_CLEARED,true
lex:C1:consistency,C1,consistency,NGSL_SFI_31K_EXTENSION,consistency,4668,EXACT_HEADWORD_FORM_ONLY,SOURCE_LEMMA_ONLY_NOT_SENSE_OR_POS,UNREVIEWED_NOT_SEMANTICALLY_APPROVED,NOT_CLEARED,true
lex:C1:consolidate,C1,consolidate,NGSL_SFI_31K_EXTENSION,consolidate,4553,EXACT_HEADWORD_FORM_ONLY,SOURCE_LEMMA_ONLY_NOT_SENSE_OR_POS,UNREVIEWED_NOT_SEMANTICALLY_APPROVED,NOT_CLEARED,true
lex:C1:constituency,C1,constituency,NGSL_SFI_31K_EXTENSION,constituency,3936,EXACT_HEADWORD_FORM_ONLY,SOURCE_LEMMA_ONLY_NOT_SENSE_OR_POS,UNREVIEWED_NOT_SEMANTICALLY_APPROVED,NOT_CLEARED,true
lex:C1:constitute,C1,constitute,NGSL_1_2_CORE,constitute,2357,EXACT_HEADWORD_FORM_ONLY,SOURCE_LEMMA_ONLY_NOT_SENSE_OR_POS,UNREVIEWED_NOT_SEMANTICALLY_APPROVED,NOT_CLEARED,true
lex:C1:constitution,C1,constitution,NGSL_SFI_31K_EXTENSION,constitution,3356,EXACT_HEADWORD_FORM_ONLY,SOURCE_LEMMA_ONLY_NOT_SENSE_OR_POS,UNREVIEWED_NOT_SEMANTICALLY_APPROVED,NOT_CLEARED,true
lex:C1:constitutional,C1,constitutional,NGSL_SFI_31K_EXTENSION,constitutional,2997,EXACT_HEADWORD_FORM_ONLY,SOURCE_LEMMA_ONLY_NOT_SENSE_OR_POS,UNREVIEWED_NOT_SEMANTICALLY_APPROVED,NOT_CLEARED,true
lex:C1:constraint,C1,constraint,NGSL_1_2_CORE,constraint,2554,EXACT_HEADWORD_FORM_ONLY,SOURCE_LEMMA_ONLY_NOT_SENSE_OR_POS,UNREVIEWED_NOT_SEMANTICALLY_APPROVED,NOT_CLEARED,true
lex:C1:consultation,C1,consultation,NGSL_SFI_31K_EXTENSION,consultation,3672,EXACT_HEADWORD_FORM_ONLY,SOURCE_LEMMA_ONLY_NOT_SENSE_OR_POS,UNREVIEWED_NOT_SEMANTICALLY_APPROVED,NOT_CLEARED,true
lex:C1:contemplate,C1,contemplate,NGSL_SFI_31K_EXTENSION,contemplate,4054,EXACT_HEADWORD_FORM_ONLY,SOURCE_LEMMA_ONLY_NOT_SENSE_OR_POS,UNREVIEWED_NOT_SEMANTICALLY_APPROVED,NOT_CLEARED,true
lex:C1:contempt,C1,contempt,NGSL_SFI_31K_EXTENSION,contempt,5013,EXACT_HEADWORD_FORM_ONLY,SOURCE_LEMMA_ONLY_NOT_SENSE_OR_POS,UNREVIEWED_NOT_SEMANTICALLY_APPROVED,NOT_CLEARED,true
lex:C1:contend,C1,contend,NGSL_SFI_31K_EXTENSION,contend,4185,EXACT_HEADWORD_FORM_ONLY,SOURCE_LEMMA_ONLY_NOT_SENSE_OR_POS,UNREVIEWED_NOT_SEMANTICALLY_APPROVED,NOT_CLEARED,true
lex:C1:contender,C1,contender,NGSL_SFI_31K_EXTENSION,contender,6459,EXACT_HEADWORD_FORM_ONLY,SOURCE_LEMMA_ONLY_NOT_SENSE_OR_POS,UNREVIEWED_NOT_SEMANTICALLY_APPROVED,NOT_CLEARED,true
lex:C1:content,C1,content²,NGSL_1_2_CORE,content,1025,HEADWORD_NORMALIZED_REQUIRES_REVIEW,SOURCE_LEMMA_ONLY_NOT_SENSE_OR_POS,UNREVIEWED_NOT_SEMANTICALLY_APPROVED,NOT_CLEARED,true
lex:C1:contention,C1,contention,NGSL_SFI_31K_EXTENSION,contention,6042,EXACT_HEADWORD_FORM_ONLY,SOURCE_LEMMA_ONLY_NOT_SENSE_OR_POS,UNREVIEWED_NOT_SEMANTICALLY_APPROVED,NOT_CLEARED,true
lex:C1:continually,C1,continually,NGSL_SFI_31K_EXTENSION,continually,4312,EXACT_HEADWORD_FORM_ONLY,SOURCE_LEMMA_ONLY_NOT_SENSE_OR_POS,UNREVIEWED_NOT_SEMANTICALLY_APPROVED,NOT_CLEARED,true
lex:C1:contractor,C1,contractor,NGSL_SFI_31K_EXTENSION,contractor,3408,EXACT_HEADWORD_FORM_ONLY,SOURCE_LEMMA_ONLY_NOT_SENSE_OR_POS,UNREVIEWED_NOT_SEMANTICALLY_APPROVED,NOT_CLEARED,true
lex:C1:contradiction,C1,contradiction,NGSL_SFI_31K_EXTENSION,contradiction,4415,EXACT_HEADWORD_FORM_ONLY,SOURCE_LEMMA_ONLY_NOT_SENSE_OR_POS,UNREVIEWED_NOT_SEMANTICALLY_APPROVED,NOT_CLEARED,true
lex:C1:contrary,C1,contrary,NGSL_SFI_31K_EXTENSION,contrary,2362,EXACT_HEADWORD_FORM_ONLY,SOURCE_LEMMA_ONLY_NOT_SENSE_OR_POS,UNREVIEWED_NOT_SEMANTICALLY_APPROVED,NOT_CLEARED,true
lex:C1:contributor,C1,contributor,NGSL_SFI_31K_EXTENSION,contributor,4143,EXACT_HEADWORD_FORM_ONLY,SOURCE_LEMMA_ONLY_NOT_SENSE_OR_POS,UNREVIEWED_NOT_SEMANTICALLY_APPROVED,NOT_CLEARED,true
lex:C1:conversion,C1,conversion,NGSL_SFI_31K_EXTENSION,conversion,3440,EXACT_HEADWORD_FORM_ONLY,SOURCE_LEMMA_ONLY_NOT_SENSE_OR_POS,UNREVIEWED_NOT_SEMANTICALLY_APPROVED,NOT_CLEARED,true
lex:C1:convict,C1,convict,NGSL_SFI_31K_EXTENSION,convict,3175,EXACT_HEADWORD_FORM_ONLY,SOURCE_LEMMA_ONLY_NOT_SENSE_OR_POS,UNREVIEWED_NOT_SEMANTICALLY_APPROVED,NOT_CLEARED,true
lex:C1:conviction,C1,conviction,NGSL_SFI_31K_EXTENSION,conviction,2902,EXACT_HEADWORD_FORM_ONLY,SOURCE_LEMMA_ONLY_NOT_SENSE_OR_POS,UNREVIEWED_NOT_SEMANTICALLY_APPROVED,NOT_CLEARED,true
lex:C1:cooperate,C1,cooperate,NGSL_SFI_31K_EXTENSION,cooperate,3953,EXACT_HEADWORD_FORM_ONLY,SOURCE_LEMMA_ONLY_NOT_SENSE_OR_POS,UNREVIEWED_NOT_SEMANTICALLY_APPROVED,NOT_CLEARED,true
lex:C1:cooperative,C1,cooperative,NGSL_SFI_31K_EXTENSION,cooperative,4670,EXACT_HEADWORD_FORM_ONLY,SOURCE_LEMMA_ONLY_NOT_SENSE_OR_POS,UNREVIEWED_NOT_SEMANTICALLY_APPROVED,NOT_CLEARED,true
lex:C1:coordinate,C1,coordinate,NGSL_SFI_31K_EXTENSION,coordinate,3189,EXACT_HEADWORD_FORM_ONLY,SOURCE_LEMMA_ONLY_NOT_SENSE_OR_POS,UNREVIEWED_NOT_SEMANTICALLY_APPROVED,NOT_CLEARED,true
lex:C1:coordination,C1,coordination,NGSL_SFI_31K_EXTENSION,coordination,4960,EXACT_HEADWORD_FORM_ONLY,SOURCE_LEMMA_ONLY_NOT_SENSE_OR_POS,UNREVIEWED_NOT_SEMANTICALLY_APPROVED,NOT_CLEARED,true
lex:C1:coordinator,C1,coordinator,NGSL_SFI_31K_EXTENSION,coordinator,6442,EXACT_HEADWORD_FORM_ONLY,SOURCE_LEMMA_ONLY_NOT_SENSE_OR_POS,UNREVIEWED_NOT_SEMANTICALLY_APPROVED,NOT_CLEARED,true
lex:C1:cop,C1,cop,NGSL_SFI_31K_EXTENSION,cop,3488,EXACT_HEADWORD_FORM_ONLY,SOURCE_LEMMA_ONLY_NOT_SENSE_OR_POS,UNREVIEWED_NOT_SEMANTICALLY_APPROVED,NOT_CLEARED,true
lex:C1:copper,C1,copper,NGSL_SFI_31K_EXTENSION,copper,3989,EXACT_HEADWORD_FORM_ONLY,SOURCE_LEMMA_ONLY_NOT_SENSE_OR_POS,UNREVIEWED_NOT_SEMANTICALLY_APPROVED,NOT_CLEARED,true
lex:C1:copyright,C1,copyright,NGSL_SFI_31K_EXTENSION,copyright,4530,EXACT_HEADWORD_FORM_ONLY,SOURCE_LEMMA_ONLY_NOT_SENSE_OR_POS,UNREVIEWED_NOT_SEMANTICALLY_APPROVED,NOT_CLEARED,true
lex:C1:correction,C1,correction,NGSL_SFI_31K_EXTENSION,correction,4069,EXACT_HEADWORD_FORM_ONLY,SOURCE_LEMMA_ONLY_NOT_SENSE_OR_POS,UNREVIEWED_NOT_SEMANTICALLY_APPROVED,NOT_CLEARED,true
lex:C1:correlate,C1,correlate,NGSL_SFI_31K_EXTENSION,correlate,4655,EXACT_HEADWORD_FORM_ONLY,SOURCE_LEMMA_ONLY_NOT_SENSE_OR_POS,UNREVIEWED_NOT_SEMANTICALLY_APPROVED,NOT_CLEARED,true
lex:C1:correlation,C1,correlation,NGSL_SFI_31K_EXTENSION,correlation,3476,EXACT_HEADWORD_FORM_ONLY,SOURCE_LEMMA_ONLY_NOT_SENSE_OR_POS,UNREVIEWED_NOT_SEMANTICALLY_APPROVED,NOT_CLEARED,true
lex:C1:correspond,C1,correspond,NGSL_1_2_CORE,correspond,2399,EXACT_HEADWORD_FORM_ONLY,SOURCE_LEMMA_ONLY_NOT_SENSE_OR_POS,UNREVIEWED_NOT_SEMANTICALLY_APPROVED,NOT_CLEARED,true
lex:C1:correspondence,C1,correspondence,NGSL_SFI_31K_EXTENSION,correspondence,3307,EXACT_HEADWORD_FORM_ONLY,SOURCE_LEMMA_ONLY_NOT_SENSE_OR_POS,UNREVIEWED_NOT_SEMANTICALLY_APPROVED,NOT_CLEARED,true
lex:C1:correspondent,C1,correspondent,NGSL_SFI_31K_EXTENSION,correspondent,3437,EXACT_HEADWORD_FORM_ONLY,SOURCE_LEMMA_ONLY_NOT_SENSE_OR_POS,UNREVIEWED_NOT_SEMANTICALLY_APPROVED,NOT_CLEARED,true
lex:C1:corresponding,C1,corresponding,NO_DIRECT_SOURCE_LEMMA,,,NO_DIRECT_MATCH,SOURCE_LEMMA_ONLY_NOT_SENSE_OR_POS,UNREVIEWED_NOT_SEMANTICALLY_APPROVED,NOT_CLEARED,true
lex:C1:corrupt,C1,corrupt,NGSL_SFI_31K_EXTENSION,corrupt,4380,EXACT_HEADWORD_FORM_ONLY,SOURCE_LEMMA_ONLY_NOT_SENSE_OR_POS,UNREVIEWED_NOT_SEMANTICALLY_APPROVED,NOT_CLEARED,true
lex:C1:corruption,C1,corruption,NGSL_SFI_31K_EXTENSION,corruption,3373,EXACT_HEADWORD_FORM_ONLY,SOURCE_LEMMA_ONLY_NOT_SENSE_OR_POS,UNREVIEWED_NOT_SEMANTICALLY_APPROVED,NOT_CLEARED,true
lex:C1:costly,C1,costly,NGSL_SFI_31K_EXTENSION,costly,4134,EXACT_HEADWORD_FORM_ONLY,SOURCE_LEMMA_ONLY_NOT_SENSE_OR_POS,UNREVIEWED_NOT_SEMANTICALLY_APPROVED,NOT_CLEARED,true
lex:C1:councillor,C1,councillor,NO_DIRECT_SOURCE_LEMMA,,,NO_DIRECT_MATCH,SOURCE_LEMMA_ONLY_NOT_SENSE_OR_POS,UNREVIEWED_NOT_SEMANTICALLY_APPROVED,NOT_CLEARED,true
lex:C1:counselling,C1,counselling,NO_DIRECT_SOURCE_LEMMA,,,NO_DIRECT_MATCH,SOURCE_LEMMA_ONLY_NOT_SENSE_OR_POS,UNREVIEWED_NOT_SEMANTICALLY_APPROVED,NOT_CLEARED,true
lex:C1:counsellor,C1,counsellor,NO_DIRECT_SOURCE_LEMMA,,,NO_DIRECT_MATCH,SOURCE_LEMMA_ONLY_NOT_SENSE_OR_POS,UNREVIEWED_NOT_SEMANTICALLY_APPROVED,NOT_CLEARED,true
lex:C1:counter-argue-against,C1,counter (argue against),NGSL_1_2_CORE,counter,2412,HEADWORD_NORMALIZED_REQUIRES_REVIEW,SOURCE_LEMMA_ONLY_NOT_SENSE_OR_POS,UNREVIEWED_NOT_SEMANTICALLY_APPROVED,NOT_CLEARED,true
lex:C1:counterpart,C1,counterpart,NGSL_SFI_31K_EXTENSION,counterpart,3596,EXACT_HEADWORD_FORM_ONLY,SOURCE_LEMMA_ONLY_NOT_SENSE_OR_POS,UNREVIEWED_NOT_SEMANTICALLY_APPROVED,NOT_CLEARED,true
lex:C1:countless,C1,countless,NGSL_SFI_31K_EXTENSION,countless,5185,EXACT_HEADWORD_FORM_ONLY,SOURCE_LEMMA_ONLY_NOT_SENSE_OR_POS,UNREVIEWED_NOT_SEMANTICALLY_APPROVED,NOT_CLEARED,true
lex:C1:coup,C1,coup,NGSL_SFI_31K_EXTENSION,coup,4190,EXACT_HEADWORD_FORM_ONLY,SOURCE_LEMMA_ONLY_NOT_SENSE_OR_POS,UNREVIEWED_NOT_SEMANTICALLY_APPROVED,NOT_CLEARED,true
lex:C1:courtesy,C1,courtesy,NGSL_SFI_31K_EXTENSION,courtesy,4113,EXACT_HEADWORD_FORM_ONLY,SOURCE_LEMMA_ONLY_NOT_SENSE_OR_POS,UNREVIEWED_NOT_SEMANTICALLY_APPROVED,NOT_CLEARED,true
lex:C1:craft,C1,craft,NGSL_1_2_CORE,craft,2567,EXACT_HEADWORD_FORM_ONLY,SOURCE_LEMMA_ONLY_NOT_SENSE_OR_POS,UNREVIEWED_NOT_SEMANTICALLY_APPROVED,NOT_CLEARED,true
lex:C1:crawl,C1,crawl,NGSL_SFI_31K_EXTENSION,crawl,4400,EXACT_HEADWORD_FORM_ONLY,SOURCE_LEMMA_ONLY_NOT_SENSE_OR_POS,UNREVIEWED_NOT_SEMANTICALLY_APPROVED,NOT_CLEARED,true
lex:C1:creator,C1,creator,NGSL_SFI_31K_EXTENSION,creator,4853,EXACT_HEADWORD_FORM_ONLY,SOURCE_LEMMA_ONLY_NOT_SENSE_OR_POS,UNREVIEWED_NOT_SEMANTICALLY_APPROVED,NOT_CLEARED,true
lex:C1:credibility,C1,credibility,NGSL_SFI_31K_EXTENSION,credibility,4106,EXACT_HEADWORD_FORM_ONLY,SOURCE_LEMMA_ONLY_NOT_SENSE_OR_POS,UNREVIEWED_NOT_SEMANTICALLY_APPROVED,NOT_CLEARED,true
lex:C1:credible,C1,credible,NGSL_SFI_31K_EXTENSION,credible,5803,EXACT_HEADWORD_FORM_ONLY,SOURCE_LEMMA_ONLY_NOT_SENSE_OR_POS,UNREVIEWED_NOT_SEMANTICALLY_APPROVED,NOT_CLEARED,true
lex:C1:creep,C1,creep,NGSL_SFI_31K_EXTENSION,creep,3942,EXACT_HEADWORD_FORM_ONLY,SOURCE_LEMMA_ONLY_NOT_SENSE_OR_POS,UNREVIEWED_NOT_SEMANTICALLY_APPROVED,NOT_CLEARED,true
lex:C1:critique,C1,critique,NGSL_SFI_31K_EXTENSION,critique,4687,EXACT_HEADWORD_FORM_ONLY,SOURCE_LEMMA_ONLY_NOT_SENSE_OR_POS,UNREVIEWED_NOT_SEMANTICALLY_APPROVED,NOT_CLEARED,true
lex:C1:crown,C1,crown,NGSL_SFI_31K_EXTENSION,crown,3339,EXACT_HEADWORD_FORM_ONLY,SOURCE_LEMMA_ONLY_NOT_SENSE_OR_POS,UNREVIEWED_NOT_SEMANTICALLY_APPROVED,NOT_CLEARED,true
lex:C1:crude,C1,crude,NGSL_SFI_31K_EXTENSION,crude,4092,EXACT_HEADWORD_FORM_ONLY,SOURCE_LEMMA_ONLY_NOT_SENSE_OR_POS,UNREVIEWED_NOT_SEMANTICALLY_APPROVED,NOT_CLEARED,true
lex:C1:crush,C1,crush,NGSL_SFI_31K_EXTENSION,crush,3257,EXACT_HEADWORD_FORM_ONLY,SOURCE_LEMMA_ONLY_NOT_SENSE_OR_POS,UNREVIEWED_NOT_SEMANTICALLY_APPROVED,NOT_CLEARED,true
lex:C1:crystal,C1,crystal,NGSL_SFI_31K_EXTENSION,crystal,3646,EXACT_HEADWORD_FORM_ONLY,SOURCE_LEMMA_ONLY_NOT_SENSE_OR_POS,UNREVIEWED_NOT_SEMANTICALLY_APPROVED,NOT_CLEARED,true
lex:C1:cult,C1,cult,NGSL_SFI_31K_EXTENSION,cult,4501,EXACT_HEADWORD_FORM_ONLY,SOURCE_LEMMA_ONLY_NOT_SENSE_OR_POS,UNREVIEWED_NOT_SEMANTICALLY_APPROVED,NOT_CLEARED,true
lex:C1:cultivate,C1,cultivate,NGSL_SFI_31K_EXTENSION,cultivate,4301,EXACT_HEADWORD_FORM_ONLY,SOURCE_LEMMA_ONLY_NOT_SENSE_OR_POS,UNREVIEWED_NOT_SEMANTICALLY_APPROVED,NOT_CLEARED,true
lex:C1:curiosity,C1,curiosity,NGSL_SFI_31K_EXTENSION,curiosity,4116,EXACT_HEADWORD_FORM_ONLY,SOURCE_LEMMA_ONLY_NOT_SENSE_OR_POS,UNREVIEWED_NOT_SEMANTICALLY_APPROVED,NOT_CLEARED,true
lex:C1:custody,C1,custody,NGSL_SFI_31K_EXTENSION,custody,4469,EXACT_HEADWORD_FORM_ONLY,SOURCE_LEMMA_ONLY_NOT_SENSE_OR_POS,UNREVIEWED_NOT_SEMANTICALLY_APPROVED,NOT_CLEARED,true
lex:C1:cutting,C1,cutting,NO_DIRECT_SOURCE_LEMMA,,,NO_DIRECT_MATCH,SOURCE_LEMMA_ONLY_NOT_SENSE_OR_POS,UNREVIEWED_NOT_SEMANTICALLY_APPROVED,NOT_CLEARED,true
lex:C1:cynical,C1,cynical,NGSL_SFI_31K_EXTENSION,cynical,5434,EXACT_HEADWORD_FORM_ONLY,SOURCE_LEMMA_ONLY_NOT_SENSE_OR_POS,UNREVIEWED_NOT_SEMANTICALLY_APPROVED,NOT_CLEARED,true
lex:C1:dam,C1,dam,NGSL_SFI_31K_EXTENSION,dam,4671,EXACT_HEADWORD_FORM_ONLY,SOURCE_LEMMA_ONLY_NOT_SENSE_OR_POS,UNREVIEWED_NOT_SEMANTICALLY_APPROVED,NOT_CLEARED,true
lex:C1:damaging,C1,damaging,NO_DIRECT_SOURCE_LEMMA,,,NO_DIRECT_MATCH,SOURCE_LEMMA_ONLY_NOT_SENSE_OR_POS,UNREVIEWED_NOT_SEMANTICALLY_APPROVED,NOT_CLEARED,true
lex:C1:dawn,C1,dawn,NGSL_SFI_31K_EXTENSION,dawn,3385,EXACT_HEADWORD_FORM_ONLY,SOURCE_LEMMA_ONLY_NOT_SENSE_OR_POS,UNREVIEWED_NOT_SEMANTICALLY_APPROVED,NOT_CLEARED,true
lex:C1:debris,C1,debris,NGSL_SFI_31K_EXTENSION,debris,5295,EXACT_HEADWORD_FORM_ONLY,SOURCE_LEMMA_ONLY_NOT_SENSE_OR_POS,UNREVIEWED_NOT_SEMANTICALLY_APPROVED,NOT_CLEARED,true
lex:C1:debut,C1,debut,NGSL_SFI_31K_EXTENSION,debut,3814,EXACT_HEADWORD_FORM_ONLY,SOURCE_LEMMA_ONLY_NOT_SENSE_OR_POS,UNREVIEWED_NOT_SEMANTICALLY_APPROVED,NOT_CLEARED,true
lex:C1:decision-making,C1,decision-making,NO_DIRECT_SOURCE_LEMMA,,,NO_DIRECT_MATCH,SOURCE_LEMMA_ONLY_NOT_SENSE_OR_POS,UNREVIEWED_NOT_SEMANTICALLY_APPROVED,NOT_CLEARED,true
lex:C1:decisive,C1,decisive,NGSL_SFI_31K_EXTENSION,decisive,4918,EXACT_HEADWORD_FORM_ONLY,SOURCE_LEMMA_ONLY_NOT_SENSE_OR_POS,UNREVIEWED_NOT_SEMANTICALLY_APPROVED,NOT_CLEARED,true
lex:C1:declaration,C1,declaration,NGSL_SFI_31K_EXTENSION,declaration,4087,EXACT_HEADWORD_FORM_ONLY,SOURCE_LEMMA_ONLY_NOT_SENSE_OR_POS,UNREVIEWED_NOT_SEMANTICALLY_APPROVED,NOT_CLEARED,true
lex:C1:dedicated,C1,dedicated,NO_DIRECT_SOURCE_LEMMA,,,NO_DIRECT_MATCH,SOURCE_LEMMA_ONLY_NOT_SENSE_OR_POS,UNREVIEWED_NOT_SEMANTICALLY_APPROVED,NOT_CLEARED,true
lex:C1:dedication,C1,dedication,NGSL_SFI_31K_EXTENSION,dedication,5547,EXACT_HEADWORD_FORM_ONLY,SOURCE_LEMMA_ONLY_NOT_SENSE_OR_POS,UNREVIEWED_NOT_SEMANTICALLY_APPROVED,NOT_CLEARED,true
lex:C1:deed,C1,deed,NGSL_SFI_31K_EXTENSION,deed,5019,EXACT_HEADWORD_FORM_ONLY,SOURCE_LEMMA_ONLY_NOT_SENSE_OR_POS,UNREVIEWED_NOT_SEMANTICALLY_APPROVED,NOT_CLEARED,true
lex:C1:deem,C1,deem,NGSL_SFI_31K_EXTENSION,deem,3601,EXACT_HEADWORD_FORM_ONLY,SOURCE_LEMMA_ONLY_NOT_SENSE_OR_POS,UNREVIEWED_NOT_SEMANTICALLY_APPROVED,NOT_CLEARED,true
lex:C1:default,C1,default,NGSL_SFI_31K_EXTENSION,default,3717,EXACT_HEADWORD_FORM_ONLY,SOURCE_LEMMA_ONLY_NOT_SENSE_OR_POS,UNREVIEWED_NOT_SEMANTICALLY_APPROVED,NOT_CLEARED,true
lex:C1:defect,C1,defect,NGSL_SFI_31K_EXTENSION,defect,3561,EXACT_HEADWORD_FORM_ONLY,SOURCE_LEMMA_ONLY_NOT_SENSE_OR_POS,UNREVIEWED_NOT_SEMANTICALLY_APPROVED,NOT_CLEARED,true
lex:C1:defensive,C1,defensive,NGSL_SFI_31K_EXTENSION,defensive,3598,EXACT_HEADWORD_FORM_ONLY,SOURCE_LEMMA_ONLY_NOT_SENSE_OR_POS,UNREVIEWED_NOT_SEMANTICALLY_APPROVED,NOT_CLEARED,true
lex:C1:deficiency,C1,deficiency,NGSL_SFI_31K_EXTENSION,deficiency,5300,EXACT_HEADWORD_FORM_ONLY,SOURCE_LEMMA_ONLY_NOT_SENSE_OR_POS,UNREVIEWED_NOT_SEMANTICALLY_APPROVED,NOT_CLEARED,true
lex:C1:deficit,C1,deficit,NGSL_1_2_CORE,deficit,2483,EXACT_HEADWORD_FORM_ONLY,SOURCE_LEMMA_ONLY_NOT_SENSE_OR_POS,UNREVIEWED_NOT_SEMANTICALLY_APPROVED,NOT_CLEARED,true
lex:C1:defy,C1,defy,NGSL_SFI_31K_EXTENSION,defy,5548,EXACT_HEADWORD_FORM_ONLY,SOURCE_LEMMA_ONLY_NOT_SENSE_OR_POS,UNREVIEWED_NOT_SEMANTICALLY_APPROVED,NOT_CLEARED,true
lex:C1:delegate,C1,delegate,NGSL_SFI_31K_EXTENSION,delegate,2796,EXACT_HEADWORD_FORM_ONLY,SOURCE_LEMMA_ONLY_NOT_SENSE_OR_POS,UNREVIEWED_NOT_SEMANTICALLY_APPROVED,NOT_CLEARED,true
lex:C1:delegation,C1,delegation,NGSL_SFI_31K_EXTENSION,delegation,3898,EXACT_HEADWORD_FORM_ONLY,SOURCE_LEMMA_ONLY_NOT_SENSE_OR_POS,UNREVIEWED_NOT_SEMANTICALLY_APPROVED,NOT_CLEARED,true
lex:C1:delicate,C1,delicate,NGSL_SFI_31K_EXTENSION,delicate,3793,EXACT_HEADWORD_FORM_ONLY,SOURCE_LEMMA_ONLY_NOT_SENSE_OR_POS,UNREVIEWED_NOT_SEMANTICALLY_APPROVED,NOT_CLEARED,true
lex:C1:demon,C1,demon,NGSL_SFI_31K_EXTENSION,demon,5460,EXACT_HEADWORD_FORM_ONLY,SOURCE_LEMMA_ONLY_NOT_SENSE_OR_POS,UNREVIEWED_NOT_SEMANTICALLY_APPROVED,NOT_CLEARED,true
lex:C1:denial,C1,denial,NGSL_SFI_31K_EXTENSION,denial,4695,EXACT_HEADWORD_FORM_ONLY,SOURCE_LEMMA_ONLY_NOT_SENSE_OR_POS,UNREVIEWED_NOT_SEMANTICALLY_APPROVED,NOT_CLEARED,true
lex:C1:denounce,C1,denounce,NGSL_SFI_31K_EXTENSION,denounce,5237,EXACT_HEADWORD_FORM_ONLY,SOURCE_LEMMA_ONLY_NOT_SENSE_OR_POS,UNREVIEWED_NOT_SEMANTICALLY_APPROVED,NOT_CLEARED,true
lex:C1:dense,C1,dense,NGSL_SFI_31K_EXTENSION,dense,4172,EXACT_HEADWORD_FORM_ONLY,SOURCE_LEMMA_ONLY_NOT_SENSE_OR_POS,UNREVIEWED_NOT_SEMANTICALLY_APPROVED,NOT_CLEARED,true
lex:C1:density,C1,density,NGSL_1_2_CORE,density,2788,EXACT_HEADWORD_FORM_ONLY,SOURCE_LEMMA_ONLY_NOT_SENSE_OR_POS,UNREVIEWED_NOT_SEMANTICALLY_APPROVED,NOT_CLEARED,true
lex:C1:dependence,C1,dependence,NGSL_SFI_31K_EXTENSION,dependence,4373,EXACT_HEADWORD_FORM_ONLY,SOURCE_LEMMA_ONLY_NOT_SENSE_OR_POS,UNREVIEWED_NOT_SEMANTICALLY_APPROVED,NOT_CLEARED,true
lex:C1:depict,C1,depict,NGSL_SFI_31K_EXTENSION,depict,3290,EXACT_HEADWORD_FORM_ONLY,SOURCE_LEMMA_ONLY_NOT_SENSE_OR_POS,UNREVIEWED_NOT_SEMANTICALLY_APPROVED,NOT_CLEARED,true
lex:C1:deploy,C1,deploy,NGSL_SFI_31K_EXTENSION,deploy,4053,EXACT_HEADWORD_FORM_ONLY,SOURCE_LEMMA_ONLY_NOT_SENSE_OR_POS,UNREVIEWED_NOT_SEMANTICALLY_APPROVED,NOT_CLEARED,true
lex:C1:deployment,C1,deployment,NGSL_SFI_31K_EXTENSION,deployment,5808,EXACT_HEADWORD_FORM_ONLY,SOURCE_LEMMA_ONLY_NOT_SENSE_OR_POS,UNREVIEWED_NOT_SEMANTICALLY_APPROVED,NOT_CLEARED,true
lex:C1:deposit,C1,deposit,NGSL_1_2_CORE,deposit,2313,EXACT_HEADWORD_FORM_ONLY,SOURCE_LEMMA_ONLY_NOT_SENSE_OR_POS,UNREVIEWED_NOT_SEMANTICALLY_APPROVED,NOT_CLEARED,true
lex:C1:deprive,C1,deprive,NGSL_SFI_31K_EXTENSION,deprive,4079,EXACT_HEADWORD_FORM_ONLY,SOURCE_LEMMA_ONLY_NOT_SENSE_OR_POS,UNREVIEWED_NOT_SEMANTICALLY_APPROVED,NOT_CLEARED,true
lex:C1:deputy,C1,deputy,NGSL_SFI_31K_EXTENSION,deputy,3013,EXACT_HEADWORD_FORM_ONLY,SOURCE_LEMMA_ONLY_NOT_SENSE_OR_POS,UNREVIEWED_NOT_SEMANTICALLY_APPROVED,NOT_CLEARED,true
lex:C1:descend,C1,descend,NGSL_SFI_31K_EXTENSION,descend,3449,EXACT_HEADWORD_FORM_ONLY,SOURCE_LEMMA_ONLY_NOT_SENSE_OR_POS,UNREVIEWED_NOT_SEMANTICALLY_APPROVED,NOT_CLEARED,true
lex:C1:descent,C1,descent,NGSL_SFI_31K_EXTENSION,descent,4752,EXACT_HEADWORD_FORM_ONLY,SOURCE_LEMMA_ONLY_NOT_SENSE_OR_POS,UNREVIEWED_NOT_SEMANTICALLY_APPROVED,NOT_CLEARED,true
lex:C1:designate,C1,designate,NGSL_SFI_31K_EXTENSION,designate,3419,EXACT_HEADWORD_FORM_ONLY,SOURCE_LEMMA_ONLY_NOT_SENSE_OR_POS,UNREVIEWED_NOT_SEMANTICALLY_APPROVED,NOT_CLEARED,true
lex:C1:desirable,C1,desirable,NGSL_SFI_31K_EXTENSION,desirable,3746,EXACT_HEADWORD_FORM_ONLY,SOURCE_LEMMA_ONLY_NOT_SENSE_OR_POS,UNREVIEWED_NOT_SEMANTICALLY_APPROVED,NOT_CLEARED,true
lex:C1:desktop,C1,desktop,NGSL_SFI_31K_EXTENSION,desktop,4115,EXACT_HEADWORD_FORM_ONLY,SOURCE_LEMMA_ONLY_NOT_SENSE_OR_POS,UNREVIEWED_NOT_SEMANTICALLY_APPROVED,NOT_CLEARED,true
lex:C1:destructive,C1,destructive,NGSL_SFI_31K_EXTENSION,destructive,5581,EXACT_HEADWORD_FORM_ONLY,SOURCE_LEMMA_ONLY_NOT_SENSE_OR_POS,UNREVIEWED_NOT_SEMANTICALLY_APPROVED,NOT_CLEARED,true
lex:C1:detain,C1,detain,NGSL_SFI_31K_EXTENSION,detain,5371,EXACT_HEADWORD_FORM_ONLY,SOURCE_LEMMA_ONLY_NOT_SENSE_OR_POS,UNREVIEWED_NOT_SEMANTICALLY_APPROVED,NOT_CLEARED,true
lex:C1:detection,C1,detection,NGSL_SFI_31K_EXTENSION,detection,5128,EXACT_HEADWORD_FORM_ONLY,SOURCE_LEMMA_ONLY_NOT_SENSE_OR_POS,UNREVIEWED_NOT_SEMANTICALLY_APPROVED,NOT_CLEARED,true
lex:C1:detention,C1,detention,NGSL_SFI_31K_EXTENSION,detention,5874,EXACT_HEADWORD_FORM_ONLY,SOURCE_LEMMA_ONLY_NOT_SENSE_OR_POS,UNREVIEWED_NOT_SEMANTICALLY_APPROVED,NOT_CLEARED,true
lex:C1:deteriorate,C1,deteriorate,NGSL_SFI_31K_EXTENSION,deteriorate,4765,EXACT_HEADWORD_FORM_ONLY,SOURCE_LEMMA_ONLY_NOT_SENSE_OR_POS,UNREVIEWED_NOT_SEMANTICALLY_APPROVED,NOT_CLEARED,true
lex:C1:devastate,C1,devastate,NGSL_SFI_31K_EXTENSION,devastate,3497,EXACT_HEADWORD_FORM_ONLY,SOURCE_LEMMA_ONLY_NOT_SENSE_OR_POS,UNREVIEWED_NOT_SEMANTICALLY_APPROVED,NOT_CLEARED,true
lex:C1:devil,C1,devil,NGSL_SFI_31K_EXTENSION,devil,4110,EXACT_HEADWORD_FORM_ONLY,SOURCE_LEMMA_ONLY_NOT_SENSE_OR_POS,UNREVIEWED_NOT_SEMANTICALLY_APPROVED,NOT_CLEARED,true
lex:C1:devise,C1,devise,NGSL_SFI_31K_EXTENSION,devise,3795,EXACT_HEADWORD_FORM_ONLY,SOURCE_LEMMA_ONLY_NOT_SENSE_OR_POS,UNREVIEWED_NOT_SEMANTICALLY_APPROVED,NOT_CLEARED,true
lex:C1:diagnose,C1,diagnose,NGSL_SFI_31K_EXTENSION,diagnose,3924,EXACT_HEADWORD_FORM_ONLY,SOURCE_LEMMA_ONLY_NOT_SENSE_OR_POS,UNREVIEWED_NOT_SEMANTICALLY_APPROVED,NOT_CLEARED,true
lex:C1:diagnosis,C1,diagnosis,NGSL_SFI_31K_EXTENSION,diagnosis,3297,EXACT_HEADWORD_FORM_ONLY,SOURCE_LEMMA_ONLY_NOT_SENSE_OR_POS,UNREVIEWED_NOT_SEMANTICALLY_APPROVED,NOT_CLEARED,true
lex:C1:dictate,C1,dictate,NGSL_SFI_31K_EXTENSION,dictate,4007,EXACT_HEADWORD_FORM_ONLY,SOURCE_LEMMA_ONLY_NOT_SENSE_OR_POS,UNREVIEWED_NOT_SEMANTICALLY_APPROVED,NOT_CLEARED,true
lex:C1:dictator,C1,dictator,NGSL_SFI_31K_EXTENSION,dictator,5972,EXACT_HEADWORD_FORM_ONLY,SOURCE_LEMMA_ONLY_NOT_SENSE_OR_POS,UNREVIEWED_NOT_SEMANTICALLY_APPROVED,NOT_CLEARED,true
lex:C1:differentiate,C1,differentiate,NGSL_SFI_31K_EXTENSION,differentiate,4111,EXACT_HEADWORD_FORM_ONLY,SOURCE_LEMMA_ONLY_NOT_SENSE_OR_POS,UNREVIEWED_NOT_SEMANTICALLY_APPROVED,NOT_CLEARED,true
lex:C1:dignity,C1,dignity,NGSL_SFI_31K_EXTENSION,dignity,3961,EXACT_HEADWORD_FORM_ONLY,SOURCE_LEMMA_ONLY_NOT_SENSE_OR_POS,UNREVIEWED_NOT_SEMANTICALLY_APPROVED,NOT_CLEARED,true
lex:C1:dilemma,C1,dilemma,NGSL_SFI_31K_EXTENSION,dilemma,3922,EXACT_HEADWORD_FORM_ONLY,SOURCE_LEMMA_ONLY_NOT_SENSE_OR_POS,UNREVIEWED_NOT_SEMANTICALLY_APPROVED,NOT_CLEARED,true
lex:C1:dimension,C1,dimension,NGSL_1_2_CORE,dimension,2250,EXACT_HEADWORD_FORM_ONLY,SOURCE_LEMMA_ONLY_NOT_SENSE_OR_POS,UNREVIEWED_NOT_SEMANTICALLY_APPROVED,NOT_CLEARED,true
lex:C1:diminish,C1,diminish,NGSL_SFI_31K_EXTENSION,diminish,3351,EXACT_HEADWORD_FORM_ONLY,SOURCE_LEMMA_ONLY_NOT_SENSE_OR_POS,UNREVIEWED_NOT_SEMANTICALLY_APPROVED,NOT_CLEARED,true
lex:C1:dip,C1,dip,NGSL_SFI_31K_EXTENSION,dip,3557,EXACT_HEADWORD_FORM_ONLY,SOURCE_LEMMA_ONLY_NOT_SENSE_OR_POS,UNREVIEWED_NOT_SEMANTICALLY_APPROVED,NOT_CLEARED,true
lex:C1:diplomat,C1,diplomat,NGSL_SFI_31K_EXTENSION,diplomat,4595,EXACT_HEADWORD_FORM_ONLY,SOURCE_LEMMA_ONLY_NOT_SENSE_OR_POS,UNREVIEWED_NOT_SEMANTICALLY_APPROVED,NOT_CLEARED,true
lex:C1:diplomatic,C1,diplomatic,NGSL_SFI_31K_EXTENSION,diplomatic,3389,EXACT_HEADWORD_FORM_ONLY,SOURCE_LEMMA_ONLY_NOT_SENSE_OR_POS,UNREVIEWED_NOT_SEMANTICALLY_APPROVED,NOT_CLEARED,true
lex:C1:directory,C1,directory,NGSL_SFI_31K_EXTENSION,directory,4464,EXACT_HEADWORD_FORM_ONLY,SOURCE_LEMMA_ONLY_NOT_SENSE_OR_POS,UNREVIEWED_NOT_SEMANTICALLY_APPROVED,NOT_CLEARED,true
lex:C1:disastrous,C1,disastrous,NGSL_SFI_31K_EXTENSION,disastrous,5131,EXACT_HEADWORD_FORM_ONLY,SOURCE_LEMMA_ONLY_NOT_SENSE_OR_POS,UNREVIEWED_NOT_SEMANTICALLY_APPROVED,NOT_CLEARED,true
lex:C1:discard,C1,discard,NGSL_SFI_31K_EXTENSION,discard,4669,EXACT_HEADWORD_FORM_ONLY,SOURCE_LEMMA_ONLY_NOT_SENSE_OR_POS,UNREVIEWED_NOT_SEMANTICALLY_APPROVED,NOT_CLEARED,true
lex:C1:discharge,C1,discharge,NGSL_SFI_31K_EXTENSION,discharge,3453,EXACT_HEADWORD_FORM_ONLY,SOURCE_LEMMA_ONLY_NOT_SENSE_OR_POS,UNREVIEWED_NOT_SEMANTICALLY_APPROVED,NOT_CLEARED,true
lex:C1:disclose,C1,disclose,NGSL_SFI_31K_EXTENSION,disclose,3879,EXACT_HEADWORD_FORM_ONLY,SOURCE_LEMMA_ONLY_NOT_SENSE_OR_POS,UNREVIEWED_NOT_SEMANTICALLY_APPROVED,NOT_CLEARED,true
lex:C1:disclosure,C1,disclosure,NGSL_SFI_31K_EXTENSION,disclosure,4082,EXACT_HEADWORD_FORM_ONLY,SOURCE_LEMMA_ONLY_NOT_SENSE_OR_POS,UNREVIEWED_NOT_SEMANTICALLY_APPROVED,NOT_CLEARED,true
lex:C1:discourse,C1,discourse,NGSL_SFI_31K_EXTENSION,discourse,3343,EXACT_HEADWORD_FORM_ONLY,SOURCE_LEMMA_ONLY_NOT_SENSE_OR_POS,UNREVIEWED_NOT_SEMANTICALLY_APPROVED,NOT_CLEARED,true
lex:C1:discretion,C1,discretion,NGSL_SFI_31K_EXTENSION,discretion,4661,EXACT_HEADWORD_FORM_ONLY,SOURCE_LEMMA_ONLY_NOT_SENSE_OR_POS,UNREVIEWED_NOT_SEMANTICALLY_APPROVED,NOT_CLEARED,true
lex:C1:discrimination,C1,discrimination,NGSL_SFI_31K_EXTENSION,discrimination,3187,EXACT_HEADWORD_FORM_ONLY,SOURCE_LEMMA_ONLY_NOT_SENSE_OR_POS,UNREVIEWED_NOT_SEMANTICALLY_APPROVED,NOT_CLEARED,true
lex:C1:dismissal,C1,dismissal,NGSL_SFI_31K_EXTENSION,dismissal,5209,EXACT_HEADWORD_FORM_ONLY,SOURCE_LEMMA_ONLY_NOT_SENSE_OR_POS,UNREVIEWED_NOT_SEMANTICALLY_APPROVED,NOT_CLEARED,true
lex:C1:displace,C1,displace,NGSL_SFI_31K_EXTENSION,displace,5121,EXACT_HEADWORD_FORM_ONLY,SOURCE_LEMMA_ONLY_NOT_SENSE_OR_POS,UNREVIEWED_NOT_SEMANTICALLY_APPROVED,NOT_CLEARED,true
lex:C1:disposal,C1,disposal,NGSL_SFI_31K_EXTENSION,disposal,4044,EXACT_HEADWORD_FORM_ONLY,SOURCE_LEMMA_ONLY_NOT_SENSE_OR_POS,UNREVIEWED_NOT_SEMANTICALLY_APPROVED,NOT_CLEARED,true
lex:C1:dispose,C1,dispose,NGSL_SFI_31K_EXTENSION,dispose,4476,EXACT_HEADWORD_FORM_ONLY,SOURCE_LEMMA_ONLY_NOT_SENSE_OR_POS,UNREVIEWED_NOT_SEMANTICALLY_APPROVED,NOT_CLEARED,true
lex:C1:dispute,C1,dispute,NGSL_1_2_CORE,dispute,2029,EXACT_HEADWORD_FORM_ONLY,SOURCE_LEMMA_ONLY_NOT_SENSE_OR_POS,UNREVIEWED_NOT_SEMANTICALLY_APPROVED,NOT_CLEARED,true
lex:C1:disrupt,C1,disrupt,NGSL_SFI_31K_EXTENSION,disrupt,4491,EXACT_HEADWORD_FORM_ONLY,SOURCE_LEMMA_ONLY_NOT_SENSE_OR_POS,UNREVIEWED_NOT_SEMANTICALLY_APPROVED,NOT_CLEARED,true
lex:C1:disruption,C1,disruption,NGSL_SFI_31K_EXTENSION,disruption,5071,EXACT_HEADWORD_FORM_ONLY,SOURCE_LEMMA_ONLY_NOT_SENSE_OR_POS,UNREVIEWED_NOT_SEMANTICALLY_APPROVED,NOT_CLEARED,true
lex:C1:dissolve,C1,dissolve,NGSL_SFI_31K_EXTENSION,dissolve,4176,EXACT_HEADWORD_FORM_ONLY,SOURCE_LEMMA_ONLY_NOT_SENSE_OR_POS,UNREVIEWED_NOT_SEMANTICALLY_APPROVED,NOT_CLEARED,true
lex:C1:distinction,C1,distinction,NGSL_1_2_CORE,distinction,2132,EXACT_HEADWORD_FORM_ONLY,SOURCE_LEMMA_ONLY_NOT_SENSE_OR_POS,UNREVIEWED_NOT_SEMANTICALLY_APPROVED,NOT_CLEARED,true
lex:C1:distinctive,C1,distinctive,NGSL_SFI_31K_EXTENSION,distinctive,3739,EXACT_HEADWORD_FORM_ONLY,SOURCE_LEMMA_ONLY_NOT_SENSE_OR_POS,UNREVIEWED_NOT_SEMANTICALLY_APPROVED,NOT_CLEARED,true
lex:C1:distort,C1,distort,NGSL_SFI_31K_EXTENSION,distort,4551,EXACT_HEADWORD_FORM_ONLY,SOURCE_LEMMA_ONLY_NOT_SENSE_OR_POS,UNREVIEWED_NOT_SEMANTICALLY_APPROVED,NOT_CLEARED,true
lex:C1:distress,C1,distress,NGSL_SFI_31K_EXTENSION,distress,2983,EXACT_HEADWORD_FORM_ONLY,SOURCE_LEMMA_ONLY_NOT_SENSE_OR_POS,UNREVIEWED_NOT_SEMANTICALLY_APPROVED,NOT_CLEARED,true
lex:C1:disturbing,C1,disturbing,NO_DIRECT_SOURCE_LEMMA,,,NO_DIRECT_MATCH,SOURCE_LEMMA_ONLY_NOT_SENSE_OR_POS,UNREVIEWED_NOT_SEMANTICALLY_APPROVED,NOT_CLEARED,true
lex:C1:divert,C1,divert,NGSL_SFI_31K_EXTENSION,divert,4565,EXACT_HEADWORD_FORM_ONLY,SOURCE_LEMMA_ONLY_NOT_SENSE_OR_POS,UNREVIEWED_NOT_SEMANTICALLY_APPROVED,NOT_CLEARED,true
lex:C1:divine,C1,divine,NGSL_SFI_31K_EXTENSION,divine,4707,EXACT_HEADWORD_FORM_ONLY,SOURCE_LEMMA_ONLY_NOT_SENSE_OR_POS,UNREVIEWED_NOT_SEMANTICALLY_APPROVED,NOT_CLEARED,true
lex:C1:doctrine,C1,doctrine,NGSL_SFI_31K_EXTENSION,doctrine,4163,EXACT_HEADWORD_FORM_ONLY,SOURCE_LEMMA_ONLY_NOT_SENSE_OR_POS,UNREVIEWED_NOT_SEMANTICALLY_APPROVED,NOT_CLEARED,true
lex:C1:documentation,C1,documentation,NGSL_SFI_31K_EXTENSION,documentation,4622,EXACT_HEADWORD_FORM_ONLY,SOURCE_LEMMA_ONLY_NOT_SENSE_OR_POS,UNREVIEWED_NOT_SEMANTICALLY_APPROVED,NOT_CLEARED,true
lex:C1:domain,C1,domain,NGSL_SFI_31K_EXTENSION,domain,2701,EXACT_HEADWORD_FORM_ONLY,SOURCE_LEMMA_ONLY_NOT_SENSE_OR_POS,UNREVIEWED_NOT_SEMANTICALLY_APPROVED,NOT_CLEARED,true
lex:C1:dominance,C1,dominance,NGSL_SFI_31K_EXTENSION,dominance,4975,EXACT_HEADWORD_FORM_ONLY,SOURCE_LEMMA_ONLY_NOT_SENSE_OR_POS,UNREVIEWED_NOT_SEMANTICALLY_APPROVED,NOT_CLEARED,true
lex:C1:donor,C1,donor,NGSL_SFI_31K_EXTENSION,donor,3626,EXACT_HEADWORD_FORM_ONLY,SOURCE_LEMMA_ONLY_NOT_SENSE_OR_POS,UNREVIEWED_NOT_SEMANTICALLY_APPROVED,NOT_CLEARED,true
lex:C1:dose,C1,dose,NGSL_SFI_31K_EXTENSION,dose,2870,EXACT_HEADWORD_FORM_ONLY,SOURCE_LEMMA_ONLY_NOT_SENSE_OR_POS,UNREVIEWED_NOT_SEMANTICALLY_APPROVED,NOT_CLEARED,true
lex:C1:drain,C1,drain,NGSL_SFI_31K_EXTENSION,drain,3045,EXACT_HEADWORD_FORM_ONLY,SOURCE_LEMMA_ONLY_NOT_SENSE_OR_POS,UNREVIEWED_NOT_SEMANTICALLY_APPROVED,NOT_CLEARED,true
lex:C1:drift,C1,drift,NGSL_SFI_31K_EXTENSION,drift,3122,EXACT_HEADWORD_FORM_ONLY,SOURCE_LEMMA_ONLY_NOT_SENSE_OR_POS,UNREVIEWED_NOT_SEMANTICALLY_APPROVED,NOT_CLEARED,true
lex:C1:driving,C1,driving,NO_DIRECT_SOURCE_LEMMA,,,NO_DIRECT_MATCH,SOURCE_LEMMA_ONLY_NOT_SENSE_OR_POS,UNREVIEWED_NOT_SEMANTICALLY_APPROVED,NOT_CLEARED,true
lex:C1:drown,C1,drown,NGSL_SFI_31K_EXTENSION,drown,4145,EXACT_HEADWORD_FORM_ONLY,SOURCE_LEMMA_ONLY_NOT_SENSE_OR_POS,UNREVIEWED_NOT_SEMANTICALLY_APPROVED,NOT_CLEARED,true
lex:C1:dual,C1,dual,NGSL_SFI_31K_EXTENSION,dual,4514,EXACT_HEADWORD_FORM_ONLY,SOURCE_LEMMA_ONLY_NOT_SENSE_OR_POS,UNREVIEWED_NOT_SEMANTICALLY_APPROVED,NOT_CLEARED,true
lex:C1:dub,C1,dub,NGSL_SFI_31K_EXTENSION,dub,5639,EXACT_HEADWORD_FORM_ONLY,SOURCE_LEMMA_ONLY_NOT_SENSE_OR_POS,UNREVIEWED_NOT_SEMANTICALLY_APPROVED,NOT_CLEARED,true
lex:C1:dumb,C1,dumb,NGSL_SFI_31K_EXTENSION,dumb,4894,EXACT_HEADWORD_FORM_ONLY,SOURCE_LEMMA_ONLY_NOT_SENSE_OR_POS,UNREVIEWED_NOT_SEMANTICALLY_APPROVED,NOT_CLEARED,true
lex:C1:duo,C1,duo,NGSL_SFI_31K_EXTENSION,duo,8396,EXACT_HEADWORD_FORM_ONLY,SOURCE_LEMMA_ONLY_NOT_SENSE_OR_POS,UNREVIEWED_NOT_SEMANTICALLY_APPROVED,NOT_CLEARED,true
lex:C1:dynamic,C1,dynamic,NGSL_SFI_31K_EXTENSION,dynamic,2176,EXACT_HEADWORD_FORM_ONLY,SOURCE_LEMMA_ONLY_NOT_SENSE_OR_POS,UNREVIEWED_NOT_SEMANTICALLY_APPROVED,NOT_CLEARED,true
lex:C1:eager,C1,eager,NGSL_SFI_31K_EXTENSION,eager,3233,EXACT_HEADWORD_FORM_ONLY,SOURCE_LEMMA_ONLY_NOT_SENSE_OR_POS,UNREVIEWED_NOT_SEMANTICALLY_APPROVED,NOT_CLEARED,true
lex:C1:earnings,C1,earnings,NO_DIRECT_SOURCE_LEMMA,,,NO_DIRECT_MATCH,SOURCE_LEMMA_ONLY_NOT_SENSE_OR_POS,UNREVIEWED_NOT_SEMANTICALLY_APPROVED,NOT_CLEARED,true
lex:C1:ease,C1,ease,NGSL_1_2_CORE,ease,2061,EXACT_HEADWORD_FORM_ONLY,SOURCE_LEMMA_ONLY_NOT_SENSE_OR_POS,UNREVIEWED_NOT_SEMANTICALLY_APPROVED,NOT_CLEARED,true
lex:C1:echo,C1,echo,NGSL_SFI_31K_EXTENSION,echo,2832,EXACT_HEADWORD_FORM_ONLY,SOURCE_LEMMA_ONLY_NOT_SENSE_OR_POS,UNREVIEWED_NOT_SEMANTICALLY_APPROVED,NOT_CLEARED,true
lex:C1:ecological,C1,ecological,NGSL_SFI_31K_EXTENSION,ecological,5326,EXACT_HEADWORD_FORM_ONLY,SOURCE_LEMMA_ONLY_NOT_SENSE_OR_POS,UNREVIEWED_NOT_SEMANTICALLY_APPROVED,NOT_CLEARED,true
lex:C1:educator,C1,educator,NGSL_SFI_31K_EXTENSION,educator,4766,EXACT_HEADWORD_FORM_ONLY,SOURCE_LEMMA_ONLY_NOT_SENSE_OR_POS,UNREVIEWED_NOT_SEMANTICALLY_APPROVED,NOT_CLEARED,true
lex:C1:effectiveness,C1,effectiveness,NGSL_SFI_31K_EXTENSION,effectiveness,3278,EXACT_HEADWORD_FORM_ONLY,SOURCE_LEMMA_ONLY_NOT_SENSE_OR_POS,UNREVIEWED_NOT_SEMANTICALLY_APPROVED,NOT_CLEARED,true
lex:C1:efficiency,C1,efficiency,NGSL_1_2_CORE,efficiency,2254,EXACT_HEADWORD_FORM_ONLY,SOURCE_LEMMA_ONLY_NOT_SENSE_OR_POS,UNREVIEWED_NOT_SEMANTICALLY_APPROVED,NOT_CLEARED,true
lex:C1:ego,C1,ego,NGSL_SFI_31K_EXTENSION,ego,5216,EXACT_HEADWORD_FORM_ONLY,SOURCE_LEMMA_ONLY_NOT_SENSE_OR_POS,UNREVIEWED_NOT_SEMANTICALLY_APPROVED,NOT_CLEARED,true
lex:C1:elaborate,C1,elaborate,NGSL_SFI_31K_EXTENSION,elaborate,3151,EXACT_HEADWORD_FORM_ONLY,SOURCE_LEMMA_ONLY_NOT_SENSE_OR_POS,UNREVIEWED_NOT_SEMANTICALLY_APPROVED,NOT_CLEARED,true
lex:C1:electoral,C1,electoral,NGSL_SFI_31K_EXTENSION,electoral,4001,EXACT_HEADWORD_FORM_ONLY,SOURCE_LEMMA_ONLY_NOT_SENSE_OR_POS,UNREVIEWED_NOT_SEMANTICALLY_APPROVED,NOT_CLEARED,true
lex:C1:elevate,C1,elevate,NGSL_SFI_31K_EXTENSION,elevate,4299,EXACT_HEADWORD_FORM_ONLY,SOURCE_LEMMA_ONLY_NOT_SENSE_OR_POS,UNREVIEWED_NOT_SEMANTICALLY_APPROVED,NOT_CLEARED,true
lex:C1:eligible,C1,eligible,NGSL_SFI_31K_EXTENSION,eligible,3597,EXACT_HEADWORD_FORM_ONLY,SOURCE_LEMMA_ONLY_NOT_SENSE_OR_POS,UNREVIEWED_NOT_SEMANTICALLY_APPROVED,NOT_CLEARED,true
lex:C1:elite,C1,elite,NGSL_SFI_31K_EXTENSION,elite,3136,EXACT_HEADWORD_FORM_ONLY,SOURCE_LEMMA_ONLY_NOT_SENSE_OR_POS,UNREVIEWED_NOT_SEMANTICALLY_APPROVED,NOT_CLEARED,true
lex:C1:embark,C1,embark,NGSL_SFI_31K_EXTENSION,embark,4778,EXACT_HEADWORD_FORM_ONLY,SOURCE_LEMMA_ONLY_NOT_SENSE_OR_POS,UNREVIEWED_NOT_SEMANTICALLY_APPROVED,NOT_CLEARED,true
lex:C1:embarrassment,C1,embarrassment,NGSL_SFI_31K_EXTENSION,embarrassment,4907,EXACT_HEADWORD_FORM_ONLY,SOURCE_LEMMA_ONLY_NOT_SENSE_OR_POS,UNREVIEWED_NOT_SEMANTICALLY_APPROVED,NOT_CLEARED,true
lex:C1:embassy,C1,embassy,NGSL_SFI_31K_EXTENSION,embassy,4557,EXACT_HEADWORD_FORM_ONLY,SOURCE_LEMMA_ONLY_NOT_SENSE_OR_POS,UNREVIEWED_NOT_SEMANTICALLY_APPROVED,NOT_CLEARED,true
lex:C1:embed,C1,embed,NGSL_SFI_31K_EXTENSION,embed,3762,EXACT_HEADWORD_FORM_ONLY,SOURCE_LEMMA_ONLY_NOT_SENSE_OR_POS,UNREVIEWED_NOT_SEMANTICALLY_APPROVED,NOT_CLEARED,true
lex:C1:embody,C1,embody,NGSL_SFI_31K_EXTENSION,embody,4657,EXACT_HEADWORD_FORM_ONLY,SOURCE_LEMMA_ONLY_NOT_SENSE_OR_POS,UNREVIEWED_NOT_SEMANTICALLY_APPROVED,NOT_CLEARED,true
lex:C1:emergence,C1,emergence,NGSL_SFI_31K_EXTENSION,emergence,4217,EXACT_HEADWORD_FORM_ONLY,SOURCE_LEMMA_ONLY_NOT_SENSE_OR_POS,UNREVIEWED_NOT_SEMANTICALLY_APPROVED,NOT_CLEARED,true
lex:C1:empirical,C1,empirical,NGSL_SFI_31K_EXTENSION,empirical,4059,EXACT_HEADWORD_FORM_ONLY,SOURCE_LEMMA_ONLY_NOT_SENSE_OR_POS,UNREVIEWED_NOT_SEMANTICALLY_APPROVED,NOT_CLEARED,true
lex:C1:empower,C1,empower,NGSL_SFI_31K_EXTENSION,empower,5413,EXACT_HEADWORD_FORM_ONLY,SOURCE_LEMMA_ONLY_NOT_SENSE_OR_POS,UNREVIEWED_NOT_SEMANTICALLY_APPROVED,NOT_CLEARED,true
lex:C1:enact,C1,enact,NGSL_SFI_31K_EXTENSION,enact,4717,EXACT_HEADWORD_FORM_ONLY,SOURCE_LEMMA_ONLY_NOT_SENSE_OR_POS,UNREVIEWED_NOT_SEMANTICALLY_APPROVED,NOT_CLEARED,true
lex:C1:encompass,C1,encompass,NGSL_SFI_31K_EXTENSION,encompass,4965,EXACT_HEADWORD_FORM_ONLY,SOURCE_LEMMA_ONLY_NOT_SENSE_OR_POS,UNREVIEWED_NOT_SEMANTICALLY_APPROVED,NOT_CLEARED,true
lex:C1:encouragement,C1,encouragement,NGSL_SFI_31K_EXTENSION,encouragement,4579,EXACT_HEADWORD_FORM_ONLY,SOURCE_LEMMA_ONLY_NOT_SENSE_OR_POS,UNREVIEWED_NOT_SEMANTICALLY_APPROVED,NOT_CLEARED,true
lex:C1:encouraging,C1,encouraging,NO_DIRECT_SOURCE_LEMMA,,,NO_DIRECT_MATCH,SOURCE_LEMMA_ONLY_NOT_SENSE_OR_POS,UNREVIEWED_NOT_SEMANTICALLY_APPROVED,NOT_CLEARED,true
lex:C1:endeavour,C1,endeavour,NO_DIRECT_SOURCE_LEMMA,,,NO_DIRECT_MATCH,SOURCE_LEMMA_ONLY_NOT_SENSE_OR_POS,UNREVIEWED_NOT_SEMANTICALLY_APPROVED,NOT_CLEARED,true
lex:C1:endless,C1,endless,NGSL_SFI_31K_EXTENSION,endless,3689,EXACT_HEADWORD_FORM_ONLY,SOURCE_LEMMA_ONLY_NOT_SENSE_OR_POS,UNREVIEWED_NOT_SEMANTICALLY_APPROVED,NOT_CLEARED,true
lex:C1:endorse,C1,endorse,NGSL_SFI_31K_EXTENSION,endorse,3323,EXACT_HEADWORD_FORM_ONLY,SOURCE_LEMMA_ONLY_NOT_SENSE_OR_POS,UNREVIEWED_NOT_SEMANTICALLY_APPROVED,NOT_CLEARED,true
lex:C1:endorsement,C1,endorsement,NGSL_SFI_31K_EXTENSION,endorsement,5028,EXACT_HEADWORD_FORM_ONLY,SOURCE_LEMMA_ONLY_NOT_SENSE_OR_POS,UNREVIEWED_NOT_SEMANTICALLY_APPROVED,NOT_CLEARED,true
lex:C1:endure,C1,endure,NGSL_SFI_31K_EXTENSION,endure,3250,EXACT_HEADWORD_FORM_ONLY,SOURCE_LEMMA_ONLY_NOT_SENSE_OR_POS,UNREVIEWED_NOT_SEMANTICALLY_APPROVED,NOT_CLEARED,true
lex:C1:enforce,C1,enforce,NGSL_SFI_31K_EXTENSION,enforce,3077,EXACT_HEADWORD_FORM_ONLY,SOURCE_LEMMA_ONLY_NOT_SENSE_OR_POS,UNREVIEWED_NOT_SEMANTICALLY_APPROVED,NOT_CLEARED,true
lex:C1:enforcement,C1,enforcement,NGSL_SFI_31K_EXTENSION,enforcement,3229,EXACT_HEADWORD_FORM_ONLY,SOURCE_LEMMA_ONLY_NOT_SENSE_OR_POS,UNREVIEWED_NOT_SEMANTICALLY_APPROVED,NOT_CLEARED,true
lex:C1:engagement,C1,engagement,NGSL_SFI_31K_EXTENSION,engagement,3201,EXACT_HEADWORD_FORM_ONLY,SOURCE_LEMMA_ONLY_NOT_SENSE_OR_POS,UNREVIEWED_NOT_SEMANTICALLY_APPROVED,NOT_CLEARED,true
lex:C1:engaging,C1,engaging,NO_DIRECT_SOURCE_LEMMA,,,NO_DIRECT_MATCH,SOURCE_LEMMA_ONLY_NOT_SENSE_OR_POS,UNREVIEWED_NOT_SEMANTICALLY_APPROVED,NOT_CLEARED,true
lex:C1:enquire,C1,enquire,NGSL_SFI_31K_EXTENSION,enquire,5113,EXACT_HEADWORD_FORM_ONLY,SOURCE_LEMMA_ONLY_NOT_SENSE_OR_POS,UNREVIEWED_NOT_SEMANTICALLY_APPROVED,NOT_CLEARED,true
lex:C1:enrich,C1,enrich,NGSL_SFI_31K_EXTENSION,enrich,4750,EXACT_HEADWORD_FORM_ONLY,SOURCE_LEMMA_ONLY_NOT_SENSE_OR_POS,UNREVIEWED_NOT_SEMANTICALLY_APPROVED,NOT_CLEARED,true
lex:C1:enrol,C1,enrol,NO_DIRECT_SOURCE_LEMMA,,,NO_DIRECT_MATCH,SOURCE_LEMMA_ONLY_NOT_SENSE_OR_POS,UNREVIEWED_NOT_SEMANTICALLY_APPROVED,NOT_CLEARED,true
lex:C1:ensue,C1,ensue,NGSL_SFI_31K_EXTENSION,ensue,5344,EXACT_HEADWORD_FORM_ONLY,SOURCE_LEMMA_ONLY_NOT_SENSE_OR_POS,UNREVIEWED_NOT_SEMANTICALLY_APPROVED,NOT_CLEARED,true
lex:C1:enterprise,C1,enterprise,NGSL_1_2_CORE,enterprise,2051,EXACT_HEADWORD_FORM_ONLY,SOURCE_LEMMA_ONLY_NOT_SENSE_OR_POS,UNREVIEWED_NOT_SEMANTICALLY_APPROVED,NOT_CLEARED,true
lex:C1:enthusiast,C1,enthusiast,NGSL_SFI_31K_EXTENSION,enthusiast,5826,EXACT_HEADWORD_FORM_ONLY,SOURCE_LEMMA_ONLY_NOT_SENSE_OR_POS,UNREVIEWED_NOT_SEMANTICALLY_APPROVED,NOT_CLEARED,true
lex:C1:entitle,C1,entitle,NGSL_1_2_CORE,entitle,2304,EXACT_HEADWORD_FORM_ONLY,SOURCE_LEMMA_ONLY_NOT_SENSE_OR_POS,UNREVIEWED_NOT_SEMANTICALLY_APPROVED,NOT_CLEARED,true
lex:C1:entity,C1,entity,NGSL_SFI_31K_EXTENSION,entity,3014,EXACT_HEADWORD_FORM_ONLY,SOURCE_LEMMA_ONLY_NOT_SENSE_OR_POS,UNREVIEWED_NOT_SEMANTICALLY_APPROVED,NOT_CLEARED,true
lex:C1:epidemic,C1,epidemic,NGSL_SFI_31K_EXTENSION,epidemic,4689,EXACT_HEADWORD_FORM_ONLY,SOURCE_LEMMA_ONLY_NOT_SENSE_OR_POS,UNREVIEWED_NOT_SEMANTICALLY_APPROVED,NOT_CLEARED,true
lex:C1:equality,C1,equality,NGSL_SFI_31K_EXTENSION,equality,3800,EXACT_HEADWORD_FORM_ONLY,SOURCE_LEMMA_ONLY_NOT_SENSE_OR_POS,UNREVIEWED_NOT_SEMANTICALLY_APPROVED,NOT_CLEARED,true
lex:C1:equation,C1,equation,NGSL_1_2_CORE,equation,2489,EXACT_HEADWORD_FORM_ONLY,SOURCE_LEMMA_ONLY_NOT_SENSE_OR_POS,UNREVIEWED_NOT_SEMANTICALLY_APPROVED,NOT_CLEARED,true
lex:C1:erect,C1,erect,NGSL_SFI_31K_EXTENSION,erect,4409,EXACT_HEADWORD_FORM_ONLY,SOURCE_LEMMA_ONLY_NOT_SENSE_OR_POS,UNREVIEWED_NOT_SEMANTICALLY_APPROVED,NOT_CLEARED,true
lex:C1:escalate,C1,escalate,NGSL_SFI_31K_EXTENSION,escalate,5915,EXACT_HEADWORD_FORM_ONLY,SOURCE_LEMMA_ONLY_NOT_SENSE_OR_POS,UNREVIEWED_NOT_SEMANTICALLY_APPROVED,NOT_CLEARED,true
lex:C1:essence,C1,essence,NGSL_SFI_31K_EXTENSION,essence,3505,EXACT_HEADWORD_FORM_ONLY,SOURCE_LEMMA_ONLY_NOT_SENSE_OR_POS,UNREVIEWED_NOT_SEMANTICALLY_APPROVED,NOT_CLEARED,true
lex:C1:establishment,C1,establishment,NGSL_1_2_CORE,establishment,2317,EXACT_HEADWORD_FORM_ONLY,SOURCE_LEMMA_ONLY_NOT_SENSE_OR_POS,UNREVIEWED_NOT_SEMANTICALLY_APPROVED,NOT_CLEARED,true
lex:C1:eternal,C1,eternal,NGSL_SFI_31K_EXTENSION,eternal,5398,EXACT_HEADWORD_FORM_ONLY,SOURCE_LEMMA_ONLY_NOT_SENSE_OR_POS,UNREVIEWED_NOT_SEMANTICALLY_APPROVED,NOT_CLEARED,true
lex:C1:evacuate,C1,evacuate,NGSL_SFI_31K_EXTENSION,evacuate,5901,EXACT_HEADWORD_FORM_ONLY,SOURCE_LEMMA_ONLY_NOT_SENSE_OR_POS,UNREVIEWED_NOT_SEMANTICALLY_APPROVED,NOT_CLEARED,true
lex:C1:evoke,C1,evoke,NGSL_SFI_31K_EXTENSION,evoke,4703,EXACT_HEADWORD_FORM_ONLY,SOURCE_LEMMA_ONLY_NOT_SENSE_OR_POS,UNREVIEWED_NOT_SEMANTICALLY_APPROVED,NOT_CLEARED,true
lex:C1:evolutionary,C1,evolutionary,NGSL_SFI_31K_EXTENSION,evolutionary,5031,EXACT_HEADWORD_FORM_ONLY,SOURCE_LEMMA_ONLY_NOT_SENSE_OR_POS,UNREVIEWED_NOT_SEMANTICALLY_APPROVED,NOT_CLEARED,true
lex:C1:exaggerate,C1,exaggerate,NGSL_SFI_31K_EXTENSION,exaggerate,3944,EXACT_HEADWORD_FORM_ONLY,SOURCE_LEMMA_ONLY_NOT_SENSE_OR_POS,UNREVIEWED_NOT_SEMANTICALLY_APPROVED,NOT_CLEARED,true
lex:C1:excellence,C1,excellence,NGSL_SFI_31K_EXTENSION,excellence,5048,EXACT_HEADWORD_FORM_ONLY,SOURCE_LEMMA_ONLY_NOT_SENSE_OR_POS,UNREVIEWED_NOT_SEMANTICALLY_APPROVED,NOT_CLEARED,true
lex:C1:exceptional,C1,exceptional,NGSL_SFI_31K_EXTENSION,exceptional,4193,EXACT_HEADWORD_FORM_ONLY,SOURCE_LEMMA_ONLY_NOT_SENSE_OR_POS,UNREVIEWED_NOT_SEMANTICALLY_APPROVED,NOT_CLEARED,true
lex:C1:excess,C1,excess,NGSL_1_2_CORE,excess,2643,EXACT_HEADWORD_FORM_ONLY,SOURCE_LEMMA_ONLY_NOT_SENSE_OR_POS,UNREVIEWED_NOT_SEMANTICALLY_APPROVED,NOT_CLEARED,true
lex:C1:exclusion,C1,exclusion,NGSL_SFI_31K_EXTENSION,exclusion,4641,EXACT_HEADWORD_FORM_ONLY,SOURCE_LEMMA_ONLY_NOT_SENSE_OR_POS,UNREVIEWED_NOT_SEMANTICALLY_APPROVED,NOT_CLEARED,true
lex:C1:exclusive,C1,exclusive,NGSL_SFI_31K_EXTENSION,exclusive,3183,EXACT_HEADWORD_FORM_ONLY,SOURCE_LEMMA_ONLY_NOT_SENSE_OR_POS,UNREVIEWED_NOT_SEMANTICALLY_APPROVED,NOT_CLEARED,true
lex:C1:exclusively,C1,exclusively,NGSL_SFI_31K_EXTENSION,exclusively,3599,EXACT_HEADWORD_FORM_ONLY,SOURCE_LEMMA_ONLY_NOT_SENSE_OR_POS,UNREVIEWED_NOT_SEMANTICALLY_APPROVED,NOT_CLEARED,true
lex:C1:execute,C1,execute,NGSL_SFI_31K_EXTENSION,execute,2871,EXACT_HEADWORD_FORM_ONLY,SOURCE_LEMMA_ONLY_NOT_SENSE_OR_POS,UNREVIEWED_NOT_SEMANTICALLY_APPROVED,NOT_CLEARED,true
lex:C1:execution,C1,execution,NGSL_SFI_31K_EXTENSION,execution,3256,EXACT_HEADWORD_FORM_ONLY,SOURCE_LEMMA_ONLY_NOT_SENSE_OR_POS,UNREVIEWED_NOT_SEMANTICALLY_APPROVED,NOT_CLEARED,true
lex:C1:exert,C1,exert,NGSL_SFI_31K_EXTENSION,exert,4711,EXACT_HEADWORD_FORM_ONLY,SOURCE_LEMMA_ONLY_NOT_SENSE_OR_POS,UNREVIEWED_NOT_SEMANTICALLY_APPROVED,NOT_CLEARED,true
lex:C1:exile,C1,exile,NGSL_SFI_31K_EXTENSION,exile,4017,EXACT_HEADWORD_FORM_ONLY,SOURCE_LEMMA_ONLY_NOT_SENSE_OR_POS,UNREVIEWED_NOT_SEMANTICALLY_APPROVED,NOT_CLEARED,true
lex:C1:exit,C1,exit,NGSL_SFI_31K_EXTENSION,exit,2748,EXACT_HEADWORD_FORM_ONLY,SOURCE_LEMMA_ONLY_NOT_SENSE_OR_POS,UNREVIEWED_NOT_SEMANTICALLY_APPROVED,NOT_CLEARED,true
lex:C1:expenditure,C1,expenditure,NGSL_1_2_CORE,expenditure,2509,EXACT_HEADWORD_FORM_ONLY,SOURCE_LEMMA_ONLY_NOT_SENSE_OR_POS,UNREVIEWED_NOT_SEMANTICALLY_APPROVED,NOT_CLEARED,true
lex:C1:experimental,C1,experimental,NGSL_1_2_CORE,experimental,2744,EXACT_HEADWORD_FORM_ONLY,SOURCE_LEMMA_ONLY_NOT_SENSE_OR_POS,UNREVIEWED_NOT_SEMANTICALLY_APPROVED,NOT_CLEARED,true
lex:C1:expire,C1,expire,NGSL_SFI_31K_EXTENSION,expire,5010,EXACT_HEADWORD_FORM_ONLY,SOURCE_LEMMA_ONLY_NOT_SENSE_OR_POS,UNREVIEWED_NOT_SEMANTICALLY_APPROVED,NOT_CLEARED,true
lex:C1:explicit,C1,explicit,NGSL_SFI_31K_EXTENSION,explicit,3499,EXACT_HEADWORD_FORM_ONLY,SOURCE_LEMMA_ONLY_NOT_SENSE_OR_POS,UNREVIEWED_NOT_SEMANTICALLY_APPROVED,NOT_CLEARED,true
lex:C1:explicitly,C1,explicitly,NGSL_SFI_31K_EXTENSION,explicitly,4100,EXACT_HEADWORD_FORM_ONLY,SOURCE_LEMMA_ONLY_NOT_SENSE_OR_POS,UNREVIEWED_NOT_SEMANTICALLY_APPROVED,NOT_CLEARED,true
lex:C1:exploitation,C1,exploitation,NGSL_SFI_31K_EXTENSION,exploitation,5510,EXACT_HEADWORD_FORM_ONLY,SOURCE_LEMMA_ONLY_NOT_SENSE_OR_POS,UNREVIEWED_NOT_SEMANTICALLY_APPROVED,NOT_CLEARED,true
lex:C1:explosive,C1,explosive,NGSL_SFI_31K_EXTENSION,explosive,4162,EXACT_HEADWORD_FORM_ONLY,SOURCE_LEMMA_ONLY_NOT_SENSE_OR_POS,UNREVIEWED_NOT_SEMANTICALLY_APPROVED,NOT_CLEARED,true
lex:C1:extract,C1,extract,NGSL_1_2_CORE,extract,2647,EXACT_HEADWORD_FORM_ONLY,SOURCE_LEMMA_ONLY_NOT_SENSE_OR_POS,UNREVIEWED_NOT_SEMANTICALLY_APPROVED,NOT_CLEARED,true
lex:C1:extremist,C1,extremist,NGSL_SFI_31K_EXTENSION,extremist,6200,EXACT_HEADWORD_FORM_ONLY,SOURCE_LEMMA_ONLY_NOT_SENSE_OR_POS,UNREVIEWED_NOT_SEMANTICALLY_APPROVED,NOT_CLEARED,true
lex:C1:facilitate,C1,facilitate,NGSL_SFI_31K_EXTENSION,facilitate,3017,EXACT_HEADWORD_FORM_ONLY,SOURCE_LEMMA_ONLY_NOT_SENSE_OR_POS,UNREVIEWED_NOT_SEMANTICALLY_APPROVED,NOT_CLEARED,true
lex:C1:faction,C1,faction,NGSL_SFI_31K_EXTENSION,faction,4609,EXACT_HEADWORD_FORM_ONLY,SOURCE_LEMMA_ONLY_NOT_SENSE_OR_POS,UNREVIEWED_NOT_SEMANTICALLY_APPROVED,NOT_CLEARED,true
lex:C1:faculty,C1,faculty,NGSL_SFI_31K_EXTENSION,faculty,3289,EXACT_HEADWORD_FORM_ONLY,SOURCE_LEMMA_ONLY_NOT_SENSE_OR_POS,UNREVIEWED_NOT_SEMANTICALLY_APPROVED,NOT_CLEARED,true
lex:C1:fade,C1,fade,NGSL_1_2_CORE,fade,2773,EXACT_HEADWORD_FORM_ONLY,SOURCE_LEMMA_ONLY_NOT_SENSE_OR_POS,UNREVIEWED_NOT_SEMANTICALLY_APPROVED,NOT_CLEARED,true
lex:C1:fairness,C1,fairness,NGSL_SFI_31K_EXTENSION,fairness,5178,EXACT_HEADWORD_FORM_ONLY,SOURCE_LEMMA_ONLY_NOT_SENSE_OR_POS,UNREVIEWED_NOT_SEMANTICALLY_APPROVED,NOT_CLEARED,true
lex:C1:fatal,C1,fatal,NGSL_SFI_31K_EXTENSION,fatal,4221,EXACT_HEADWORD_FORM_ONLY,SOURCE_LEMMA_ONLY_NOT_SENSE_OR_POS,UNREVIEWED_NOT_SEMANTICALLY_APPROVED,NOT_CLEARED,true
lex:C1:fate,C1,fate,NGSL_SFI_31K_EXTENSION,fate,2978,EXACT_HEADWORD_FORM_ONLY,SOURCE_LEMMA_ONLY_NOT_SENSE_OR_POS,UNREVIEWED_NOT_SEMANTICALLY_APPROVED,NOT_CLEARED,true
lex:C1:favourable,C1,favourable,NO_DIRECT_SOURCE_LEMMA,,,NO_DIRECT_MATCH,SOURCE_LEMMA_ONLY_NOT_SENSE_OR_POS,UNREVIEWED_NOT_SEMANTICALLY_APPROVED,NOT_CLEARED,true
lex:C1:feat,C1,feat,NGSL_SFI_31K_EXTENSION,feat,6431,EXACT_HEADWORD_FORM_ONLY,SOURCE_LEMMA_ONLY_NOT_SENSE_OR_POS,UNREVIEWED_NOT_SEMANTICALLY_APPROVED,NOT_CLEARED,true
lex:C1:feminist,C1,feminist,NGSL_SFI_31K_EXTENSION,feminist,4013,EXACT_HEADWORD_FORM_ONLY,SOURCE_LEMMA_ONLY_NOT_SENSE_OR_POS,UNREVIEWED_NOT_SEMANTICALLY_APPROVED,NOT_CLEARED,true
lex:C1:fibre,C1,fibre,NO_DIRECT_SOURCE_LEMMA,,,NO_DIRECT_MATCH,SOURCE_LEMMA_ONLY_NOT_SENSE_OR_POS,UNREVIEWED_NOT_SEMANTICALLY_APPROVED,NOT_CLEARED,true
lex:C1:fierce,C1,fierce,NGSL_SFI_31K_EXTENSION,fierce,3881,EXACT_HEADWORD_FORM_ONLY,SOURCE_LEMMA_ONLY_NOT_SENSE_OR_POS,UNREVIEWED_NOT_SEMANTICALLY_APPROVED,NOT_CLEARED,true
lex:C1:film-maker,C1,film-maker,NO_DIRECT_SOURCE_LEMMA,,,NO_DIRECT_MATCH,SOURCE_LEMMA_ONLY_NOT_SENSE_OR_POS,UNREVIEWED_NOT_SEMANTICALLY_APPROVED,NOT_CLEARED,true
lex:C1:filter,C1,filter,NGSL_1_2_CORE,filter,2719,EXACT_HEADWORD_FORM_ONLY,SOURCE_LEMMA_ONLY_NOT_SENSE_OR_POS,UNREVIEWED_NOT_SEMANTICALLY_APPROVED,NOT_CLEARED,true
lex:C1:fine,C1,fine,NGSL_1_2_CORE,fine,597,EXACT_HEADWORD_FORM_ONLY,SOURCE_LEMMA_ONLY_NOT_SENSE_OR_POS,UNREVIEWED_NOT_SEMANTICALLY_APPROVED,NOT_CLEARED,true
lex:C1:firearm,C1,firearm,NGSL_SFI_31K_EXTENSION,firearm,7586,EXACT_HEADWORD_FORM_ONLY,SOURCE_LEMMA_ONLY_NOT_SENSE_OR_POS,UNREVIEWED_NOT_SEMANTICALLY_APPROVED,NOT_CLEARED,true
lex:C1:fit,C1,fit,NGSL_1_2_CORE,fit,700,EXACT_HEADWORD_FORM_ONLY,SOURCE_LEMMA_ONLY_NOT_SENSE_OR_POS,UNREVIEWED_NOT_SEMANTICALLY_APPROVED,NOT_CLEARED,true
lex:C1:fixture,C1,fixture,NGSL_SFI_31K_EXTENSION,fixture,6861,EXACT_HEADWORD_FORM_ONLY,SOURCE_LEMMA_ONLY_NOT_SENSE_OR_POS,UNREVIEWED_NOT_SEMANTICALLY_APPROVED,NOT_CLEARED,true
lex:C1:flaw,C1,flaw,NGSL_SFI_31K_EXTENSION,flaw,4002,EXACT_HEADWORD_FORM_ONLY,SOURCE_LEMMA_ONLY_NOT_SENSE_OR_POS,UNREVIEWED_NOT_SEMANTICALLY_APPROVED,NOT_CLEARED,true
lex:C1:flawed,C1,flawed,NO_DIRECT_SOURCE_LEMMA,,,NO_DIRECT_MATCH,SOURCE_LEMMA_ONLY_NOT_SENSE_OR_POS,UNREVIEWED_NOT_SEMANTICALLY_APPROVED,NOT_CLEARED,true
lex:C1:flee,C1,flee,NGSL_SFI_31K_EXTENSION,flee,2991,EXACT_HEADWORD_FORM_ONLY,SOURCE_LEMMA_ONLY_NOT_SENSE_OR_POS,UNREVIEWED_NOT_SEMANTICALLY_APPROVED,NOT_CLEARED,true
lex:C1:fleet,C1,fleet,NGSL_SFI_31K_EXTENSION,fleet,3772,EXACT_HEADWORD_FORM_ONLY,SOURCE_LEMMA_ONLY_NOT_SENSE_OR_POS,UNREVIEWED_NOT_SEMANTICALLY_APPROVED,NOT_CLEARED,true
lex:C1:flesh,C1,flesh,NGSL_SFI_31K_EXTENSION,flesh,3624,EXACT_HEADWORD_FORM_ONLY,SOURCE_LEMMA_ONLY_NOT_SENSE_OR_POS,UNREVIEWED_NOT_SEMANTICALLY_APPROVED,NOT_CLEARED,true
lex:C1:flexibility,C1,flexibility,NGSL_SFI_31K_EXTENSION,flexibility,3194,EXACT_HEADWORD_FORM_ONLY,SOURCE_LEMMA_ONLY_NOT_SENSE_OR_POS,UNREVIEWED_NOT_SEMANTICALLY_APPROVED,NOT_CLEARED,true
lex:C1:flourish,C1,flourish,NGSL_SFI_31K_EXTENSION,flourish,4063,EXACT_HEADWORD_FORM_ONLY,SOURCE_LEMMA_ONLY_NOT_SENSE_OR_POS,UNREVIEWED_NOT_SEMANTICALLY_APPROVED,NOT_CLEARED,true
lex:C1:fluid,C1,fluid,NGSL_SFI_31K_EXTENSION,fluid,3184,EXACT_HEADWORD_FORM_ONLY,SOURCE_LEMMA_ONLY_NOT_SENSE_OR_POS,UNREVIEWED_NOT_SEMANTICALLY_APPROVED,NOT_CLEARED,true
lex:C1:footage,C1,footage,NGSL_SFI_31K_EXTENSION,footage,6977,EXACT_HEADWORD_FORM_ONLY,SOURCE_LEMMA_ONLY_NOT_SENSE_OR_POS,UNREVIEWED_NOT_SEMANTICALLY_APPROVED,NOT_CLEARED,true
lex:C1:foreigner,C1,foreigner,NGSL_SFI_31K_EXTENSION,foreigner,3660,EXACT_HEADWORD_FORM_ONLY,SOURCE_LEMMA_ONLY_NOT_SENSE_OR_POS,UNREVIEWED_NOT_SEMANTICALLY_APPROVED,NOT_CLEARED,true
lex:C1:forge,C1,forge,NGSL_SFI_31K_EXTENSION,forge,4411,EXACT_HEADWORD_FORM_ONLY,SOURCE_LEMMA_ONLY_NOT_SENSE_OR_POS,UNREVIEWED_NOT_SEMANTICALLY_APPROVED,NOT_CLEARED,true
lex:C1:formula,C1,formula,NGSL_1_2_CORE,formula,2101,EXACT_HEADWORD_FORM_ONLY,SOURCE_LEMMA_ONLY_NOT_SENSE_OR_POS,UNREVIEWED_NOT_SEMANTICALLY_APPROVED,NOT_CLEARED,true
lex:C1:formulate,C1,formulate,NGSL_SFI_31K_EXTENSION,formulate,4465,EXACT_HEADWORD_FORM_ONLY,SOURCE_LEMMA_ONLY_NOT_SENSE_OR_POS,UNREVIEWED_NOT_SEMANTICALLY_APPROVED,NOT_CLEARED,true
lex:C1:forth,C1,forth,NGSL_1_2_CORE,forth,1860,EXACT_HEADWORD_FORM_ONLY,SOURCE_LEMMA_ONLY_NOT_SENSE_OR_POS,UNREVIEWED_NOT_SEMANTICALLY_APPROVED,NOT_CLEARED,true
lex:C1:forthcoming,C1,forthcoming,NGSL_SFI_31K_EXTENSION,forthcoming,4052,EXACT_HEADWORD_FORM_ONLY,SOURCE_LEMMA_ONLY_NOT_SENSE_OR_POS,UNREVIEWED_NOT_SEMANTICALLY_APPROVED,NOT_CLEARED,true
lex:C1:foster,C1,foster,NGSL_SFI_31K_EXTENSION,foster,3098,EXACT_HEADWORD_FORM_ONLY,SOURCE_LEMMA_ONLY_NOT_SENSE_OR_POS,UNREVIEWED_NOT_SEMANTICALLY_APPROVED,NOT_CLEARED,true
lex:C1:fragile,C1,fragile,NGSL_SFI_31K_EXTENSION,fragile,4679,EXACT_HEADWORD_FORM_ONLY,SOURCE_LEMMA_ONLY_NOT_SENSE_OR_POS,UNREVIEWED_NOT_SEMANTICALLY_APPROVED,NOT_CLEARED,true
lex:C1:franchise,C1,franchise,NGSL_SFI_31K_EXTENSION,franchise,4533,EXACT_HEADWORD_FORM_ONLY,SOURCE_LEMMA_ONLY_NOT_SENSE_OR_POS,UNREVIEWED_NOT_SEMANTICALLY_APPROVED,NOT_CLEARED,true
lex:C1:frankly,C1,frankly,NGSL_SFI_31K_EXTENSION,frankly,3504,EXACT_HEADWORD_FORM_ONLY,SOURCE_LEMMA_ONLY_NOT_SENSE_OR_POS,UNREVIEWED_NOT_SEMANTICALLY_APPROVED,NOT_CLEARED,true
lex:C1:frustrated,C1,frustrated,NO_DIRECT_SOURCE_LEMMA,,,NO_DIRECT_MATCH,SOURCE_LEMMA_ONLY_NOT_SENSE_OR_POS,UNREVIEWED_NOT_SEMANTICALLY_APPROVED,NOT_CLEARED,true
lex:C1:frustrating,C1,frustrating,NO_DIRECT_SOURCE_LEMMA,,,NO_DIRECT_MATCH,SOURCE_LEMMA_ONLY_NOT_SENSE_OR_POS,UNREVIEWED_NOT_SEMANTICALLY_APPROVED,NOT_CLEARED,true
lex:C1:frustration,C1,frustration,NGSL_SFI_31K_EXTENSION,frustration,3495,EXACT_HEADWORD_FORM_ONLY,SOURCE_LEMMA_ONLY_NOT_SENSE_OR_POS,UNREVIEWED_NOT_SEMANTICALLY_APPROVED,NOT_CLEARED,true
lex:C1:functional,C1,functional,NGSL_1_2_CORE,functional,2755,EXACT_HEADWORD_FORM_ONLY,SOURCE_LEMMA_ONLY_NOT_SENSE_OR_POS,UNREVIEWED_NOT_SEMANTICALLY_APPROVED,NOT_CLEARED,true
lex:C1:fundraising,C1,fundraising,NO_DIRECT_SOURCE_LEMMA,,,NO_DIRECT_MATCH,SOURCE_LEMMA_ONLY_NOT_SENSE_OR_POS,UNREVIEWED_NOT_SEMANTICALLY_APPROVED,NOT_CLEARED,true
lex:C1:funeral,C1,funeral,NGSL_SFI_31K_EXTENSION,funeral,3082,EXACT_HEADWORD_FORM_ONLY,SOURCE_LEMMA_ONLY_NOT_SENSE_OR_POS,UNREVIEWED_NOT_SEMANTICALLY_APPROVED,NOT_CLEARED,true
lex:C1:gallon,C1,gallon,NGSL_SFI_31K_EXTENSION,gallon,4505,EXACT_HEADWORD_FORM_ONLY,SOURCE_LEMMA_ONLY_NOT_SENSE_OR_POS,UNREVIEWED_NOT_SEMANTICALLY_APPROVED,NOT_CLEARED,true
lex:C1:gambling,C1,gambling,NO_DIRECT_SOURCE_LEMMA,,,NO_DIRECT_MATCH,SOURCE_LEMMA_ONLY_NOT_SENSE_OR_POS,UNREVIEWED_NOT_SEMANTICALLY_APPROVED,NOT_CLEARED,true
lex:C1:gathering,C1,gathering,NO_DIRECT_SOURCE_LEMMA,,,NO_DIRECT_MATCH,SOURCE_LEMMA_ONLY_NOT_SENSE_OR_POS,UNREVIEWED_NOT_SEMANTICALLY_APPROVED,NOT_CLEARED,true
lex:C1:gaze,C1,gaze,NGSL_1_2_CORE,gaze,2772,EXACT_HEADWORD_FORM_ONLY,SOURCE_LEMMA_ONLY_NOT_SENSE_OR_POS,UNREVIEWED_NOT_SEMANTICALLY_APPROVED,NOT_CLEARED,true
lex:C1:gear,C1,gear,NGSL_1_2_CORE,gear,2513,EXACT_HEADWORD_FORM_ONLY,SOURCE_LEMMA_ONLY_NOT_SENSE_OR_POS,UNREVIEWED_NOT_SEMANTICALLY_APPROVED,NOT_CLEARED,true
lex:C1:generic,C1,generic,NGSL_SFI_31K_EXTENSION,generic,4877,EXACT_HEADWORD_FORM_ONLY,SOURCE_LEMMA_ONLY_NOT_SENSE_OR_POS,UNREVIEWED_NOT_SEMANTICALLY_APPROVED,NOT_CLEARED,true
lex:C1:genocide,C1,genocide,NGSL_SFI_31K_EXTENSION,genocide,6311,EXACT_HEADWORD_FORM_ONLY,SOURCE_LEMMA_ONLY_NOT_SENSE_OR_POS,UNREVIEWED_NOT_SEMANTICALLY_APPROVED,NOT_CLEARED,true
lex:C1:glance,C1,glance,NGSL_1_2_CORE,glance,2460,EXACT_HEADWORD_FORM_ONLY,SOURCE_LEMMA_ONLY_NOT_SENSE_OR_POS,UNREVIEWED_NOT_SEMANTICALLY_APPROVED,NOT_CLEARED,true
lex:C1:glimpse,C1,glimpse,NGSL_SFI_31K_EXTENSION,glimpse,3851,EXACT_HEADWORD_FORM_ONLY,SOURCE_LEMMA_ONLY_NOT_SENSE_OR_POS,UNREVIEWED_NOT_SEMANTICALLY_APPROVED,NOT_CLEARED,true
lex:C1:glorious,C1,glorious,NGSL_SFI_31K_EXTENSION,glorious,5074,EXACT_HEADWORD_FORM_ONLY,SOURCE_LEMMA_ONLY_NOT_SENSE_OR_POS,UNREVIEWED_NOT_SEMANTICALLY_APPROVED,NOT_CLEARED,true
lex:C1:glory,C1,glory,NGSL_SFI_31K_EXTENSION,glory,3738,EXACT_HEADWORD_FORM_ONLY,SOURCE_LEMMA_ONLY_NOT_SENSE_OR_POS,UNREVIEWED_NOT_SEMANTICALLY_APPROVED,NOT_CLEARED,true
lex:C1:governance,C1,governance,NGSL_SFI_31K_EXTENSION,governance,3950,EXACT_HEADWORD_FORM_ONLY,SOURCE_LEMMA_ONLY_NOT_SENSE_OR_POS,UNREVIEWED_NOT_SEMANTICALLY_APPROVED,NOT_CLEARED,true
lex:C1:grace,C1,grace,NGSL_SFI_31K_EXTENSION,grace,3468,EXACT_HEADWORD_FORM_ONLY,SOURCE_LEMMA_ONLY_NOT_SENSE_OR_POS,UNREVIEWED_NOT_SEMANTICALLY_APPROVED,NOT_CLEARED,true
lex:C1:grasp,C1,grasp,NGSL_SFI_31K_EXTENSION,grasp,3212,EXACT_HEADWORD_FORM_ONLY,SOURCE_LEMMA_ONLY_NOT_SENSE_OR_POS,UNREVIEWED_NOT_SEMANTICALLY_APPROVED,NOT_CLEARED,true
lex:C1:grave-for-dead-person,C1,grave (for dead person),NGSL_SFI_31K_EXTENSION,grave,2931,HEADWORD_NORMALIZED_REQUIRES_REVIEW,SOURCE_LEMMA_ONLY_NOT_SENSE_OR_POS,UNREVIEWED_NOT_SEMANTICALLY_APPROVED,NOT_CLEARED,true
lex:C1:grave-serious,C1,grave (serious),NGSL_SFI_31K_EXTENSION,grave,2931,HEADWORD_NORMALIZED_REQUIRES_REVIEW,SOURCE_LEMMA_ONLY_NOT_SENSE_OR_POS,UNREVIEWED_NOT_SEMANTICALLY_APPROVED,NOT_CLEARED,true
lex:C1:gravity,C1,gravity,NGSL_SFI_31K_EXTENSION,gravity,4357,EXACT_HEADWORD_FORM_ONLY,SOURCE_LEMMA_ONLY_NOT_SENSE_OR_POS,UNREVIEWED_NOT_SEMANTICALLY_APPROVED,NOT_CLEARED,true
lex:C1:grid,C1,grid,NGSL_SFI_31K_EXTENSION,grid,4083,EXACT_HEADWORD_FORM_ONLY,SOURCE_LEMMA_ONLY_NOT_SENSE_OR_POS,UNREVIEWED_NOT_SEMANTICALLY_APPROVED,NOT_CLEARED,true
lex:C1:grief,C1,grief,NGSL_SFI_31K_EXTENSION,grief,3971,EXACT_HEADWORD_FORM_ONLY,SOURCE_LEMMA_ONLY_NOT_SENSE_OR_POS,UNREVIEWED_NOT_SEMANTICALLY_APPROVED,NOT_CLEARED,true
lex:C1:grin,C1,grin,NGSL_1_2_CORE,grin,2797,EXACT_HEADWORD_FORM_ONLY,SOURCE_LEMMA_ONLY_NOT_SENSE_OR_POS,UNREVIEWED_NOT_SEMANTICALLY_APPROVED,NOT_CLEARED,true
lex:C1:grind,C1,grind,NGSL_SFI_31K_EXTENSION,grind,4302,EXACT_HEADWORD_FORM_ONLY,SOURCE_LEMMA_ONLY_NOT_SENSE_OR_POS,UNREVIEWED_NOT_SEMANTICALLY_APPROVED,NOT_CLEARED,true
lex:C1:grip,C1,grip,NGSL_SFI_31K_EXTENSION,grip,2838,EXACT_HEADWORD_FORM_ONLY,SOURCE_LEMMA_ONLY_NOT_SENSE_OR_POS,UNREVIEWED_NOT_SEMANTICALLY_APPROVED,NOT_CLEARED,true
lex:C1:gross,C1,gross,NGSL_SFI_31K_EXTENSION,gross,3060,EXACT_HEADWORD_FORM_ONLY,SOURCE_LEMMA_ONLY_NOT_SENSE_OR_POS,UNREVIEWED_NOT_SEMANTICALLY_APPROVED,NOT_CLEARED,true
lex:C1:guerrilla,C1,guerrilla,NGSL_SFI_31K_EXTENSION,guerrilla,5096,EXACT_HEADWORD_FORM_ONLY,SOURCE_LEMMA_ONLY_NOT_SENSE_OR_POS,UNREVIEWED_NOT_SEMANTICALLY_APPROVED,NOT_CLEARED,true
lex:C1:guidance,C1,guidance,NGSL_SFI_31K_EXTENSION,guidance,2987,EXACT_HEADWORD_FORM_ONLY,SOURCE_LEMMA_ONLY_NOT_SENSE_OR_POS,UNREVIEWED_NOT_SEMANTICALLY_APPROVED,NOT_CLEARED,true
lex:C1:guilt,C1,guilt,NGSL_SFI_31K_EXTENSION,guilt,3771,EXACT_HEADWORD_FORM_ONLY,SOURCE_LEMMA_ONLY_NOT_SENSE_OR_POS,UNREVIEWED_NOT_SEMANTICALLY_APPROVED,NOT_CLEARED,true
lex:C1:gut,C1,gut,NGSL_SFI_31K_EXTENSION,gut,3665,EXACT_HEADWORD_FORM_ONLY,SOURCE_LEMMA_ONLY_NOT_SENSE_OR_POS,UNREVIEWED_NOT_SEMANTICALLY_APPROVED,NOT_CLEARED,true
lex:C1:hail,C1,hail,NGSL_SFI_31K_EXTENSION,hail,4779,EXACT_HEADWORD_FORM_ONLY,SOURCE_LEMMA_ONLY_NOT_SENSE_OR_POS,UNREVIEWED_NOT_SEMANTICALLY_APPROVED,NOT_CLEARED,true
lex:C1:halfway,C1,halfway,NGSL_SFI_31K_EXTENSION,halfway,4310,EXACT_HEADWORD_FORM_ONLY,SOURCE_LEMMA_ONLY_NOT_SENSE_OR_POS,UNREVIEWED_NOT_SEMANTICALLY_APPROVED,NOT_CLEARED,true
lex:C1:halt,C1,halt,NGSL_SFI_31K_EXTENSION,halt,3243,EXACT_HEADWORD_FORM_ONLY,SOURCE_LEMMA_ONLY_NOT_SENSE_OR_POS,UNREVIEWED_NOT_SEMANTICALLY_APPROVED,NOT_CLEARED,true
lex:C1:handful,C1,handful,NGSL_SFI_31K_EXTENSION,handful,3570,EXACT_HEADWORD_FORM_ONLY,SOURCE_LEMMA_ONLY_NOT_SENSE_OR_POS,UNREVIEWED_NOT_SEMANTICALLY_APPROVED,NOT_CLEARED,true
lex:C1:handling,C1,handling,NO_DIRECT_SOURCE_LEMMA,,,NO_DIRECT_MATCH,SOURCE_LEMMA_ONLY_NOT_SENSE_OR_POS,UNREVIEWED_NOT_SEMANTICALLY_APPROVED,NOT_CLEARED,true
lex:C1:handy,C1,handy,NGSL_SFI_31K_EXTENSION,handy,4785,EXACT_HEADWORD_FORM_ONLY,SOURCE_LEMMA_ONLY_NOT_SENSE_OR_POS,UNREVIEWED_NOT_SEMANTICALLY_APPROVED,NOT_CLEARED,true
lex:C1:harassment,C1,harassment,NGSL_SFI_31K_EXTENSION,harassment,5670,EXACT_HEADWORD_FORM_ONLY,SOURCE_LEMMA_ONLY_NOT_SENSE_OR_POS,UNREVIEWED_NOT_SEMANTICALLY_APPROVED,NOT_CLEARED,true
lex:C1:hardware,C1,hardware,NGSL_SFI_31K_EXTENSION,hardware,3141,EXACT_HEADWORD_FORM_ONLY,SOURCE_LEMMA_ONLY_NOT_SENSE_OR_POS,UNREVIEWED_NOT_SEMANTICALLY_APPROVED,NOT_CLEARED,true
lex:C1:harmony,C1,harmony,NGSL_SFI_31K_EXTENSION,harmony,4060,EXACT_HEADWORD_FORM_ONLY,SOURCE_LEMMA_ONLY_NOT_SENSE_OR_POS,UNREVIEWED_NOT_SEMANTICALLY_APPROVED,NOT_CLEARED,true
lex:C1:harsh,C1,harsh,NGSL_SFI_31K_EXTENSION,harsh,3407,EXACT_HEADWORD_FORM_ONLY,SOURCE_LEMMA_ONLY_NOT_SENSE_OR_POS,UNREVIEWED_NOT_SEMANTICALLY_APPROVED,NOT_CLEARED,true
lex:C1:harvest,C1,harvest,NGSL_SFI_31K_EXTENSION,harvest,3377,EXACT_HEADWORD_FORM_ONLY,SOURCE_LEMMA_ONLY_NOT_SENSE_OR_POS,UNREVIEWED_NOT_SEMANTICALLY_APPROVED,NOT_CLEARED,true
lex:C1:hatred,C1,hatred,NGSL_SFI_31K_EXTENSION,hatred,4822,EXACT_HEADWORD_FORM_ONLY,SOURCE_LEMMA_ONLY_NOT_SENSE_OR_POS,UNREVIEWED_NOT_SEMANTICALLY_APPROVED,NOT_CLEARED,true
lex:C1:haunt,C1,haunt,NGSL_SFI_31K_EXTENSION,haunt,3918,EXACT_HEADWORD_FORM_ONLY,SOURCE_LEMMA_ONLY_NOT_SENSE_OR_POS,UNREVIEWED_NOT_SEMANTICALLY_APPROVED,NOT_CLEARED,true
lex:C1:hazard,C1,hazard,NGSL_SFI_31K_EXTENSION,hazard,4073,EXACT_HEADWORD_FORM_ONLY,SOURCE_LEMMA_ONLY_NOT_SENSE_OR_POS,UNREVIEWED_NOT_SEMANTICALLY_APPROVED,NOT_CLEARED,true
lex:C1:heighten,C1,heighten,NGSL_SFI_31K_EXTENSION,heighten,5313,EXACT_HEADWORD_FORM_ONLY,SOURCE_LEMMA_ONLY_NOT_SENSE_OR_POS,UNREVIEWED_NOT_SEMANTICALLY_APPROVED,NOT_CLEARED,true
lex:C1:heritage,C1,heritage,NGSL_SFI_31K_EXTENSION,heritage,3899,EXACT_HEADWORD_FORM_ONLY,SOURCE_LEMMA_ONLY_NOT_SENSE_OR_POS,UNREVIEWED_NOT_SEMANTICALLY_APPROVED,NOT_CLEARED,true
lex:C1:hierarchy,C1,hierarchy,NGSL_SFI_31K_EXTENSION,hierarchy,4031,EXACT_HEADWORD_FORM_ONLY,SOURCE_LEMMA_ONLY_NOT_SENSE_OR_POS,UNREVIEWED_NOT_SEMANTICALLY_APPROVED,NOT_CLEARED,true
lex:C1:high-profile,C1,high-profile,NO_DIRECT_SOURCE_LEMMA,,,NO_DIRECT_MATCH,SOURCE_LEMMA_ONLY_NOT_SENSE_OR_POS,UNREVIEWED_NOT_SEMANTICALLY_APPROVED,NOT_CLEARED,true
lex:C1:hint,C1,hint,NGSL_1_2_CORE,hint,2689,EXACT_HEADWORD_FORM_ONLY,SOURCE_LEMMA_ONLY_NOT_SENSE_OR_POS,UNREVIEWED_NOT_SEMANTICALLY_APPROVED,NOT_CLEARED,true
lex:C1:homeland,C1,homeland,NGSL_SFI_31K_EXTENSION,homeland,5465,EXACT_HEADWORD_FORM_ONLY,SOURCE_LEMMA_ONLY_NOT_SENSE_OR_POS,UNREVIEWED_NOT_SEMANTICALLY_APPROVED,NOT_CLEARED,true
lex:C1:hook,C1,hook,NGSL_1_2_CORE,hook,2690,EXACT_HEADWORD_FORM_ONLY,SOURCE_LEMMA_ONLY_NOT_SENSE_OR_POS,UNREVIEWED_NOT_SEMANTICALLY_APPROVED,NOT_CLEARED,true
lex:C1:hopeful,C1,hopeful,NGSL_SFI_31K_EXTENSION,hopeful,4480,EXACT_HEADWORD_FORM_ONLY,SOURCE_LEMMA_ONLY_NOT_SENSE_OR_POS,UNREVIEWED_NOT_SEMANTICALLY_APPROVED,NOT_CLEARED,true
lex:C1:horizon,C1,horizon,NGSL_SFI_31K_EXTENSION,horizon,3362,EXACT_HEADWORD_FORM_ONLY,SOURCE_LEMMA_ONLY_NOT_SENSE_OR_POS,UNREVIEWED_NOT_SEMANTICALLY_APPROVED,NOT_CLEARED,true
lex:C1:horn,C1,horn,NGSL_SFI_31K_EXTENSION,horn,4028,EXACT_HEADWORD_FORM_ONLY,SOURCE_LEMMA_ONLY_NOT_SENSE_OR_POS,UNREVIEWED_NOT_SEMANTICALLY_APPROVED,NOT_CLEARED,true
lex:C1:hostage,C1,hostage,NGSL_SFI_31K_EXTENSION,hostage,4541,EXACT_HEADWORD_FORM_ONLY,SOURCE_LEMMA_ONLY_NOT_SENSE_OR_POS,UNREVIEWED_NOT_SEMANTICALLY_APPROVED,NOT_CLEARED,true
lex:C1:hostile,C1,hostile,NGSL_SFI_31K_EXTENSION,hostile,3765,EXACT_HEADWORD_FORM_ONLY,SOURCE_LEMMA_ONLY_NOT_SENSE_OR_POS,UNREVIEWED_NOT_SEMANTICALLY_APPROVED,NOT_CLEARED,true
lex:C1:hostility,C1,hostility,NGSL_SFI_31K_EXTENSION,hostility,4240,EXACT_HEADWORD_FORM_ONLY,SOURCE_LEMMA_ONLY_NOT_SENSE_OR_POS,UNREVIEWED_NOT_SEMANTICALLY_APPROVED,NOT_CLEARED,true
lex:C1:humanitarian,C1,humanitarian,NGSL_SFI_31K_EXTENSION,humanitarian,5345,EXACT_HEADWORD_FORM_ONLY,SOURCE_LEMMA_ONLY_NOT_SENSE_OR_POS,UNREVIEWED_NOT_SEMANTICALLY_APPROVED,NOT_CLEARED,true
lex:C1:humanity,C1,humanity,NGSL_SFI_31K_EXTENSION,humanity,3397,EXACT_HEADWORD_FORM_ONLY,SOURCE_LEMMA_ONLY_NOT_SENSE_OR_POS,UNREVIEWED_NOT_SEMANTICALLY_APPROVED,NOT_CLEARED,true
lex:C1:humble,C1,humble,NGSL_SFI_31K_EXTENSION,humble,4515,EXACT_HEADWORD_FORM_ONLY,SOURCE_LEMMA_ONLY_NOT_SENSE_OR_POS,UNREVIEWED_NOT_SEMANTICALLY_APPROVED,NOT_CLEARED,true
lex:C1:hydrogen,C1,hydrogen,NGSL_SFI_31K_EXTENSION,hydrogen,4455,EXACT_HEADWORD_FORM_ONLY,SOURCE_LEMMA_ONLY_NOT_SENSE_OR_POS,UNREVIEWED_NOT_SEMANTICALLY_APPROVED,NOT_CLEARED,true
lex:C1:identification,C1,identification,NGSL_SFI_31K_EXTENSION,identification,3073,EXACT_HEADWORD_FORM_ONLY,SOURCE_LEMMA_ONLY_NOT_SENSE_OR_POS,UNREVIEWED_NOT_SEMANTICALLY_APPROVED,NOT_CLEARED,true
lex:C1:ideological,C1,ideological,NGSL_SFI_31K_EXTENSION,ideological,4191,EXACT_HEADWORD_FORM_ONLY,SOURCE_LEMMA_ONLY_NOT_SENSE_OR_POS,UNREVIEWED_NOT_SEMANTICALLY_APPROVED,NOT_CLEARED,true
lex:C1:ideology,C1,ideology,NGSL_SFI_31K_EXTENSION,ideology,3696,EXACT_HEADWORD_FORM_ONLY,SOURCE_LEMMA_ONLY_NOT_SENSE_OR_POS,UNREVIEWED_NOT_SEMANTICALLY_APPROVED,NOT_CLEARED,true
lex:C1:idiot,C1,idiot,NGSL_SFI_31K_EXTENSION,idiot,5506,EXACT_HEADWORD_FORM_ONLY,SOURCE_LEMMA_ONLY_NOT_SENSE_OR_POS,UNREVIEWED_NOT_SEMANTICALLY_APPROVED,NOT_CLEARED,true
lex:C1:ignorance,C1,ignorance,NGSL_SFI_31K_EXTENSION,ignorance,4802,EXACT_HEADWORD_FORM_ONLY,SOURCE_LEMMA_ONLY_NOT_SENSE_OR_POS,UNREVIEWED_NOT_SEMANTICALLY_APPROVED,NOT_CLEARED,true
lex:C1:imagery,C1,imagery,NGSL_SFI_31K_EXTENSION,imagery,5825,EXACT_HEADWORD_FORM_ONLY,SOURCE_LEMMA_ONLY_NOT_SENSE_OR_POS,UNREVIEWED_NOT_SEMANTICALLY_APPROVED,NOT_CLEARED,true
lex:C1:immense,C1,immense,NGSL_SFI_31K_EXTENSION,immense,4390,EXACT_HEADWORD_FORM_ONLY,SOURCE_LEMMA_ONLY_NOT_SENSE_OR_POS,UNREVIEWED_NOT_SEMANTICALLY_APPROVED,NOT_CLEARED,true
lex:C1:imminent,C1,imminent,NGSL_SFI_31K_EXTENSION,imminent,5667,EXACT_HEADWORD_FORM_ONLY,SOURCE_LEMMA_ONLY_NOT_SENSE_OR_POS,UNREVIEWED_NOT_SEMANTICALLY_APPROVED,NOT_CLEARED,true
lex:C1:implementation,C1,implementation,NGSL_1_2_CORE,implementation,2648,EXACT_HEADWORD_FORM_ONLY,SOURCE_LEMMA_ONLY_NOT_SENSE_OR_POS,UNREVIEWED_NOT_SEMANTICALLY_APPROVED,NOT_CLEARED,true
lex:C1:imprison,C1,imprison,NGSL_SFI_31K_EXTENSION,imprison,5427,EXACT_HEADWORD_FORM_ONLY,SOURCE_LEMMA_ONLY_NOT_SENSE_OR_POS,UNREVIEWED_NOT_SEMANTICALLY_APPROVED,NOT_CLEARED,true
lex:C1:imprisonment,C1,imprisonment,NGSL_SFI_31K_EXTENSION,imprisonment,5755,EXACT_HEADWORD_FORM_ONLY,SOURCE_LEMMA_ONLY_NOT_SENSE_OR_POS,UNREVIEWED_NOT_SEMANTICALLY_APPROVED,NOT_CLEARED,true
lex:C1:inability,C1,inability,NGSL_SFI_31K_EXTENSION,inability,4454,EXACT_HEADWORD_FORM_ONLY,SOURCE_LEMMA_ONLY_NOT_SENSE_OR_POS,UNREVIEWED_NOT_SEMANTICALLY_APPROVED,NOT_CLEARED,true
lex:C1:inadequate,C1,inadequate,NGSL_SFI_31K_EXTENSION,inadequate,3770,EXACT_HEADWORD_FORM_ONLY,SOURCE_LEMMA_ONLY_NOT_SENSE_OR_POS,UNREVIEWED_NOT_SEMANTICALLY_APPROVED,NOT_CLEARED,true
lex:C1:inappropriate,C1,inappropriate,NGSL_SFI_31K_EXTENSION,inappropriate,4155,EXACT_HEADWORD_FORM_ONLY,SOURCE_LEMMA_ONLY_NOT_SENSE_OR_POS,UNREVIEWED_NOT_SEMANTICALLY_APPROVED,NOT_CLEARED,true
lex:C1:incidence,C1,incidence,NGSL_SFI_31K_EXTENSION,incidence,4365,EXACT_HEADWORD_FORM_ONLY,SOURCE_LEMMA_ONLY_NOT_SENSE_OR_POS,UNREVIEWED_NOT_SEMANTICALLY_APPROVED,NOT_CLEARED,true
lex:C1:inclined,C1,inclined,NO_DIRECT_SOURCE_LEMMA,,,NO_DIRECT_MATCH,SOURCE_LEMMA_ONLY_NOT_SENSE_OR_POS,UNREVIEWED_NOT_SEMANTICALLY_APPROVED,NOT_CLEARED,true
lex:C1:inclusion,C1,inclusion,NGSL_SFI_31K_EXTENSION,inclusion,4325,EXACT_HEADWORD_FORM_ONLY,SOURCE_LEMMA_ONLY_NOT_SENSE_OR_POS,UNREVIEWED_NOT_SEMANTICALLY_APPROVED,NOT_CLEARED,true
lex:C1:incur,C1,incur,NGSL_SFI_31K_EXTENSION,incur,4526,EXACT_HEADWORD_FORM_ONLY,SOURCE_LEMMA_ONLY_NOT_SENSE_OR_POS,UNREVIEWED_NOT_SEMANTICALLY_APPROVED,NOT_CLEARED,true
lex:C1:indicator,C1,indicator,NGSL_SFI_31K_EXTENSION,indicator,3039,EXACT_HEADWORD_FORM_ONLY,SOURCE_LEMMA_ONLY_NOT_SENSE_OR_POS,UNREVIEWED_NOT_SEMANTICALLY_APPROVED,NOT_CLEARED,true
lex:C1:indictment,C1,indictment,NGSL_SFI_31K_EXTENSION,indictment,5997,EXACT_HEADWORD_FORM_ONLY,SOURCE_LEMMA_ONLY_NOT_SENSE_OR_POS,UNREVIEWED_NOT_SEMANTICALLY_APPROVED,NOT_CLEARED,true
lex:C1:indigenous,C1,indigenous,NGSL_SFI_31K_EXTENSION,indigenous,4815,EXACT_HEADWORD_FORM_ONLY,SOURCE_LEMMA_ONLY_NOT_SENSE_OR_POS,UNREVIEWED_NOT_SEMANTICALLY_APPROVED,NOT_CLEARED,true
lex:C1:induce,C1,induce,NGSL_SFI_31K_EXTENSION,induce,3033,EXACT_HEADWORD_FORM_ONLY,SOURCE_LEMMA_ONLY_NOT_SENSE_OR_POS,UNREVIEWED_NOT_SEMANTICALLY_APPROVED,NOT_CLEARED,true
lex:C1:indulge,C1,indulge,NGSL_SFI_31K_EXTENSION,indulge,5073,EXACT_HEADWORD_FORM_ONLY,SOURCE_LEMMA_ONLY_NOT_SENSE_OR_POS,UNREVIEWED_NOT_SEMANTICALLY_APPROVED,NOT_CLEARED,true
lex:C1:inequality,C1,inequality,NGSL_SFI_31K_EXTENSION,inequality,4529,EXACT_HEADWORD_FORM_ONLY,SOURCE_LEMMA_ONLY_NOT_SENSE_OR_POS,UNREVIEWED_NOT_SEMANTICALLY_APPROVED,NOT_CLEARED,true
lex:C1:infamous,C1,infamous,NGSL_SFI_31K_EXTENSION,infamous,7150,EXACT_HEADWORD_FORM_ONLY,SOURCE_LEMMA_ONLY_NOT_SENSE_OR_POS,UNREVIEWED_NOT_SEMANTICALLY_APPROVED,NOT_CLEARED,true
lex:C1:infant,C1,infant,NGSL_1_2_CORE,infant,2330,EXACT_HEADWORD_FORM_ONLY,SOURCE_LEMMA_ONLY_NOT_SENSE_OR_POS,UNREVIEWED_NOT_SEMANTICALLY_APPROVED,NOT_CLEARED,true
lex:C1:infect,C1,infect,NGSL_SFI_31K_EXTENSION,infect,3322,EXACT_HEADWORD_FORM_ONLY,SOURCE_LEMMA_ONLY_NOT_SENSE_OR_POS,UNREVIEWED_NOT_SEMANTICALLY_APPROVED,NOT_CLEARED,true
lex:C1:inflict,C1,inflict,NGSL_SFI_31K_EXTENSION,inflict,5381,EXACT_HEADWORD_FORM_ONLY,SOURCE_LEMMA_ONLY_NOT_SENSE_OR_POS,UNREVIEWED_NOT_SEMANTICALLY_APPROVED,NOT_CLEARED,true
lex:C1:influential,C1,influential,NGSL_SFI_31K_EXTENSION,influential,3524,EXACT_HEADWORD_FORM_ONLY,SOURCE_LEMMA_ONLY_NOT_SENSE_OR_POS,UNREVIEWED_NOT_SEMANTICALLY_APPROVED,NOT_CLEARED,true
lex:C1:inherent,C1,inherent,NGSL_SFI_31K_EXTENSION,inherent,4406,EXACT_HEADWORD_FORM_ONLY,SOURCE_LEMMA_ONLY_NOT_SENSE_OR_POS,UNREVIEWED_NOT_SEMANTICALLY_APPROVED,NOT_CLEARED,true
lex:C1:inhibit,C1,inhibit,NGSL_SFI_31K_EXTENSION,inhibit,4439,EXACT_HEADWORD_FORM_ONLY,SOURCE_LEMMA_ONLY_NOT_SENSE_OR_POS,UNREVIEWED_NOT_SEMANTICALLY_APPROVED,NOT_CLEARED,true
lex:C1:initiate,C1,initiate,NGSL_SFI_31K_EXTENSION,initiate,3170,EXACT_HEADWORD_FORM_ONLY,SOURCE_LEMMA_ONLY_NOT_SENSE_OR_POS,UNREVIEWED_NOT_SEMANTICALLY_APPROVED,NOT_CLEARED,true
lex:C1:inject,C1,inject,NGSL_SFI_31K_EXTENSION,inject,3947,EXACT_HEADWORD_FORM_ONLY,SOURCE_LEMMA_ONLY_NOT_SENSE_OR_POS,UNREVIEWED_NOT_SEMANTICALLY_APPROVED,NOT_CLEARED,true
lex:C1:injection,C1,injection,NGSL_SFI_31K_EXTENSION,injection,3608,EXACT_HEADWORD_FORM_ONLY,SOURCE_LEMMA_ONLY_NOT_SENSE_OR_POS,UNREVIEWED_NOT_SEMANTICALLY_APPROVED,NOT_CLEARED,true
lex:C1:injustice,C1,injustice,NGSL_SFI_31K_EXTENSION,injustice,5610,EXACT_HEADWORD_FORM_ONLY,SOURCE_LEMMA_ONLY_NOT_SENSE_OR_POS,UNREVIEWED_NOT_SEMANTICALLY_APPROVED,NOT_CLEARED,true
lex:C1:inmate,C1,inmate,NGSL_SFI_31K_EXTENSION,inmate,5258,EXACT_HEADWORD_FORM_ONLY,SOURCE_LEMMA_ONLY_NOT_SENSE_OR_POS,UNREVIEWED_NOT_SEMANTICALLY_APPROVED,NOT_CLEARED,true
lex:C1:insertion,C1,insertion,NGSL_SFI_31K_EXTENSION,insertion,9323,EXACT_HEADWORD_FORM_ONLY,SOURCE_LEMMA_ONLY_NOT_SENSE_OR_POS,UNREVIEWED_NOT_SEMANTICALLY_APPROVED,NOT_CLEARED,true
lex:C1:insider,C1,insider,NGSL_SFI_31K_EXTENSION,insider,5125,EXACT_HEADWORD_FORM_ONLY,SOURCE_LEMMA_ONLY_NOT_SENSE_OR_POS,UNREVIEWED_NOT_SEMANTICALLY_APPROVED,NOT_CLEARED,true
lex:C1:inspect,C1,inspect,NGSL_SFI_31K_EXTENSION,inspect,4209,EXACT_HEADWORD_FORM_ONLY,SOURCE_LEMMA_ONLY_NOT_SENSE_OR_POS,UNREVIEWED_NOT_SEMANTICALLY_APPROVED,NOT_CLEARED,true
lex:C1:inspection,C1,inspection,NGSL_SFI_31K_EXTENSION,inspection,2947,EXACT_HEADWORD_FORM_ONLY,SOURCE_LEMMA_ONLY_NOT_SENSE_OR_POS,UNREVIEWED_NOT_SEMANTICALLY_APPROVED,NOT_CLEARED,true
lex:C1:inspiration,C1,inspiration,NGSL_SFI_31K_EXTENSION,inspiration,3751,EXACT_HEADWORD_FORM_ONLY,SOURCE_LEMMA_ONLY_NOT_SENSE_OR_POS,UNREVIEWED_NOT_SEMANTICALLY_APPROVED,NOT_CLEARED,true
lex:C1:instinct,C1,instinct,NGSL_SFI_31K_EXTENSION,instinct,3872,EXACT_HEADWORD_FORM_ONLY,SOURCE_LEMMA_ONLY_NOT_SENSE_OR_POS,UNREVIEWED_NOT_SEMANTICALLY_APPROVED,NOT_CLEARED,true
lex:C1:institutional,C1,institutional,NGSL_1_2_CORE,institutional,2745,EXACT_HEADWORD_FORM_ONLY,SOURCE_LEMMA_ONLY_NOT_SENSE_OR_POS,UNREVIEWED_NOT_SEMANTICALLY_APPROVED,NOT_CLEARED,true
lex:C1:instruct,C1,instruct,NGSL_SFI_31K_EXTENSION,instruct,3749,EXACT_HEADWORD_FORM_ONLY,SOURCE_LEMMA_ONLY_NOT_SENSE_OR_POS,UNREVIEWED_NOT_SEMANTICALLY_APPROVED,NOT_CLEARED,true
lex:C1:instrumental,C1,instrumental,NGSL_SFI_31K_EXTENSION,instrumental,5014,EXACT_HEADWORD_FORM_ONLY,SOURCE_LEMMA_ONLY_NOT_SENSE_OR_POS,UNREVIEWED_NOT_SEMANTICALLY_APPROVED,NOT_CLEARED,true
lex:C1:insufficient,C1,insufficient,NGSL_SFI_31K_EXTENSION,insufficient,4830,EXACT_HEADWORD_FORM_ONLY,SOURCE_LEMMA_ONLY_NOT_SENSE_OR_POS,UNREVIEWED_NOT_SEMANTICALLY_APPROVED,NOT_CLEARED,true
lex:C1:insult,C1,insult,NGSL_SFI_31K_EXTENSION,insult,3832,EXACT_HEADWORD_FORM_ONLY,SOURCE_LEMMA_ONLY_NOT_SENSE_OR_POS,UNREVIEWED_NOT_SEMANTICALLY_APPROVED,NOT_CLEARED,true
lex:C1:intact,C1,intact,NGSL_SFI_31K_EXTENSION,intact,3951,EXACT_HEADWORD_FORM_ONLY,SOURCE_LEMMA_ONLY_NOT_SENSE_OR_POS,UNREVIEWED_NOT_SEMANTICALLY_APPROVED,NOT_CLEARED,true
lex:C1:intake,C1,intake,NGSL_SFI_31K_EXTENSION,intake,4786,EXACT_HEADWORD_FORM_ONLY,SOURCE_LEMMA_ONLY_NOT_SENSE_OR_POS,UNREVIEWED_NOT_SEMANTICALLY_APPROVED,NOT_CLEARED,true
lex:C1:integral,C1,integral,NGSL_SFI_31K_EXTENSION,integral,4507,EXACT_HEADWORD_FORM_ONLY,SOURCE_LEMMA_ONLY_NOT_SENSE_OR_POS,UNREVIEWED_NOT_SEMANTICALLY_APPROVED,NOT_CLEARED,true
lex:C1:integrated,C1,integrated,NO_DIRECT_SOURCE_LEMMA,,,NO_DIRECT_MATCH,SOURCE_LEMMA_ONLY_NOT_SENSE_OR_POS,UNREVIEWED_NOT_SEMANTICALLY_APPROVED,NOT_CLEARED,true
lex:C1:integration,C1,integration,NGSL_SFI_31K_EXTENSION,integration,2830,EXACT_HEADWORD_FORM_ONLY,SOURCE_LEMMA_ONLY_NOT_SENSE_OR_POS,UNREVIEWED_NOT_SEMANTICALLY_APPROVED,NOT_CLEARED,true
lex:C1:integrity,C1,integrity,NGSL_SFI_31K_EXTENSION,integrity,3532,EXACT_HEADWORD_FORM_ONLY,SOURCE_LEMMA_ONLY_NOT_SENSE_OR_POS,UNREVIEWED_NOT_SEMANTICALLY_APPROVED,NOT_CLEARED,true
lex:C1:intellectual,C1,intellectual,NGSL_1_2_CORE,intellectual,1981,EXACT_HEADWORD_FORM_ONLY,SOURCE_LEMMA_ONLY_NOT_SENSE_OR_POS,UNREVIEWED_NOT_SEMANTICALLY_APPROVED,NOT_CLEARED,true
lex:C1:intensify,C1,intensify,NGSL_SFI_31K_EXTENSION,intensify,5222,EXACT_HEADWORD_FORM_ONLY,SOURCE_LEMMA_ONLY_NOT_SENSE_OR_POS,UNREVIEWED_NOT_SEMANTICALLY_APPROVED,NOT_CLEARED,true
lex:C1:intensity,C1,intensity,NGSL_SFI_31K_EXTENSION,intensity,3228,EXACT_HEADWORD_FORM_ONLY,SOURCE_LEMMA_ONLY_NOT_SENSE_OR_POS,UNREVIEWED_NOT_SEMANTICALLY_APPROVED,NOT_CLEARED,true
lex:C1:intensive,C1,intensive,NGSL_SFI_31K_EXTENSION,intensive,3790,EXACT_HEADWORD_FORM_ONLY,SOURCE_LEMMA_ONLY_NOT_SENSE_OR_POS,UNREVIEWED_NOT_SEMANTICALLY_APPROVED,NOT_CLEARED,true
lex:C1:intent,C1,intent,NGSL_SFI_31K_EXTENSION,intent,3121,EXACT_HEADWORD_FORM_ONLY,SOURCE_LEMMA_ONLY_NOT_SENSE_OR_POS,UNREVIEWED_NOT_SEMANTICALLY_APPROVED,NOT_CLEARED,true
lex:C1:interactive,C1,interactive,NGSL_SFI_31K_EXTENSION,interactive,4293,EXACT_HEADWORD_FORM_ONLY,SOURCE_LEMMA_ONLY_NOT_SENSE_OR_POS,UNREVIEWED_NOT_SEMANTICALLY_APPROVED,NOT_CLEARED,true
lex:C1:interface,C1,interface,NGSL_SFI_31K_EXTENSION,interface,3396,EXACT_HEADWORD_FORM_ONLY,SOURCE_LEMMA_ONLY_NOT_SENSE_OR_POS,UNREVIEWED_NOT_SEMANTICALLY_APPROVED,NOT_CLEARED,true
lex:C1:interfere,C1,interfere,NGSL_SFI_31K_EXTENSION,interfere,3536,EXACT_HEADWORD_FORM_ONLY,SOURCE_LEMMA_ONLY_NOT_SENSE_OR_POS,UNREVIEWED_NOT_SEMANTICALLY_APPROVED,NOT_CLEARED,true
lex:C1:interference,C1,interference,NGSL_SFI_31K_EXTENSION,interference,4432,EXACT_HEADWORD_FORM_ONLY,SOURCE_LEMMA_ONLY_NOT_SENSE_OR_POS,UNREVIEWED_NOT_SEMANTICALLY_APPROVED,NOT_CLEARED,true
lex:C1:interim,C1,interim,NGSL_SFI_31K_EXTENSION,interim,4049,EXACT_HEADWORD_FORM_ONLY,SOURCE_LEMMA_ONLY_NOT_SENSE_OR_POS,UNREVIEWED_NOT_SEMANTICALLY_APPROVED,NOT_CLEARED,true
lex:C1:interior,C1,interior,NGSL_1_2_CORE,interior,2636,EXACT_HEADWORD_FORM_ONLY,SOURCE_LEMMA_ONLY_NOT_SENSE_OR_POS,UNREVIEWED_NOT_SEMANTICALLY_APPROVED,NOT_CLEARED,true
lex:C1:intermediate,C1,intermediate,NGSL_SFI_31K_EXTENSION,intermediate,4737,EXACT_HEADWORD_FORM_ONLY,SOURCE_LEMMA_ONLY_NOT_SENSE_OR_POS,UNREVIEWED_NOT_SEMANTICALLY_APPROVED,NOT_CLEARED,true
lex:C1:intervene,C1,intervene,NGSL_SFI_31K_EXTENSION,intervene,3627,EXACT_HEADWORD_FORM_ONLY,SOURCE_LEMMA_ONLY_NOT_SENSE_OR_POS,UNREVIEWED_NOT_SEMANTICALLY_APPROVED,NOT_CLEARED,true
lex:C1:intervention,C1,intervention,NGSL_1_2_CORE,intervention,2242,EXACT_HEADWORD_FORM_ONLY,SOURCE_LEMMA_ONLY_NOT_SENSE_OR_POS,UNREVIEWED_NOT_SEMANTICALLY_APPROVED,NOT_CLEARED,true
lex:C1:intimate,C1,intimate,NGSL_SFI_31K_EXTENSION,intimate,3753,EXACT_HEADWORD_FORM_ONLY,SOURCE_LEMMA_ONLY_NOT_SENSE_OR_POS,UNREVIEWED_NOT_SEMANTICALLY_APPROVED,NOT_CLEARED,true
lex:C1:intriguing,C1,intriguing,NO_DIRECT_SOURCE_LEMMA,,,NO_DIRECT_MATCH,SOURCE_LEMMA_ONLY_NOT_SENSE_OR_POS,UNREVIEWED_NOT_SEMANTICALLY_APPROVED,NOT_CLEARED,true
lex:C1:investigator,C1,investigator,NGSL_SFI_31K_EXTENSION,investigator,3218,EXACT_HEADWORD_FORM_ONLY,SOURCE_LEMMA_ONLY_NOT_SENSE_OR_POS,UNREVIEWED_NOT_SEMANTICALLY_APPROVED,NOT_CLEARED,true
lex:C1:invisible,C1,invisible,NGSL_SFI_31K_EXTENSION,invisible,4166,EXACT_HEADWORD_FORM_ONLY,SOURCE_LEMMA_ONLY_NOT_SENSE_OR_POS,UNREVIEWED_NOT_SEMANTICALLY_APPROVED,NOT_CLEARED,true
lex:C1:invoke,C1,invoke,NGSL_SFI_31K_EXTENSION,invoke,4683,EXACT_HEADWORD_FORM_ONLY,SOURCE_LEMMA_ONLY_NOT_SENSE_OR_POS,UNREVIEWED_NOT_SEMANTICALLY_APPROVED,NOT_CLEARED,true
lex:C1:involvement,C1,involvement,NGSL_1_2_CORE,involvement,2306,EXACT_HEADWORD_FORM_ONLY,SOURCE_LEMMA_ONLY_NOT_SENSE_OR_POS,UNREVIEWED_NOT_SEMANTICALLY_APPROVED,NOT_CLEARED,true
lex:C1:ironic,C1,ironic,NGSL_SFI_31K_EXTENSION,ironic,5141,EXACT_HEADWORD_FORM_ONLY,SOURCE_LEMMA_ONLY_NOT_SENSE_OR_POS,UNREVIEWED_NOT_SEMANTICALLY_APPROVED,NOT_CLEARED,true
lex:C1:ironically,C1,ironically,NGSL_SFI_31K_EXTENSION,ironically,5008,EXACT_HEADWORD_FORM_ONLY,SOURCE_LEMMA_ONLY_NOT_SENSE_OR_POS,UNREVIEWED_NOT_SEMANTICALLY_APPROVED,NOT_CLEARED,true
lex:C1:irony,C1,irony,NGSL_SFI_31K_EXTENSION,irony,4360,EXACT_HEADWORD_FORM_ONLY,SOURCE_LEMMA_ONLY_NOT_SENSE_OR_POS,UNREVIEWED_NOT_SEMANTICALLY_APPROVED,NOT_CLEARED,true
lex:C1:irrelevant,C1,irrelevant,NGSL_SFI_31K_EXTENSION,irrelevant,4414,EXACT_HEADWORD_FORM_ONLY,SOURCE_LEMMA_ONLY_NOT_SENSE_OR_POS,UNREVIEWED_NOT_SEMANTICALLY_APPROVED,NOT_CLEARED,true
lex:C1:isolation,C1,isolation,NGSL_SFI_31K_EXTENSION,isolation,3592,EXACT_HEADWORD_FORM_ONLY,SOURCE_LEMMA_ONLY_NOT_SENSE_OR_POS,UNREVIEWED_NOT_SEMANTICALLY_APPROVED,NOT_CLEARED,true
lex:C1:judicial,C1,judicial,NGSL_SFI_31K_EXTENSION,judicial,4126,EXACT_HEADWORD_FORM_ONLY,SOURCE_LEMMA_ONLY_NOT_SENSE_OR_POS,UNREVIEWED_NOT_SEMANTICALLY_APPROVED,NOT_CLEARED,true
lex:C1:junction,C1,junction,NGSL_SFI_31K_EXTENSION,junction,3867,EXACT_HEADWORD_FORM_ONLY,SOURCE_LEMMA_ONLY_NOT_SENSE_OR_POS,UNREVIEWED_NOT_SEMANTICALLY_APPROVED,NOT_CLEARED,true
lex:C1:jurisdiction,C1,jurisdiction,NGSL_SFI_31K_EXTENSION,jurisdiction,4151,EXACT_HEADWORD_FORM_ONLY,SOURCE_LEMMA_ONLY_NOT_SENSE_OR_POS,UNREVIEWED_NOT_SEMANTICALLY_APPROVED,NOT_CLEARED,true
lex:C1:just,C1,just,NGSL_1_2_CORE,just,64,EXACT_HEADWORD_FORM_ONLY,SOURCE_LEMMA_ONLY_NOT_SENSE_OR_POS,UNREVIEWED_NOT_SEMANTICALLY_APPROVED,NOT_CLEARED,true
lex:C1:justification,C1,justification,NGSL_SFI_31K_EXTENSION,justification,4019,EXACT_HEADWORD_FORM_ONLY,SOURCE_LEMMA_ONLY_NOT_SENSE_OR_POS,UNREVIEWED_NOT_SEMANTICALLY_APPROVED,NOT_CLEARED,true
lex:C1:kidnap,C1,kidnap,NGSL_SFI_31K_EXTENSION,kidnap,4423,EXACT_HEADWORD_FORM_ONLY,SOURCE_LEMMA_ONLY_NOT_SENSE_OR_POS,UNREVIEWED_NOT_SEMANTICALLY_APPROVED,NOT_CLEARED,true
lex:C1:kidney,C1,kidney,NGSL_SFI_31K_EXTENSION,kidney,4859,EXACT_HEADWORD_FORM_ONLY,SOURCE_LEMMA_ONLY_NOT_SENSE_OR_POS,UNREVIEWED_NOT_SEMANTICALLY_APPROVED,NOT_CLEARED,true
lex:C1:kingdom,C1,kingdom,NGSL_SFI_31K_EXTENSION,kingdom,4361,EXACT_HEADWORD_FORM_ONLY,SOURCE_LEMMA_ONLY_NOT_SENSE_OR_POS,UNREVIEWED_NOT_SEMANTICALLY_APPROVED,NOT_CLEARED,true
lex:C1:lad,C1,lad,NGSL_SFI_31K_EXTENSION,lad,3594,EXACT_HEADWORD_FORM_ONLY,SOURCE_LEMMA_ONLY_NOT_SENSE_OR_POS,UNREVIEWED_NOT_SEMANTICALLY_APPROVED,NOT_CLEARED,true
lex:C1:landlord,C1,landlord,NGSL_SFI_31K_EXTENSION,landlord,3730,EXACT_HEADWORD_FORM_ONLY,SOURCE_LEMMA_ONLY_NOT_SENSE_OR_POS,UNREVIEWED_NOT_SEMANTICALLY_APPROVED,NOT_CLEARED,true
lex:C1:landmark,C1,landmark,NGSL_SFI_31K_EXTENSION,landmark,4829,EXACT_HEADWORD_FORM_ONLY,SOURCE_LEMMA_ONLY_NOT_SENSE_OR_POS,UNREVIEWED_NOT_SEMANTICALLY_APPROVED,NOT_CLEARED,true
lex:C1:lap,C1,lap,NGSL_SFI_31K_EXTENSION,lap,3817,EXACT_HEADWORD_FORM_ONLY,SOURCE_LEMMA_ONLY_NOT_SENSE_OR_POS,UNREVIEWED_NOT_SEMANTICALLY_APPROVED,NOT_CLEARED,true
lex:C1:large-scale,C1,large-scale,NO_DIRECT_SOURCE_LEMMA,,,NO_DIRECT_MATCH,SOURCE_LEMMA_ONLY_NOT_SENSE_OR_POS,UNREVIEWED_NOT_SEMANTICALLY_APPROVED,NOT_CLEARED,true
lex:C1:laser,C1,laser,NGSL_SFI_31K_EXTENSION,laser,3399,EXACT_HEADWORD_FORM_ONLY,SOURCE_LEMMA_ONLY_NOT_SENSE_OR_POS,UNREVIEWED_NOT_SEMANTICALLY_APPROVED,NOT_CLEARED,true
lex:C1:latter,C1,latter,NGSL_1_2_CORE,latter,1704,EXACT_HEADWORD_FORM_ONLY,SOURCE_LEMMA_ONLY_NOT_SENSE_OR_POS,UNREVIEWED_NOT_SEMANTICALLY_APPROVED,NOT_CLEARED,true
lex:C1:lawn,C1,lawn,NGSL_SFI_31K_EXTENSION,lawn,3821,EXACT_HEADWORD_FORM_ONLY,SOURCE_LEMMA_ONLY_NOT_SENSE_OR_POS,UNREVIEWED_NOT_SEMANTICALLY_APPROVED,NOT_CLEARED,true
lex:C1:lawsuit,C1,lawsuit,NGSL_SFI_31K_EXTENSION,lawsuit,4137,EXACT_HEADWORD_FORM_ONLY,SOURCE_LEMMA_ONLY_NOT_SENSE_OR_POS,UNREVIEWED_NOT_SEMANTICALLY_APPROVED,NOT_CLEARED,true
lex:C1:layout,C1,layout,NGSL_SFI_31K_EXTENSION,layout,4228,EXACT_HEADWORD_FORM_ONLY,SOURCE_LEMMA_ONLY_NOT_SENSE_OR_POS,UNREVIEWED_NOT_SEMANTICALLY_APPROVED,NOT_CLEARED,true
lex:C1:leak,C1,leak,NGSL_SFI_31K_EXTENSION,leak,3543,EXACT_HEADWORD_FORM_ONLY,SOURCE_LEMMA_ONLY_NOT_SENSE_OR_POS,UNREVIEWED_NOT_SEMANTICALLY_APPROVED,NOT_CLEARED,true
lex:C1:leap,C1,leap,NGSL_1_2_CORE,leap,2730,EXACT_HEADWORD_FORM_ONLY,SOURCE_LEMMA_ONLY_NOT_SENSE_OR_POS,UNREVIEWED_NOT_SEMANTICALLY_APPROVED,NOT_CLEARED,true
lex:C1:legacy,C1,legacy,NGSL_SFI_31K_EXTENSION,legacy,3517,EXACT_HEADWORD_FORM_ONLY,SOURCE_LEMMA_ONLY_NOT_SENSE_OR_POS,UNREVIEWED_NOT_SEMANTICALLY_APPROVED,NOT_CLEARED,true
lex:C1:legendary,C1,legendary,NGSL_SFI_31K_EXTENSION,legendary,4878,EXACT_HEADWORD_FORM_ONLY,SOURCE_LEMMA_ONLY_NOT_SENSE_OR_POS,UNREVIEWED_NOT_SEMANTICALLY_APPROVED,NOT_CLEARED,true
lex:C1:legislation,C1,legislation,NGSL_1_2_CORE,legislation,1735,EXACT_HEADWORD_FORM_ONLY,SOURCE_LEMMA_ONLY_NOT_SENSE_OR_POS,UNREVIEWED_NOT_SEMANTICALLY_APPROVED,NOT_CLEARED,true
lex:C1:legislative,C1,legislative,NGSL_SFI_31K_EXTENSION,legislative,3683,EXACT_HEADWORD_FORM_ONLY,SOURCE_LEMMA_ONLY_NOT_SENSE_OR_POS,UNREVIEWED_NOT_SEMANTICALLY_APPROVED,NOT_CLEARED,true
lex:C1:legislature,C1,legislature,NGSL_SFI_31K_EXTENSION,legislature,4154,EXACT_HEADWORD_FORM_ONLY,SOURCE_LEMMA_ONLY_NOT_SENSE_OR_POS,UNREVIEWED_NOT_SEMANTICALLY_APPROVED,NOT_CLEARED,true
lex:C1:legitimate,C1,legitimate,NGSL_SFI_31K_EXTENSION,legitimate,3347,EXACT_HEADWORD_FORM_ONLY,SOURCE_LEMMA_ONLY_NOT_SENSE_OR_POS,UNREVIEWED_NOT_SEMANTICALLY_APPROVED,NOT_CLEARED,true
lex:C1:lengthy,C1,lengthy,NGSL_SFI_31K_EXTENSION,lengthy,4832,EXACT_HEADWORD_FORM_ONLY,SOURCE_LEMMA_ONLY_NOT_SENSE_OR_POS,UNREVIEWED_NOT_SEMANTICALLY_APPROVED,NOT_CLEARED,true
lex:C1:lesbian,C1,lesbian,NGSL_SFI_31K_EXTENSION,lesbian,4673,EXACT_HEADWORD_FORM_ONLY,SOURCE_LEMMA_ONLY_NOT_SENSE_OR_POS,UNREVIEWED_NOT_SEMANTICALLY_APPROVED,NOT_CLEARED,true
lex:C1:lesser,C1,lesser,NGSL_SFI_31K_EXTENSION,lesser,3782,EXACT_HEADWORD_FORM_ONLY,SOURCE_LEMMA_ONLY_NOT_SENSE_OR_POS,UNREVIEWED_NOT_SEMANTICALLY_APPROVED,NOT_CLEARED,true
lex:C1:lethal,C1,lethal,NGSL_SFI_31K_EXTENSION,lethal,5658,EXACT_HEADWORD_FORM_ONLY,SOURCE_LEMMA_ONLY_NOT_SENSE_OR_POS,UNREVIEWED_NOT_SEMANTICALLY_APPROVED,NOT_CLEARED,true
lex:C1:liable,C1,liable,NGSL_SFI_31K_EXTENSION,liable,4593,EXACT_HEADWORD_FORM_ONLY,SOURCE_LEMMA_ONLY_NOT_SENSE_OR_POS,UNREVIEWED_NOT_SEMANTICALLY_APPROVED,NOT_CLEARED,true
lex:C1:liberal,C1,liberal,NGSL_1_2_CORE,liberal,1821,EXACT_HEADWORD_FORM_ONLY,SOURCE_LEMMA_ONLY_NOT_SENSE_OR_POS,UNREVIEWED_NOT_SEMANTICALLY_APPROVED,NOT_CLEARED,true
lex:C1:liberation,C1,liberation,NGSL_SFI_31K_EXTENSION,liberation,5714,EXACT_HEADWORD_FORM_ONLY,SOURCE_LEMMA_ONLY_NOT_SENSE_OR_POS,UNREVIEWED_NOT_SEMANTICALLY_APPROVED,NOT_CLEARED,true
lex:C1:liberty,C1,liberty,NGSL_SFI_31K_EXTENSION,liberty,3393,EXACT_HEADWORD_FORM_ONLY,SOURCE_LEMMA_ONLY_NOT_SENSE_OR_POS,UNREVIEWED_NOT_SEMANTICALLY_APPROVED,NOT_CLEARED,true
lex:C1:license,C1,license,NGSL_1_2_CORE,license,1583,EXACT_HEADWORD_FORM_ONLY,SOURCE_LEMMA_ONLY_NOT_SENSE_OR_POS,UNREVIEWED_NOT_SEMANTICALLY_APPROVED,NOT_CLEARED,true
lex:C1:lifelong,C1,lifelong,NGSL_SFI_31K_EXTENSION,lifelong,6828,EXACT_HEADWORD_FORM_ONLY,SOURCE_LEMMA_ONLY_NOT_SENSE_OR_POS,UNREVIEWED_NOT_SEMANTICALLY_APPROVED,NOT_CLEARED,true
lex:C1:likelihood,C1,likelihood,NGSL_SFI_31K_EXTENSION,likelihood,3895,EXACT_HEADWORD_FORM_ONLY,SOURCE_LEMMA_ONLY_NOT_SENSE_OR_POS,UNREVIEWED_NOT_SEMANTICALLY_APPROVED,NOT_CLEARED,true
lex:C1:limb,C1,limb,NGSL_SFI_31K_EXTENSION,limb,4144,EXACT_HEADWORD_FORM_ONLY,SOURCE_LEMMA_ONLY_NOT_SENSE_OR_POS,UNREVIEWED_NOT_SEMANTICALLY_APPROVED,NOT_CLEARED,true
lex:C1:linear,C1,linear,NGSL_SFI_31K_EXTENSION,linear,4308,EXACT_HEADWORD_FORM_ONLY,SOURCE_LEMMA_ONLY_NOT_SENSE_OR_POS,UNREVIEWED_NOT_SEMANTICALLY_APPROVED,NOT_CLEARED,true
lex:C1:line-up,C1,line-up,NO_DIRECT_SOURCE_LEMMA,,,NO_DIRECT_MATCH,SOURCE_LEMMA_ONLY_NOT_SENSE_OR_POS,UNREVIEWED_NOT_SEMANTICALLY_APPROVED,NOT_CLEARED,true
lex:C1:linger,C1,linger,NGSL_SFI_31K_EXTENSION,linger,4477,EXACT_HEADWORD_FORM_ONLY,SOURCE_LEMMA_ONLY_NOT_SENSE_OR_POS,UNREVIEWED_NOT_SEMANTICALLY_APPROVED,NOT_CLEARED,true
lex:C1:listing,C1,listing,NO_DIRECT_SOURCE_LEMMA,,,NO_DIRECT_MATCH,SOURCE_LEMMA_ONLY_NOT_SENSE_OR_POS,UNREVIEWED_NOT_SEMANTICALLY_APPROVED,NOT_CLEARED,true
lex:C1:literacy,C1,literacy,NGSL_SFI_31K_EXTENSION,literacy,4927,EXACT_HEADWORD_FORM_ONLY,SOURCE_LEMMA_ONLY_NOT_SENSE_OR_POS,UNREVIEWED_NOT_SEMANTICALLY_APPROVED,NOT_CLEARED,true
lex:C1:liver,C1,liver,NGSL_SFI_31K_EXTENSION,liver,3956,EXACT_HEADWORD_FORM_ONLY,SOURCE_LEMMA_ONLY_NOT_SENSE_OR_POS,UNREVIEWED_NOT_SEMANTICALLY_APPROVED,NOT_CLEARED,true
lex:C1:lobby,C1,lobby,NGSL_SFI_31K_EXTENSION,lobby,3076,EXACT_HEADWORD_FORM_ONLY,SOURCE_LEMMA_ONLY_NOT_SENSE_OR_POS,UNREVIEWED_NOT_SEMANTICALLY_APPROVED,NOT_CLEARED,true
lex:C1:log,C1,log,NGSL_1_2_CORE,log,2226,EXACT_HEADWORD_FORM_ONLY,SOURCE_LEMMA_ONLY_NOT_SENSE_OR_POS,UNREVIEWED_NOT_SEMANTICALLY_APPROVED,NOT_CLEARED,true
lex:C1:logic,C1,logic,NGSL_1_2_CORE,logic,2684,EXACT_HEADWORD_FORM_ONLY,SOURCE_LEMMA_ONLY_NOT_SENSE_OR_POS,UNREVIEWED_NOT_SEMANTICALLY_APPROVED,NOT_CLEARED,true
lex:C1:long-standing,C1,long-standing,NO_DIRECT_SOURCE_LEMMA,,,NO_DIRECT_MATCH,SOURCE_LEMMA_ONLY_NOT_SENSE_OR_POS,UNREVIEWED_NOT_SEMANTICALLY_APPROVED,NOT_CLEARED,true
lex:C1:long-time,C1,long-time,NO_DIRECT_SOURCE_LEMMA,,,NO_DIRECT_MATCH,SOURCE_LEMMA_ONLY_NOT_SENSE_OR_POS,UNREVIEWED_NOT_SEMANTICALLY_APPROVED,NOT_CLEARED,true
lex:C1:loom,C1,loom,NGSL_SFI_31K_EXTENSION,loom,4485,EXACT_HEADWORD_FORM_ONLY,SOURCE_LEMMA_ONLY_NOT_SENSE_OR_POS,UNREVIEWED_NOT_SEMANTICALLY_APPROVED,NOT_CLEARED,true
lex:C1:loop,C1,loop,NGSL_SFI_31K_EXTENSION,loop,3705,EXACT_HEADWORD_FORM_ONLY,SOURCE_LEMMA_ONLY_NOT_SENSE_OR_POS,UNREVIEWED_NOT_SEMANTICALLY_APPROVED,NOT_CLEARED,true
lex:C1:loyalty,C1,loyalty,NGSL_SFI_31K_EXTENSION,loyalty,3357,EXACT_HEADWORD_FORM_ONLY,SOURCE_LEMMA_ONLY_NOT_SENSE_OR_POS,UNREVIEWED_NOT_SEMANTICALLY_APPROVED,NOT_CLEARED,true
lex:C1:machinery,C1,machinery,NGSL_SFI_31K_EXTENSION,machinery,3572,EXACT_HEADWORD_FORM_ONLY,SOURCE_LEMMA_ONLY_NOT_SENSE_OR_POS,UNREVIEWED_NOT_SEMANTICALLY_APPROVED,NOT_CLEARED,true
lex:C1:magical,C1,magical,NGSL_SFI_31K_EXTENSION,magical,4706,EXACT_HEADWORD_FORM_ONLY,SOURCE_LEMMA_ONLY_NOT_SENSE_OR_POS,UNREVIEWED_NOT_SEMANTICALLY_APPROVED,NOT_CLEARED,true
lex:C1:magistrate,C1,magistrate,NGSL_SFI_31K_EXTENSION,magistrate,5353,EXACT_HEADWORD_FORM_ONLY,SOURCE_LEMMA_ONLY_NOT_SENSE_OR_POS,UNREVIEWED_NOT_SEMANTICALLY_APPROVED,NOT_CLEARED,true
lex:C1:magnetic,C1,magnetic,NGSL_SFI_31K_EXTENSION,magnetic,4086,EXACT_HEADWORD_FORM_ONLY,SOURCE_LEMMA_ONLY_NOT_SENSE_OR_POS,UNREVIEWED_NOT_SEMANTICALLY_APPROVED,NOT_CLEARED,true
lex:C1:magnitude,C1,magnitude,NGSL_SFI_31K_EXTENSION,magnitude,4182,EXACT_HEADWORD_FORM_ONLY,SOURCE_LEMMA_ONLY_NOT_SENSE_OR_POS,UNREVIEWED_NOT_SEMANTICALLY_APPROVED,NOT_CLEARED,true
lex:C1:mainland,C1,mainland,NGSL_SFI_31K_EXTENSION,mainland,4612,EXACT_HEADWORD_FORM_ONLY,SOURCE_LEMMA_ONLY_NOT_SENSE_OR_POS,UNREVIEWED_NOT_SEMANTICALLY_APPROVED,NOT_CLEARED,true
lex:C1:mainstream,C1,mainstream,NGSL_SFI_31K_EXTENSION,mainstream,3603,EXACT_HEADWORD_FORM_ONLY,SOURCE_LEMMA_ONLY_NOT_SENSE_OR_POS,UNREVIEWED_NOT_SEMANTICALLY_APPROVED,NOT_CLEARED,true
lex:C1:maintenance,C1,maintenance,NGSL_1_2_CORE,maintenance,2548,EXACT_HEADWORD_FORM_ONLY,SOURCE_LEMMA_ONLY_NOT_SENSE_OR_POS,UNREVIEWED_NOT_SEMANTICALLY_APPROVED,NOT_CLEARED,true
lex:C1:mandate,C1,mandate,NGSL_SFI_31K_EXTENSION,mandate,3684,EXACT_HEADWORD_FORM_ONLY,SOURCE_LEMMA_ONLY_NOT_SENSE_OR_POS,UNREVIEWED_NOT_SEMANTICALLY_APPROVED,NOT_CLEARED,true
lex:C1:mandatory,C1,mandatory,NGSL_SFI_31K_EXTENSION,mandatory,4794,EXACT_HEADWORD_FORM_ONLY,SOURCE_LEMMA_ONLY_NOT_SENSE_OR_POS,UNREVIEWED_NOT_SEMANTICALLY_APPROVED,NOT_CLEARED,true
lex:C1:manifest,C1,manifest,NGSL_SFI_31K_EXTENSION,manifest,4341,EXACT_HEADWORD_FORM_ONLY,SOURCE_LEMMA_ONLY_NOT_SENSE_OR_POS,UNREVIEWED_NOT_SEMANTICALLY_APPROVED,NOT_CLEARED,true
lex:C1:manipulate,C1,manipulate,NGSL_SFI_31K_EXTENSION,manipulate,3794,EXACT_HEADWORD_FORM_ONLY,SOURCE_LEMMA_ONLY_NOT_SENSE_OR_POS,UNREVIEWED_NOT_SEMANTICALLY_APPROVED,NOT_CLEARED,true
lex:C1:manipulation,C1,manipulation,NGSL_SFI_31K_EXTENSION,manipulation,4972,EXACT_HEADWORD_FORM_ONLY,SOURCE_LEMMA_ONLY_NOT_SENSE_OR_POS,UNREVIEWED_NOT_SEMANTICALLY_APPROVED,NOT_CLEARED,true
lex:C1:manuscript,C1,manuscript,NGSL_SFI_31K_EXTENSION,manuscript,3478,EXACT_HEADWORD_FORM_ONLY,SOURCE_LEMMA_ONLY_NOT_SENSE_OR_POS,UNREVIEWED_NOT_SEMANTICALLY_APPROVED,NOT_CLEARED,true
lex:C1:march,C1,march,NGSL_1_2_CORE,march,2453,EXACT_HEADWORD_FORM_ONLY,SOURCE_LEMMA_ONLY_NOT_SENSE_OR_POS,UNREVIEWED_NOT_SEMANTICALLY_APPROVED,NOT_CLEARED,true
lex:C1:marginal,C1,marginal,NGSL_SFI_31K_EXTENSION,marginal,4273,EXACT_HEADWORD_FORM_ONLY,SOURCE_LEMMA_ONLY_NOT_SENSE_OR_POS,UNREVIEWED_NOT_SEMANTICALLY_APPROVED,NOT_CLEARED,true
lex:C1:marine,C1,marine,NGSL_SFI_31K_EXTENSION,marine,4014,EXACT_HEADWORD_FORM_ONLY,SOURCE_LEMMA_ONLY_NOT_SENSE_OR_POS,UNREVIEWED_NOT_SEMANTICALLY_APPROVED,NOT_CLEARED,true
lex:C1:marketplace,C1,marketplace,NGSL_SFI_31K_EXTENSION,marketplace,4484,EXACT_HEADWORD_FORM_ONLY,SOURCE_LEMMA_ONLY_NOT_SENSE_OR_POS,UNREVIEWED_NOT_SEMANTICALLY_APPROVED,NOT_CLEARED,true
lex:C1:mask,C1,mask,NGSL_SFI_31K_EXTENSION,mask,2933,EXACT_HEADWORD_FORM_ONLY,SOURCE_LEMMA_ONLY_NOT_SENSE_OR_POS,UNREVIEWED_NOT_SEMANTICALLY_APPROVED,NOT_CLEARED,true
lex:C1:massacre,C1,massacre,NGSL_SFI_31K_EXTENSION,massacre,5233,EXACT_HEADWORD_FORM_ONLY,SOURCE_LEMMA_ONLY_NOT_SENSE_OR_POS,UNREVIEWED_NOT_SEMANTICALLY_APPROVED,NOT_CLEARED,true
lex:C1:mathematical,C1,mathematical,NGSL_SFI_31K_EXTENSION,mathematical,4039,EXACT_HEADWORD_FORM_ONLY,SOURCE_LEMMA_ONLY_NOT_SENSE_OR_POS,UNREVIEWED_NOT_SEMANTICALLY_APPROVED,NOT_CLEARED,true
lex:C1:mature,C1,mature,NGSL_1_2_CORE,mature,2269,EXACT_HEADWORD_FORM_ONLY,SOURCE_LEMMA_ONLY_NOT_SENSE_OR_POS,UNREVIEWED_NOT_SEMANTICALLY_APPROVED,NOT_CLEARED,true
lex:C1:maximize,C1,maximize,NGSL_SFI_31K_EXTENSION,maximize,4225,EXACT_HEADWORD_FORM_ONLY,SOURCE_LEMMA_ONLY_NOT_SENSE_OR_POS,UNREVIEWED_NOT_SEMANTICALLY_APPROVED,NOT_CLEARED,true
lex:C1:meaningful,C1,meaningful,NGSL_SFI_31K_EXTENSION,meaningful,3636,EXACT_HEADWORD_FORM_ONLY,SOURCE_LEMMA_ONLY_NOT_SENSE_OR_POS,UNREVIEWED_NOT_SEMANTICALLY_APPROVED,NOT_CLEARED,true
lex:C1:meantime,C1,meantime,NGSL_SFI_31K_EXTENSION,meantime,3667,EXACT_HEADWORD_FORM_ONLY,SOURCE_LEMMA_ONLY_NOT_SENSE_OR_POS,UNREVIEWED_NOT_SEMANTICALLY_APPROVED,NOT_CLEARED,true
lex:C1:medieval,C1,medieval,NGSL_SFI_31K_EXTENSION,medieval,3292,EXACT_HEADWORD_FORM_ONLY,SOURCE_LEMMA_ONLY_NOT_SENSE_OR_POS,UNREVIEWED_NOT_SEMANTICALLY_APPROVED,NOT_CLEARED,true
lex:C1:meditation,C1,meditation,NGSL_SFI_31K_EXTENSION,meditation,7008,EXACT_HEADWORD_FORM_ONLY,SOURCE_LEMMA_ONLY_NOT_SENSE_OR_POS,UNREVIEWED_NOT_SEMANTICALLY_APPROVED,NOT_CLEARED,true
lex:C1:melody,C1,melody,NGSL_SFI_31K_EXTENSION,melody,5038,EXACT_HEADWORD_FORM_ONLY,SOURCE_LEMMA_ONLY_NOT_SENSE_OR_POS,UNREVIEWED_NOT_SEMANTICALLY_APPROVED,NOT_CLEARED,true
lex:C1:memo,C1,memo,NGSL_SFI_31K_EXTENSION,memo,4229,EXACT_HEADWORD_FORM_ONLY,SOURCE_LEMMA_ONLY_NOT_SENSE_OR_POS,UNREVIEWED_NOT_SEMANTICALLY_APPROVED,NOT_CLEARED,true
lex:C1:memoir,C1,memoir,NGSL_SFI_31K_EXTENSION,memoir,4997,EXACT_HEADWORD_FORM_ONLY,SOURCE_LEMMA_ONLY_NOT_SENSE_OR_POS,UNREVIEWED_NOT_SEMANTICALLY_APPROVED,NOT_CLEARED,true
lex:C1:memorial,C1,memorial,NGSL_SFI_31K_EXTENSION,memorial,4424,EXACT_HEADWORD_FORM_ONLY,SOURCE_LEMMA_ONLY_NOT_SENSE_OR_POS,UNREVIEWED_NOT_SEMANTICALLY_APPROVED,NOT_CLEARED,true
lex:C1:mentor,C1,mentor,NGSL_SFI_31K_EXTENSION,mentor,4868,EXACT_HEADWORD_FORM_ONLY,SOURCE_LEMMA_ONLY_NOT_SENSE_OR_POS,UNREVIEWED_NOT_SEMANTICALLY_APPROVED,NOT_CLEARED,true
lex:C1:merchant,C1,merchant,NGSL_SFI_31K_EXTENSION,merchant,3320,EXACT_HEADWORD_FORM_ONLY,SOURCE_LEMMA_ONLY_NOT_SENSE_OR_POS,UNREVIEWED_NOT_SEMANTICALLY_APPROVED,NOT_CLEARED,true
lex:C1:mercy,C1,mercy,NGSL_SFI_31K_EXTENSION,mercy,5400,EXACT_HEADWORD_FORM_ONLY,SOURCE_LEMMA_ONLY_NOT_SENSE_OR_POS,UNREVIEWED_NOT_SEMANTICALLY_APPROVED,NOT_CLEARED,true
lex:C1:mere,C1,mere,NGSL_1_2_CORE,mere,2582,EXACT_HEADWORD_FORM_ONLY,SOURCE_LEMMA_ONLY_NOT_SENSE_OR_POS,UNREVIEWED_NOT_SEMANTICALLY_APPROVED,NOT_CLEARED,true
lex:C1:merely,C1,merely,NGSL_1_2_CORE,merely,1798,EXACT_HEADWORD_FORM_ONLY,SOURCE_LEMMA_ONLY_NOT_SENSE_OR_POS,UNREVIEWED_NOT_SEMANTICALLY_APPROVED,NOT_CLEARED,true
lex:C1:merge,C1,merge,NGSL_SFI_31K_EXTENSION,merge,3387,EXACT_HEADWORD_FORM_ONLY,SOURCE_LEMMA_ONLY_NOT_SENSE_OR_POS,UNREVIEWED_NOT_SEMANTICALLY_APPROVED,NOT_CLEARED,true
lex:C1:merger,C1,merger,NGSL_SFI_31K_EXTENSION,merger,2793,EXACT_HEADWORD_FORM_ONLY,SOURCE_LEMMA_ONLY_NOT_SENSE_OR_POS,UNREVIEWED_NOT_SEMANTICALLY_APPROVED,NOT_CLEARED,true
lex:C1:merit,C1,merit,NGSL_SFI_31K_EXTENSION,merit,3167,EXACT_HEADWORD_FORM_ONLY,SOURCE_LEMMA_ONLY_NOT_SENSE_OR_POS,UNREVIEWED_NOT_SEMANTICALLY_APPROVED,NOT_CLEARED,true
lex:C1:methodology,C1,methodology,NGSL_SFI_31K_EXTENSION,methodology,4334,EXACT_HEADWORD_FORM_ONLY,SOURCE_LEMMA_ONLY_NOT_SENSE_OR_POS,UNREVIEWED_NOT_SEMANTICALLY_APPROVED,NOT_CLEARED,true
lex:C1:midst,C1,midst,NGSL_SFI_31K_EXTENSION,midst,4722,EXACT_HEADWORD_FORM_ONLY,SOURCE_LEMMA_ONLY_NOT_SENSE_OR_POS,UNREVIEWED_NOT_SEMANTICALLY_APPROVED,NOT_CLEARED,true
lex:C1:migration,C1,migration,NGSL_SFI_31K_EXTENSION,migration,4066,EXACT_HEADWORD_FORM_ONLY,SOURCE_LEMMA_ONLY_NOT_SENSE_OR_POS,UNREVIEWED_NOT_SEMANTICALLY_APPROVED,NOT_CLEARED,true
lex:C1:militant,C1,militant,NGSL_SFI_31K_EXTENSION,militant,4675,EXACT_HEADWORD_FORM_ONLY,SOURCE_LEMMA_ONLY_NOT_SENSE_OR_POS,UNREVIEWED_NOT_SEMANTICALLY_APPROVED,NOT_CLEARED,true
lex:C1:militia,C1,militia,NGSL_SFI_31K_EXTENSION,militia,5174,EXACT_HEADWORD_FORM_ONLY,SOURCE_LEMMA_ONLY_NOT_SENSE_OR_POS,UNREVIEWED_NOT_SEMANTICALLY_APPROVED,NOT_CLEARED,true
lex:C1:mill,C1,mill,NGSL_SFI_31K_EXTENSION,mill,3150,EXACT_HEADWORD_FORM_ONLY,SOURCE_LEMMA_ONLY_NOT_SENSE_OR_POS,UNREVIEWED_NOT_SEMANTICALLY_APPROVED,NOT_CLEARED,true
lex:C1:minimal,C1,minimal,NGSL_SFI_31K_EXTENSION,minimal,3701,EXACT_HEADWORD_FORM_ONLY,SOURCE_LEMMA_ONLY_NOT_SENSE_OR_POS,UNREVIEWED_NOT_SEMANTICALLY_APPROVED,NOT_CLEARED,true
lex:C1:minimize,C1,minimize,NGSL_SFI_31K_EXTENSION,minimize,3327,EXACT_HEADWORD_FORM_ONLY,SOURCE_LEMMA_ONLY_NOT_SENSE_OR_POS,UNREVIEWED_NOT_SEMANTICALLY_APPROVED,NOT_CLEARED,true
lex:C1:mining,C1,mining,NO_DIRECT_SOURCE_LEMMA,,,NO_DIRECT_MATCH,SOURCE_LEMMA_ONLY_NOT_SENSE_OR_POS,UNREVIEWED_NOT_SEMANTICALLY_APPROVED,NOT_CLEARED,true
lex:C1:ministry,C1,ministry,NGSL_SFI_31K_EXTENSION,ministry,4128,EXACT_HEADWORD_FORM_ONLY,SOURCE_LEMMA_ONLY_NOT_SENSE_OR_POS,UNREVIEWED_NOT_SEMANTICALLY_APPROVED,NOT_CLEARED,true
lex:C1:minute,C1,minute²,NGSL_1_2_CORE,minute,366,HEADWORD_NORMALIZED_REQUIRES_REVIEW,SOURCE_LEMMA_ONLY_NOT_SENSE_OR_POS,UNREVIEWED_NOT_SEMANTICALLY_APPROVED,NOT_CLEARED,true
lex:C1:miracle,C1,miracle,NGSL_SFI_31K_EXTENSION,miracle,3847,EXACT_HEADWORD_FORM_ONLY,SOURCE_LEMMA_ONLY_NOT_SENSE_OR_POS,UNREVIEWED_NOT_SEMANTICALLY_APPROVED,NOT_CLEARED,true
lex:C1:misery,C1,misery,NGSL_SFI_31K_EXTENSION,misery,4662,EXACT_HEADWORD_FORM_ONLY,SOURCE_LEMMA_ONLY_NOT_SENSE_OR_POS,UNREVIEWED_NOT_SEMANTICALLY_APPROVED,NOT_CLEARED,true
lex:C1:misleading,C1,misleading,NO_DIRECT_SOURCE_LEMMA,,,NO_DIRECT_MATCH,SOURCE_LEMMA_ONLY_NOT_SENSE_OR_POS,UNREVIEWED_NOT_SEMANTICALLY_APPROVED,NOT_CLEARED,true
lex:C1:missile,C1,missile,NGSL_SFI_31K_EXTENSION,missile,2799,EXACT_HEADWORD_FORM_ONLY,SOURCE_LEMMA_ONLY_NOT_SENSE_OR_POS,UNREVIEWED_NOT_SEMANTICALLY_APPROVED,NOT_CLEARED,true
lex:C1:mob,C1,mob,NGSL_SFI_31K_EXTENSION,mob,5466,EXACT_HEADWORD_FORM_ONLY,SOURCE_LEMMA_ONLY_NOT_SENSE_OR_POS,UNREVIEWED_NOT_SEMANTICALLY_APPROVED,NOT_CLEARED,true
lex:C1:mobility,C1,mobility,NGSL_SFI_31K_EXTENSION,mobility,4931,EXACT_HEADWORD_FORM_ONLY,SOURCE_LEMMA_ONLY_NOT_SENSE_OR_POS,UNREVIEWED_NOT_SEMANTICALLY_APPROVED,NOT_CLEARED,true
lex:C1:mobilize,C1,mobilize,NGSL_SFI_31K_EXTENSION,mobilize,5692,EXACT_HEADWORD_FORM_ONLY,SOURCE_LEMMA_ONLY_NOT_SENSE_OR_POS,UNREVIEWED_NOT_SEMANTICALLY_APPROVED,NOT_CLEARED,true
lex:C1:moderate,C1,moderate,NGSL_1_2_CORE,moderate,2348,EXACT_HEADWORD_FORM_ONLY,SOURCE_LEMMA_ONLY_NOT_SENSE_OR_POS,UNREVIEWED_NOT_SEMANTICALLY_APPROVED,NOT_CLEARED,true
lex:C1:modification,C1,modification,NGSL_SFI_31K_EXTENSION,modification,3868,EXACT_HEADWORD_FORM_ONLY,SOURCE_LEMMA_ONLY_NOT_SENSE_OR_POS,UNREVIEWED_NOT_SEMANTICALLY_APPROVED,NOT_CLEARED,true
lex:C1:momentum,C1,momentum,NGSL_SFI_31K_EXTENSION,momentum,4254,EXACT_HEADWORD_FORM_ONLY,SOURCE_LEMMA_ONLY_NOT_SENSE_OR_POS,UNREVIEWED_NOT_SEMANTICALLY_APPROVED,NOT_CLEARED,true
lex:C1:monk,C1,monk,NGSL_SFI_31K_EXTENSION,monk,4680,EXACT_HEADWORD_FORM_ONLY,SOURCE_LEMMA_ONLY_NOT_SENSE_OR_POS,UNREVIEWED_NOT_SEMANTICALLY_APPROVED,NOT_CLEARED,true
lex:C1:monopoly,C1,monopoly,NGSL_SFI_31K_EXTENSION,monopoly,4417,EXACT_HEADWORD_FORM_ONLY,SOURCE_LEMMA_ONLY_NOT_SENSE_OR_POS,UNREVIEWED_NOT_SEMANTICALLY_APPROVED,NOT_CLEARED,true
lex:C1:morality,C1,morality,NGSL_SFI_31K_EXTENSION,morality,4608,EXACT_HEADWORD_FORM_ONLY,SOURCE_LEMMA_ONLY_NOT_SENSE_OR_POS,UNREVIEWED_NOT_SEMANTICALLY_APPROVED,NOT_CLEARED,true
lex:C1:motive,C1,motive,NGSL_SFI_31K_EXTENSION,motive,3301,EXACT_HEADWORD_FORM_ONLY,SOURCE_LEMMA_ONLY_NOT_SENSE_OR_POS,UNREVIEWED_NOT_SEMANTICALLY_APPROVED,NOT_CLEARED,true
lex:C1:motorist,C1,motorist,NGSL_SFI_31K_EXTENSION,motorist,7452,EXACT_HEADWORD_FORM_ONLY,SOURCE_LEMMA_ONLY_NOT_SENSE_OR_POS,UNREVIEWED_NOT_SEMANTICALLY_APPROVED,NOT_CLEARED,true
lex:C1:municipal,C1,municipal,NGSL_SFI_31K_EXTENSION,municipal,4762,EXACT_HEADWORD_FORM_ONLY,SOURCE_LEMMA_ONLY_NOT_SENSE_OR_POS,UNREVIEWED_NOT_SEMANTICALLY_APPROVED,NOT_CLEARED,true
lex:C1:mutual,C1,mutual,NGSL_1_2_CORE,mutual,2439,EXACT_HEADWORD_FORM_ONLY,SOURCE_LEMMA_ONLY_NOT_SENSE_OR_POS,UNREVIEWED_NOT_SEMANTICALLY_APPROVED,NOT_CLEARED,true
lex:C1:namely,C1,namely,NGSL_SFI_31K_EXTENSION,namely,3221,EXACT_HEADWORD_FORM_ONLY,SOURCE_LEMMA_ONLY_NOT_SENSE_OR_POS,UNREVIEWED_NOT_SEMANTICALLY_APPROVED,NOT_CLEARED,true
lex:C1:nationwide,C1,nationwide,NGSL_SFI_31K_EXTENSION,nationwide,4502,EXACT_HEADWORD_FORM_ONLY,SOURCE_LEMMA_ONLY_NOT_SENSE_OR_POS,UNREVIEWED_NOT_SEMANTICALLY_APPROVED,NOT_CLEARED,true
lex:C1:naval,C1,naval,NGSL_SFI_31K_EXTENSION,naval,4863,EXACT_HEADWORD_FORM_ONLY,SOURCE_LEMMA_ONLY_NOT_SENSE_OR_POS,UNREVIEWED_NOT_SEMANTICALLY_APPROVED,NOT_CLEARED,true
lex:C1:neglect,C1,neglect,NGSL_1_2_CORE,neglect,2578,EXACT_HEADWORD_FORM_ONLY,SOURCE_LEMMA_ONLY_NOT_SENSE_OR_POS,UNREVIEWED_NOT_SEMANTICALLY_APPROVED,NOT_CLEARED,true
lex:C1:neighbouring,C1,neighbouring,NO_DIRECT_SOURCE_LEMMA,,,NO_DIRECT_MATCH,SOURCE_LEMMA_ONLY_NOT_SENSE_OR_POS,UNREVIEWED_NOT_SEMANTICALLY_APPROVED,NOT_CLEARED,true
lex:C1:nest,C1,nest,NGSL_SFI_31K_EXTENSION,nest,3365,EXACT_HEADWORD_FORM_ONLY,SOURCE_LEMMA_ONLY_NOT_SENSE_OR_POS,UNREVIEWED_NOT_SEMANTICALLY_APPROVED,NOT_CLEARED,true
lex:C1:net,C1,net,NGSL_1_2_CORE,net,1191,EXACT_HEADWORD_FORM_ONLY,SOURCE_LEMMA_ONLY_NOT_SENSE_OR_POS,UNREVIEWED_NOT_SEMANTICALLY_APPROVED,NOT_CLEARED,true
lex:C1:newsletter,C1,newsletter,NGSL_SFI_31K_EXTENSION,newsletter,5886,EXACT_HEADWORD_FORM_ONLY,SOURCE_LEMMA_ONLY_NOT_SENSE_OR_POS,UNREVIEWED_NOT_SEMANTICALLY_APPROVED,NOT_CLEARED,true
lex:C1:niche,C1,niche,NGSL_SFI_31K_EXTENSION,niche,5357,EXACT_HEADWORD_FORM_ONLY,SOURCE_LEMMA_ONLY_NOT_SENSE_OR_POS,UNREVIEWED_NOT_SEMANTICALLY_APPROVED,NOT_CLEARED,true
lex:C1:noble,C1,noble,NGSL_SFI_31K_EXTENSION,noble,4125,EXACT_HEADWORD_FORM_ONLY,SOURCE_LEMMA_ONLY_NOT_SENSE_OR_POS,UNREVIEWED_NOT_SEMANTICALLY_APPROVED,NOT_CLEARED,true
lex:C1:nod,C1,nod,NGSL_SFI_31K_EXTENSION,nod,2735,EXACT_HEADWORD_FORM_ONLY,SOURCE_LEMMA_ONLY_NOT_SENSE_OR_POS,UNREVIEWED_NOT_SEMANTICALLY_APPROVED,NOT_CLEARED,true
lex:C1:nominate,C1,nominate,NGSL_SFI_31K_EXTENSION,nominate,3822,EXACT_HEADWORD_FORM_ONLY,SOURCE_LEMMA_ONLY_NOT_SENSE_OR_POS,UNREVIEWED_NOT_SEMANTICALLY_APPROVED,NOT_CLEARED,true
lex:C1:nomination,C1,nomination,NGSL_SFI_31K_EXTENSION,nomination,3421,EXACT_HEADWORD_FORM_ONLY,SOURCE_LEMMA_ONLY_NOT_SENSE_OR_POS,UNREVIEWED_NOT_SEMANTICALLY_APPROVED,NOT_CLEARED,true
lex:C1:nominee,C1,nominee,NGSL_SFI_31K_EXTENSION,nominee,4102,EXACT_HEADWORD_FORM_ONLY,SOURCE_LEMMA_ONLY_NOT_SENSE_OR_POS,UNREVIEWED_NOT_SEMANTICALLY_APPROVED,NOT_CLEARED,true
lex:C1:nonetheless,C1,nonetheless,NGSL_SFI_31K_EXTENSION,nonetheless,4746,EXACT_HEADWORD_FORM_ONLY,SOURCE_LEMMA_ONLY_NOT_SENSE_OR_POS,UNREVIEWED_NOT_SEMANTICALLY_APPROVED,NOT_CLEARED,true
lex:C1:non-profit,C1,non-profit,NO_DIRECT_SOURCE_LEMMA,,,NO_DIRECT_MATCH,SOURCE_LEMMA_ONLY_NOT_SENSE_OR_POS,UNREVIEWED_NOT_SEMANTICALLY_APPROVED,NOT_CLEARED,true
lex:C1:nonsense,C1,nonsense,NGSL_SFI_31K_EXTENSION,nonsense,4008,EXACT_HEADWORD_FORM_ONLY,SOURCE_LEMMA_ONLY_NOT_SENSE_OR_POS,UNREVIEWED_NOT_SEMANTICALLY_APPROVED,NOT_CLEARED,true
lex:C1:noon,C1,noon,NGSL_SFI_31K_EXTENSION,noon,3986,EXACT_HEADWORD_FORM_ONLY,SOURCE_LEMMA_ONLY_NOT_SENSE_OR_POS,UNREVIEWED_NOT_SEMANTICALLY_APPROVED,NOT_CLEARED,true
lex:C1:notable,C1,notable,NGSL_SFI_31K_EXTENSION,notable,4108,EXACT_HEADWORD_FORM_ONLY,SOURCE_LEMMA_ONLY_NOT_SENSE_OR_POS,UNREVIEWED_NOT_SEMANTICALLY_APPROVED,NOT_CLEARED,true
lex:C1:notably,C1,notably,NGSL_SFI_31K_EXTENSION,notably,3578,EXACT_HEADWORD_FORM_ONLY,SOURCE_LEMMA_ONLY_NOT_SENSE_OR_POS,UNREVIEWED_NOT_SEMANTICALLY_APPROVED,NOT_CLEARED,true
lex:C1:notify,C1,notify,NGSL_SFI_31K_EXTENSION,notify,4607,EXACT_HEADWORD_FORM_ONLY,SOURCE_LEMMA_ONLY_NOT_SENSE_OR_POS,UNREVIEWED_NOT_SEMANTICALLY_APPROVED,NOT_CLEARED,true
lex:C1:notorious,C1,notorious,NGSL_SFI_31K_EXTENSION,notorious,5257,EXACT_HEADWORD_FORM_ONLY,SOURCE_LEMMA_ONLY_NOT_SENSE_OR_POS,UNREVIEWED_NOT_SEMANTICALLY_APPROVED,NOT_CLEARED,true
lex:C1:novel,C1,novel,NGSL_1_2_CORE,novel,1278,EXACT_HEADWORD_FORM_ONLY,SOURCE_LEMMA_ONLY_NOT_SENSE_OR_POS,UNREVIEWED_NOT_SEMANTICALLY_APPROVED,NOT_CLEARED,true
lex:C1:nursery,C1,nursery,NGSL_SFI_31K_EXTENSION,nursery,4118,EXACT_HEADWORD_FORM_ONLY,SOURCE_LEMMA_ONLY_NOT_SENSE_OR_POS,UNREVIEWED_NOT_SEMANTICALLY_APPROVED,NOT_CLEARED,true
lex:C1:objection,C1,objection,NGSL_SFI_31K_EXTENSION,objection,3254,EXACT_HEADWORD_FORM_ONLY,SOURCE_LEMMA_ONLY_NOT_SENSE_OR_POS,UNREVIEWED_NOT_SEMANTICALLY_APPROVED,NOT_CLEARED,true
lex:C1:oblige,C1,oblige,NGSL_SFI_31K_EXTENSION,oblige,3105,EXACT_HEADWORD_FORM_ONLY,SOURCE_LEMMA_ONLY_NOT_SENSE_OR_POS,UNREVIEWED_NOT_SEMANTICALLY_APPROVED,NOT_CLEARED,true
lex:C1:obsess,C1,obsess,NGSL_SFI_31K_EXTENSION,obsess,5162,EXACT_HEADWORD_FORM_ONLY,SOURCE_LEMMA_ONLY_NOT_SENSE_OR_POS,UNREVIEWED_NOT_SEMANTICALLY_APPROVED,NOT_CLEARED,true
lex:C1:obsession,C1,obsession,NGSL_SFI_31K_EXTENSION,obsession,5026,EXACT_HEADWORD_FORM_ONLY,SOURCE_LEMMA_ONLY_NOT_SENSE_OR_POS,UNREVIEWED_NOT_SEMANTICALLY_APPROVED,NOT_CLEARED,true
lex:C1:occasional,C1,occasional,NGSL_SFI_31K_EXTENSION,occasional,3079,EXACT_HEADWORD_FORM_ONLY,SOURCE_LEMMA_ONLY_NOT_SENSE_OR_POS,UNREVIEWED_NOT_SEMANTICALLY_APPROVED,NOT_CLEARED,true
lex:C1:occurrence,C1,occurrence,NGSL_SFI_31K_EXTENSION,occurrence,4244,EXACT_HEADWORD_FORM_ONLY,SOURCE_LEMMA_ONLY_NOT_SENSE_OR_POS,UNREVIEWED_NOT_SEMANTICALLY_APPROVED,NOT_CLEARED,true
lex:C1:odds,C1,odds,NO_DIRECT_SOURCE_LEMMA,,,NO_DIRECT_MATCH,SOURCE_LEMMA_ONLY_NOT_SENSE_OR_POS,UNREVIEWED_NOT_SEMANTICALLY_APPROVED,NOT_CLEARED,true
lex:C1:offering,C1,offering,NO_DIRECT_SOURCE_LEMMA,,,NO_DIRECT_MATCH,SOURCE_LEMMA_ONLY_NOT_SENSE_OR_POS,UNREVIEWED_NOT_SEMANTICALLY_APPROVED,NOT_CLEARED,true
lex:C1:offspring,C1,offspring,NGSL_SFI_31K_EXTENSION,offspring,4472,EXACT_HEADWORD_FORM_ONLY,SOURCE_LEMMA_ONLY_NOT_SENSE_OR_POS,UNREVIEWED_NOT_SEMANTICALLY_APPROVED,NOT_CLEARED,true
lex:C1:operational,C1,operational,NGSL_SFI_31K_EXTENSION,operational,3827,EXACT_HEADWORD_FORM_ONLY,SOURCE_LEMMA_ONLY_NOT_SENSE_OR_POS,UNREVIEWED_NOT_SEMANTICALLY_APPROVED,NOT_CLEARED,true
lex:C1:opt,C1,opt,NGSL_SFI_31K_EXTENSION,opt,3769,EXACT_HEADWORD_FORM_ONLY,SOURCE_LEMMA_ONLY_NOT_SENSE_OR_POS,UNREVIEWED_NOT_SEMANTICALLY_APPROVED,NOT_CLEARED,true
lex:C1:optical,C1,optical,NGSL_SFI_31K_EXTENSION,optical,5203,EXACT_HEADWORD_FORM_ONLY,SOURCE_LEMMA_ONLY_NOT_SENSE_OR_POS,UNREVIEWED_NOT_SEMANTICALLY_APPROVED,NOT_CLEARED,true
lex:C1:optimism,C1,optimism,NGSL_SFI_31K_EXTENSION,optimism,4910,EXACT_HEADWORD_FORM_ONLY,SOURCE_LEMMA_ONLY_NOT_SENSE_OR_POS,UNREVIEWED_NOT_SEMANTICALLY_APPROVED,NOT_CLEARED,true
lex:C1:oral,C1,oral,NGSL_SFI_31K_EXTENSION,oral,3556,EXACT_HEADWORD_FORM_ONLY,SOURCE_LEMMA_ONLY_NOT_SENSE_OR_POS,UNREVIEWED_NOT_SEMANTICALLY_APPROVED,NOT_CLEARED,true
lex:C1:organizational,C1,organizational,NGSL_SFI_31K_EXTENSION,organizational,2827,EXACT_HEADWORD_FORM_ONLY,SOURCE_LEMMA_ONLY_NOT_SENSE_OR_POS,UNREVIEWED_NOT_SEMANTICALLY_APPROVED,NOT_CLEARED,true
lex:C1:orientation,C1,orientation,NGSL_SFI_31K_EXTENSION,orientation,3799,EXACT_HEADWORD_FORM_ONLY,SOURCE_LEMMA_ONLY_NOT_SENSE_OR_POS,UNREVIEWED_NOT_SEMANTICALLY_APPROVED,NOT_CLEARED,true
lex:C1:originate,C1,originate,NGSL_SFI_31K_EXTENSION,originate,3921,EXACT_HEADWORD_FORM_ONLY,SOURCE_LEMMA_ONLY_NOT_SENSE_OR_POS,UNREVIEWED_NOT_SEMANTICALLY_APPROVED,NOT_CLEARED,true
lex:C1:outbreak,C1,outbreak,NGSL_SFI_31K_EXTENSION,outbreak,4346,EXACT_HEADWORD_FORM_ONLY,SOURCE_LEMMA_ONLY_NOT_SENSE_OR_POS,UNREVIEWED_NOT_SEMANTICALLY_APPROVED,NOT_CLEARED,true
lex:C1:outing,C1,outing,NO_DIRECT_SOURCE_LEMMA,,,NO_DIRECT_MATCH,SOURCE_LEMMA_ONLY_NOT_SENSE_OR_POS,UNREVIEWED_NOT_SEMANTICALLY_APPROVED,NOT_CLEARED,true
lex:C1:outlet,C1,outlet,NGSL_SFI_31K_EXTENSION,outlet,2904,EXACT_HEADWORD_FORM_ONLY,SOURCE_LEMMA_ONLY_NOT_SENSE_OR_POS,UNREVIEWED_NOT_SEMANTICALLY_APPROVED,NOT_CLEARED,true
lex:C1:outlook,C1,outlook,NGSL_SFI_31K_EXTENSION,outlook,4544,EXACT_HEADWORD_FORM_ONLY,SOURCE_LEMMA_ONLY_NOT_SENSE_OR_POS,UNREVIEWED_NOT_SEMANTICALLY_APPROVED,NOT_CLEARED,true
lex:C1:outrage,C1,outrage,NGSL_SFI_31K_EXTENSION,outrage,4322,EXACT_HEADWORD_FORM_ONLY,SOURCE_LEMMA_ONLY_NOT_SENSE_OR_POS,UNREVIEWED_NOT_SEMANTICALLY_APPROVED,NOT_CLEARED,true
lex:C1:outsider,C1,outsider,NGSL_SFI_31K_EXTENSION,outsider,4277,EXACT_HEADWORD_FORM_ONLY,SOURCE_LEMMA_ONLY_NOT_SENSE_OR_POS,UNREVIEWED_NOT_SEMANTICALLY_APPROVED,NOT_CLEARED,true
lex:C1:overlook,C1,overlook,NGSL_SFI_31K_EXTENSION,overlook,2932,EXACT_HEADWORD_FORM_ONLY,SOURCE_LEMMA_ONLY_NOT_SENSE_OR_POS,UNREVIEWED_NOT_SEMANTICALLY_APPROVED,NOT_CLEARED,true
lex:C1:overly,C1,overly,NGSL_SFI_31K_EXTENSION,overly,6381,EXACT_HEADWORD_FORM_ONLY,SOURCE_LEMMA_ONLY_NOT_SENSE_OR_POS,UNREVIEWED_NOT_SEMANTICALLY_APPROVED,NOT_CLEARED,true
lex:C1:oversee,C1,oversee,NGSL_SFI_31K_EXTENSION,oversee,4389,EXACT_HEADWORD_FORM_ONLY,SOURCE_LEMMA_ONLY_NOT_SENSE_OR_POS,UNREVIEWED_NOT_SEMANTICALLY_APPROVED,NOT_CLEARED,true
lex:C1:overturn,C1,overturn,NGSL_SFI_31K_EXTENSION,overturn,5923,EXACT_HEADWORD_FORM_ONLY,SOURCE_LEMMA_ONLY_NOT_SENSE_OR_POS,UNREVIEWED_NOT_SEMANTICALLY_APPROVED,NOT_CLEARED,true
lex:C1:overwhelm,C1,overwhelm,NGSL_SFI_31K_EXTENSION,overwhelm,2733,EXACT_HEADWORD_FORM_ONLY,SOURCE_LEMMA_ONLY_NOT_SENSE_OR_POS,UNREVIEWED_NOT_SEMANTICALLY_APPROVED,NOT_CLEARED,true
lex:C1:overwhelming,C1,overwhelming,NO_DIRECT_SOURCE_LEMMA,,,NO_DIRECT_MATCH,SOURCE_LEMMA_ONLY_NOT_SENSE_OR_POS,UNREVIEWED_NOT_SEMANTICALLY_APPROVED,NOT_CLEARED,true
lex:C1:pad,C1,pad,NGSL_SFI_31K_EXTENSION,pad,3527,EXACT_HEADWORD_FORM_ONLY,SOURCE_LEMMA_ONLY_NOT_SENSE_OR_POS,UNREVIEWED_NOT_SEMANTICALLY_APPROVED,NOT_CLEARED,true
lex:C1:parameter,C1,parameter,NGSL_SFI_31K_EXTENSION,parameter,3109,EXACT_HEADWORD_FORM_ONLY,SOURCE_LEMMA_ONLY_NOT_SENSE_OR_POS,UNREVIEWED_NOT_SEMANTICALLY_APPROVED,NOT_CLEARED,true
lex:C1:parental,C1,parental,NGSL_SFI_31K_EXTENSION,parental,3813,EXACT_HEADWORD_FORM_ONLY,SOURCE_LEMMA_ONLY_NOT_SENSE_OR_POS,UNREVIEWED_NOT_SEMANTICALLY_APPROVED,NOT_CLEARED,true
lex:C1:parish,C1,parish,NGSL_SFI_31K_EXTENSION,parish,3349,EXACT_HEADWORD_FORM_ONLY,SOURCE_LEMMA_ONLY_NOT_SENSE_OR_POS,UNREVIEWED_NOT_SEMANTICALLY_APPROVED,NOT_CLEARED,true
lex:C1:parliamentary,C1,parliamentary,NGSL_SFI_31K_EXTENSION,parliamentary,3880,EXACT_HEADWORD_FORM_ONLY,SOURCE_LEMMA_ONLY_NOT_SENSE_OR_POS,UNREVIEWED_NOT_SEMANTICALLY_APPROVED,NOT_CLEARED,true
lex:C1:partial,C1,partial,NGSL_SFI_31K_EXTENSION,partial,3346,EXACT_HEADWORD_FORM_ONLY,SOURCE_LEMMA_ONLY_NOT_SENSE_OR_POS,UNREVIEWED_NOT_SEMANTICALLY_APPROVED,NOT_CLEARED,true
lex:C1:partially,C1,partially,NGSL_SFI_31K_EXTENSION,partially,3768,EXACT_HEADWORD_FORM_ONLY,SOURCE_LEMMA_ONLY_NOT_SENSE_OR_POS,UNREVIEWED_NOT_SEMANTICALLY_APPROVED,NOT_CLEARED,true
lex:C1:passing,C1,passing,NO_DIRECT_SOURCE_LEMMA,,,NO_DIRECT_MATCH,SOURCE_LEMMA_ONLY_NOT_SENSE_OR_POS,UNREVIEWED_NOT_SEMANTICALLY_APPROVED,NOT_CLEARED,true
lex:C1:passive,C1,passive,NGSL_SFI_31K_EXTENSION,passive,4420,EXACT_HEADWORD_FORM_ONLY,SOURCE_LEMMA_ONLY_NOT_SENSE_OR_POS,UNREVIEWED_NOT_SEMANTICALLY_APPROVED,NOT_CLEARED,true
lex:C1:pastor,C1,pastor,NGSL_SFI_31K_EXTENSION,pastor,6655,EXACT_HEADWORD_FORM_ONLY,SOURCE_LEMMA_ONLY_NOT_SENSE_OR_POS,UNREVIEWED_NOT_SEMANTICALLY_APPROVED,NOT_CLEARED,true
lex:C1:patch,C1,patch,NGSL_SFI_31K_EXTENSION,patch,3024,EXACT_HEADWORD_FORM_ONLY,SOURCE_LEMMA_ONLY_NOT_SENSE_OR_POS,UNREVIEWED_NOT_SEMANTICALLY_APPROVED,NOT_CLEARED,true
lex:C1:patent,C1,patent,NGSL_SFI_31K_EXTENSION,patent,3558,EXACT_HEADWORD_FORM_ONLY,SOURCE_LEMMA_ONLY_NOT_SENSE_OR_POS,UNREVIEWED_NOT_SEMANTICALLY_APPROVED,NOT_CLEARED,true
lex:C1:pathway,C1,pathway,NGSL_SFI_31K_EXTENSION,pathway,4350,EXACT_HEADWORD_FORM_ONLY,SOURCE_LEMMA_ONLY_NOT_SENSE_OR_POS,UNREVIEWED_NOT_SEMANTICALLY_APPROVED,NOT_CLEARED,true
lex:C1:patrol,C1,patrol,NGSL_SFI_31K_EXTENSION,patrol,3890,EXACT_HEADWORD_FORM_ONLY,SOURCE_LEMMA_ONLY_NOT_SENSE_OR_POS,UNREVIEWED_NOT_SEMANTICALLY_APPROVED,NOT_CLEARED,true
lex:C1:patron,C1,patron,NGSL_SFI_31K_EXTENSION,patron,4838,EXACT_HEADWORD_FORM_ONLY,SOURCE_LEMMA_ONLY_NOT_SENSE_OR_POS,UNREVIEWED_NOT_SEMANTICALLY_APPROVED,NOT_CLEARED,true
lex:C1:peak,C1,peak,NGSL_1_2_CORE,peak,1661,EXACT_HEADWORD_FORM_ONLY,SOURCE_LEMMA_ONLY_NOT_SENSE_OR_POS,UNREVIEWED_NOT_SEMANTICALLY_APPROVED,NOT_CLEARED,true
lex:C1:peasant,C1,peasant,NGSL_SFI_31K_EXTENSION,peasant,3816,EXACT_HEADWORD_FORM_ONLY,SOURCE_LEMMA_ONLY_NOT_SENSE_OR_POS,UNREVIEWED_NOT_SEMANTICALLY_APPROVED,NOT_CLEARED,true
lex:C1:peculiar,C1,peculiar,NGSL_SFI_31K_EXTENSION,peculiar,4215,EXACT_HEADWORD_FORM_ONLY,SOURCE_LEMMA_ONLY_NOT_SENSE_OR_POS,UNREVIEWED_NOT_SEMANTICALLY_APPROVED,NOT_CLEARED,true
lex:C1:persist,C1,persist,NGSL_SFI_31K_EXTENSION,persist,3803,EXACT_HEADWORD_FORM_ONLY,SOURCE_LEMMA_ONLY_NOT_SENSE_OR_POS,UNREVIEWED_NOT_SEMANTICALLY_APPROVED,NOT_CLEARED,true
lex:C1:persistent,C1,persistent,NGSL_SFI_31K_EXTENSION,persistent,4486,EXACT_HEADWORD_FORM_ONLY,SOURCE_LEMMA_ONLY_NOT_SENSE_OR_POS,UNREVIEWED_NOT_SEMANTICALLY_APPROVED,NOT_CLEARED,true
lex:C1:personnel,C1,personnel,NGSL_1_2_CORE,personnel,2501,EXACT_HEADWORD_FORM_ONLY,SOURCE_LEMMA_ONLY_NOT_SENSE_OR_POS,UNREVIEWED_NOT_SEMANTICALLY_APPROVED,NOT_CLEARED,true
lex:C1:petition,C1,petition,NGSL_SFI_31K_EXTENSION,petition,4256,EXACT_HEADWORD_FORM_ONLY,SOURCE_LEMMA_ONLY_NOT_SENSE_OR_POS,UNREVIEWED_NOT_SEMANTICALLY_APPROVED,NOT_CLEARED,true
lex:C1:philosopher,C1,philosopher,NGSL_SFI_31K_EXTENSION,philosopher,4436,EXACT_HEADWORD_FORM_ONLY,SOURCE_LEMMA_ONLY_NOT_SENSE_OR_POS,UNREVIEWED_NOT_SEMANTICALLY_APPROVED,NOT_CLEARED,true
lex:C1:philosophical,C1,philosophical,NGSL_SFI_31K_EXTENSION,philosophical,4275,EXACT_HEADWORD_FORM_ONLY,SOURCE_LEMMA_ONLY_NOT_SENSE_OR_POS,UNREVIEWED_NOT_SEMANTICALLY_APPROVED,NOT_CLEARED,true
lex:C1:physician,C1,physician,NGSL_SFI_31K_EXTENSION,physician,3148,EXACT_HEADWORD_FORM_ONLY,SOURCE_LEMMA_ONLY_NOT_SENSE_OR_POS,UNREVIEWED_NOT_SEMANTICALLY_APPROVED,NOT_CLEARED,true
lex:C1:pioneer,C1,pioneer,NGSL_SFI_31K_EXTENSION,pioneer,3210,EXACT_HEADWORD_FORM_ONLY,SOURCE_LEMMA_ONLY_NOT_SENSE_OR_POS,UNREVIEWED_NOT_SEMANTICALLY_APPROVED,NOT_CLEARED,true
lex:C1:pipeline,C1,pipeline,NGSL_SFI_31K_EXTENSION,pipeline,4410,EXACT_HEADWORD_FORM_ONLY,SOURCE_LEMMA_ONLY_NOT_SENSE_OR_POS,UNREVIEWED_NOT_SEMANTICALLY_APPROVED,NOT_CLEARED,true
lex:C1:pirate,C1,pirate,NGSL_SFI_31K_EXTENSION,pirate,5255,EXACT_HEADWORD_FORM_ONLY,SOURCE_LEMMA_ONLY_NOT_SENSE_OR_POS,UNREVIEWED_NOT_SEMANTICALLY_APPROVED,NOT_CLEARED,true
lex:C1:pit,C1,pit,NGSL_SFI_31K_EXTENSION,pit,3094,EXACT_HEADWORD_FORM_ONLY,SOURCE_LEMMA_ONLY_NOT_SENSE_OR_POS,UNREVIEWED_NOT_SEMANTICALLY_APPROVED,NOT_CLEARED,true
lex:C1:plea,C1,plea,NGSL_SFI_31K_EXTENSION,plea,4187,EXACT_HEADWORD_FORM_ONLY,SOURCE_LEMMA_ONLY_NOT_SENSE_OR_POS,UNREVIEWED_NOT_SEMANTICALLY_APPROVED,NOT_CLEARED,true
lex:C1:plead,C1,plead,NGSL_SFI_31K_EXTENSION,plead,3375,EXACT_HEADWORD_FORM_ONLY,SOURCE_LEMMA_ONLY_NOT_SENSE_OR_POS,UNREVIEWED_NOT_SEMANTICALLY_APPROVED,NOT_CLEARED,true
lex:C1:pledge,C1,pledge,NGSL_SFI_31K_EXTENSION,pledge,3424,EXACT_HEADWORD_FORM_ONLY,SOURCE_LEMMA_ONLY_NOT_SENSE_OR_POS,UNREVIEWED_NOT_SEMANTICALLY_APPROVED,NOT_CLEARED,true
lex:C1:plug,C1,plug,NGSL_SFI_31K_EXTENSION,plug,3329,EXACT_HEADWORD_FORM_ONLY,SOURCE_LEMMA_ONLY_NOT_SENSE_OR_POS,UNREVIEWED_NOT_SEMANTICALLY_APPROVED,NOT_CLEARED,true
lex:C1:plunge,C1,plunge,NGSL_SFI_31K_EXTENSION,plunge,3740,EXACT_HEADWORD_FORM_ONLY,SOURCE_LEMMA_ONLY_NOT_SENSE_OR_POS,UNREVIEWED_NOT_SEMANTICALLY_APPROVED,NOT_CLEARED,true
lex:C1:pole,C1,pole,NGSL_SFI_31K_EXTENSION,pole,3446,EXACT_HEADWORD_FORM_ONLY,SOURCE_LEMMA_ONLY_NOT_SENSE_OR_POS,UNREVIEWED_NOT_SEMANTICALLY_APPROVED,NOT_CLEARED,true
lex:C1:poll,C1,poll,NGSL_1_2_CORE,poll,1684,EXACT_HEADWORD_FORM_ONLY,SOURCE_LEMMA_ONLY_NOT_SENSE_OR_POS,UNREVIEWED_NOT_SEMANTICALLY_APPROVED,NOT_CLEARED,true
lex:C1:pond,C1,pond,NGSL_SFI_31K_EXTENSION,pond,3984,EXACT_HEADWORD_FORM_ONLY,SOURCE_LEMMA_ONLY_NOT_SENSE_OR_POS,UNREVIEWED_NOT_SEMANTICALLY_APPROVED,NOT_CLEARED,true
lex:C1:pop,C1,pop,NGSL_1_2_CORE,pop,1289,EXACT_HEADWORD_FORM_ONLY,SOURCE_LEMMA_ONLY_NOT_SENSE_OR_POS,UNREVIEWED_NOT_SEMANTICALLY_APPROVED,NOT_CLEARED,true
lex:C1:portfolio,C1,portfolio,NGSL_SFI_31K_EXTENSION,portfolio,2652,EXACT_HEADWORD_FORM_ONLY,SOURCE_LEMMA_ONLY_NOT_SENSE_OR_POS,UNREVIEWED_NOT_SEMANTICALLY_APPROVED,NOT_CLEARED,true
lex:C1:portray,C1,portray,NGSL_SFI_31K_EXTENSION,portray,3564,EXACT_HEADWORD_FORM_ONLY,SOURCE_LEMMA_ONLY_NOT_SENSE_OR_POS,UNREVIEWED_NOT_SEMANTICALLY_APPROVED,NOT_CLEARED,true
lex:C1:postpone,C1,postpone,NGSL_SFI_31K_EXTENSION,postpone,3958,EXACT_HEADWORD_FORM_ONLY,SOURCE_LEMMA_ONLY_NOT_SENSE_OR_POS,UNREVIEWED_NOT_SEMANTICALLY_APPROVED,NOT_CLEARED,true
lex:C1:post-war,C1,post-war,NO_DIRECT_SOURCE_LEMMA,,,NO_DIRECT_MATCH,SOURCE_LEMMA_ONLY_NOT_SENSE_OR_POS,UNREVIEWED_NOT_SEMANTICALLY_APPROVED,NOT_CLEARED,true
lex:C1:practitioner,C1,practitioner,NGSL_SFI_31K_EXTENSION,practitioner,3698,EXACT_HEADWORD_FORM_ONLY,SOURCE_LEMMA_ONLY_NOT_SENSE_OR_POS,UNREVIEWED_NOT_SEMANTICALLY_APPROVED,NOT_CLEARED,true
lex:C1:preach,C1,preach,NGSL_SFI_31K_EXTENSION,preach,4351,EXACT_HEADWORD_FORM_ONLY,SOURCE_LEMMA_ONLY_NOT_SENSE_OR_POS,UNREVIEWED_NOT_SEMANTICALLY_APPROVED,NOT_CLEARED,true
lex:C1:precedent,C1,precedent,NGSL_SFI_31K_EXTENSION,precedent,4978,EXACT_HEADWORD_FORM_ONLY,SOURCE_LEMMA_ONLY_NOT_SENSE_OR_POS,UNREVIEWED_NOT_SEMANTICALLY_APPROVED,NOT_CLEARED,true
lex:C1:precision,C1,precision,NGSL_SFI_31K_EXTENSION,precision,4613,EXACT_HEADWORD_FORM_ONLY,SOURCE_LEMMA_ONLY_NOT_SENSE_OR_POS,UNREVIEWED_NOT_SEMANTICALLY_APPROVED,NOT_CLEARED,true
lex:C1:predator,C1,predator,NGSL_SFI_31K_EXTENSION,predator,4989,EXACT_HEADWORD_FORM_ONLY,SOURCE_LEMMA_ONLY_NOT_SENSE_OR_POS,UNREVIEWED_NOT_SEMANTICALLY_APPROVED,NOT_CLEARED,true
lex:C1:predecessor,C1,predecessor,NGSL_SFI_31K_EXTENSION,predecessor,4184,EXACT_HEADWORD_FORM_ONLY,SOURCE_LEMMA_ONLY_NOT_SENSE_OR_POS,UNREVIEWED_NOT_SEMANTICALLY_APPROVED,NOT_CLEARED,true
lex:C1:predominantly,C1,predominantly,NGSL_SFI_31K_EXTENSION,predominantly,4535,EXACT_HEADWORD_FORM_ONLY,SOURCE_LEMMA_ONLY_NOT_SENSE_OR_POS,UNREVIEWED_NOT_SEMANTICALLY_APPROVED,NOT_CLEARED,true
lex:C1:pregnancy,C1,pregnancy,NGSL_1_2_CORE,pregnancy,2743,EXACT_HEADWORD_FORM_ONLY,SOURCE_LEMMA_ONLY_NOT_SENSE_OR_POS,UNREVIEWED_NOT_SEMANTICALLY_APPROVED,NOT_CLEARED,true
lex:C1:prejudice,C1,prejudice,NGSL_SFI_31K_EXTENSION,prejudice,3649,EXACT_HEADWORD_FORM_ONLY,SOURCE_LEMMA_ONLY_NOT_SENSE_OR_POS,UNREVIEWED_NOT_SEMANTICALLY_APPROVED,NOT_CLEARED,true
lex:C1:preliminary,C1,preliminary,NGSL_SFI_31K_EXTENSION,preliminary,3416,EXACT_HEADWORD_FORM_ONLY,SOURCE_LEMMA_ONLY_NOT_SENSE_OR_POS,UNREVIEWED_NOT_SEMANTICALLY_APPROVED,NOT_CLEARED,true
lex:C1:premier,C1,premier,NGSL_SFI_31K_EXTENSION,premier,5388,EXACT_HEADWORD_FORM_ONLY,SOURCE_LEMMA_ONLY_NOT_SENSE_OR_POS,UNREVIEWED_NOT_SEMANTICALLY_APPROVED,NOT_CLEARED,true
lex:C1:premise,C1,premise,NGSL_1_2_CORE,premise,1973,EXACT_HEADWORD_FORM_ONLY,SOURCE_LEMMA_ONLY_NOT_SENSE_OR_POS,UNREVIEWED_NOT_SEMANTICALLY_APPROVED,NOT_CLEARED,true
lex:C1:premium,C1,premium,NGSL_SFI_31K_EXTENSION,premium,3035,EXACT_HEADWORD_FORM_ONLY,SOURCE_LEMMA_ONLY_NOT_SENSE_OR_POS,UNREVIEWED_NOT_SEMANTICALLY_APPROVED,NOT_CLEARED,true
lex:C1:prescribe,C1,prescribe,NGSL_SFI_31K_EXTENSION,prescribe,2881,EXACT_HEADWORD_FORM_ONLY,SOURCE_LEMMA_ONLY_NOT_SENSE_OR_POS,UNREVIEWED_NOT_SEMANTICALLY_APPROVED,NOT_CLEARED,true
lex:C1:prescription,C1,prescription,NGSL_SFI_31K_EXTENSION,prescription,3722,EXACT_HEADWORD_FORM_ONLY,SOURCE_LEMMA_ONLY_NOT_SENSE_OR_POS,UNREVIEWED_NOT_SEMANTICALLY_APPROVED,NOT_CLEARED,true
lex:C1:presently,C1,presently,NGSL_SFI_31K_EXTENSION,presently,4923,EXACT_HEADWORD_FORM_ONLY,SOURCE_LEMMA_ONLY_NOT_SENSE_OR_POS,UNREVIEWED_NOT_SEMANTICALLY_APPROVED,NOT_CLEARED,true
lex:C1:preservation,C1,preservation,NGSL_SFI_31K_EXTENSION,preservation,4743,EXACT_HEADWORD_FORM_ONLY,SOURCE_LEMMA_ONLY_NOT_SENSE_OR_POS,UNREVIEWED_NOT_SEMANTICALLY_APPROVED,NOT_CLEARED,true
lex:C1:preside,C1,preside,NGSL_SFI_31K_EXTENSION,preside,5561,EXACT_HEADWORD_FORM_ONLY,SOURCE_LEMMA_ONLY_NOT_SENSE_OR_POS,UNREVIEWED_NOT_SEMANTICALLY_APPROVED,NOT_CLEARED,true
lex:C1:presidency,C1,presidency,NGSL_SFI_31K_EXTENSION,presidency,3980,EXACT_HEADWORD_FORM_ONLY,SOURCE_LEMMA_ONLY_NOT_SENSE_OR_POS,UNREVIEWED_NOT_SEMANTICALLY_APPROVED,NOT_CLEARED,true
lex:C1:presidential,C1,presidential,NGSL_1_2_CORE,presidential,1887,EXACT_HEADWORD_FORM_ONLY,SOURCE_LEMMA_ONLY_NOT_SENSE_OR_POS,UNREVIEWED_NOT_SEMANTICALLY_APPROVED,NOT_CLEARED,true
lex:C1:prestigious,C1,prestigious,NGSL_SFI_31K_EXTENSION,prestigious,5437,EXACT_HEADWORD_FORM_ONLY,SOURCE_LEMMA_ONLY_NOT_SENSE_OR_POS,UNREVIEWED_NOT_SEMANTICALLY_APPROVED,NOT_CLEARED,true
lex:C1:presumably,C1,presumably,NGSL_1_2_CORE,presumably,2600,EXACT_HEADWORD_FORM_ONLY,SOURCE_LEMMA_ONLY_NOT_SENSE_OR_POS,UNREVIEWED_NOT_SEMANTICALLY_APPROVED,NOT_CLEARED,true
lex:C1:presume,C1,presume,NGSL_SFI_31K_EXTENSION,presume,3810,EXACT_HEADWORD_FORM_ONLY,SOURCE_LEMMA_ONLY_NOT_SENSE_OR_POS,UNREVIEWED_NOT_SEMANTICALLY_APPROVED,NOT_CLEARED,true
lex:C1:prevail,C1,prevail,NGSL_SFI_31K_EXTENSION,prevail,3120,EXACT_HEADWORD_FORM_ONLY,SOURCE_LEMMA_ONLY_NOT_SENSE_OR_POS,UNREVIEWED_NOT_SEMANTICALLY_APPROVED,NOT_CLEARED,true
lex:C1:prevalence,C1,prevalence,NGSL_SFI_31K_EXTENSION,prevalence,5849,EXACT_HEADWORD_FORM_ONLY,SOURCE_LEMMA_ONLY_NOT_SENSE_OR_POS,UNREVIEWED_NOT_SEMANTICALLY_APPROVED,NOT_CLEARED,true
lex:C1:prevention,C1,prevention,NGSL_SFI_31K_EXTENSION,prevention,3555,EXACT_HEADWORD_FORM_ONLY,SOURCE_LEMMA_ONLY_NOT_SENSE_OR_POS,UNREVIEWED_NOT_SEMANTICALLY_APPROVED,NOT_CLEARED,true
lex:C1:prey,C1,prey,NGSL_SFI_31K_EXTENSION,prey,4478,EXACT_HEADWORD_FORM_ONLY,SOURCE_LEMMA_ONLY_NOT_SENSE_OR_POS,UNREVIEWED_NOT_SEMANTICALLY_APPROVED,NOT_CLEARED,true
lex:C1:principal,C1,principal,NGSL_1_2_CORE,principal,1555,EXACT_HEADWORD_FORM_ONLY,SOURCE_LEMMA_ONLY_NOT_SENSE_OR_POS,UNREVIEWED_NOT_SEMANTICALLY_APPROVED,NOT_CLEARED,true
lex:C1:privatization,C1,privatization,NGSL_SFI_31K_EXTENSION,privatization,5201,EXACT_HEADWORD_FORM_ONLY,SOURCE_LEMMA_ONLY_NOT_SENSE_OR_POS,UNREVIEWED_NOT_SEMANTICALLY_APPROVED,NOT_CLEARED,true
lex:C1:privilege,C1,privilege,NGSL_1_2_CORE,privilege,2437,EXACT_HEADWORD_FORM_ONLY,SOURCE_LEMMA_ONLY_NOT_SENSE_OR_POS,UNREVIEWED_NOT_SEMANTICALLY_APPROVED,NOT_CLEARED,true
lex:C1:probe,C1,probe,NGSL_SFI_31K_EXTENSION,probe,3376,EXACT_HEADWORD_FORM_ONLY,SOURCE_LEMMA_ONLY_NOT_SENSE_OR_POS,UNREVIEWED_NOT_SEMANTICALLY_APPROVED,NOT_CLEARED,true
lex:C1:problematic,C1,problematic,NGSL_SFI_31K_EXTENSION,problematic,4577,EXACT_HEADWORD_FORM_ONLY,SOURCE_LEMMA_ONLY_NOT_SENSE_OR_POS,UNREVIEWED_NOT_SEMANTICALLY_APPROVED,NOT_CLEARED,true
lex:C1:proceedings,C1,proceedings,NO_DIRECT_SOURCE_LEMMA,,,NO_DIRECT_MATCH,SOURCE_LEMMA_ONLY_NOT_SENSE_OR_POS,UNREVIEWED_NOT_SEMANTICALLY_APPROVED,NOT_CLEARED,true
lex:C1:proceeds,C1,proceeds,NO_DIRECT_SOURCE_LEMMA,,,NO_DIRECT_MATCH,SOURCE_LEMMA_ONLY_NOT_SENSE_OR_POS,UNREVIEWED_NOT_SEMANTICALLY_APPROVED,NOT_CLEARED,true
lex:C1:processing,C1,processing,NO_DIRECT_SOURCE_LEMMA,,,NO_DIRECT_MATCH,SOURCE_LEMMA_ONLY_NOT_SENSE_OR_POS,UNREVIEWED_NOT_SEMANTICALLY_APPROVED,NOT_CLEARED,true
lex:C1:processor,C1,processor,NGSL_SFI_31K_EXTENSION,processor,3463,EXACT_HEADWORD_FORM_ONLY,SOURCE_LEMMA_ONLY_NOT_SENSE_OR_POS,UNREVIEWED_NOT_SEMANTICALLY_APPROVED,NOT_CLEARED,true
lex:C1:proclaim,C1,proclaim,NGSL_SFI_31K_EXTENSION,proclaim,4691,EXACT_HEADWORD_FORM_ONLY,SOURCE_LEMMA_ONLY_NOT_SENSE_OR_POS,UNREVIEWED_NOT_SEMANTICALLY_APPROVED,NOT_CLEARED,true
lex:C1:productive,C1,productive,NGSL_SFI_31K_EXTENSION,productive,3056,EXACT_HEADWORD_FORM_ONLY,SOURCE_LEMMA_ONLY_NOT_SENSE_OR_POS,UNREVIEWED_NOT_SEMANTICALLY_APPROVED,NOT_CLEARED,true
lex:C1:productivity,C1,productivity,NGSL_SFI_31K_EXTENSION,productivity,2752,EXACT_HEADWORD_FORM_ONLY,SOURCE_LEMMA_ONLY_NOT_SENSE_OR_POS,UNREVIEWED_NOT_SEMANTICALLY_APPROVED,NOT_CLEARED,true
lex:C1:profitable,C1,profitable,NGSL_SFI_31K_EXTENSION,profitable,3447,EXACT_HEADWORD_FORM_ONLY,SOURCE_LEMMA_ONLY_NOT_SENSE_OR_POS,UNREVIEWED_NOT_SEMANTICALLY_APPROVED,NOT_CLEARED,true
lex:C1:profound,C1,profound,NGSL_SFI_31K_EXTENSION,profound,3634,EXACT_HEADWORD_FORM_ONLY,SOURCE_LEMMA_ONLY_NOT_SENSE_OR_POS,UNREVIEWED_NOT_SEMANTICALLY_APPROVED,NOT_CLEARED,true
lex:C1:projection,C1,projection,NGSL_SFI_31K_EXTENSION,projection,3503,EXACT_HEADWORD_FORM_ONLY,SOURCE_LEMMA_ONLY_NOT_SENSE_OR_POS,UNREVIEWED_NOT_SEMANTICALLY_APPROVED,NOT_CLEARED,true
lex:C1:prominent,C1,prominent,NGSL_SFI_31K_EXTENSION,prominent,2783,EXACT_HEADWORD_FORM_ONLY,SOURCE_LEMMA_ONLY_NOT_SENSE_OR_POS,UNREVIEWED_NOT_SEMANTICALLY_APPROVED,NOT_CLEARED,true
lex:C1:pronounced,C1,pronounced,NO_DIRECT_SOURCE_LEMMA,,,NO_DIRECT_MATCH,SOURCE_LEMMA_ONLY_NOT_SENSE_OR_POS,UNREVIEWED_NOT_SEMANTICALLY_APPROVED,NOT_CLEARED,true
lex:C1:propaganda,C1,propaganda,NGSL_SFI_31K_EXTENSION,propaganda,5018,EXACT_HEADWORD_FORM_ONLY,SOURCE_LEMMA_ONLY_NOT_SENSE_OR_POS,UNREVIEWED_NOT_SEMANTICALLY_APPROVED,NOT_CLEARED,true
lex:C1:proposition,C1,proposition,NGSL_SFI_31K_EXTENSION,proposition,3107,EXACT_HEADWORD_FORM_ONLY,SOURCE_LEMMA_ONLY_NOT_SENSE_OR_POS,UNREVIEWED_NOT_SEMANTICALLY_APPROVED,NOT_CLEARED,true
lex:C1:prosecute,C1,prosecute,NGSL_SFI_31K_EXTENSION,prosecute,4769,EXACT_HEADWORD_FORM_ONLY,SOURCE_LEMMA_ONLY_NOT_SENSE_OR_POS,UNREVIEWED_NOT_SEMANTICALLY_APPROVED,NOT_CLEARED,true
lex:C1:prosecution,C1,prosecution,NGSL_SFI_31K_EXTENSION,prosecution,3874,EXACT_HEADWORD_FORM_ONLY,SOURCE_LEMMA_ONLY_NOT_SENSE_OR_POS,UNREVIEWED_NOT_SEMANTICALLY_APPROVED,NOT_CLEARED,true
lex:C1:prosecutor,C1,prosecutor,NGSL_SFI_31K_EXTENSION,prosecutor,3946,EXACT_HEADWORD_FORM_ONLY,SOURCE_LEMMA_ONLY_NOT_SENSE_OR_POS,UNREVIEWED_NOT_SEMANTICALLY_APPROVED,NOT_CLEARED,true
lex:C1:prospective,C1,prospective,NGSL_SFI_31K_EXTENSION,prospective,4173,EXACT_HEADWORD_FORM_ONLY,SOURCE_LEMMA_ONLY_NOT_SENSE_OR_POS,UNREVIEWED_NOT_SEMANTICALLY_APPROVED,NOT_CLEARED,true
lex:C1:prosperity,C1,prosperity,NGSL_SFI_31K_EXTENSION,prosperity,4570,EXACT_HEADWORD_FORM_ONLY,SOURCE_LEMMA_ONLY_NOT_SENSE_OR_POS,UNREVIEWED_NOT_SEMANTICALLY_APPROVED,NOT_CLEARED,true
lex:C1:protective,C1,protective,NGSL_SFI_31K_EXTENSION,protective,3844,EXACT_HEADWORD_FORM_ONLY,SOURCE_LEMMA_ONLY_NOT_SENSE_OR_POS,UNREVIEWED_NOT_SEMANTICALLY_APPROVED,NOT_CLEARED,true
lex:C1:protocol,C1,protocol,NGSL_SFI_31K_EXTENSION,protocol,4418,EXACT_HEADWORD_FORM_ONLY,SOURCE_LEMMA_ONLY_NOT_SENSE_OR_POS,UNREVIEWED_NOT_SEMANTICALLY_APPROVED,NOT_CLEARED,true
lex:C1:province,C1,province,NGSL_1_2_CORE,province,2452,EXACT_HEADWORD_FORM_ONLY,SOURCE_LEMMA_ONLY_NOT_SENSE_OR_POS,UNREVIEWED_NOT_SEMANTICALLY_APPROVED,NOT_CLEARED,true
lex:C1:provincial,C1,provincial,NGSL_SFI_31K_EXTENSION,provincial,4742,EXACT_HEADWORD_FORM_ONLY,SOURCE_LEMMA_ONLY_NOT_SENSE_OR_POS,UNREVIEWED_NOT_SEMANTICALLY_APPROVED,NOT_CLEARED,true
lex:C1:provision,C1,provision,NGSL_1_2_CORE,provision,1540,EXACT_HEADWORD_FORM_ONLY,SOURCE_LEMMA_ONLY_NOT_SENSE_OR_POS,UNREVIEWED_NOT_SEMANTICALLY_APPROVED,NOT_CLEARED,true
lex:C1:provoke,C1,provoke,NGSL_SFI_31K_EXTENSION,provoke,3586,EXACT_HEADWORD_FORM_ONLY,SOURCE_LEMMA_ONLY_NOT_SENSE_OR_POS,UNREVIEWED_NOT_SEMANTICALLY_APPROVED,NOT_CLEARED,true
lex:C1:psychiatric,C1,psychiatric,NGSL_SFI_31K_EXTENSION,psychiatric,4913,EXACT_HEADWORD_FORM_ONLY,SOURCE_LEMMA_ONLY_NOT_SENSE_OR_POS,UNREVIEWED_NOT_SEMANTICALLY_APPROVED,NOT_CLEARED,true
lex:C1:pulse,C1,pulse,NGSL_SFI_31K_EXTENSION,pulse,3747,EXACT_HEADWORD_FORM_ONLY,SOURCE_LEMMA_ONLY_NOT_SENSE_OR_POS,UNREVIEWED_NOT_SEMANTICALLY_APPROVED,NOT_CLEARED,true
lex:C1:pump,C1,pump,NGSL_1_2_CORE,pump,2475,EXACT_HEADWORD_FORM_ONLY,SOURCE_LEMMA_ONLY_NOT_SENSE_OR_POS,UNREVIEWED_NOT_SEMANTICALLY_APPROVED,NOT_CLEARED,true
lex:C1:punch,C1,punch,NGSL_SFI_31K_EXTENSION,punch,3319,EXACT_HEADWORD_FORM_ONLY,SOURCE_LEMMA_ONLY_NOT_SENSE_OR_POS,UNREVIEWED_NOT_SEMANTICALLY_APPROVED,NOT_CLEARED,true
lex:C1:query,C1,query,NGSL_SFI_31K_EXTENSION,query,3354,EXACT_HEADWORD_FORM_ONLY,SOURCE_LEMMA_ONLY_NOT_SENSE_OR_POS,UNREVIEWED_NOT_SEMANTICALLY_APPROVED,NOT_CLEARED,true
lex:C1:quest,C1,quest,NGSL_SFI_31K_EXTENSION,quest,4637,EXACT_HEADWORD_FORM_ONLY,SOURCE_LEMMA_ONLY_NOT_SENSE_OR_POS,UNREVIEWED_NOT_SEMANTICALLY_APPROVED,NOT_CLEARED,true
lex:C1:quota,C1,quota,NGSL_SFI_31K_EXTENSION,quota,4991,EXACT_HEADWORD_FORM_ONLY,SOURCE_LEMMA_ONLY_NOT_SENSE_OR_POS,UNREVIEWED_NOT_SEMANTICALLY_APPROVED,NOT_CLEARED,true
lex:C1:radar,C1,radar,NGSL_SFI_31K_EXTENSION,radar,5114,EXACT_HEADWORD_FORM_ONLY,SOURCE_LEMMA_ONLY_NOT_SENSE_OR_POS,UNREVIEWED_NOT_SEMANTICALLY_APPROVED,NOT_CLEARED,true
lex:C1:radical,C1,radical,NGSL_1_2_CORE,radical,2246,EXACT_HEADWORD_FORM_ONLY,SOURCE_LEMMA_ONLY_NOT_SENSE_OR_POS,UNREVIEWED_NOT_SEMANTICALLY_APPROVED,NOT_CLEARED,true
lex:C1:rage,C1,rage,NGSL_SFI_31K_EXTENSION,rage,3248,EXACT_HEADWORD_FORM_ONLY,SOURCE_LEMMA_ONLY_NOT_SENSE_OR_POS,UNREVIEWED_NOT_SEMANTICALLY_APPROVED,NOT_CLEARED,true
lex:C1:raid,C1,raid,NGSL_SFI_31K_EXTENSION,raid,3174,EXACT_HEADWORD_FORM_ONLY,SOURCE_LEMMA_ONLY_NOT_SENSE_OR_POS,UNREVIEWED_NOT_SEMANTICALLY_APPROVED,NOT_CLEARED,true
lex:C1:rally,C1,rally,NGSL_SFI_31K_EXTENSION,rally,2890,EXACT_HEADWORD_FORM_ONLY,SOURCE_LEMMA_ONLY_NOT_SENSE_OR_POS,UNREVIEWED_NOT_SEMANTICALLY_APPROVED,NOT_CLEARED,true
lex:C1:ranking,C1,ranking,NO_DIRECT_SOURCE_LEMMA,,,NO_DIRECT_MATCH,SOURCE_LEMMA_ONLY_NOT_SENSE_OR_POS,UNREVIEWED_NOT_SEMANTICALLY_APPROVED,NOT_CLEARED,true
lex:C1:rape,C1,rape,NGSL_SFI_31K_EXTENSION,rape,3034,EXACT_HEADWORD_FORM_ONLY,SOURCE_LEMMA_ONLY_NOT_SENSE_OR_POS,UNREVIEWED_NOT_SEMANTICALLY_APPROVED,NOT_CLEARED,true
lex:C1:ratio,C1,ratio,NGSL_1_2_CORE,ratio,2160,EXACT_HEADWORD_FORM_ONLY,SOURCE_LEMMA_ONLY_NOT_SENSE_OR_POS,UNREVIEWED_NOT_SEMANTICALLY_APPROVED,NOT_CLEARED,true
lex:C1:rational,C1,rational,NGSL_SFI_31K_EXTENSION,rational,3364,EXACT_HEADWORD_FORM_ONLY,SOURCE_LEMMA_ONLY_NOT_SENSE_OR_POS,UNREVIEWED_NOT_SEMANTICALLY_APPROVED,NOT_CLEARED,true
lex:C1:ray,C1,ray,NGSL_SFI_31K_EXTENSION,ray,4397,EXACT_HEADWORD_FORM_ONLY,SOURCE_LEMMA_ONLY_NOT_SENSE_OR_POS,UNREVIEWED_NOT_SEMANTICALLY_APPROVED,NOT_CLEARED,true
lex:C1:readily,C1,readily,NGSL_SFI_31K_EXTENSION,readily,3304,EXACT_HEADWORD_FORM_ONLY,SOURCE_LEMMA_ONLY_NOT_SENSE_OR_POS,UNREVIEWED_NOT_SEMANTICALLY_APPROVED,NOT_CLEARED,true
lex:C1:realization,C1,realization,NGSL_SFI_31K_EXTENSION,realization,4246,EXACT_HEADWORD_FORM_ONLY,SOURCE_LEMMA_ONLY_NOT_SENSE_OR_POS,UNREVIEWED_NOT_SEMANTICALLY_APPROVED,NOT_CLEARED,true
lex:C1:realm,C1,realm,NGSL_SFI_31K_EXTENSION,realm,4164,EXACT_HEADWORD_FORM_ONLY,SOURCE_LEMMA_ONLY_NOT_SENSE_OR_POS,UNREVIEWED_NOT_SEMANTICALLY_APPROVED,NOT_CLEARED,true
lex:C1:rear,C1,rear,NGSL_1_2_CORE,rear,2596,EXACT_HEADWORD_FORM_ONLY,SOURCE_LEMMA_ONLY_NOT_SENSE_OR_POS,UNREVIEWED_NOT_SEMANTICALLY_APPROVED,NOT_CLEARED,true
lex:C1:reasoning,C1,reasoning,NO_DIRECT_SOURCE_LEMMA,,,NO_DIRECT_MATCH,SOURCE_LEMMA_ONLY_NOT_SENSE_OR_POS,UNREVIEWED_NOT_SEMANTICALLY_APPROVED,NOT_CLEARED,true
lex:C1:reassure,C1,reassure,NGSL_SFI_31K_EXTENSION,reassure,3777,EXACT_HEADWORD_FORM_ONLY,SOURCE_LEMMA_ONLY_NOT_SENSE_OR_POS,UNREVIEWED_NOT_SEMANTICALLY_APPROVED,NOT_CLEARED,true
lex:C1:rebel,C1,rebel,NGSL_SFI_31K_EXTENSION,rebel,3100,EXACT_HEADWORD_FORM_ONLY,SOURCE_LEMMA_ONLY_NOT_SENSE_OR_POS,UNREVIEWED_NOT_SEMANTICALLY_APPROVED,NOT_CLEARED,true
lex:C1:rebellion,C1,rebellion,NGSL_SFI_31K_EXTENSION,rebellion,5324,EXACT_HEADWORD_FORM_ONLY,SOURCE_LEMMA_ONLY_NOT_SENSE_OR_POS,UNREVIEWED_NOT_SEMANTICALLY_APPROVED,NOT_CLEARED,true
lex:C1:recipient,C1,recipient,NGSL_SFI_31K_EXTENSION,recipient,3892,EXACT_HEADWORD_FORM_ONLY,SOURCE_LEMMA_ONLY_NOT_SENSE_OR_POS,UNREVIEWED_NOT_SEMANTICALLY_APPROVED,NOT_CLEARED,true
lex:C1:reconstruction,C1,reconstruction,NGSL_SFI_31K_EXTENSION,reconstruction,4332,EXACT_HEADWORD_FORM_ONLY,SOURCE_LEMMA_ONLY_NOT_SENSE_OR_POS,UNREVIEWED_NOT_SEMANTICALLY_APPROVED,NOT_CLEARED,true
lex:C1:recount,C1,recount¹,NGSL_SFI_31K_EXTENSION,recount,5194,HEADWORD_NORMALIZED_REQUIRES_REVIEW,SOURCE_LEMMA_ONLY_NOT_SENSE_OR_POS,UNREVIEWED_NOT_SEMANTICALLY_APPROVED,NOT_CLEARED,true
lex:C1:referendum,C1,referendum,NGSL_SFI_31K_EXTENSION,referendum,5120,EXACT_HEADWORD_FORM_ONLY,SOURCE_LEMMA_ONLY_NOT_SENSE_OR_POS,UNREVIEWED_NOT_SEMANTICALLY_APPROVED,NOT_CLEARED,true
lex:C1:reflection,C1,reflection,NGSL_1_2_CORE,reflection,2675,EXACT_HEADWORD_FORM_ONLY,SOURCE_LEMMA_ONLY_NOT_SENSE_OR_POS,UNREVIEWED_NOT_SEMANTICALLY_APPROVED,NOT_CLEARED,true
lex:C1:reform,C1,reform,NGSL_1_2_CORE,reform,1215,EXACT_HEADWORD_FORM_ONLY,SOURCE_LEMMA_ONLY_NOT_SENSE_OR_POS,UNREVIEWED_NOT_SEMANTICALLY_APPROVED,NOT_CLEARED,true
lex:C1:refuge,C1,refuge,NGSL_SFI_31K_EXTENSION,refuge,5188,EXACT_HEADWORD_FORM_ONLY,SOURCE_LEMMA_ONLY_NOT_SENSE_OR_POS,UNREVIEWED_NOT_SEMANTICALLY_APPROVED,NOT_CLEARED,true
lex:C1:refusal,C1,refusal,NGSL_SFI_31K_EXTENSION,refusal,4216,EXACT_HEADWORD_FORM_ONLY,SOURCE_LEMMA_ONLY_NOT_SENSE_OR_POS,UNREVIEWED_NOT_SEMANTICALLY_APPROVED,NOT_CLEARED,true
lex:C1:regain,C1,regain,NGSL_SFI_31K_EXTENSION,regain,4330,EXACT_HEADWORD_FORM_ONLY,SOURCE_LEMMA_ONLY_NOT_SENSE_OR_POS,UNREVIEWED_NOT_SEMANTICALLY_APPROVED,NOT_CLEARED,true
lex:C1:regardless,C1,regardless,NGSL_1_2_CORE,regardless,2610,EXACT_HEADWORD_FORM_ONLY,SOURCE_LEMMA_ONLY_NOT_SENSE_OR_POS,UNREVIEWED_NOT_SEMANTICALLY_APPROVED,NOT_CLEARED,true
lex:C1:regime,C1,regime,NGSL_SFI_31K_EXTENSION,regime,2041,EXACT_HEADWORD_FORM_ONLY,SOURCE_LEMMA_ONLY_NOT_SENSE_OR_POS,UNREVIEWED_NOT_SEMANTICALLY_APPROVED,NOT_CLEARED,true
lex:C1:regulator,C1,regulator,NGSL_SFI_31K_EXTENSION,regulator,4745,EXACT_HEADWORD_FORM_ONLY,SOURCE_LEMMA_ONLY_NOT_SENSE_OR_POS,UNREVIEWED_NOT_SEMANTICALLY_APPROVED,NOT_CLEARED,true
lex:C1:regulatory,C1,regulatory,NGSL_SFI_31K_EXTENSION,regulatory,3500,EXACT_HEADWORD_FORM_ONLY,SOURCE_LEMMA_ONLY_NOT_SENSE_OR_POS,UNREVIEWED_NOT_SEMANTICALLY_APPROVED,NOT_CLEARED,true
lex:C1:rehabilitation,C1,rehabilitation,NGSL_SFI_31K_EXTENSION,rehabilitation,6135,EXACT_HEADWORD_FORM_ONLY,SOURCE_LEMMA_ONLY_NOT_SENSE_OR_POS,UNREVIEWED_NOT_SEMANTICALLY_APPROVED,NOT_CLEARED,true
lex:C1:reign,C1,reign,NGSL_SFI_31K_EXTENSION,reign,3982,EXACT_HEADWORD_FORM_ONLY,SOURCE_LEMMA_ONLY_NOT_SENSE_OR_POS,UNREVIEWED_NOT_SEMANTICALLY_APPROVED,NOT_CLEARED,true
lex:C1:rejection,C1,rejection,NGSL_SFI_31K_EXTENSION,rejection,4195,EXACT_HEADWORD_FORM_ONLY,SOURCE_LEMMA_ONLY_NOT_SENSE_OR_POS,UNREVIEWED_NOT_SEMANTICALLY_APPROVED,NOT_CLEARED,true
lex:C1:relevance,C1,relevance,NGSL_SFI_31K_EXTENSION,relevance,4315,EXACT_HEADWORD_FORM_ONLY,SOURCE_LEMMA_ONLY_NOT_SENSE_OR_POS,UNREVIEWED_NOT_SEMANTICALLY_APPROVED,NOT_CLEARED,true
lex:C1:reliability,C1,reliability,NGSL_SFI_31K_EXTENSION,reliability,3589,EXACT_HEADWORD_FORM_ONLY,SOURCE_LEMMA_ONLY_NOT_SENSE_OR_POS,UNREVIEWED_NOT_SEMANTICALLY_APPROVED,NOT_CLEARED,true
lex:C1:reluctant,C1,reluctant,NGSL_SFI_31K_EXTENSION,reluctant,3425,EXACT_HEADWORD_FORM_ONLY,SOURCE_LEMMA_ONLY_NOT_SENSE_OR_POS,UNREVIEWED_NOT_SEMANTICALLY_APPROVED,NOT_CLEARED,true
lex:C1:remainder,C1,remainder,NGSL_SFI_31K_EXTENSION,remainder,4385,EXACT_HEADWORD_FORM_ONLY,SOURCE_LEMMA_ONLY_NOT_SENSE_OR_POS,UNREVIEWED_NOT_SEMANTICALLY_APPROVED,NOT_CLEARED,true
lex:C1:remains,C1,remains,NO_DIRECT_SOURCE_LEMMA,,,NO_DIRECT_MATCH,SOURCE_LEMMA_ONLY_NOT_SENSE_OR_POS,UNREVIEWED_NOT_SEMANTICALLY_APPROVED,NOT_CLEARED,true
lex:C1:remedy,C1,remedy,NGSL_SFI_31K_EXTENSION,remedy,3581,EXACT_HEADWORD_FORM_ONLY,SOURCE_LEMMA_ONLY_NOT_SENSE_OR_POS,UNREVIEWED_NOT_SEMANTICALLY_APPROVED,NOT_CLEARED,true
lex:C1:reminder,C1,reminder,NGSL_SFI_31K_EXTENSION,reminder,4076,EXACT_HEADWORD_FORM_ONLY,SOURCE_LEMMA_ONLY_NOT_SENSE_OR_POS,UNREVIEWED_NOT_SEMANTICALLY_APPROVED,NOT_CLEARED,true
lex:C1:removal,C1,removal,NGSL_SFI_31K_EXTENSION,removal,3402,EXACT_HEADWORD_FORM_ONLY,SOURCE_LEMMA_ONLY_NOT_SENSE_OR_POS,UNREVIEWED_NOT_SEMANTICALLY_APPROVED,NOT_CLEARED,true
lex:C1:render,C1,render,NGSL_SFI_31K_EXTENSION,render,2919,EXACT_HEADWORD_FORM_ONLY,SOURCE_LEMMA_ONLY_NOT_SENSE_OR_POS,UNREVIEWED_NOT_SEMANTICALLY_APPROVED,NOT_CLEARED,true
lex:C1:renew,C1,renew,NGSL_SFI_31K_EXTENSION,renew,3050,EXACT_HEADWORD_FORM_ONLY,SOURCE_LEMMA_ONLY_NOT_SENSE_OR_POS,UNREVIEWED_NOT_SEMANTICALLY_APPROVED,NOT_CLEARED,true
lex:C1:renowned,C1,renowned,NO_DIRECT_SOURCE_LEMMA,,,NO_DIRECT_MATCH,SOURCE_LEMMA_ONLY_NOT_SENSE_OR_POS,UNREVIEWED_NOT_SEMANTICALLY_APPROVED,NOT_CLEARED,true
lex:C1:rental,C1,rental,NGSL_SFI_31K_EXTENSION,rental,4367,EXACT_HEADWORD_FORM_ONLY,SOURCE_LEMMA_ONLY_NOT_SENSE_OR_POS,UNREVIEWED_NOT_SEMANTICALLY_APPROVED,NOT_CLEARED,true
lex:C1:replacement,C1,replacement,NGSL_SFI_31K_EXTENSION,replacement,2900,EXACT_HEADWORD_FORM_ONLY,SOURCE_LEMMA_ONLY_NOT_SENSE_OR_POS,UNREVIEWED_NOT_SEMANTICALLY_APPROVED,NOT_CLEARED,true
lex:C1:reportedly,C1,reportedly,NGSL_SFI_31K_EXTENSION,reportedly,4321,EXACT_HEADWORD_FORM_ONLY,SOURCE_LEMMA_ONLY_NOT_SENSE_OR_POS,UNREVIEWED_NOT_SEMANTICALLY_APPROVED,NOT_CLEARED,true
lex:C1:representation,C1,representation,NGSL_1_2_CORE,representation,2027,EXACT_HEADWORD_FORM_ONLY,SOURCE_LEMMA_ONLY_NOT_SENSE_OR_POS,UNREVIEWED_NOT_SEMANTICALLY_APPROVED,NOT_CLEARED,true
lex:C1:reproduce,C1,reproduce,NGSL_SFI_31K_EXTENSION,reproduce,3995,EXACT_HEADWORD_FORM_ONLY,SOURCE_LEMMA_ONLY_NOT_SENSE_OR_POS,UNREVIEWED_NOT_SEMANTICALLY_APPROVED,NOT_CLEARED,true
lex:C1:reproduction,C1,reproduction,NGSL_SFI_31K_EXTENSION,reproduction,4933,EXACT_HEADWORD_FORM_ONLY,SOURCE_LEMMA_ONLY_NOT_SENSE_OR_POS,UNREVIEWED_NOT_SEMANTICALLY_APPROVED,NOT_CLEARED,true
lex:C1:republic,C1,republic,NGSL_SFI_31K_EXTENSION,republic,3686,EXACT_HEADWORD_FORM_ONLY,SOURCE_LEMMA_ONLY_NOT_SENSE_OR_POS,UNREVIEWED_NOT_SEMANTICALLY_APPROVED,NOT_CLEARED,true
lex:C1:resemble,C1,resemble,NGSL_SFI_31K_EXTENSION,resemble,3366,EXACT_HEADWORD_FORM_ONLY,SOURCE_LEMMA_ONLY_NOT_SENSE_OR_POS,UNREVIEWED_NOT_SEMANTICALLY_APPROVED,NOT_CLEARED,true
lex:C1:reside,C1,reside,NGSL_SFI_31K_EXTENSION,reside,4888,EXACT_HEADWORD_FORM_ONLY,SOURCE_LEMMA_ONLY_NOT_SENSE_OR_POS,UNREVIEWED_NOT_SEMANTICALLY_APPROVED,NOT_CLEARED,true
lex:C1:residence,C1,residence,NGSL_SFI_31K_EXTENSION,residence,3374,EXACT_HEADWORD_FORM_ONLY,SOURCE_LEMMA_ONLY_NOT_SENSE_OR_POS,UNREVIEWED_NOT_SEMANTICALLY_APPROVED,NOT_CLEARED,true
lex:C1:residential,C1,residential,NGSL_SFI_31K_EXTENSION,residential,3030,EXACT_HEADWORD_FORM_ONLY,SOURCE_LEMMA_ONLY_NOT_SENSE_OR_POS,UNREVIEWED_NOT_SEMANTICALLY_APPROVED,NOT_CLEARED,true
lex:C1:residue,C1,residue,NGSL_SFI_31K_EXTENSION,residue,5492,EXACT_HEADWORD_FORM_ONLY,SOURCE_LEMMA_ONLY_NOT_SENSE_OR_POS,UNREVIEWED_NOT_SEMANTICALLY_APPROVED,NOT_CLEARED,true
lex:C1:resignation,C1,resignation,NGSL_SFI_31K_EXTENSION,resignation,3788,EXACT_HEADWORD_FORM_ONLY,SOURCE_LEMMA_ONLY_NOT_SENSE_OR_POS,UNREVIEWED_NOT_SEMANTICALLY_APPROVED,NOT_CLEARED,true
lex:C1:resistance,C1,resistance,NGSL_1_2_CORE,resistance,2293,EXACT_HEADWORD_FORM_ONLY,SOURCE_LEMMA_ONLY_NOT_SENSE_OR_POS,UNREVIEWED_NOT_SEMANTICALLY_APPROVED,NOT_CLEARED,true
lex:C1:respective,C1,respective,NGSL_SFI_31K_EXTENSION,respective,4003,EXACT_HEADWORD_FORM_ONLY,SOURCE_LEMMA_ONLY_NOT_SENSE_OR_POS,UNREVIEWED_NOT_SEMANTICALLY_APPROVED,NOT_CLEARED,true
lex:C1:respectively,C1,respectively,NGSL_1_2_CORE,respectively,2018,EXACT_HEADWORD_FORM_ONLY,SOURCE_LEMMA_ONLY_NOT_SENSE_OR_POS,UNREVIEWED_NOT_SEMANTICALLY_APPROVED,NOT_CLEARED,true
lex:C1:restoration,C1,restoration,NGSL_SFI_31K_EXTENSION,restoration,4362,EXACT_HEADWORD_FORM_ONLY,SOURCE_LEMMA_ONLY_NOT_SENSE_OR_POS,UNREVIEWED_NOT_SEMANTICALLY_APPROVED,NOT_CLEARED,true
lex:C1:restraint,C1,restraint,NGSL_SFI_31K_EXTENSION,restraint,4517,EXACT_HEADWORD_FORM_ONLY,SOURCE_LEMMA_ONLY_NOT_SENSE_OR_POS,UNREVIEWED_NOT_SEMANTICALLY_APPROVED,NOT_CLEARED,true
lex:C1:resume,C1,resume,NGSL_SFI_31K_EXTENSION,resume,2982,EXACT_HEADWORD_FORM_ONLY,SOURCE_LEMMA_ONLY_NOT_SENSE_OR_POS,UNREVIEWED_NOT_SEMANTICALLY_APPROVED,NOT_CLEARED,true
lex:C1:retreat,C1,retreat,NGSL_SFI_31K_EXTENSION,retreat,3382,EXACT_HEADWORD_FORM_ONLY,SOURCE_LEMMA_ONLY_NOT_SENSE_OR_POS,UNREVIEWED_NOT_SEMANTICALLY_APPROVED,NOT_CLEARED,true
lex:C1:retrieve,C1,retrieve,NGSL_SFI_31K_EXTENSION,retrieve,4663,EXACT_HEADWORD_FORM_ONLY,SOURCE_LEMMA_ONLY_NOT_SENSE_OR_POS,UNREVIEWED_NOT_SEMANTICALLY_APPROVED,NOT_CLEARED,true
lex:C1:revelation,C1,revelation,NGSL_SFI_31K_EXTENSION,revelation,4335,EXACT_HEADWORD_FORM_ONLY,SOURCE_LEMMA_ONLY_NOT_SENSE_OR_POS,UNREVIEWED_NOT_SEMANTICALLY_APPROVED,NOT_CLEARED,true
lex:C1:revenge,C1,revenge,NGSL_SFI_31K_EXTENSION,revenge,4646,EXACT_HEADWORD_FORM_ONLY,SOURCE_LEMMA_ONLY_NOT_SENSE_OR_POS,UNREVIEWED_NOT_SEMANTICALLY_APPROVED,NOT_CLEARED,true
lex:C1:reverse,C1,reverse,NGSL_1_2_CORE,reverse,2203,EXACT_HEADWORD_FORM_ONLY,SOURCE_LEMMA_ONLY_NOT_SENSE_OR_POS,UNREVIEWED_NOT_SEMANTICALLY_APPROVED,NOT_CLEARED,true
lex:C1:revival,C1,revival,NGSL_SFI_31K_EXTENSION,revival,5086,EXACT_HEADWORD_FORM_ONLY,SOURCE_LEMMA_ONLY_NOT_SENSE_OR_POS,UNREVIEWED_NOT_SEMANTICALLY_APPROVED,NOT_CLEARED,true
lex:C1:revive,C1,revive,NGSL_SFI_31K_EXTENSION,revive,3928,EXACT_HEADWORD_FORM_ONLY,SOURCE_LEMMA_ONLY_NOT_SENSE_OR_POS,UNREVIEWED_NOT_SEMANTICALLY_APPROVED,NOT_CLEARED,true
lex:C1:revolutionary,C1,revolutionary,NGSL_SFI_31K_EXTENSION,revolutionary,3502,EXACT_HEADWORD_FORM_ONLY,SOURCE_LEMMA_ONLY_NOT_SENSE_OR_POS,UNREVIEWED_NOT_SEMANTICALLY_APPROVED,NOT_CLEARED,true
lex:C1:rhetoric,C1,rhetoric,NGSL_SFI_31K_EXTENSION,rhetoric,4037,EXACT_HEADWORD_FORM_ONLY,SOURCE_LEMMA_ONLY_NOT_SENSE_OR_POS,UNREVIEWED_NOT_SEMANTICALLY_APPROVED,NOT_CLEARED,true
lex:C1:rifle,C1,rifle,NGSL_SFI_31K_EXTENSION,rifle,4564,EXACT_HEADWORD_FORM_ONLY,SOURCE_LEMMA_ONLY_NOT_SENSE_OR_POS,UNREVIEWED_NOT_SEMANTICALLY_APPROVED,NOT_CLEARED,true
lex:C1:riot,C1,riot,NGSL_SFI_31K_EXTENSION,riot,3620,EXACT_HEADWORD_FORM_ONLY,SOURCE_LEMMA_ONLY_NOT_SENSE_OR_POS,UNREVIEWED_NOT_SEMANTICALLY_APPROVED,NOT_CLEARED,true
lex:C1:rip,C1,rip,NGSL_SFI_31K_EXTENSION,rip,3780,EXACT_HEADWORD_FORM_ONLY,SOURCE_LEMMA_ONLY_NOT_SENSE_OR_POS,UNREVIEWED_NOT_SEMANTICALLY_APPROVED,NOT_CLEARED,true
lex:C1:ritual,C1,ritual,NGSL_SFI_31K_EXTENSION,ritual,3220,EXACT_HEADWORD_FORM_ONLY,SOURCE_LEMMA_ONLY_NOT_SENSE_OR_POS,UNREVIEWED_NOT_SEMANTICALLY_APPROVED,NOT_CLEARED,true
lex:C1:robust,C1,robust,NGSL_SFI_31K_EXTENSION,robust,4597,EXACT_HEADWORD_FORM_ONLY,SOURCE_LEMMA_ONLY_NOT_SENSE_OR_POS,UNREVIEWED_NOT_SEMANTICALLY_APPROVED,NOT_CLEARED,true
lex:C1:rock,C1,rock,NGSL_1_2_CORE,rock,965,EXACT_HEADWORD_FORM_ONLY,SOURCE_LEMMA_ONLY_NOT_SENSE_OR_POS,UNREVIEWED_NOT_SEMANTICALLY_APPROVED,NOT_CLEARED,true
lex:C1:rod,C1,rod,NGSL_SFI_31K_EXTENSION,rod,4725,EXACT_HEADWORD_FORM_ONLY,SOURCE_LEMMA_ONLY_NOT_SENSE_OR_POS,UNREVIEWED_NOT_SEMANTICALLY_APPROVED,NOT_CLEARED,true
lex:C1:rotate,C1,rotate,NGSL_SFI_31K_EXTENSION,rotate,4861,EXACT_HEADWORD_FORM_ONLY,SOURCE_LEMMA_ONLY_NOT_SENSE_OR_POS,UNREVIEWED_NOT_SEMANTICALLY_APPROVED,NOT_CLEARED,true
lex:C1:rotation,C1,rotation,NGSL_SFI_31K_EXTENSION,rotation,4908,EXACT_HEADWORD_FORM_ONLY,SOURCE_LEMMA_ONLY_NOT_SENSE_OR_POS,UNREVIEWED_NOT_SEMANTICALLY_APPROVED,NOT_CLEARED,true
lex:C1:ruling,C1,ruling,NO_DIRECT_SOURCE_LEMMA,,,NO_DIRECT_MATCH,SOURCE_LEMMA_ONLY_NOT_SENSE_OR_POS,UNREVIEWED_NOT_SEMANTICALLY_APPROVED,NOT_CLEARED,true
lex:C1:rumour,C1,rumour,NO_DIRECT_SOURCE_LEMMA,,,NO_DIRECT_MATCH,SOURCE_LEMMA_ONLY_NOT_SENSE_OR_POS,UNREVIEWED_NOT_SEMANTICALLY_APPROVED,NOT_CLEARED,true
lex:C1:sack,C1,sack,NGSL_SFI_31K_EXTENSION,sack,3545,EXACT_HEADWORD_FORM_ONLY,SOURCE_LEMMA_ONLY_NOT_SENSE_OR_POS,UNREVIEWED_NOT_SEMANTICALLY_APPROVED,NOT_CLEARED,true
lex:C1:sacred,C1,sacred,NGSL_SFI_31K_EXTENSION,sacred,4394,EXACT_HEADWORD_FORM_ONLY,SOURCE_LEMMA_ONLY_NOT_SENSE_OR_POS,UNREVIEWED_NOT_SEMANTICALLY_APPROVED,NOT_CLEARED,true
lex:C1:sacrifice,C1,sacrifice,NGSL_SFI_31K_EXTENSION,sacrifice,2801,EXACT_HEADWORD_FORM_ONLY,SOURCE_LEMMA_ONLY_NOT_SENSE_OR_POS,UNREVIEWED_NOT_SEMANTICALLY_APPROVED,NOT_CLEARED,true
lex:C1:saint,C1,saint,NGSL_SFI_31K_EXTENSION,saint,4620,EXACT_HEADWORD_FORM_ONLY,SOURCE_LEMMA_ONLY_NOT_SENSE_OR_POS,UNREVIEWED_NOT_SEMANTICALLY_APPROVED,NOT_CLEARED,true
lex:C1:sake,C1,sake,NGSL_1_2_CORE,sake,2537,EXACT_HEADWORD_FORM_ONLY,SOURCE_LEMMA_ONLY_NOT_SENSE_OR_POS,UNREVIEWED_NOT_SEMANTICALLY_APPROVED,NOT_CLEARED,true
lex:C1:sanction,C1,sanction,NGSL_1_2_CORE,sanction,2616,EXACT_HEADWORD_FORM_ONLY,SOURCE_LEMMA_ONLY_NOT_SENSE_OR_POS,UNREVIEWED_NOT_SEMANTICALLY_APPROVED,NOT_CLEARED,true
lex:C1:say,C1,say,NGSL_1_2_CORE,say,30,EXACT_HEADWORD_FORM_ONLY,SOURCE_LEMMA_ONLY_NOT_SENSE_OR_POS,UNREVIEWED_NOT_SEMANTICALLY_APPROVED,NOT_CLEARED,true
lex:C1:scattered,C1,scattered,NO_DIRECT_SOURCE_LEMMA,,,NO_DIRECT_MATCH,SOURCE_LEMMA_ONLY_NOT_SENSE_OR_POS,UNREVIEWED_NOT_SEMANTICALLY_APPROVED,NOT_CLEARED,true
lex:C1:sceptical,C1,sceptical,NO_DIRECT_SOURCE_LEMMA,,,NO_DIRECT_MATCH,SOURCE_LEMMA_ONLY_NOT_SENSE_OR_POS,UNREVIEWED_NOT_SEMANTICALLY_APPROVED,NOT_CLEARED,true
lex:C1:scope,C1,scope,NGSL_1_2_CORE,scope,2559,EXACT_HEADWORD_FORM_ONLY,SOURCE_LEMMA_ONLY_NOT_SENSE_OR_POS,UNREVIEWED_NOT_SEMANTICALLY_APPROVED,NOT_CLEARED,true
lex:C1:screw,C1,screw,NGSL_SFI_31K_EXTENSION,screw,3461,EXACT_HEADWORD_FORM_ONLY,SOURCE_LEMMA_ONLY_NOT_SENSE_OR_POS,UNREVIEWED_NOT_SEMANTICALLY_APPROVED,NOT_CLEARED,true
lex:C1:scrutiny,C1,scrutiny,NGSL_SFI_31K_EXTENSION,scrutiny,4572,EXACT_HEADWORD_FORM_ONLY,SOURCE_LEMMA_ONLY_NOT_SENSE_OR_POS,UNREVIEWED_NOT_SEMANTICALLY_APPROVED,NOT_CLEARED,true
lex:C1:seal,C1,seal,NGSL_1_2_CORE,seal,2322,EXACT_HEADWORD_FORM_ONLY,SOURCE_LEMMA_ONLY_NOT_SENSE_OR_POS,UNREVIEWED_NOT_SEMANTICALLY_APPROVED,NOT_CLEARED,true
lex:C1:secular,C1,secular,NGSL_SFI_31K_EXTENSION,secular,4812,EXACT_HEADWORD_FORM_ONLY,SOURCE_LEMMA_ONLY_NOT_SENSE_OR_POS,UNREVIEWED_NOT_SEMANTICALLY_APPROVED,NOT_CLEARED,true
lex:C1:seemingly,C1,seemingly,NGSL_SFI_31K_EXTENSION,seemingly,3983,EXACT_HEADWORD_FORM_ONLY,SOURCE_LEMMA_ONLY_NOT_SENSE_OR_POS,UNREVIEWED_NOT_SEMANTICALLY_APPROVED,NOT_CLEARED,true
lex:C1:segment,C1,segment,NGSL_1_2_CORE,segment,2370,EXACT_HEADWORD_FORM_ONLY,SOURCE_LEMMA_ONLY_NOT_SENSE_OR_POS,UNREVIEWED_NOT_SEMANTICALLY_APPROVED,NOT_CLEARED,true
lex:C1:seize,C1,seize,NGSL_SFI_31K_EXTENSION,seize,2953,EXACT_HEADWORD_FORM_ONLY,SOURCE_LEMMA_ONLY_NOT_SENSE_OR_POS,UNREVIEWED_NOT_SEMANTICALLY_APPROVED,NOT_CLEARED,true
lex:C1:seldom,C1,seldom,NGSL_SFI_31K_EXTENSION,seldom,4085,EXACT_HEADWORD_FORM_ONLY,SOURCE_LEMMA_ONLY_NOT_SENSE_OR_POS,UNREVIEWED_NOT_SEMANTICALLY_APPROVED,NOT_CLEARED,true
lex:C1:selective,C1,selective,NGSL_SFI_31K_EXTENSION,selective,4546,EXACT_HEADWORD_FORM_ONLY,SOURCE_LEMMA_ONLY_NOT_SENSE_OR_POS,UNREVIEWED_NOT_SEMANTICALLY_APPROVED,NOT_CLEARED,true
lex:C1:senator,C1,senator,NGSL_SFI_31K_EXTENSION,senator,2787,EXACT_HEADWORD_FORM_ONLY,SOURCE_LEMMA_ONLY_NOT_SENSE_OR_POS,UNREVIEWED_NOT_SEMANTICALLY_APPROVED,NOT_CLEARED,true
lex:C1:sensation,C1,sensation,NGSL_SFI_31K_EXTENSION,sensation,3829,EXACT_HEADWORD_FORM_ONLY,SOURCE_LEMMA_ONLY_NOT_SENSE_OR_POS,UNREVIEWED_NOT_SEMANTICALLY_APPROVED,NOT_CLEARED,true
lex:C1:sensitivity,C1,sensitivity,NGSL_SFI_31K_EXTENSION,sensitivity,3507,EXACT_HEADWORD_FORM_ONLY,SOURCE_LEMMA_ONLY_NOT_SENSE_OR_POS,UNREVIEWED_NOT_SEMANTICALLY_APPROVED,NOT_CLEARED,true
lex:C1:sentiment,C1,sentiment,NGSL_SFI_31K_EXTENSION,sentiment,3871,EXACT_HEADWORD_FORM_ONLY,SOURCE_LEMMA_ONLY_NOT_SENSE_OR_POS,UNREVIEWED_NOT_SEMANTICALLY_APPROVED,NOT_CLEARED,true
lex:C1:separation,C1,separation,NGSL_SFI_31K_EXTENSION,separation,3318,EXACT_HEADWORD_FORM_ONLY,SOURCE_LEMMA_ONLY_NOT_SENSE_OR_POS,UNREVIEWED_NOT_SEMANTICALLY_APPROVED,NOT_CLEARED,true
lex:C1:serial,C1,serial,NGSL_SFI_31K_EXTENSION,serial,3253,EXACT_HEADWORD_FORM_ONLY,SOURCE_LEMMA_ONLY_NOT_SENSE_OR_POS,UNREVIEWED_NOT_SEMANTICALLY_APPROVED,NOT_CLEARED,true
lex:C1:settlement,C1,settlement,NGSL_1_2_CORE,settlement,1766,EXACT_HEADWORD_FORM_ONLY,SOURCE_LEMMA_ONLY_NOT_SENSE_OR_POS,UNREVIEWED_NOT_SEMANTICALLY_APPROVED,NOT_CLEARED,true
lex:C1:set-up,C1,set-up,NO_DIRECT_SOURCE_LEMMA,,,NO_DIRECT_MATCH,SOURCE_LEMMA_ONLY_NOT_SENSE_OR_POS,UNREVIEWED_NOT_SEMANTICALLY_APPROVED,NOT_CLEARED,true
lex:C1:sexuality,C1,sexuality,NGSL_SFI_31K_EXTENSION,sexuality,4666,EXACT_HEADWORD_FORM_ONLY,SOURCE_LEMMA_ONLY_NOT_SENSE_OR_POS,UNREVIEWED_NOT_SEMANTICALLY_APPROVED,NOT_CLEARED,true
lex:C1:shareholder,C1,shareholder,NGSL_1_2_CORE,shareholder,2290,EXACT_HEADWORD_FORM_ONLY,SOURCE_LEMMA_ONLY_NOT_SENSE_OR_POS,UNREVIEWED_NOT_SEMANTICALLY_APPROVED,NOT_CLEARED,true
lex:C1:shatter,C1,shatter,NGSL_SFI_31K_EXTENSION,shatter,4368,EXACT_HEADWORD_FORM_ONLY,SOURCE_LEMMA_ONLY_NOT_SENSE_OR_POS,UNREVIEWED_NOT_SEMANTICALLY_APPROVED,NOT_CLEARED,true
lex:C1:shed,C1,shed,NGSL_SFI_31K_EXTENSION,shed,2854,EXACT_HEADWORD_FORM_ONLY,SOURCE_LEMMA_ONLY_NOT_SENSE_OR_POS,UNREVIEWED_NOT_SEMANTICALLY_APPROVED,NOT_CLEARED,true
lex:C1:sheer,C1,sheer,NGSL_SFI_31K_EXTENSION,sheer,3513,EXACT_HEADWORD_FORM_ONLY,SOURCE_LEMMA_ONLY_NOT_SENSE_OR_POS,UNREVIEWED_NOT_SEMANTICALLY_APPROVED,NOT_CLEARED,true
lex:C1:shipping,C1,shipping,NO_DIRECT_SOURCE_LEMMA,,,NO_DIRECT_MATCH,SOURCE_LEMMA_ONLY_NOT_SENSE_OR_POS,UNREVIEWED_NOT_SEMANTICALLY_APPROVED,NOT_CLEARED,true
lex:C1:shoot,C1,shoot,NGSL_1_2_CORE,shoot,1003,EXACT_HEADWORD_FORM_ONLY,SOURCE_LEMMA_ONLY_NOT_SENSE_OR_POS,UNREVIEWED_NOT_SEMANTICALLY_APPROVED,NOT_CLEARED,true
lex:C1:shrink,C1,shrink,NGSL_SFI_31K_EXTENSION,shrink,3823,EXACT_HEADWORD_FORM_ONLY,SOURCE_LEMMA_ONLY_NOT_SENSE_OR_POS,UNREVIEWED_NOT_SEMANTICALLY_APPROVED,NOT_CLEARED,true
lex:C1:shrug,C1,shrug,NGSL_SFI_31K_EXTENSION,shrug,4286,EXACT_HEADWORD_FORM_ONLY,SOURCE_LEMMA_ONLY_NOT_SENSE_OR_POS,UNREVIEWED_NOT_SEMANTICALLY_APPROVED,NOT_CLEARED,true
lex:C1:sigh,C1,sigh,NGSL_1_2_CORE,sigh,2742,EXACT_HEADWORD_FORM_ONLY,SOURCE_LEMMA_ONLY_NOT_SENSE_OR_POS,UNREVIEWED_NOT_SEMANTICALLY_APPROVED,NOT_CLEARED,true
lex:C1:simulate,C1,simulate,NGSL_SFI_31K_EXTENSION,simulate,5260,EXACT_HEADWORD_FORM_ONLY,SOURCE_LEMMA_ONLY_NOT_SENSE_OR_POS,UNREVIEWED_NOT_SEMANTICALLY_APPROVED,NOT_CLEARED,true
lex:C1:simulation,C1,simulation,NGSL_SFI_31K_EXTENSION,simulation,4494,EXACT_HEADWORD_FORM_ONLY,SOURCE_LEMMA_ONLY_NOT_SENSE_OR_POS,UNREVIEWED_NOT_SEMANTICALLY_APPROVED,NOT_CLEARED,true
lex:C1:simultaneously,C1,simultaneously,NGSL_SFI_31K_EXTENSION,simultaneously,3235,EXACT_HEADWORD_FORM_ONLY,SOURCE_LEMMA_ONLY_NOT_SENSE_OR_POS,UNREVIEWED_NOT_SEMANTICALLY_APPROVED,NOT_CLEARED,true
lex:C1:sin,C1,sin,NGSL_SFI_31K_EXTENSION,sin,3087,EXACT_HEADWORD_FORM_ONLY,SOURCE_LEMMA_ONLY_NOT_SENSE_OR_POS,UNREVIEWED_NOT_SEMANTICALLY_APPROVED,NOT_CLEARED,true
lex:C1:situated,C1,situated,NO_DIRECT_SOURCE_LEMMA,,,NO_DIRECT_MATCH,SOURCE_LEMMA_ONLY_NOT_SENSE_OR_POS,UNREVIEWED_NOT_SEMANTICALLY_APPROVED,NOT_CLEARED,true
lex:C1:sketch,C1,sketch,NGSL_SFI_31K_EXTENSION,sketch,3633,EXACT_HEADWORD_FORM_ONLY,SOURCE_LEMMA_ONLY_NOT_SENSE_OR_POS,UNREVIEWED_NOT_SEMANTICALLY_APPROVED,NOT_CLEARED,true
lex:C1:skip,C1,skip,NGSL_SFI_31K_EXTENSION,skip,3796,EXACT_HEADWORD_FORM_ONLY,SOURCE_LEMMA_ONLY_NOT_SENSE_OR_POS,UNREVIEWED_NOT_SEMANTICALLY_APPROVED,NOT_CLEARED,true
lex:C1:slam,C1,slam,NGSL_SFI_31K_EXTENSION,slam,4153,EXACT_HEADWORD_FORM_ONLY,SOURCE_LEMMA_ONLY_NOT_SENSE_OR_POS,UNREVIEWED_NOT_SEMANTICALLY_APPROVED,NOT_CLEARED,true
lex:C1:slap,C1,slap,NGSL_SFI_31K_EXTENSION,slap,4359,EXACT_HEADWORD_FORM_ONLY,SOURCE_LEMMA_ONLY_NOT_SENSE_OR_POS,UNREVIEWED_NOT_SEMANTICALLY_APPROVED,NOT_CLEARED,true
lex:C1:slash,C1,slash,NGSL_SFI_31K_EXTENSION,slash,5268,EXACT_HEADWORD_FORM_ONLY,SOURCE_LEMMA_ONLY_NOT_SENSE_OR_POS,UNREVIEWED_NOT_SEMANTICALLY_APPROVED,NOT_CLEARED,true
lex:C1:slavery,C1,slavery,NGSL_SFI_31K_EXTENSION,slavery,4018,EXACT_HEADWORD_FORM_ONLY,SOURCE_LEMMA_ONLY_NOT_SENSE_OR_POS,UNREVIEWED_NOT_SEMANTICALLY_APPROVED,NOT_CLEARED,true
lex:C1:slot,C1,slot,NGSL_SFI_31K_EXTENSION,slot,3394,EXACT_HEADWORD_FORM_ONLY,SOURCE_LEMMA_ONLY_NOT_SENSE_OR_POS,UNREVIEWED_NOT_SEMANTICALLY_APPROVED,NOT_CLEARED,true
lex:C1:smash,C1,smash,NGSL_SFI_31K_EXTENSION,smash,3860,EXACT_HEADWORD_FORM_ONLY,SOURCE_LEMMA_ONLY_NOT_SENSE_OR_POS,UNREVIEWED_NOT_SEMANTICALLY_APPROVED,NOT_CLEARED,true
lex:C1:snap,C1,snap,NGSL_1_2_CORE,snap,2731,EXACT_HEADWORD_FORM_ONLY,SOURCE_LEMMA_ONLY_NOT_SENSE_OR_POS,UNREVIEWED_NOT_SEMANTICALLY_APPROVED,NOT_CLEARED,true
lex:C1:soak,C1,soak,NGSL_SFI_31K_EXTENSION,soak,4407,EXACT_HEADWORD_FORM_ONLY,SOURCE_LEMMA_ONLY_NOT_SENSE_OR_POS,UNREVIEWED_NOT_SEMANTICALLY_APPROVED,NOT_CLEARED,true
lex:C1:soar,C1,soar,NGSL_SFI_31K_EXTENSION,soar,3815,EXACT_HEADWORD_FORM_ONLY,SOURCE_LEMMA_ONLY_NOT_SENSE_OR_POS,UNREVIEWED_NOT_SEMANTICALLY_APPROVED,NOT_CLEARED,true
lex:C1:socialist,C1,socialist,NGSL_SFI_31K_EXTENSION,socialist,4316,EXACT_HEADWORD_FORM_ONLY,SOURCE_LEMMA_ONLY_NOT_SENSE_OR_POS,UNREVIEWED_NOT_SEMANTICALLY_APPROVED,NOT_CLEARED,true
lex:C1:sole,C1,sole,NGSL_SFI_31K_EXTENSION,sole,3113,EXACT_HEADWORD_FORM_ONLY,SOURCE_LEMMA_ONLY_NOT_SENSE_OR_POS,UNREVIEWED_NOT_SEMANTICALLY_APPROVED,NOT_CLEARED,true
lex:C1:solely,C1,solely,NGSL_SFI_31K_EXTENSION,solely,3755,EXACT_HEADWORD_FORM_ONLY,SOURCE_LEMMA_ONLY_NOT_SENSE_OR_POS,UNREVIEWED_NOT_SEMANTICALLY_APPROVED,NOT_CLEARED,true
lex:C1:solicitor,C1,solicitor,NGSL_SFI_31K_EXTENSION,solicitor,3773,EXACT_HEADWORD_FORM_ONLY,SOURCE_LEMMA_ONLY_NOT_SENSE_OR_POS,UNREVIEWED_NOT_SEMANTICALLY_APPROVED,NOT_CLEARED,true
lex:C1:solidarity,C1,solidarity,NGSL_SFI_31K_EXTENSION,solidarity,6177,EXACT_HEADWORD_FORM_ONLY,SOURCE_LEMMA_ONLY_NOT_SENSE_OR_POS,UNREVIEWED_NOT_SEMANTICALLY_APPROVED,NOT_CLEARED,true
lex:C1:solo,C1,solo,NGSL_SFI_31K_EXTENSION,solo,4261,EXACT_HEADWORD_FORM_ONLY,SOURCE_LEMMA_ONLY_NOT_SENSE_OR_POS,UNREVIEWED_NOT_SEMANTICALLY_APPROVED,NOT_CLEARED,true
lex:C1:sound,C1,sound,NGSL_1_2_CORE,sound,390,EXACT_HEADWORD_FORM_ONLY,SOURCE_LEMMA_ONLY_NOT_SENSE_OR_POS,UNREVIEWED_NOT_SEMANTICALLY_APPROVED,NOT_CLEARED,true
lex:C1:sovereignty,C1,sovereignty,NGSL_SFI_31K_EXTENSION,sovereignty,5368,EXACT_HEADWORD_FORM_ONLY,SOURCE_LEMMA_ONLY_NOT_SENSE_OR_POS,UNREVIEWED_NOT_SEMANTICALLY_APPROVED,NOT_CLEARED,true
lex:C1:spam,C1,spam,NGSL_SFI_31K_EXTENSION,spam,11180,EXACT_HEADWORD_FORM_ONLY,SOURCE_LEMMA_ONLY_NOT_SENSE_OR_POS,UNREVIEWED_NOT_SEMANTICALLY_APPROVED,NOT_CLEARED,true
lex:C1:span,C1,span,NGSL_SFI_31K_EXTENSION,span,3255,EXACT_HEADWORD_FORM_ONLY,SOURCE_LEMMA_ONLY_NOT_SENSE_OR_POS,UNREVIEWED_NOT_SEMANTICALLY_APPROVED,NOT_CLEARED,true
lex:C1:spare,C1,spare,NGSL_1_2_CORE,spare,2126,EXACT_HEADWORD_FORM_ONLY,SOURCE_LEMMA_ONLY_NOT_SENSE_OR_POS,UNREVIEWED_NOT_SEMANTICALLY_APPROVED,NOT_CLEARED,true
lex:C1:spark,C1,spark,NGSL_SFI_31K_EXTENSION,spark,3606,EXACT_HEADWORD_FORM_ONLY,SOURCE_LEMMA_ONLY_NOT_SENSE_OR_POS,UNREVIEWED_NOT_SEMANTICALLY_APPROVED,NOT_CLEARED,true
lex:C1:specialized,C1,specialized,NO_DIRECT_SOURCE_LEMMA,,,NO_DIRECT_MATCH,SOURCE_LEMMA_ONLY_NOT_SENSE_OR_POS,UNREVIEWED_NOT_SEMANTICALLY_APPROVED,NOT_CLEARED,true
lex:C1:specification,C1,specification,NGSL_SFI_31K_EXTENSION,specification,3613,EXACT_HEADWORD_FORM_ONLY,SOURCE_LEMMA_ONLY_NOT_SENSE_OR_POS,UNREVIEWED_NOT_SEMANTICALLY_APPROVED,NOT_CLEARED,true
lex:C1:specimen,C1,specimen,NGSL_SFI_31K_EXTENSION,specimen,4025,EXACT_HEADWORD_FORM_ONLY,SOURCE_LEMMA_ONLY_NOT_SENSE_OR_POS,UNREVIEWED_NOT_SEMANTICALLY_APPROVED,NOT_CLEARED,true
lex:C1:spectacle,C1,spectacle,NGSL_SFI_31K_EXTENSION,spectacle,4547,EXACT_HEADWORD_FORM_ONLY,SOURCE_LEMMA_ONLY_NOT_SENSE_OR_POS,UNREVIEWED_NOT_SEMANTICALLY_APPROVED,NOT_CLEARED,true
lex:C1:spectrum,C1,spectrum,NGSL_SFI_31K_EXTENSION,spectrum,3195,EXACT_HEADWORD_FORM_ONLY,SOURCE_LEMMA_ONLY_NOT_SENSE_OR_POS,UNREVIEWED_NOT_SEMANTICALLY_APPROVED,NOT_CLEARED,true
lex:C1:spell,C1,spell,NGSL_1_2_CORE,spell,1972,EXACT_HEADWORD_FORM_ONLY,SOURCE_LEMMA_ONLY_NOT_SENSE_OR_POS,UNREVIEWED_NOT_SEMANTICALLY_APPROVED,NOT_CLEARED,true
lex:C1:sphere,C1,sphere,NGSL_SFI_31K_EXTENSION,sphere,4000,EXACT_HEADWORD_FORM_ONLY,SOURCE_LEMMA_ONLY_NOT_SENSE_OR_POS,UNREVIEWED_NOT_SEMANTICALLY_APPROVED,NOT_CLEARED,true
lex:C1:spin,C1,spin,NGSL_1_2_CORE,spin,2328,EXACT_HEADWORD_FORM_ONLY,SOURCE_LEMMA_ONLY_NOT_SENSE_OR_POS,UNREVIEWED_NOT_SEMANTICALLY_APPROVED,NOT_CLEARED,true
lex:C1:spine,C1,spine,NGSL_SFI_31K_EXTENSION,spine,5092,EXACT_HEADWORD_FORM_ONLY,SOURCE_LEMMA_ONLY_NOT_SENSE_OR_POS,UNREVIEWED_NOT_SEMANTICALLY_APPROVED,NOT_CLEARED,true
lex:C1:spotlight,C1,spotlight,NGSL_SFI_31K_EXTENSION,spotlight,5729,EXACT_HEADWORD_FORM_ONLY,SOURCE_LEMMA_ONLY_NOT_SENSE_OR_POS,UNREVIEWED_NOT_SEMANTICALLY_APPROVED,NOT_CLEARED,true
lex:C1:spouse,C1,spouse,NGSL_SFI_31K_EXTENSION,spouse,4211,EXACT_HEADWORD_FORM_ONLY,SOURCE_LEMMA_ONLY_NOT_SENSE_OR_POS,UNREVIEWED_NOT_SEMANTICALLY_APPROVED,NOT_CLEARED,true
lex:C1:spy,C1,spy,NGSL_SFI_31K_EXTENSION,spy,3485,EXACT_HEADWORD_FORM_ONLY,SOURCE_LEMMA_ONLY_NOT_SENSE_OR_POS,UNREVIEWED_NOT_SEMANTICALLY_APPROVED,NOT_CLEARED,true
lex:C1:squad,C1,squad,NGSL_SFI_31K_EXTENSION,squad,4074,EXACT_HEADWORD_FORM_ONLY,SOURCE_LEMMA_ONLY_NOT_SENSE_OR_POS,UNREVIEWED_NOT_SEMANTICALLY_APPROVED,NOT_CLEARED,true
lex:C1:squeeze,C1,squeeze,NGSL_SFI_31K_EXTENSION,squeeze,3131,EXACT_HEADWORD_FORM_ONLY,SOURCE_LEMMA_ONLY_NOT_SENSE_OR_POS,UNREVIEWED_NOT_SEMANTICALLY_APPROVED,NOT_CLEARED,true
lex:C1:stab,C1,stab,NGSL_SFI_31K_EXTENSION,stab,4739,EXACT_HEADWORD_FORM_ONLY,SOURCE_LEMMA_ONLY_NOT_SENSE_OR_POS,UNREVIEWED_NOT_SEMANTICALLY_APPROVED,NOT_CLEARED,true
lex:C1:stability,C1,stability,NGSL_1_2_CORE,stability,2576,EXACT_HEADWORD_FORM_ONLY,SOURCE_LEMMA_ONLY_NOT_SENSE_OR_POS,UNREVIEWED_NOT_SEMANTICALLY_APPROVED,NOT_CLEARED,true
lex:C1:stabilize,C1,stabilize,NGSL_SFI_31K_EXTENSION,stabilize,4735,EXACT_HEADWORD_FORM_ONLY,SOURCE_LEMMA_ONLY_NOT_SENSE_OR_POS,UNREVIEWED_NOT_SEMANTICALLY_APPROVED,NOT_CLEARED,true
lex:C1:stake,C1,stake,NGSL_1_2_CORE,stake,2525,EXACT_HEADWORD_FORM_ONLY,SOURCE_LEMMA_ONLY_NOT_SENSE_OR_POS,UNREVIEWED_NOT_SEMANTICALLY_APPROVED,NOT_CLEARED,true
lex:C1:standing,C1,standing,NO_DIRECT_SOURCE_LEMMA,,,NO_DIRECT_MATCH,SOURCE_LEMMA_ONLY_NOT_SENSE_OR_POS,UNREVIEWED_NOT_SEMANTICALLY_APPROVED,NOT_CLEARED,true
lex:C1:stark,C1,stark,NGSL_SFI_31K_EXTENSION,stark,5796,EXACT_HEADWORD_FORM_ONLY,SOURCE_LEMMA_ONLY_NOT_SENSE_OR_POS,UNREVIEWED_NOT_SEMANTICALLY_APPROVED,NOT_CLEARED,true
lex:C1:statistical,C1,statistical,NGSL_SFI_31K_EXTENSION,statistical,3313,EXACT_HEADWORD_FORM_ONLY,SOURCE_LEMMA_ONLY_NOT_SENSE_OR_POS,UNREVIEWED_NOT_SEMANTICALLY_APPROVED,NOT_CLEARED,true
lex:C1:steer,C1,steer,NGSL_SFI_31K_EXTENSION,steer,3537,EXACT_HEADWORD_FORM_ONLY,SOURCE_LEMMA_ONLY_NOT_SENSE_OR_POS,UNREVIEWED_NOT_SEMANTICALLY_APPROVED,NOT_CLEARED,true
lex:C1:stem,C1,stem,NGSL_1_2_CORE,stem,2202,EXACT_HEADWORD_FORM_ONLY,SOURCE_LEMMA_ONLY_NOT_SENSE_OR_POS,UNREVIEWED_NOT_SEMANTICALLY_APPROVED,NOT_CLEARED,true
lex:C1:stereotype,C1,stereotype,NGSL_SFI_31K_EXTENSION,stereotype,3927,EXACT_HEADWORD_FORM_ONLY,SOURCE_LEMMA_ONLY_NOT_SENSE_OR_POS,UNREVIEWED_NOT_SEMANTICALLY_APPROVED,NOT_CLEARED,true
lex:C1:stimulus,C1,stimulus,NGSL_SFI_31K_EXTENSION,stimulus,3145,EXACT_HEADWORD_FORM_ONLY,SOURCE_LEMMA_ONLY_NOT_SENSE_OR_POS,UNREVIEWED_NOT_SEMANTICALLY_APPROVED,NOT_CLEARED,true
lex:C1:stir,C1,stir,NGSL_1_2_CORE,stir,2740,EXACT_HEADWORD_FORM_ONLY,SOURCE_LEMMA_ONLY_NOT_SENSE_OR_POS,UNREVIEWED_NOT_SEMANTICALLY_APPROVED,NOT_CLEARED,true
lex:C1:storage,C1,storage,NGSL_1_2_CORE,storage,2707,EXACT_HEADWORD_FORM_ONLY,SOURCE_LEMMA_ONLY_NOT_SENSE_OR_POS,UNREVIEWED_NOT_SEMANTICALLY_APPROVED,NOT_CLEARED,true
lex:C1:straightforward,C1,straightforward,NGSL_SFI_31K_EXTENSION,straightforward,3711,EXACT_HEADWORD_FORM_ONLY,SOURCE_LEMMA_ONLY_NOT_SENSE_OR_POS,UNREVIEWED_NOT_SEMANTICALLY_APPROVED,NOT_CLEARED,true
lex:C1:strain,C1,strain,NGSL_1_2_CORE,strain,2179,EXACT_HEADWORD_FORM_ONLY,SOURCE_LEMMA_ONLY_NOT_SENSE_OR_POS,UNREVIEWED_NOT_SEMANTICALLY_APPROVED,NOT_CLEARED,true
lex:C1:strand,C1,strand,NGSL_SFI_31K_EXTENSION,strand,3335,EXACT_HEADWORD_FORM_ONLY,SOURCE_LEMMA_ONLY_NOT_SENSE_OR_POS,UNREVIEWED_NOT_SEMANTICALLY_APPROVED,NOT_CLEARED,true
lex:C1:strategic,C1,strategic,NGSL_SFI_31K_EXTENSION,strategic,2230,EXACT_HEADWORD_FORM_ONLY,SOURCE_LEMMA_ONLY_NOT_SENSE_OR_POS,UNREVIEWED_NOT_SEMANTICALLY_APPROVED,NOT_CLEARED,true
lex:C1:striking,C1,striking,NO_DIRECT_SOURCE_LEMMA,,,NO_DIRECT_MATCH,SOURCE_LEMMA_ONLY_NOT_SENSE_OR_POS,UNREVIEWED_NOT_SEMANTICALLY_APPROVED,NOT_CLEARED,true
lex:C1:strip-long-narrow-piece,C1,strip (long narrow piece),NGSL_1_2_CORE,strip,2240,HEADWORD_NORMALIZED_REQUIRES_REVIEW,SOURCE_LEMMA_ONLY_NOT_SENSE_OR_POS,UNREVIEWED_NOT_SEMANTICALLY_APPROVED,NOT_CLEARED,true
lex:C1:strip-remove-clothes-a-layer,C1,strip (remove clothes/a layer),NGSL_1_2_CORE,strip,2240,HEADWORD_NORMALIZED_REQUIRES_REVIEW,SOURCE_LEMMA_ONLY_NOT_SENSE_OR_POS,UNREVIEWED_NOT_SEMANTICALLY_APPROVED,NOT_CLEARED,true
lex:C1:strive,C1,strive,NGSL_SFI_31K_EXTENSION,strive,4205,EXACT_HEADWORD_FORM_ONLY,SOURCE_LEMMA_ONLY_NOT_SENSE_OR_POS,UNREVIEWED_NOT_SEMANTICALLY_APPROVED,NOT_CLEARED,true
lex:C1:structural,C1,structural,NGSL_1_2_CORE,structural,2763,EXACT_HEADWORD_FORM_ONLY,SOURCE_LEMMA_ONLY_NOT_SENSE_OR_POS,UNREVIEWED_NOT_SEMANTICALLY_APPROVED,NOT_CLEARED,true
lex:C1:stumble,C1,stumble,NGSL_SFI_31K_EXTENSION,stumble,4212,EXACT_HEADWORD_FORM_ONLY,SOURCE_LEMMA_ONLY_NOT_SENSE_OR_POS,UNREVIEWED_NOT_SEMANTICALLY_APPROVED,NOT_CLEARED,true
lex:C1:stun,C1,stun,NGSL_SFI_31K_EXTENSION,stun,3188,EXACT_HEADWORD_FORM_ONLY,SOURCE_LEMMA_ONLY_NOT_SENSE_OR_POS,UNREVIEWED_NOT_SEMANTICALLY_APPROVED,NOT_CLEARED,true
lex:C1:submission,C1,submission,NGSL_SFI_31K_EXTENSION,submission,4479,EXACT_HEADWORD_FORM_ONLY,SOURCE_LEMMA_ONLY_NOT_SENSE_OR_POS,UNREVIEWED_NOT_SEMANTICALLY_APPROVED,NOT_CLEARED,true
lex:C1:subscriber,C1,subscriber,NGSL_SFI_31K_EXTENSION,subscriber,5631,EXACT_HEADWORD_FORM_ONLY,SOURCE_LEMMA_ONLY_NOT_SENSE_OR_POS,UNREVIEWED_NOT_SEMANTICALLY_APPROVED,NOT_CLEARED,true
lex:C1:subscription,C1,subscription,NGSL_SFI_31K_EXTENSION,subscription,4934,EXACT_HEADWORD_FORM_ONLY,SOURCE_LEMMA_ONLY_NOT_SENSE_OR_POS,UNREVIEWED_NOT_SEMANTICALLY_APPROVED,NOT_CLEARED,true
lex:C1:subsidy,C1,subsidy,NGSL_SFI_31K_EXTENSION,subsidy,3876,EXACT_HEADWORD_FORM_ONLY,SOURCE_LEMMA_ONLY_NOT_SENSE_OR_POS,UNREVIEWED_NOT_SEMANTICALLY_APPROVED,NOT_CLEARED,true
lex:C1:substantial,C1,substantial,NGSL_1_2_CORE,substantial,1894,EXACT_HEADWORD_FORM_ONLY,SOURCE_LEMMA_ONLY_NOT_SENSE_OR_POS,UNREVIEWED_NOT_SEMANTICALLY_APPROVED,NOT_CLEARED,true
lex:C1:substantially,C1,substantially,NGSL_SFI_31K_EXTENSION,substantially,3639,EXACT_HEADWORD_FORM_ONLY,SOURCE_LEMMA_ONLY_NOT_SENSE_OR_POS,UNREVIEWED_NOT_SEMANTICALLY_APPROVED,NOT_CLEARED,true
lex:C1:substitute,C1,substitute,NGSL_1_2_CORE,substitute,2715,EXACT_HEADWORD_FORM_ONLY,SOURCE_LEMMA_ONLY_NOT_SENSE_OR_POS,UNREVIEWED_NOT_SEMANTICALLY_APPROVED,NOT_CLEARED,true
lex:C1:substitution,C1,substitution,NGSL_SFI_31K_EXTENSION,substitution,6033,EXACT_HEADWORD_FORM_ONLY,SOURCE_LEMMA_ONLY_NOT_SENSE_OR_POS,UNREVIEWED_NOT_SEMANTICALLY_APPROVED,NOT_CLEARED,true
lex:C1:subtle,C1,subtle,NGSL_SFI_31K_EXTENSION,subtle,3386,EXACT_HEADWORD_FORM_ONLY,SOURCE_LEMMA_ONLY_NOT_SENSE_OR_POS,UNREVIEWED_NOT_SEMANTICALLY_APPROVED,NOT_CLEARED,true
lex:C1:suburban,C1,suburban,NGSL_SFI_31K_EXTENSION,suburban,4594,EXACT_HEADWORD_FORM_ONLY,SOURCE_LEMMA_ONLY_NOT_SENSE_OR_POS,UNREVIEWED_NOT_SEMANTICALLY_APPROVED,NOT_CLEARED,true
lex:C1:succession,C1,succession,NGSL_SFI_31K_EXTENSION,succession,4274,EXACT_HEADWORD_FORM_ONLY,SOURCE_LEMMA_ONLY_NOT_SENSE_OR_POS,UNREVIEWED_NOT_SEMANTICALLY_APPROVED,NOT_CLEARED,true
lex:C1:successive,C1,successive,NGSL_SFI_31K_EXTENSION,successive,4935,EXACT_HEADWORD_FORM_ONLY,SOURCE_LEMMA_ONLY_NOT_SENSE_OR_POS,UNREVIEWED_NOT_SEMANTICALLY_APPROVED,NOT_CLEARED,true
lex:C1:successor,C1,successor,NGSL_SFI_31K_EXTENSION,successor,3894,EXACT_HEADWORD_FORM_ONLY,SOURCE_LEMMA_ONLY_NOT_SENSE_OR_POS,UNREVIEWED_NOT_SEMANTICALLY_APPROVED,NOT_CLEARED,true
lex:C1:suck,C1,suck,NGSL_SFI_31K_EXTENSION,suck,3432,EXACT_HEADWORD_FORM_ONLY,SOURCE_LEMMA_ONLY_NOT_SENSE_OR_POS,UNREVIEWED_NOT_SEMANTICALLY_APPROVED,NOT_CLEARED,true
lex:C1:sue,C1,sue,NGSL_SFI_31K_EXTENSION,sue,3359,EXACT_HEADWORD_FORM_ONLY,SOURCE_LEMMA_ONLY_NOT_SENSE_OR_POS,UNREVIEWED_NOT_SEMANTICALLY_APPROVED,NOT_CLEARED,true
lex:C1:suicide,C1,suicide,NGSL_SFI_31K_EXTENSION,suicide,2641,EXACT_HEADWORD_FORM_ONLY,SOURCE_LEMMA_ONLY_NOT_SENSE_OR_POS,UNREVIEWED_NOT_SEMANTICALLY_APPROVED,NOT_CLEARED,true
lex:C1:suite,C1,suite,NGSL_SFI_31K_EXTENSION,suite,3695,EXACT_HEADWORD_FORM_ONLY,SOURCE_LEMMA_ONLY_NOT_SENSE_OR_POS,UNREVIEWED_NOT_SEMANTICALLY_APPROVED,NOT_CLEARED,true
lex:C1:summit,C1,summit,NGSL_SFI_31K_EXTENSION,summit,2934,EXACT_HEADWORD_FORM_ONLY,SOURCE_LEMMA_ONLY_NOT_SENSE_OR_POS,UNREVIEWED_NOT_SEMANTICALLY_APPROVED,NOT_CLEARED,true
lex:C1:superb,C1,superb,NGSL_SFI_31K_EXTENSION,superb,3764,EXACT_HEADWORD_FORM_ONLY,SOURCE_LEMMA_ONLY_NOT_SENSE_OR_POS,UNREVIEWED_NOT_SEMANTICALLY_APPROVED,NOT_CLEARED,true
lex:C1:superior,C1,superior,NGSL_SFI_31K_EXTENSION,superior,2767,EXACT_HEADWORD_FORM_ONLY,SOURCE_LEMMA_ONLY_NOT_SENSE_OR_POS,UNREVIEWED_NOT_SEMANTICALLY_APPROVED,NOT_CLEARED,true
lex:C1:supervise,C1,supervise,NGSL_SFI_31K_EXTENSION,supervise,4220,EXACT_HEADWORD_FORM_ONLY,SOURCE_LEMMA_ONLY_NOT_SENSE_OR_POS,UNREVIEWED_NOT_SEMANTICALLY_APPROVED,NOT_CLEARED,true
lex:C1:supervision,C1,supervision,NGSL_SFI_31K_EXTENSION,supervision,4452,EXACT_HEADWORD_FORM_ONLY,SOURCE_LEMMA_ONLY_NOT_SENSE_OR_POS,UNREVIEWED_NOT_SEMANTICALLY_APPROVED,NOT_CLEARED,true
lex:C1:supervisor,C1,supervisor,NGSL_SFI_31K_EXTENSION,supervisor,4218,EXACT_HEADWORD_FORM_ONLY,SOURCE_LEMMA_ONLY_NOT_SENSE_OR_POS,UNREVIEWED_NOT_SEMANTICALLY_APPROVED,NOT_CLEARED,true
lex:C1:supplement,C1,supplement,NGSL_1_2_CORE,supplement,2716,EXACT_HEADWORD_FORM_ONLY,SOURCE_LEMMA_ONLY_NOT_SENSE_OR_POS,UNREVIEWED_NOT_SEMANTICALLY_APPROVED,NOT_CLEARED,true
lex:C1:supportive,C1,supportive,NGSL_SFI_31K_EXTENSION,supportive,4296,EXACT_HEADWORD_FORM_ONLY,SOURCE_LEMMA_ONLY_NOT_SENSE_OR_POS,UNREVIEWED_NOT_SEMANTICALLY_APPROVED,NOT_CLEARED,true
lex:C1:supposedly,C1,supposedly,NGSL_SFI_31K_EXTENSION,supposedly,4270,EXACT_HEADWORD_FORM_ONLY,SOURCE_LEMMA_ONLY_NOT_SENSE_OR_POS,UNREVIEWED_NOT_SEMANTICALLY_APPROVED,NOT_CLEARED,true
lex:C1:suppress,C1,suppress,NGSL_SFI_31K_EXTENSION,suppress,3905,EXACT_HEADWORD_FORM_ONLY,SOURCE_LEMMA_ONLY_NOT_SENSE_OR_POS,UNREVIEWED_NOT_SEMANTICALLY_APPROVED,NOT_CLEARED,true
lex:C1:supreme,C1,supreme,NGSL_SFI_31K_EXTENSION,supreme,5224,EXACT_HEADWORD_FORM_ONLY,SOURCE_LEMMA_ONLY_NOT_SENSE_OR_POS,UNREVIEWED_NOT_SEMANTICALLY_APPROVED,NOT_CLEARED,true
lex:C1:surge,C1,surge,NGSL_SFI_31K_EXTENSION,surge,3336,EXACT_HEADWORD_FORM_ONLY,SOURCE_LEMMA_ONLY_NOT_SENSE_OR_POS,UNREVIEWED_NOT_SEMANTICALLY_APPROVED,NOT_CLEARED,true
lex:C1:surgical,C1,surgical,NGSL_SFI_31K_EXTENSION,surgical,5403,EXACT_HEADWORD_FORM_ONLY,SOURCE_LEMMA_ONLY_NOT_SENSE_OR_POS,UNREVIEWED_NOT_SEMANTICALLY_APPROVED,NOT_CLEARED,true
lex:C1:surplus,C1,surplus,NGSL_SFI_31K_EXTENSION,surplus,3539,EXACT_HEADWORD_FORM_ONLY,SOURCE_LEMMA_ONLY_NOT_SENSE_OR_POS,UNREVIEWED_NOT_SEMANTICALLY_APPROVED,NOT_CLEARED,true
lex:C1:surrender,C1,surrender,NGSL_SFI_31K_EXTENSION,surrender,3912,EXACT_HEADWORD_FORM_ONLY,SOURCE_LEMMA_ONLY_NOT_SENSE_OR_POS,UNREVIEWED_NOT_SEMANTICALLY_APPROVED,NOT_CLEARED,true
lex:C1:surveillance,C1,surveillance,NGSL_SFI_31K_EXTENSION,surveillance,4728,EXACT_HEADWORD_FORM_ONLY,SOURCE_LEMMA_ONLY_NOT_SENSE_OR_POS,UNREVIEWED_NOT_SEMANTICALLY_APPROVED,NOT_CLEARED,true
lex:C1:suspension,C1,suspension,NGSL_SFI_31K_EXTENSION,suspension,3819,EXACT_HEADWORD_FORM_ONLY,SOURCE_LEMMA_ONLY_NOT_SENSE_OR_POS,UNREVIEWED_NOT_SEMANTICALLY_APPROVED,NOT_CLEARED,true
lex:C1:suspicion,C1,suspicion,NGSL_SFI_31K_EXTENSION,suspicion,3441,EXACT_HEADWORD_FORM_ONLY,SOURCE_LEMMA_ONLY_NOT_SENSE_OR_POS,UNREVIEWED_NOT_SEMANTICALLY_APPROVED,NOT_CLEARED,true
lex:C1:suspicious,C1,suspicious,NGSL_SFI_31K_EXTENSION,suspicious,4070,EXACT_HEADWORD_FORM_ONLY,SOURCE_LEMMA_ONLY_NOT_SENSE_OR_POS,UNREVIEWED_NOT_SEMANTICALLY_APPROVED,NOT_CLEARED,true
lex:C1:sustain,C1,sustain,NGSL_1_2_CORE,sustain,2273,EXACT_HEADWORD_FORM_ONLY,SOURCE_LEMMA_ONLY_NOT_SENSE_OR_POS,UNREVIEWED_NOT_SEMANTICALLY_APPROVED,NOT_CLEARED,true
lex:C1:swing,C1,swing,NGSL_1_2_CORE,swing,1937,EXACT_HEADWORD_FORM_ONLY,SOURCE_LEMMA_ONLY_NOT_SENSE_OR_POS,UNREVIEWED_NOT_SEMANTICALLY_APPROVED,NOT_CLEARED,true
lex:C1:sword,C1,sword,NGSL_SFI_31K_EXTENSION,sword,4401,EXACT_HEADWORD_FORM_ONLY,SOURCE_LEMMA_ONLY_NOT_SENSE_OR_POS,UNREVIEWED_NOT_SEMANTICALLY_APPROVED,NOT_CLEARED,true
lex:C1:symbolic,C1,symbolic,NGSL_SFI_31K_EXTENSION,symbolic,4020,EXACT_HEADWORD_FORM_ONLY,SOURCE_LEMMA_ONLY_NOT_SENSE_OR_POS,UNREVIEWED_NOT_SEMANTICALLY_APPROVED,NOT_CLEARED,true
lex:C1:syndrome,C1,syndrome,NGSL_SFI_31K_EXTENSION,syndrome,4268,EXACT_HEADWORD_FORM_ONLY,SOURCE_LEMMA_ONLY_NOT_SENSE_OR_POS,UNREVIEWED_NOT_SEMANTICALLY_APPROVED,NOT_CLEARED,true
lex:C1:synthesis,C1,synthesis,NGSL_SFI_31K_EXTENSION,synthesis,5091,EXACT_HEADWORD_FORM_ONLY,SOURCE_LEMMA_ONLY_NOT_SENSE_OR_POS,UNREVIEWED_NOT_SEMANTICALLY_APPROVED,NOT_CLEARED,true
lex:C1:systematic,C1,systematic,NGSL_SFI_31K_EXTENSION,systematic,3943,EXACT_HEADWORD_FORM_ONLY,SOURCE_LEMMA_ONLY_NOT_SENSE_OR_POS,UNREVIEWED_NOT_SEMANTICALLY_APPROVED,NOT_CLEARED,true
lex:C1:tackle,C1,tackle,NGSL_1_2_CORE,tackle,2506,EXACT_HEADWORD_FORM_ONLY,SOURCE_LEMMA_ONLY_NOT_SENSE_OR_POS,UNREVIEWED_NOT_SEMANTICALLY_APPROVED,NOT_CLEARED,true
lex:C1:tactic,C1,tactic,NGSL_SFI_31K_EXTENSION,tactic,3481,EXACT_HEADWORD_FORM_ONLY,SOURCE_LEMMA_ONLY_NOT_SENSE_OR_POS,UNREVIEWED_NOT_SEMANTICALLY_APPROVED,NOT_CLEARED,true
lex:C1:tactical,C1,tactical,NGSL_SFI_31K_EXTENSION,tactical,6604,EXACT_HEADWORD_FORM_ONLY,SOURCE_LEMMA_ONLY_NOT_SENSE_OR_POS,UNREVIEWED_NOT_SEMANTICALLY_APPROVED,NOT_CLEARED,true
lex:C1:taxpayer,C1,taxpayer,NGSL_SFI_31K_EXTENSION,taxpayer,3870,EXACT_HEADWORD_FORM_ONLY,SOURCE_LEMMA_ONLY_NOT_SENSE_OR_POS,UNREVIEWED_NOT_SEMANTICALLY_APPROVED,NOT_CLEARED,true
lex:C1:tempt,C1,tempt,NGSL_SFI_31K_EXTENSION,tempt,3285,EXACT_HEADWORD_FORM_ONLY,SOURCE_LEMMA_ONLY_NOT_SENSE_OR_POS,UNREVIEWED_NOT_SEMANTICALLY_APPROVED,NOT_CLEARED,true
lex:C1:tenant,C1,tenant,NGSL_SFI_31K_EXTENSION,tenant,3528,EXACT_HEADWORD_FORM_ONLY,SOURCE_LEMMA_ONLY_NOT_SENSE_OR_POS,UNREVIEWED_NOT_SEMANTICALLY_APPROVED,NOT_CLEARED,true
lex:C1:tender,C1,tender,NGSL_1_2_CORE,tender,2787,EXACT_HEADWORD_FORM_ONLY,SOURCE_LEMMA_ONLY_NOT_SENSE_OR_POS,UNREVIEWED_NOT_SEMANTICALLY_APPROVED,NOT_CLEARED,true
lex:C1:tenure,C1,tenure,NGSL_SFI_31K_EXTENSION,tenure,5134,EXACT_HEADWORD_FORM_ONLY,SOURCE_LEMMA_ONLY_NOT_SENSE_OR_POS,UNREVIEWED_NOT_SEMANTICALLY_APPROVED,NOT_CLEARED,true
lex:C1:terminal,C1,terminal,NGSL_SFI_31K_EXTENSION,terminal,3112,EXACT_HEADWORD_FORM_ONLY,SOURCE_LEMMA_ONLY_NOT_SENSE_OR_POS,UNREVIEWED_NOT_SEMANTICALLY_APPROVED,NOT_CLEARED,true
lex:C1:terminate,C1,terminate,NGSL_SFI_31K_EXTENSION,terminate,4376,EXACT_HEADWORD_FORM_ONLY,SOURCE_LEMMA_ONLY_NOT_SENSE_OR_POS,UNREVIEWED_NOT_SEMANTICALLY_APPROVED,NOT_CLEARED,true
lex:C1:terrain,C1,terrain,NGSL_SFI_31K_EXTENSION,terrain,5213,EXACT_HEADWORD_FORM_ONLY,SOURCE_LEMMA_ONLY_NOT_SENSE_OR_POS,UNREVIEWED_NOT_SEMANTICALLY_APPROVED,NOT_CLEARED,true
lex:C1:terrific,C1,terrific,NGSL_SFI_31K_EXTENSION,terrific,4364,EXACT_HEADWORD_FORM_ONLY,SOURCE_LEMMA_ONLY_NOT_SENSE_OR_POS,UNREVIEWED_NOT_SEMANTICALLY_APPROVED,NOT_CLEARED,true
lex:C1:testify,C1,testify,NGSL_SFI_31K_EXTENSION,testify,3659,EXACT_HEADWORD_FORM_ONLY,SOURCE_LEMMA_ONLY_NOT_SENSE_OR_POS,UNREVIEWED_NOT_SEMANTICALLY_APPROVED,NOT_CLEARED,true
lex:C1:testimony,C1,testimony,NGSL_SFI_31K_EXTENSION,testimony,3038,EXACT_HEADWORD_FORM_ONLY,SOURCE_LEMMA_ONLY_NOT_SENSE_OR_POS,UNREVIEWED_NOT_SEMANTICALLY_APPROVED,NOT_CLEARED,true
lex:C1:texture,C1,texture,NGSL_SFI_31K_EXTENSION,texture,4297,EXACT_HEADWORD_FORM_ONLY,SOURCE_LEMMA_ONLY_NOT_SENSE_OR_POS,UNREVIEWED_NOT_SEMANTICALLY_APPROVED,NOT_CLEARED,true
lex:C1:thankfully,C1,thankfully,NGSL_SFI_31K_EXTENSION,thankfully,7200,EXACT_HEADWORD_FORM_ONLY,SOURCE_LEMMA_ONLY_NOT_SENSE_OR_POS,UNREVIEWED_NOT_SEMANTICALLY_APPROVED,NOT_CLEARED,true
lex:C1:theatrical,C1,theatrical,NGSL_SFI_31K_EXTENSION,theatrical,5596,EXACT_HEADWORD_FORM_ONLY,SOURCE_LEMMA_ONLY_NOT_SENSE_OR_POS,UNREVIEWED_NOT_SEMANTICALLY_APPROVED,NOT_CLEARED,true
lex:C1:theology,C1,theology,NGSL_SFI_31K_EXTENSION,theology,5225,EXACT_HEADWORD_FORM_ONLY,SOURCE_LEMMA_ONLY_NOT_SENSE_OR_POS,UNREVIEWED_NOT_SEMANTICALLY_APPROVED,NOT_CLEARED,true
lex:C1:theoretical,C1,theoretical,NGSL_1_2_CORE,theoretical,2777,EXACT_HEADWORD_FORM_ONLY,SOURCE_LEMMA_ONLY_NOT_SENSE_OR_POS,UNREVIEWED_NOT_SEMANTICALLY_APPROVED,NOT_CLEARED,true
lex:C1:thereafter,C1,thereafter,NGSL_SFI_31K_EXTENSION,thereafter,4199,EXACT_HEADWORD_FORM_ONLY,SOURCE_LEMMA_ONLY_NOT_SENSE_OR_POS,UNREVIEWED_NOT_SEMANTICALLY_APPROVED,NOT_CLEARED,true
lex:C1:thereby,C1,thereby,NGSL_SFI_31K_EXTENSION,thereby,3146,EXACT_HEADWORD_FORM_ONLY,SOURCE_LEMMA_ONLY_NOT_SENSE_OR_POS,UNREVIEWED_NOT_SEMANTICALLY_APPROVED,NOT_CLEARED,true
lex:C1:thoughtful,C1,thoughtful,NGSL_SFI_31K_EXTENSION,thoughtful,4951,EXACT_HEADWORD_FORM_ONLY,SOURCE_LEMMA_ONLY_NOT_SENSE_OR_POS,UNREVIEWED_NOT_SEMANTICALLY_APPROVED,NOT_CLEARED,true
lex:C1:thought-provoking,C1,thought-provoking,NO_DIRECT_SOURCE_LEMMA,,,NO_DIRECT_MATCH,SOURCE_LEMMA_ONLY_NOT_SENSE_OR_POS,UNREVIEWED_NOT_SEMANTICALLY_APPROVED,NOT_CLEARED,true
lex:C1:thread,C1,thread,NGSL_SFI_31K_EXTENSION,thread,3566,EXACT_HEADWORD_FORM_ONLY,SOURCE_LEMMA_ONLY_NOT_SENSE_OR_POS,UNREVIEWED_NOT_SEMANTICALLY_APPROVED,NOT_CLEARED,true
lex:C1:threshold,C1,threshold,NGSL_SFI_31K_EXTENSION,threshold,3939,EXACT_HEADWORD_FORM_ONLY,SOURCE_LEMMA_ONLY_NOT_SENSE_OR_POS,UNREVIEWED_NOT_SEMANTICALLY_APPROVED,NOT_CLEARED,true
lex:C1:thrilled,C1,thrilled,NO_DIRECT_SOURCE_LEMMA,,,NO_DIRECT_MATCH,SOURCE_LEMMA_ONLY_NOT_SENSE_OR_POS,UNREVIEWED_NOT_SEMANTICALLY_APPROVED,NOT_CLEARED,true
lex:C1:thrive,C1,thrive,NGSL_SFI_31K_EXTENSION,thrive,4033,EXACT_HEADWORD_FORM_ONLY,SOURCE_LEMMA_ONLY_NOT_SENSE_OR_POS,UNREVIEWED_NOT_SEMANTICALLY_APPROVED,NOT_CLEARED,true
lex:C1:tide,C1,tide,NGSL_SFI_31K_EXTENSION,tide,3614,EXACT_HEADWORD_FORM_ONLY,SOURCE_LEMMA_ONLY_NOT_SENSE_OR_POS,UNREVIEWED_NOT_SEMANTICALLY_APPROVED,NOT_CLEARED,true
lex:C1:tighten,C1,tighten,NGSL_SFI_31K_EXTENSION,tighten,4011,EXACT_HEADWORD_FORM_ONLY,SOURCE_LEMMA_ONLY_NOT_SENSE_OR_POS,UNREVIEWED_NOT_SEMANTICALLY_APPROVED,NOT_CLEARED,true
lex:C1:timber,C1,timber,NGSL_SFI_31K_EXTENSION,timber,3929,EXACT_HEADWORD_FORM_ONLY,SOURCE_LEMMA_ONLY_NOT_SENSE_OR_POS,UNREVIEWED_NOT_SEMANTICALLY_APPROVED,NOT_CLEARED,true
lex:C1:timely,C1,timely,NGSL_SFI_31K_EXTENSION,timely,5490,EXACT_HEADWORD_FORM_ONLY,SOURCE_LEMMA_ONLY_NOT_SENSE_OR_POS,UNREVIEWED_NOT_SEMANTICALLY_APPROVED,NOT_CLEARED,true
lex:C1:tobacco,C1,tobacco,NGSL_SFI_31K_EXTENSION,tobacco,3078,EXACT_HEADWORD_FORM_ONLY,SOURCE_LEMMA_ONLY_NOT_SENSE_OR_POS,UNREVIEWED_NOT_SEMANTICALLY_APPROVED,NOT_CLEARED,true
lex:C1:tolerance,C1,tolerance,NGSL_SFI_31K_EXTENSION,tolerance,4294,EXACT_HEADWORD_FORM_ONLY,SOURCE_LEMMA_ONLY_NOT_SENSE_OR_POS,UNREVIEWED_NOT_SEMANTICALLY_APPROVED,NOT_CLEARED,true
lex:C1:tolerate,C1,tolerate,NGSL_SFI_31K_EXTENSION,tolerate,4123,EXACT_HEADWORD_FORM_ONLY,SOURCE_LEMMA_ONLY_NOT_SENSE_OR_POS,UNREVIEWED_NOT_SEMANTICALLY_APPROVED,NOT_CLEARED,true
lex:C1:toll,C1,toll,NGSL_SFI_31K_EXTENSION,toll,4283,EXACT_HEADWORD_FORM_ONLY,SOURCE_LEMMA_ONLY_NOT_SENSE_OR_POS,UNREVIEWED_NOT_SEMANTICALLY_APPROVED,NOT_CLEARED,true
lex:C1:top,C1,top,NGSL_1_2_CORE,top,375,EXACT_HEADWORD_FORM_ONLY,SOURCE_LEMMA_ONLY_NOT_SENSE_OR_POS,UNREVIEWED_NOT_SEMANTICALLY_APPROVED,NOT_CLEARED,true
lex:C1:torture,C1,torture,NGSL_SFI_31K_EXTENSION,torture,3186,EXACT_HEADWORD_FORM_ONLY,SOURCE_LEMMA_ONLY_NOT_SENSE_OR_POS,UNREVIEWED_NOT_SEMANTICALLY_APPROVED,NOT_CLEARED,true
lex:C1:toss,C1,toss,NGSL_SFI_31K_EXTENSION,toss,3582,EXACT_HEADWORD_FORM_ONLY,SOURCE_LEMMA_ONLY_NOT_SENSE_OR_POS,UNREVIEWED_NOT_SEMANTICALLY_APPROVED,NOT_CLEARED,true
lex:C1:total,C1,total,NGSL_1_2_CORE,total,569,EXACT_HEADWORD_FORM_ONLY,SOURCE_LEMMA_ONLY_NOT_SENSE_OR_POS,UNREVIEWED_NOT_SEMANTICALLY_APPROVED,NOT_CLEARED,true
lex:C1:toxic,C1,toxic,NGSL_SFI_31K_EXTENSION,toxic,4328,EXACT_HEADWORD_FORM_ONLY,SOURCE_LEMMA_ONLY_NOT_SENSE_OR_POS,UNREVIEWED_NOT_SEMANTICALLY_APPROVED,NOT_CLEARED,true
lex:C1:trace,C1,trace,NGSL_1_2_CORE,trace,2047,EXACT_HEADWORD_FORM_ONLY,SOURCE_LEMMA_ONLY_NOT_SENSE_OR_POS,UNREVIEWED_NOT_SEMANTICALLY_APPROVED,NOT_CLEARED,true
lex:C1:trademark,C1,trademark,NGSL_SFI_31K_EXTENSION,trademark,5876,EXACT_HEADWORD_FORM_ONLY,SOURCE_LEMMA_ONLY_NOT_SENSE_OR_POS,UNREVIEWED_NOT_SEMANTICALLY_APPROVED,NOT_CLEARED,true
lex:C1:trail,C1,trail,NGSL_1_2_CORE,trail,2183,EXACT_HEADWORD_FORM_ONLY,SOURCE_LEMMA_ONLY_NOT_SENSE_OR_POS,UNREVIEWED_NOT_SEMANTICALLY_APPROVED,NOT_CLEARED,true
lex:C1:trailer,C1,trailer,NGSL_SFI_31K_EXTENSION,trailer,4901,EXACT_HEADWORD_FORM_ONLY,SOURCE_LEMMA_ONLY_NOT_SENSE_OR_POS,UNREVIEWED_NOT_SEMANTICALLY_APPROVED,NOT_CLEARED,true
lex:C1:transaction,C1,transaction,NGSL_SFI_31K_EXTENSION,transaction,2141,EXACT_HEADWORD_FORM_ONLY,SOURCE_LEMMA_ONLY_NOT_SENSE_OR_POS,UNREVIEWED_NOT_SEMANTICALLY_APPROVED,NOT_CLEARED,true
lex:C1:transcript,C1,transcript,NGSL_SFI_31K_EXTENSION,transcript,4600,EXACT_HEADWORD_FORM_ONLY,SOURCE_LEMMA_ONLY_NOT_SENSE_OR_POS,UNREVIEWED_NOT_SEMANTICALLY_APPROVED,NOT_CLEARED,true
lex:C1:transformation,C1,transformation,NGSL_SFI_31K_EXTENSION,transformation,2957,EXACT_HEADWORD_FORM_ONLY,SOURCE_LEMMA_ONLY_NOT_SENSE_OR_POS,UNREVIEWED_NOT_SEMANTICALLY_APPROVED,NOT_CLEARED,true
lex:C1:transit,C1,transit,NGSL_SFI_31K_EXTENSION,transit,5524,EXACT_HEADWORD_FORM_ONLY,SOURCE_LEMMA_ONLY_NOT_SENSE_OR_POS,UNREVIEWED_NOT_SEMANTICALLY_APPROVED,NOT_CLEARED,true
lex:C1:transmission,C1,transmission,NGSL_SFI_31K_EXTENSION,transmission,3635,EXACT_HEADWORD_FORM_ONLY,SOURCE_LEMMA_ONLY_NOT_SENSE_OR_POS,UNREVIEWED_NOT_SEMANTICALLY_APPROVED,NOT_CLEARED,true
lex:C1:transparency,C1,transparency,NGSL_SFI_31K_EXTENSION,transparency,5698,EXACT_HEADWORD_FORM_ONLY,SOURCE_LEMMA_ONLY_NOT_SENSE_OR_POS,UNREVIEWED_NOT_SEMANTICALLY_APPROVED,NOT_CLEARED,true
lex:C1:transparent,C1,transparent,NGSL_SFI_31K_EXTENSION,transparent,4738,EXACT_HEADWORD_FORM_ONLY,SOURCE_LEMMA_ONLY_NOT_SENSE_OR_POS,UNREVIEWED_NOT_SEMANTICALLY_APPROVED,NOT_CLEARED,true
lex:C1:trauma,C1,trauma,NGSL_SFI_31K_EXTENSION,trauma,4700,EXACT_HEADWORD_FORM_ONLY,SOURCE_LEMMA_ONLY_NOT_SENSE_OR_POS,UNREVIEWED_NOT_SEMANTICALLY_APPROVED,NOT_CLEARED,true
lex:C1:treaty,C1,treaty,NGSL_SFI_31K_EXTENSION,treaty,2976,EXACT_HEADWORD_FORM_ONLY,SOURCE_LEMMA_ONLY_NOT_SENSE_OR_POS,UNREVIEWED_NOT_SEMANTICALLY_APPROVED,NOT_CLEARED,true
lex:C1:tremendous,C1,tremendous,NGSL_SFI_31K_EXTENSION,tremendous,2740,EXACT_HEADWORD_FORM_ONLY,SOURCE_LEMMA_ONLY_NOT_SENSE_OR_POS,UNREVIEWED_NOT_SEMANTICALLY_APPROVED,NOT_CLEARED,true
lex:C1:tribal,C1,tribal,NGSL_SFI_31K_EXTENSION,tribal,4759,EXACT_HEADWORD_FORM_ONLY,SOURCE_LEMMA_ONLY_NOT_SENSE_OR_POS,UNREVIEWED_NOT_SEMANTICALLY_APPROVED,NOT_CLEARED,true
lex:C1:tribunal,C1,tribunal,NGSL_SFI_31K_EXTENSION,tribunal,4980,EXACT_HEADWORD_FORM_ONLY,SOURCE_LEMMA_ONLY_NOT_SENSE_OR_POS,UNREVIEWED_NOT_SEMANTICALLY_APPROVED,NOT_CLEARED,true
lex:C1:tribute,C1,tribute,NGSL_SFI_31K_EXTENSION,tribute,3896,EXACT_HEADWORD_FORM_ONLY,SOURCE_LEMMA_ONLY_NOT_SENSE_OR_POS,UNREVIEWED_NOT_SEMANTICALLY_APPROVED,NOT_CLEARED,true
lex:C1:trigger,C1,trigger,NGSL_1_2_CORE,trigger,2586,EXACT_HEADWORD_FORM_ONLY,SOURCE_LEMMA_ONLY_NOT_SENSE_OR_POS,UNREVIEWED_NOT_SEMANTICALLY_APPROVED,NOT_CLEARED,true
lex:C1:trio,C1,trio,NGSL_SFI_31K_EXTENSION,trio,6460,EXACT_HEADWORD_FORM_ONLY,SOURCE_LEMMA_ONLY_NOT_SENSE_OR_POS,UNREVIEWED_NOT_SEMANTICALLY_APPROVED,NOT_CLEARED,true
lex:C1:triumph,C1,triumph,NGSL_SFI_31K_EXTENSION,triumph,3509,EXACT_HEADWORD_FORM_ONLY,SOURCE_LEMMA_ONLY_NOT_SENSE_OR_POS,UNREVIEWED_NOT_SEMANTICALLY_APPROVED,NOT_CLEARED,true
lex:C1:trophy,C1,trophy,NGSL_SFI_31K_EXTENSION,trophy,5925,EXACT_HEADWORD_FORM_ONLY,SOURCE_LEMMA_ONLY_NOT_SENSE_OR_POS,UNREVIEWED_NOT_SEMANTICALLY_APPROVED,NOT_CLEARED,true
lex:C1:troubled,C1,troubled,NO_DIRECT_SOURCE_LEMMA,,,NO_DIRECT_MATCH,SOURCE_LEMMA_ONLY_NOT_SENSE_OR_POS,UNREVIEWED_NOT_SEMANTICALLY_APPROVED,NOT_CLEARED,true
lex:C1:trustee,C1,trustee,NGSL_SFI_31K_EXTENSION,trustee,4629,EXACT_HEADWORD_FORM_ONLY,SOURCE_LEMMA_ONLY_NOT_SENSE_OR_POS,UNREVIEWED_NOT_SEMANTICALLY_APPROVED,NOT_CLEARED,true
lex:C1:tuition,C1,tuition,NGSL_SFI_31K_EXTENSION,tuition,4200,EXACT_HEADWORD_FORM_ONLY,SOURCE_LEMMA_ONLY_NOT_SENSE_OR_POS,UNREVIEWED_NOT_SEMANTICALLY_APPROVED,NOT_CLEARED,true
lex:C1:turnout,C1,turnout,NGSL_SFI_31K_EXTENSION,turnout,6231,EXACT_HEADWORD_FORM_ONLY,SOURCE_LEMMA_ONLY_NOT_SENSE_OR_POS,UNREVIEWED_NOT_SEMANTICALLY_APPROVED,NOT_CLEARED,true
lex:C1:turnover,C1,turnover,NGSL_SFI_31K_EXTENSION,turnover,2379,EXACT_HEADWORD_FORM_ONLY,SOURCE_LEMMA_ONLY_NOT_SENSE_OR_POS,UNREVIEWED_NOT_SEMANTICALLY_APPROVED,NOT_CLEARED,true
lex:C1:twist,C1,twist,NGSL_1_2_CORE,twist,2500,EXACT_HEADWORD_FORM_ONLY,SOURCE_LEMMA_ONLY_NOT_SENSE_OR_POS,UNREVIEWED_NOT_SEMANTICALLY_APPROVED,NOT_CLEARED,true
lex:C1:undergraduate,C1,undergraduate,NGSL_SFI_31K_EXTENSION,undergraduate,4775,EXACT_HEADWORD_FORM_ONLY,SOURCE_LEMMA_ONLY_NOT_SENSE_OR_POS,UNREVIEWED_NOT_SEMANTICALLY_APPROVED,NOT_CLEARED,true
lex:C1:underlying,C1,underlying,NO_DIRECT_SOURCE_LEMMA,,,NO_DIRECT_MATCH,SOURCE_LEMMA_ONLY_NOT_SENSE_OR_POS,UNREVIEWED_NOT_SEMANTICALLY_APPROVED,NOT_CLEARED,true
lex:C1:undermine,C1,undermine,NGSL_SFI_31K_EXTENSION,undermine,3262,EXACT_HEADWORD_FORM_ONLY,SOURCE_LEMMA_ONLY_NOT_SENSE_OR_POS,UNREVIEWED_NOT_SEMANTICALLY_APPROVED,NOT_CLEARED,true
lex:C1:undoubtedly,C1,undoubtedly,NGSL_SFI_31K_EXTENSION,undoubtedly,3418,EXACT_HEADWORD_FORM_ONLY,SOURCE_LEMMA_ONLY_NOT_SENSE_OR_POS,UNREVIEWED_NOT_SEMANTICALLY_APPROVED,NOT_CLEARED,true
lex:C1:unify,C1,unify,NGSL_SFI_31K_EXTENSION,unify,4355,EXACT_HEADWORD_FORM_ONLY,SOURCE_LEMMA_ONLY_NOT_SENSE_OR_POS,UNREVIEWED_NOT_SEMANTICALLY_APPROVED,NOT_CLEARED,true
lex:C1:unprecedented,C1,unprecedented,NGSL_SFI_31K_EXTENSION,unprecedented,4617,EXACT_HEADWORD_FORM_ONLY,SOURCE_LEMMA_ONLY_NOT_SENSE_OR_POS,UNREVIEWED_NOT_SEMANTICALLY_APPROVED,NOT_CLEARED,true
lex:C1:unveil,C1,unveil,NGSL_SFI_31K_EXTENSION,unveil,5416,EXACT_HEADWORD_FORM_ONLY,SOURCE_LEMMA_ONLY_NOT_SENSE_OR_POS,UNREVIEWED_NOT_SEMANTICALLY_APPROVED,NOT_CLEARED,true
lex:C1:upcoming,C1,upcoming,NGSL_SFI_31K_EXTENSION,upcoming,5058,EXACT_HEADWORD_FORM_ONLY,SOURCE_LEMMA_ONLY_NOT_SENSE_OR_POS,UNREVIEWED_NOT_SEMANTICALLY_APPROVED,NOT_CLEARED,true
lex:C1:upgrade,C1,upgrade,NGSL_SFI_31K_EXTENSION,upgrade,3241,EXACT_HEADWORD_FORM_ONLY,SOURCE_LEMMA_ONLY_NOT_SENSE_OR_POS,UNREVIEWED_NOT_SEMANTICALLY_APPROVED,NOT_CLEARED,true
lex:C1:uphold,C1,uphold,NGSL_SFI_31K_EXTENSION,uphold,5197,EXACT_HEADWORD_FORM_ONLY,SOURCE_LEMMA_ONLY_NOT_SENSE_OR_POS,UNREVIEWED_NOT_SEMANTICALLY_APPROVED,NOT_CLEARED,true
lex:C1:utility,C1,utility,NGSL_SFI_31K_EXTENSION,utility,2800,EXACT_HEADWORD_FORM_ONLY,SOURCE_LEMMA_ONLY_NOT_SENSE_OR_POS,UNREVIEWED_NOT_SEMANTICALLY_APPROVED,NOT_CLEARED,true
lex:C1:utilize,C1,utilize,NGSL_SFI_31K_EXTENSION,utilize,3742,EXACT_HEADWORD_FORM_ONLY,SOURCE_LEMMA_ONLY_NOT_SENSE_OR_POS,UNREVIEWED_NOT_SEMANTICALLY_APPROVED,NOT_CLEARED,true
lex:C1:utterly,C1,utterly,NGSL_SFI_31K_EXTENSION,utterly,4236,EXACT_HEADWORD_FORM_ONLY,SOURCE_LEMMA_ONLY_NOT_SENSE_OR_POS,UNREVIEWED_NOT_SEMANTICALLY_APPROVED,NOT_CLEARED,true
lex:C1:vacuum,C1,vacuum,NGSL_SFI_31K_EXTENSION,vacuum,4591,EXACT_HEADWORD_FORM_ONLY,SOURCE_LEMMA_ONLY_NOT_SENSE_OR_POS,UNREVIEWED_NOT_SEMANTICALLY_APPROVED,NOT_CLEARED,true
lex:C1:vague,C1,vague,NGSL_SFI_31K_EXTENSION,vague,4103,EXACT_HEADWORD_FORM_ONLY,SOURCE_LEMMA_ONLY_NOT_SENSE_OR_POS,UNREVIEWED_NOT_SEMANTICALLY_APPROVED,NOT_CLEARED,true
lex:C1:validity,C1,validity,NGSL_SFI_31K_EXTENSION,validity,4338,EXACT_HEADWORD_FORM_ONLY,SOURCE_LEMMA_ONLY_NOT_SENSE_OR_POS,UNREVIEWED_NOT_SEMANTICALLY_APPROVED,NOT_CLEARED,true
lex:C1:vanish,C1,vanish,NGSL_SFI_31K_EXTENSION,vanish,3859,EXACT_HEADWORD_FORM_ONLY,SOURCE_LEMMA_ONLY_NOT_SENSE_OR_POS,UNREVIEWED_NOT_SEMANTICALLY_APPROVED,NOT_CLEARED,true
lex:C1:variable,C1,variable,NGSL_1_2_CORE,variable,1779,EXACT_HEADWORD_FORM_ONLY,SOURCE_LEMMA_ONLY_NOT_SENSE_OR_POS,UNREVIEWED_NOT_SEMANTICALLY_APPROVED,NOT_CLEARED,true
lex:C1:varied,C1,varied,NO_DIRECT_SOURCE_LEMMA,,,NO_DIRECT_MATCH,SOURCE_LEMMA_ONLY_NOT_SENSE_OR_POS,UNREVIEWED_NOT_SEMANTICALLY_APPROVED,NOT_CLEARED,true
lex:C1:vein,C1,vein,NGSL_SFI_31K_EXTENSION,vein,4068,EXACT_HEADWORD_FORM_ONLY,SOURCE_LEMMA_ONLY_NOT_SENSE_OR_POS,UNREVIEWED_NOT_SEMANTICALLY_APPROVED,NOT_CLEARED,true
lex:C1:venture,C1,venture,NGSL_1_2_CORE,venture,2379,EXACT_HEADWORD_FORM_ONLY,SOURCE_LEMMA_ONLY_NOT_SENSE_OR_POS,UNREVIEWED_NOT_SEMANTICALLY_APPROVED,NOT_CLEARED,true
lex:C1:verbal,C1,verbal,NGSL_SFI_31K_EXTENSION,verbal,3694,EXACT_HEADWORD_FORM_ONLY,SOURCE_LEMMA_ONLY_NOT_SENSE_OR_POS,UNREVIEWED_NOT_SEMANTICALLY_APPROVED,NOT_CLEARED,true
lex:C1:verdict,C1,verdict,NGSL_SFI_31K_EXTENSION,verdict,4461,EXACT_HEADWORD_FORM_ONLY,SOURCE_LEMMA_ONLY_NOT_SENSE_OR_POS,UNREVIEWED_NOT_SEMANTICALLY_APPROVED,NOT_CLEARED,true
lex:C1:verify,C1,verify,NGSL_SFI_31K_EXTENSION,verify,4523,EXACT_HEADWORD_FORM_ONLY,SOURCE_LEMMA_ONLY_NOT_SENSE_OR_POS,UNREVIEWED_NOT_SEMANTICALLY_APPROVED,NOT_CLEARED,true
lex:C1:verse,C1,verse,NGSL_SFI_31K_EXTENSION,verse,3652,EXACT_HEADWORD_FORM_ONLY,SOURCE_LEMMA_ONLY_NOT_SENSE_OR_POS,UNREVIEWED_NOT_SEMANTICALLY_APPROVED,NOT_CLEARED,true
lex:C1:versus,C1,versus,NGSL_1_2_CORE,versus,2482,EXACT_HEADWORD_FORM_ONLY,SOURCE_LEMMA_ONLY_NOT_SENSE_OR_POS,UNREVIEWED_NOT_SEMANTICALLY_APPROVED,NOT_CLEARED,true
lex:C1:vessel,C1,vessel,NGSL_1_2_CORE,vessel,2699,EXACT_HEADWORD_FORM_ONLY,SOURCE_LEMMA_ONLY_NOT_SENSE_OR_POS,UNREVIEWED_NOT_SEMANTICALLY_APPROVED,NOT_CLEARED,true
lex:C1:veteran,C1,veteran,NGSL_1_2_CORE,veteran,2674,EXACT_HEADWORD_FORM_ONLY,SOURCE_LEMMA_ONLY_NOT_SENSE_OR_POS,UNREVIEWED_NOT_SEMANTICALLY_APPROVED,NOT_CLEARED,true
lex:C1:viable,C1,viable,NGSL_SFI_31K_EXTENSION,viable,4304,EXACT_HEADWORD_FORM_ONLY,SOURCE_LEMMA_ONLY_NOT_SENSE_OR_POS,UNREVIEWED_NOT_SEMANTICALLY_APPROVED,NOT_CLEARED,true
lex:C1:vibrant,C1,vibrant,NGSL_SFI_31K_EXTENSION,vibrant,6296,EXACT_HEADWORD_FORM_ONLY,SOURCE_LEMMA_ONLY_NOT_SENSE_OR_POS,UNREVIEWED_NOT_SEMANTICALLY_APPROVED,NOT_CLEARED,true
lex:C1:vice,C1,vice,NGSL_1_2_CORE,vice,2245,EXACT_HEADWORD_FORM_ONLY,SOURCE_LEMMA_ONLY_NOT_SENSE_OR_POS,UNREVIEWED_NOT_SEMANTICALLY_APPROVED,NOT_CLEARED,true
lex:C1:vicious,C1,vicious,NGSL_SFI_31K_EXTENSION,vicious,5189,EXACT_HEADWORD_FORM_ONLY,SOURCE_LEMMA_ONLY_NOT_SENSE_OR_POS,UNREVIEWED_NOT_SEMANTICALLY_APPROVED,NOT_CLEARED,true
lex:C1:villager,C1,villager,NGSL_SFI_31K_EXTENSION,villager,5471,EXACT_HEADWORD_FORM_ONLY,SOURCE_LEMMA_ONLY_NOT_SENSE_OR_POS,UNREVIEWED_NOT_SEMANTICALLY_APPROVED,NOT_CLEARED,true
lex:C1:violate,C1,violate,NGSL_SFI_31K_EXTENSION,violate,3334,EXACT_HEADWORD_FORM_ONLY,SOURCE_LEMMA_ONLY_NOT_SENSE_OR_POS,UNREVIEWED_NOT_SEMANTICALLY_APPROVED,NOT_CLEARED,true
lex:C1:violation,C1,violation,NGSL_SFI_31K_EXTENSION,violation,3430,EXACT_HEADWORD_FORM_ONLY,SOURCE_LEMMA_ONLY_NOT_SENSE_OR_POS,UNREVIEWED_NOT_SEMANTICALLY_APPROVED,NOT_CLEARED,true
lex:C1:virtue,C1,virtue,NGSL_SFI_31K_EXTENSION,virtue,3000,EXACT_HEADWORD_FORM_ONLY,SOURCE_LEMMA_ONLY_NOT_SENSE_OR_POS,UNREVIEWED_NOT_SEMANTICALLY_APPROVED,NOT_CLEARED,true
lex:C1:vocal,C1,vocal,NGSL_SFI_31K_EXTENSION,vocal,4239,EXACT_HEADWORD_FORM_ONLY,SOURCE_LEMMA_ONLY_NOT_SENSE_OR_POS,UNREVIEWED_NOT_SEMANTICALLY_APPROVED,NOT_CLEARED,true
lex:C1:vow,C1,vow,NGSL_SFI_31K_EXTENSION,vow,4538,EXACT_HEADWORD_FORM_ONLY,SOURCE_LEMMA_ONLY_NOT_SENSE_OR_POS,UNREVIEWED_NOT_SEMANTICALLY_APPROVED,NOT_CLEARED,true
lex:C1:vulnerability,C1,vulnerability,NGSL_SFI_31K_EXTENSION,vulnerability,5227,EXACT_HEADWORD_FORM_ONLY,SOURCE_LEMMA_ONLY_NOT_SENSE_OR_POS,UNREVIEWED_NOT_SEMANTICALLY_APPROVED,NOT_CLEARED,true
lex:C1:vulnerable,C1,vulnerable,NGSL_SFI_31K_EXTENSION,vulnerable,2960,EXACT_HEADWORD_FORM_ONLY,SOURCE_LEMMA_ONLY_NOT_SENSE_OR_POS,UNREVIEWED_NOT_SEMANTICALLY_APPROVED,NOT_CLEARED,true
lex:C1:ward,C1,ward,NGSL_SFI_31K_EXTENSION,ward,3520,EXACT_HEADWORD_FORM_ONLY,SOURCE_LEMMA_ONLY_NOT_SENSE_OR_POS,UNREVIEWED_NOT_SEMANTICALLY_APPROVED,NOT_CLEARED,true
lex:C1:warehouse,C1,warehouse,NGSL_SFI_31K_EXTENSION,warehouse,4072,EXACT_HEADWORD_FORM_ONLY,SOURCE_LEMMA_ONLY_NOT_SENSE_OR_POS,UNREVIEWED_NOT_SEMANTICALLY_APPROVED,NOT_CLEARED,true
lex:C1:warfare,C1,warfare,NGSL_SFI_31K_EXTENSION,warfare,5292,EXACT_HEADWORD_FORM_ONLY,SOURCE_LEMMA_ONLY_NOT_SENSE_OR_POS,UNREVIEWED_NOT_SEMANTICALLY_APPROVED,NOT_CLEARED,true
lex:C1:warrant,C1,warrant,NGSL_SFI_31K_EXTENSION,warrant,3484,EXACT_HEADWORD_FORM_ONLY,SOURCE_LEMMA_ONLY_NOT_SENSE_OR_POS,UNREVIEWED_NOT_SEMANTICALLY_APPROVED,NOT_CLEARED,true
lex:C1:warrior,C1,warrior,NGSL_SFI_31K_EXTENSION,warrior,4773,EXACT_HEADWORD_FORM_ONLY,SOURCE_LEMMA_ONLY_NOT_SENSE_OR_POS,UNREVIEWED_NOT_SEMANTICALLY_APPROVED,NOT_CLEARED,true
lex:C1:weaken,C1,weaken,NGSL_SFI_31K_EXTENSION,weaken,3835,EXACT_HEADWORD_FORM_ONLY,SOURCE_LEMMA_ONLY_NOT_SENSE_OR_POS,UNREVIEWED_NOT_SEMANTICALLY_APPROVED,NOT_CLEARED,true
lex:C1:weave,C1,weave,NGSL_SFI_31K_EXTENSION,weave,3807,EXACT_HEADWORD_FORM_ONLY,SOURCE_LEMMA_ONLY_NOT_SENSE_OR_POS,UNREVIEWED_NOT_SEMANTICALLY_APPROVED,NOT_CLEARED,true
lex:C1:weed,C1,weed,NGSL_SFI_31K_EXTENSION,weed,3993,EXACT_HEADWORD_FORM_ONLY,SOURCE_LEMMA_ONLY_NOT_SENSE_OR_POS,UNREVIEWED_NOT_SEMANTICALLY_APPROVED,NOT_CLEARED,true
lex:C1:well,C1,well,NGSL_1_2_CORE,well,61,EXACT_HEADWORD_FORM_ONLY,SOURCE_LEMMA_ONLY_NOT_SENSE_OR_POS,UNREVIEWED_NOT_SEMANTICALLY_APPROVED,NOT_CLEARED,true
lex:C1:well-being,C1,well-being,NO_DIRECT_SOURCE_LEMMA,,,NO_DIRECT_MATCH,SOURCE_LEMMA_ONLY_NOT_SENSE_OR_POS,UNREVIEWED_NOT_SEMANTICALLY_APPROVED,NOT_CLEARED,true
lex:C1:whatsoever,C1,whatsoever,NGSL_SFI_31K_EXTENSION,whatsoever,4566,EXACT_HEADWORD_FORM_ONLY,SOURCE_LEMMA_ONLY_NOT_SENSE_OR_POS,UNREVIEWED_NOT_SEMANTICALLY_APPROVED,NOT_CLEARED,true
lex:C1:whereby,C1,whereby,NGSL_SFI_31K_EXTENSION,whereby,4497,EXACT_HEADWORD_FORM_ONLY,SOURCE_LEMMA_ONLY_NOT_SENSE_OR_POS,UNREVIEWED_NOT_SEMANTICALLY_APPROVED,NOT_CLEARED,true
lex:C1:whilst,C1,whilst,NGSL_1_2_CORE,whilst,2553,EXACT_HEADWORD_FORM_ONLY,SOURCE_LEMMA_ONLY_NOT_SENSE_OR_POS,UNREVIEWED_NOT_SEMANTICALLY_APPROVED,NOT_CLEARED,true
lex:C1:whip,C1,whip,NGSL_SFI_31K_EXTENSION,whip,3830,EXACT_HEADWORD_FORM_ONLY,SOURCE_LEMMA_ONLY_NOT_SENSE_OR_POS,UNREVIEWED_NOT_SEMANTICALLY_APPROVED,NOT_CLEARED,true
lex:C1:wholly,C1,wholly,NGSL_SFI_31K_EXTENSION,wholly,4284,EXACT_HEADWORD_FORM_ONLY,SOURCE_LEMMA_ONLY_NOT_SENSE_OR_POS,UNREVIEWED_NOT_SEMANTICALLY_APPROVED,NOT_CLEARED,true
lex:C1:widen,C1,widen,NGSL_SFI_31K_EXTENSION,widen,3954,EXACT_HEADWORD_FORM_ONLY,SOURCE_LEMMA_ONLY_NOT_SENSE_OR_POS,UNREVIEWED_NOT_SEMANTICALLY_APPROVED,NOT_CLEARED,true
lex:C1:widow,C1,widow,NGSL_SFI_31K_EXTENSION,widow,3632,EXACT_HEADWORD_FORM_ONLY,SOURCE_LEMMA_ONLY_NOT_SENSE_OR_POS,UNREVIEWED_NOT_SEMANTICALLY_APPROVED,NOT_CLEARED,true
lex:C1:width,C1,width,NGSL_SFI_31K_EXTENSION,width,4852,EXACT_HEADWORD_FORM_ONLY,SOURCE_LEMMA_ONLY_NOT_SENSE_OR_POS,UNREVIEWED_NOT_SEMANTICALLY_APPROVED,NOT_CLEARED,true
lex:C1:willingness,C1,willingness,NGSL_SFI_31K_EXTENSION,willingness,3855,EXACT_HEADWORD_FORM_ONLY,SOURCE_LEMMA_ONLY_NOT_SENSE_OR_POS,UNREVIEWED_NOT_SEMANTICALLY_APPROVED,NOT_CLEARED,true
lex:C1:wipe,C1,wipe,NGSL_1_2_CORE,wipe,2770,EXACT_HEADWORD_FORM_ONLY,SOURCE_LEMMA_ONLY_NOT_SENSE_OR_POS,UNREVIEWED_NOT_SEMANTICALLY_APPROVED,NOT_CLEARED,true
lex:C1:wit,C1,wit,NGSL_SFI_31K_EXTENSION,wit,4450,EXACT_HEADWORD_FORM_ONLY,SOURCE_LEMMA_ONLY_NOT_SENSE_OR_POS,UNREVIEWED_NOT_SEMANTICALLY_APPROVED,NOT_CLEARED,true
lex:C1:withdrawal,C1,withdrawal,NGSL_SFI_31K_EXTENSION,withdrawal,3149,EXACT_HEADWORD_FORM_ONLY,SOURCE_LEMMA_ONLY_NOT_SENSE_OR_POS,UNREVIEWED_NOT_SEMANTICALLY_APPROVED,NOT_CLEARED,true
lex:C1:workout,C1,workout,NGSL_SFI_31K_EXTENSION,workout,7433,EXACT_HEADWORD_FORM_ONLY,SOURCE_LEMMA_ONLY_NOT_SENSE_OR_POS,UNREVIEWED_NOT_SEMANTICALLY_APPROVED,NOT_CLEARED,true
lex:C1:worship,C1,worship,NGSL_SFI_31K_EXTENSION,worship,3754,EXACT_HEADWORD_FORM_ONLY,SOURCE_LEMMA_ONLY_NOT_SENSE_OR_POS,UNREVIEWED_NOT_SEMANTICALLY_APPROVED,NOT_CLEARED,true
lex:C1:worthwhile,C1,worthwhile,NGSL_SFI_31K_EXTENSION,worthwhile,4243,EXACT_HEADWORD_FORM_ONLY,SOURCE_LEMMA_ONLY_NOT_SENSE_OR_POS,UNREVIEWED_NOT_SEMANTICALLY_APPROVED,NOT_CLEARED,true
lex:C1:worthy,C1,worthy,NGSL_SFI_31K_EXTENSION,worthy,3668,EXACT_HEADWORD_FORM_ONLY,SOURCE_LEMMA_ONLY_NOT_SENSE_OR_POS,UNREVIEWED_NOT_SEMANTICALLY_APPROVED,NOT_CLEARED,true
lex:C1:yell,C1,yell,NGSL_SFI_31K_EXTENSION,yell,3671,EXACT_HEADWORD_FORM_ONLY,SOURCE_LEMMA_ONLY_NOT_SENSE_OR_POS,UNREVIEWED_NOT_SEMANTICALLY_APPROVED,NOT_CLEARED,true
lex:C1:yield,C1,yield,NGSL_1_2_CORE,yield,1733,EXACT_HEADWORD_FORM_ONLY,SOURCE_LEMMA_ONLY_NOT_SENSE_OR_POS,UNREVIEWED_NOT_SEMANTICALLY_APPROVED,NOT_CLEARED,true
lex:C1:youngster,C1,youngster,NGSL_SFI_31K_EXTENSION,youngster,3526,EXACT_HEADWORD_FORM_ONLY,SOURCE_LEMMA_ONLY_NOT_SENSE_OR_POS,UNREVIEWED_NOT_SEMANTICALLY_APPROVED,NOT_CLEARED,true
